date,open,high,low,close,volume,oi,vwap
2020-09-10 14:40:00,600.00,600.00,600.00,600.00,25,0,600.00
2020-09-10 14:49:00,567.55,567.55,567.55,567.55,25,25,583.77
2020-09-10 14:50:00,600.00,600.00,600.00,600.00,25,25,589.18
2020-09-10 15:18:00,588.35,588.35,588.35,588.35,25,75,588.97
2020-09-10 15:25:00,560.00,560.00,560.00,560.00,25,50,583.18
2020-09-10 15:26:00,569.60,569.60,569.60,569.60,25,50,580.91
2020-09-10 15:27:00,568.55,568.55,568.55,568.55,25,100,579.15
2020-09-10 15:29:01,568.90,568.90,568.90,568.90,25,100,577.86
2020-12-10 09:15:00,602.65,602.65,444.40,444.40,50,150,523.52
2020-12-10 09:16:00,481.65,481.65,478.00,478.00,150,150,490.28
2020-12-10 09:17:00,472.75,472.75,472.75,472.75,50,300,486.78
2020-12-10 09:18:00,460.00,474.65,460.00,474.65,100,300,482.26
2020-12-10 09:19:00,466.20,466.20,466.20,466.20,25,300,481.19
2020-12-10 09:20:00,477.65,486.15,477.65,486.15,75,400,481.51
2020-12-10 09:21:00,481.15,481.15,466.05,466.05,50,400,480.72
2020-12-10 09:22:00,450.75,463.10,450.75,463.10,100,400,477.07
2020-12-10 09:23:00,465.60,465.60,465.60,465.60,50,400,476.15
2020-12-10 09:24:00,451.20,454.20,451.20,454.20,75,500,473.84
2020-12-10 09:25:00,461.50,461.50,461.50,461.50,25,500,473.43
2020-12-10 09:26:00,462.50,471.95,462.50,471.95,100,450,472.69
2020-12-10 09:27:00,464.05,464.05,461.50,461.50,50,450,472.14
2020-12-10 09:28:00,455.45,455.45,455.45,455.45,25,450,471.69
2020-12-10 09:34:00,498.00,498.00,498.00,498.00,25,525,472.38
2020-12-10 09:37:00,500.00,500.00,497.70,497.70,50,500,473.70
2020-12-10 09:38:00,490.00,490.00,480.95,480.95,50,500,474.26
2020-12-10 09:39:00,482.80,482.80,482.80,482.80,25,500,474.46
2020-12-10 09:40:00,477.65,477.65,470.45,470.45,50,500,474.44
2020-12-10 09:43:00,472.00,472.00,472.00,472.00,50,525,474.35
2020-12-10 09:44:00,471.30,471.30,460.85,460.85,50,575,474.01
2020-12-10 09:46:00,450.10,450.10,450.10,450.10,25,575,473.53
2020-12-10 09:48:00,458.35,458.35,457.90,457.90,50,575,472.94
2020-12-10 09:49:00,457.90,457.90,456.40,456.40,50,575,472.35
2020-12-10 09:53:00,470.85,470.85,470.85,470.85,25,650,472.32
2020-12-10 09:54:00,470.20,470.20,470.20,470.20,25,625,472.29
2020-12-10 09:56:00,485.00,485.00,485.00,485.00,75,625,472.93
2020-12-10 09:57:00,489.95,490.00,489.95,490.00,75,625,473.72
2020-12-10 09:59:00,476.05,496.55,476.05,496.55,150,600,474.91
2020-12-10 10:00:00,491.15,494.90,491.15,494.90,75,600,475.65
2020-12-10 10:01:00,501.50,523.70,501.50,505.20,125,600,478.03
2020-12-10 10:02:00,520.00,520.00,520.00,520.00,25,600,478.58
2020-12-10 10:03:00,520.80,520.80,520.80,520.80,1000,650,492.69
2020-12-10 10:05:00,503.00,503.00,503.00,503.00,400,650,493.92
2020-12-10 10:11:00,518.35,518.95,518.35,518.95,150,1725,494.98
2020-12-10 10:16:00,526.45,526.45,523.10,523.10,75,1850,495.62
2020-12-10 10:20:00,502.80,502.80,502.80,502.80,100,1925,495.82
2020-12-10 10:22:00,517.80,517.80,517.80,517.80,100,1925,496.41
2020-12-10 10:25:00,529.35,535.00,529.35,535.00,450,1925,500.47
2020-12-10 10:26:00,550.00,550.00,550.00,550.00,25,1575,500.77
2020-12-10 10:27:00,562.95,562.95,556.40,556.40,1075,1575,513.32
2020-12-10 10:28:00,557.40,557.40,557.25,557.25,75,1575,513.93
2020-12-10 10:29:00,565.45,565.45,565.45,565.45,25,1225,514.17
2020-12-10 10:30:00,570.00,590.35,570.00,590.35,50,1225,514.77
2020-12-10 10:31:00,574.00,576.00,574.00,576.00,75,1225,515.60
2020-12-10 10:32:00,566.60,566.60,555.95,555.95,50,1300,516.01
2020-12-10 10:33:00,550.00,550.65,550.00,550.65,700,1300,519.80
2020-12-10 10:34:00,540.45,540.45,532.30,532.30,100,1300,520.05
2020-12-10 10:36:00,520.00,520.00,520.00,520.00,100,1675,520.05
2020-12-10 10:40:00,538.00,538.00,538.00,538.00,125,1675,520.39
2020-12-10 10:51:00,547.20,547.20,547.20,547.20,25,1750,520.49
2020-12-10 10:54:00,541.30,541.30,541.30,541.30,50,1775,520.64
2020-12-10 10:56:00,548.60,548.60,548.60,548.60,50,1775,520.85
2020-12-10 11:01:00,538.00,538.00,538.00,538.00,25,1875,520.91
2020-12-10 11:02:00,540.00,540.00,540.00,540.00,25,1875,520.98
2020-12-10 11:04:00,560.50,560.50,560.50,560.50,25,1875,521.13
2020-12-10 11:07:00,599.95,599.95,599.95,599.95,25,1900,521.41
2020-12-10 11:08:00,588.25,588.25,580.05,580.05,50,1900,521.87
2020-12-10 11:11:00,607.05,610.00,601.30,601.30,125,1900,523.40
2020-12-10 11:12:00,609.95,609.95,609.95,609.95,50,1900,524.02
2020-12-10 11:15:00,594.05,594.05,594.05,594.05,100,1850,525.00
2020-12-10 11:16:00,580.00,580.00,580.00,580.00,25,1850,525.19
2020-12-10 11:17:00,582.65,582.65,582.65,582.65,25,1850,525.39
2020-12-10 11:18:00,580.00,580.00,580.00,580.00,25,1900,525.58
2020-12-10 11:19:00,570.00,570.00,570.00,570.00,25,1900,525.73
2020-12-10 11:21:00,555.00,560.80,555.00,560.80,50,1925,525.95
2020-12-10 11:22:00,570.00,570.00,570.00,570.00,250,1925,527.41
2020-12-10 11:23:00,570.00,570.00,570.00,570.00,375,1925,529.42
2020-12-10 11:24:00,591.60,591.60,591.60,591.60,1400,1425,538.46
2020-12-10 11:25:00,580.50,580.50,580.50,580.50,25,1425,538.57
2020-12-10 11:27:00,594.50,594.50,591.85,591.85,125,2500,539.28
2020-12-10 11:30:00,553.20,554.25,536.90,536.95,1700,2625,541.25
2020-12-10 11:32:00,556.50,556.50,556.50,556.50,50,2625,541.31
2020-12-10 11:33:00,556.05,556.05,556.05,556.05,50,1700,541.38
2020-12-10 11:34:00,560.60,560.60,560.60,560.60,50,1700,541.46
2020-12-10 11:35:00,581.30,581.30,581.30,581.30,75,1700,541.73
2020-12-10 11:37:00,567.95,567.95,567.95,567.95,25,1700,541.78
2020-12-10 11:41:00,568.00,568.00,568.00,568.00,50,1700,541.90
2020-12-10 11:42:00,583.15,583.15,580.75,580.75,100,1825,542.24
2020-12-10 11:43:00,580.25,580.25,580.25,580.25,100,1825,542.57
2020-12-10 11:44:00,576.05,576.05,576.05,576.05,50,1925,542.71
2020-12-10 11:47:00,575.20,575.20,575.20,575.20,50,1900,542.85
2020-12-10 11:48:00,570.00,570.00,570.00,570.00,50,1900,542.96
2020-12-10 11:52:00,577.90,577.90,573.40,573.40,125,1850,543.32
2020-12-10 11:58:00,588.00,588.00,588.00,588.00,75,1800,543.60
2020-12-10 11:59:00,588.00,588.00,588.00,588.00,25,1800,543.69
2020-12-10 12:04:00,615.00,615.00,615.00,615.00,25,1825,543.84
2020-12-10 12:05:00,628.95,629.00,628.95,628.95,75,1825,544.36
2020-12-10 12:11:00,632.60,632.65,632.60,632.60,50,1825,544.73
2020-12-10 12:12:00,632.00,632.00,632.00,632.00,25,1800,544.90
2020-12-10 12:13:00,650.00,650.00,650.00,650.00,50,1800,545.33
2020-12-10 12:14:00,671.15,671.15,671.15,671.15,25,1800,545.59
2020-12-10 12:15:00,667.55,667.55,667.55,667.55,25,1800,545.84
2020-12-10 12:18:00,646.80,646.80,645.95,645.95,275,1775,548.03
2020-12-10 12:21:00,643.35,643.35,643.35,643.35,25,1750,548.22
2020-12-10 12:24:00,624.25,624.25,617.40,619.25,75,1775,548.64
2020-12-10 12:27:00,649.95,650.00,649.95,650.00,75,1750,549.24
2020-12-10 12:30:00,652.70,652.70,652.70,652.70,50,1700,549.64
2020-12-10 12:38:00,646.70,646.70,646.70,646.70,25,1700,549.83
2020-12-10 12:39:00,601.20,601.20,585.00,585.00,600,1700,551.58
2020-12-10 12:44:00,593.15,593.15,593.15,593.15,25,2050,551.65
2020-12-10 12:45:00,593.15,593.15,593.15,593.15,50,2025,551.81
2020-12-10 12:51:00,643.30,643.30,636.10,636.10,150,1725,552.76
2020-12-10 12:52:00,640.55,640.55,639.30,639.30,50,1725,553.07
2020-12-10 12:54:00,635.00,635.00,635.00,635.00,150,1750,553.96
2020-12-10 13:00:00,630.50,630.50,630.50,630.50,100,1875,554.51
2020-12-10 13:01:00,650.55,667.50,646.95,646.95,275,1875,556.38
2020-12-10 13:04:00,638.45,638.45,638.45,638.45,50,1675,556.66
2020-12-10 13:05:00,649.90,649.90,647.70,647.70,125,1675,557.46
2020-12-10 13:07:00,661.40,661.40,661.40,661.40,100,1650,558.18
2020-12-10 13:09:00,658.15,658.15,650.00,650.00,75,1700,558.68
2020-12-10 13:12:00,629.65,629.65,629.65,629.65,25,1700,558.80
2020-12-10 13:14:00,636.40,636.40,636.40,636.40,50,1700,559.06
2020-12-10 13:17:00,680.00,680.00,680.00,680.00,75,1700,559.68
2020-12-10 13:19:00,698.45,700.55,698.45,698.45,125,1700,560.86
2020-12-10 13:20:00,692.10,692.10,692.10,692.10,50,1700,561.30
2020-12-10 13:22:00,685.00,685.00,685.00,685.00,125,1650,562.32
2020-12-10 13:28:00,723.90,726.05,723.90,723.90,125,1650,563.66
2020-12-10 13:29:00,716.60,716.60,716.60,716.60,100,1650,564.66
2020-12-10 13:30:00,742.00,742.00,742.00,742.00,200,1775,566.96
2020-12-10 13:31:00,728.00,728.00,721.35,721.35,75,1775,567.71
2020-12-10 13:32:00,721.90,721.90,714.70,717.95,350,1775,571.05
2020-12-10 13:33:00,707.95,707.95,688.10,693.00,425,2050,574.32
2020-12-10 13:34:00,700.00,700.00,700.00,700.00,75,2050,574.90
2020-12-10 13:35:00,699.00,699.00,699.00,699.00,25,2050,575.08
2020-12-10 13:44:00,672.80,672.80,672.80,672.80,25,2075,575.23
2020-12-10 13:45:00,661.80,662.00,661.80,662.00,225,2075,576.40
2020-12-10 13:54:00,665.30,665.30,665.30,665.30,25,2100,576.54
2020-12-10 13:55:00,650.00,650.00,650.00,650.00,25,2100,576.65
2020-12-10 13:57:00,641.95,641.95,641.95,641.95,25,2125,576.74
2020-12-10 13:59:00,675.00,675.00,675.00,675.00,25,2125,576.89
2020-12-10 14:04:00,650.00,650.00,650.00,650.00,25,2100,577.00
2020-12-10 14:06:00,639.45,639.45,629.35,629.35,50,2125,577.17
2020-12-10 14:07:00,615.65,615.65,615.65,615.65,75,2125,577.34
2020-12-10 14:13:00,658.65,658.65,658.65,658.65,25,2200,577.46
2020-12-10 14:15:00,700.85,700.85,700.00,700.00,75,2075,578.00
2020-12-10 14:18:00,700.00,700.00,700.00,700.00,25,2050,578.18
2020-12-10 14:21:00,713.85,713.85,713.85,713.85,125,2050,579.17
2020-12-10 14:23:00,707.55,707.55,703.60,703.60,75,2100,579.72
2020-12-10 14:24:00,703.55,703.70,703.55,703.70,100,2100,580.43
2020-12-10 14:25:00,714.40,714.40,714.40,714.40,25,2200,580.62
2020-12-10 14:26:00,672.10,672.10,672.10,672.10,50,2200,580.89
2020-12-10 14:27:00,687.30,687.30,687.30,687.30,25,2175,581.04
2020-12-10 14:29:00,702.10,702.10,702.10,702.10,100,2175,581.73
2020-12-10 14:30:00,688.05,688.05,688.05,688.05,150,2150,582.63
2020-12-10 14:32:00,668.70,668.70,668.70,668.70,25,2150,582.75
2020-12-10 14:41:00,655.00,656.35,648.40,648.40,1400,2225,587.88
2020-12-10 14:43:00,658.00,658.00,658.00,658.00,50,3400,588.06
2020-12-10 14:44:00,659.25,659.25,659.25,659.25,75,3400,588.34
2020-12-10 14:45:00,657.45,657.45,657.45,657.45,50,3350,588.52
2020-12-10 14:46:00,650.00,650.00,628.20,632.65,100,3350,588.79
2020-12-10 14:49:00,659.30,659.30,659.30,659.30,225,2775,589.59
2020-12-10 14:50:00,670.00,675.00,670.00,675.00,675,2775,592.42
2020-12-10 14:54:00,650.00,650.00,649.05,649.05,50,2200,592.56
2020-12-10 14:59:00,642.90,642.90,642.90,642.90,50,2175,592.69
2020-12-10 15:00:00,621.05,621.05,621.00,621.00,50,2175,592.75
2020-12-10 15:02:00,635.85,635.85,635.85,635.85,25,2200,592.81
2020-12-10 15:04:00,660.00,660.00,660.00,660.00,50,2125,592.97
2020-12-10 15:06:00,660.00,660.00,660.00,660.00,25,2125,593.05
2020-12-10 15:18:00,644.25,644.25,644.25,644.25,25,2125,593.11
2020-12-10 15:20:00,653.30,653.30,653.30,653.30,25,2125,593.19
2020-12-10 15:21:00,646.50,648.30,646.50,648.30,75,2125,593.39
2020-12-10 15:24:00,641.70,641.70,641.70,641.70,50,2125,593.50
2020-12-10 15:25:00,644.80,648.55,644.80,648.55,50,2125,593.63
2020-12-10 15:29:01,650.00,650.00,650.00,650.00,50,2125,593.76
2020-10-13 09:19:00,730.05,730.05,724.75,725.05,125,2075,726.97
2020-10-13 09:20:00,730.00,730.00,730.00,730.00,25,2075,727.47
2020-10-13 09:21:00,761.10,767.40,761.10,767.40,50,2125,736.66
2020-10-13 09:24:00,768.65,768.65,768.65,768.65,25,2175,740.22
2020-10-13 09:25:00,755.55,755.55,755.55,755.55,100,2175,744.93
2020-10-13 09:26:00,750.90,750.90,742.60,742.60,225,2225,745.02
2020-10-13 09:27:00,745.00,745.00,745.00,745.00,25,2225,745.02
2020-10-13 09:29:00,760.00,765.15,760.00,765.15,325,2300,751.16
2020-10-13 09:30:00,773.10,773.10,773.10,773.10,25,2300,751.76
2020-10-13 09:31:00,752.95,752.95,752.95,752.95,125,2300,751.96
2020-10-13 09:32:00,761.25,761.25,758.70,758.70,50,2250,752.32
2020-10-13 09:33:00,748.15,748.15,747.60,748.00,225,2250,751.59
2020-10-13 09:35:00,713.15,713.75,713.10,713.75,75,2250,749.54
2020-10-13 09:37:00,716.45,716.45,716.45,716.45,50,2250,748.40
2020-10-13 09:39:00,737.15,737.15,737.15,737.15,25,2250,748.21
2020-10-13 09:41:00,744.00,744.00,744.00,744.00,100,2250,747.94
2020-10-13 09:45:00,700.00,700.00,700.00,700.00,50,2250,746.47
2020-10-13 09:47:00,725.10,725.10,725.10,725.10,25,2250,746.14
2020-10-13 09:52:00,722.85,722.85,722.85,722.85,25,2225,745.80
2020-10-13 09:58:00,733.10,733.10,733.10,733.10,25,2225,745.61
2020-10-13 10:02:00,726.75,726.75,726.75,726.75,25,2225,745.34
2020-10-13 10:05:00,724.10,724.10,724.10,724.10,25,2225,745.03
2020-10-13 10:06:00,727.75,727.75,727.75,727.75,150,2250,743.67
2020-10-13 10:19:00,712.65,712.65,712.65,712.65,25,2325,743.26
2020-10-13 10:22:00,696.25,696.25,696.15,696.25,100,2300,740.94
2020-10-13 10:23:00,674.85,674.85,674.85,674.85,50,2400,739.35
2020-10-13 10:25:00,678.95,684.80,678.95,684.80,50,2400,738.00
2020-10-13 10:29:00,685.00,685.00,685.00,685.00,175,2400,733.98
2020-10-13 10:30:00,690.00,690.00,690.00,690.00,125,2400,731.73
2020-10-13 10:34:00,691.85,691.85,691.85,691.85,25,2425,731.32
2020-10-13 10:39:00,671.30,671.30,659.95,659.95,75,2400,729.31
2020-10-13 10:40:00,633.25,641.15,628.00,628.00,150,2400,723.98
2020-10-13 10:41:00,625.85,637.95,625.85,637.80,150,2575,719.22
2020-10-13 10:43:00,635.00,635.00,635.00,635.00,75,2575,717.05
2020-10-13 10:44:00,635.00,635.00,635.00,635.00,25,2750,716.34
2020-10-13 10:45:00,607.85,611.95,607.50,611.95,100,2750,712.80
2020-10-13 10:47:00,613.95,613.95,613.95,613.95,25,2750,711.99
2020-10-13 10:49:00,615.60,615.60,615.60,615.60,25,2750,711.21
2020-10-13 10:50:00,622.95,622.95,622.95,622.95,25,2775,710.50
2020-10-13 10:52:00,629.45,629.45,625.95,625.95,50,2775,709.18
2020-10-13 10:54:00,625.30,625.30,625.30,625.30,25,2775,708.52
2020-10-13 10:55:00,625.60,625.60,625.60,625.60,25,2775,707.87
2020-10-13 10:59:00,634.65,634.65,634.65,634.65,100,2775,705.65
2020-10-13 11:03:00,637.55,637.55,637.55,637.55,25,2875,705.14
2020-10-13 11:04:00,622.85,622.85,622.85,622.85,50,2875,703.92
2020-10-13 11:12:00,645.30,645.30,645.30,645.30,25,2850,703.49
2020-10-13 11:17:00,644.95,644.95,644.95,644.95,25,2850,703.06
2020-10-13 11:18:00,638.10,638.10,638.10,638.10,25,2850,702.59
2020-10-13 11:21:00,643.75,643.75,643.75,643.75,25,2900,702.17
2020-10-13 11:23:00,638.00,638.00,630.25,633.65,100,2950,700.24
2020-10-13 11:25:00,625.95,625.95,625.95,625.95,50,2950,699.21
2020-10-13 11:26:00,640.80,640.80,640.80,640.80,25,2950,698.81
2020-10-13 11:27:00,660.00,660.00,615.00,615.00,100,2950,697.48
2020-10-13 11:28:00,663.65,672.20,663.65,667.60,975,2950,691.60
2020-10-13 11:29:00,691.65,691.65,685.85,686.00,175,2950,691.44
2020-10-13 11:32:00,682.80,682.80,682.80,682.80,25,3000,691.40
2020-10-13 11:36:00,670.00,670.00,662.40,662.40,75,2500,691.00
2020-10-13 11:39:00,670.00,670.00,670.00,670.00,25,2575,690.89
2020-10-13 11:41:00,667.15,667.15,667.15,667.15,25,2575,690.78
2020-10-13 11:47:00,650.00,650.00,650.00,650.00,25,2600,690.58
2020-10-13 11:48:00,646.30,646.30,646.30,646.30,25,2625,690.36
2020-10-13 11:59:00,630.20,630.20,630.20,630.20,25,2600,690.07
2020-10-13 12:00:00,622.00,622.00,622.00,622.00,75,2625,689.10
2020-10-13 12:01:00,646.55,646.55,646.55,646.55,25,2625,688.89
2020-10-13 12:02:00,665.10,665.10,665.10,665.10,25,2625,688.78
2020-10-13 12:05:00,691.05,691.05,691.05,691.05,25,2650,688.79
2020-10-13 12:09:00,680.05,680.05,680.05,680.05,25,2575,688.75
2020-10-13 12:15:00,680.00,680.00,680.00,680.00,75,2575,688.63
2020-10-13 12:16:00,720.00,720.00,712.50,712.50,200,2575,689.67
2020-10-13 12:20:00,710.45,710.45,704.60,706.95,75,2525,689.91
2020-10-13 12:22:00,695.85,695.85,695.85,695.85,25,0,689.93
2020-10-13 12:24:00,712.55,715.35,712.55,715.35,125,2525,690.43
2020-10-13 12:35:00,701.75,701.75,701.75,701.75,25,2625,690.48
2020-10-13 12:37:00,720.90,722.75,720.90,722.75,50,2650,690.75
2020-10-13 12:45:00,716.30,720.00,716.30,720.00,100,2675,691.22
2020-10-13 12:47:00,750.00,750.00,750.00,750.00,50,2675,691.70
2020-10-13 12:48:00,740.00,740.00,740.00,740.00,100,2650,692.49
2020-10-13 12:50:00,755.90,755.90,749.15,749.15,50,2650,692.98
2020-10-13 12:54:00,751.95,751.95,751.95,751.95,25,2650,693.22
2020-10-13 12:58:00,744.90,744.90,744.90,744.90,25,2675,693.42
2020-10-13 13:05:00,745.00,745.00,745.00,745.00,25,2700,693.63
2020-10-13 13:11:00,726.60,726.60,715.00,715.00,125,2725,694.10
2020-10-13 13:24:00,709.95,709.95,709.95,709.95,25,2700,694.16
2020-10-13 13:27:00,716.25,716.25,716.25,716.25,25,2700,694.24
2020-10-13 13:37:00,711.90,711.90,711.90,711.90,25,2675,694.31
2020-10-13 13:46:00,732.30,732.30,732.30,732.30,25,2675,694.46
2020-10-13 13:47:00,740.00,740.00,740.00,740.00,100,0,695.15
2020-10-13 13:50:00,746.80,746.80,746.80,746.80,25,2700,695.35
2020-10-13 13:51:00,748.00,748.00,748.00,748.00,25,2725,695.55
2020-10-13 13:54:00,732.45,732.45,732.45,732.45,25,2725,695.68
2020-10-13 13:56:00,725.00,725.00,725.00,725.00,100,2700,696.12
2020-10-13 13:57:00,731.95,731.95,731.95,731.95,25,2775,696.25
2020-10-13 14:01:00,711.80,711.80,711.80,711.80,25,2800,696.31
2020-10-13 14:03:00,700.75,700.75,700.75,700.75,25,2800,696.32
2020-10-13 14:09:00,715.00,715.00,715.00,715.00,25,2775,696.39
2020-10-13 14:17:00,689.85,689.85,689.85,689.85,25,2750,696.37
2020-10-13 14:19:00,682.25,682.25,682.25,682.25,25,2750,696.32
2020-10-13 14:24:00,735.00,735.00,735.00,735.00,25,2750,696.46
2020-10-13 14:31:00,750.00,750.00,750.00,750.00,100,2725,697.22
2020-10-13 14:32:00,723.85,723.85,723.85,723.85,25,2725,697.31
2020-10-13 14:33:00,725.00,725.00,725.00,725.00,100,2600,697.70
2020-10-13 14:48:00,725.05,725.05,725.05,725.05,225,2700,698.53
2020-10-13 14:53:00,725.05,725.05,725.05,725.05,25,2925,698.62
2020-10-13 15:21:00,712.30,712.30,712.25,712.25,50,2900,698.72
2020-10-13 15:29:01,803.90,803.90,803.90,803.90,75,2875,699.58
2020-10-14 09:18:00,825.00,825.00,825.00,825.00,100,2850,825.00
2020-10-14 09:32:00,898.55,900.00,898.55,898.55,50,2750,849.75
2020-10-14 09:34:00,942.70,942.70,942.70,942.70,25,0,863.03
2020-10-14 09:35:00,927.25,927.25,927.25,927.25,25,2775,871.06
2020-10-14 10:01:00,807.35,807.35,807.35,807.35,25,2775,863.98
2020-10-14 10:19:00,844.55,844.55,844.55,844.55,25,0,862.04
2020-10-14 10:29:00,856.05,856.05,856.05,856.05,25,2750,861.49
2020-10-14 10:36:00,840.85,840.85,840.85,840.85,25,2750,859.77
2020-10-14 10:37:00,840.85,840.85,840.85,840.85,25,2750,858.31
2020-10-14 10:47:00,830.75,830.75,830.75,830.75,25,2700,856.35
2020-10-14 11:17:00,882.90,882.90,882.90,882.90,50,2700,859.66
2020-10-14 11:34:00,884.25,884.25,884.25,884.25,25,2750,861.11
2020-10-14 11:45:00,884.25,884.25,884.25,884.25,25,2775,862.40
2020-10-14 11:55:00,860.35,860.35,860.35,860.35,25,2800,862.29
2020-10-14 12:07:00,870.35,870.35,870.35,870.35,50,2800,863.05
2020-10-14 12:24:00,830.00,830.00,802.30,802.30,275,2800,850.82
2020-10-14 12:28:00,798.85,798.85,798.85,798.85,25,3075,849.25
2020-10-14 12:30:00,785.60,785.60,785.55,785.60,50,2800,845.61
2020-10-14 12:32:00,800.85,800.85,800.85,800.85,50,2800,843.19
2020-10-14 12:45:00,821.10,821.10,821.10,821.10,25,2750,842.61
2020-10-14 13:33:00,842.40,842.40,842.40,842.40,25,2775,842.60
2020-10-14 13:53:00,829.30,829.30,829.30,829.30,100,2775,841.36
2020-10-14 14:00:00,788.85,788.85,788.85,788.85,100,2875,836.90
2020-10-14 14:02:00,809.25,809.25,804.80,804.80,75,2875,835.06
2020-10-14 14:04:00,800.50,800.50,800.50,800.50,50,2825,833.73
2020-10-14 14:11:00,766.80,766.80,766.80,766.80,25,2800,832.47
2020-10-14 14:20:00,750.00,750.00,750.00,750.00,125,0,825.36
2020-10-14 14:30:00,562.00,562.00,562.00,562.00,100,2750,808.37
2020-10-14 14:35:00,606.00,606.00,606.00,606.00,25,2850,805.16
2020-10-14 14:39:00,600.00,600.00,600.00,600.00,75,2825,795.83
2020-10-14 14:40:00,583.85,583.85,583.85,583.85,100,2825,783.72
2020-10-14 14:41:00,562.00,569.00,562.00,569.00,125,2825,769.31
2020-10-14 14:43:00,560.40,560.40,560.40,560.40,25,2950,766.56
2020-10-14 14:45:00,550.00,550.00,550.00,550.00,100,2950,755.73
2020-10-14 14:47:00,571.00,571.00,571.00,571.00,50,2950,751.23
2020-10-14 14:50:00,567.70,570.20,567.20,570.20,100,3125,742.71
2020-10-14 14:51:00,571.45,571.45,571.45,571.45,50,3100,738.82
2020-10-14 14:54:00,564.30,568.25,564.30,568.25,75,3100,733.15
2020-10-14 14:55:00,566.45,566.45,518.85,524.20,550,3150,693.86
2020-10-14 14:56:00,521.65,521.65,499.85,500.40,600,3150,661.71
2020-10-14 14:57:00,498.00,510.00,497.65,500.30,325,3375,648.03
2020-10-14 14:58:00,500.80,502.20,494.20,500.10,175,3375,641.39
2020-10-14 14:59:00,498.35,498.35,480.90,480.90,125,3375,636.78
2020-10-14 15:00:00,483.10,483.10,466.10,469.90,450,3375,620.24
2020-10-14 15:01:00,473.80,473.80,454.35,464.15,650,3375,600.15
2020-10-14 15:02:00,464.00,477.90,463.40,463.40,1425,3375,571.71
2020-10-14 15:03:00,458.65,471.25,458.65,467.10,1950,4650,547.82
2020-10-14 15:04:00,470.05,475.45,462.30,474.95,1450,4650,536.39
2020-10-14 15:05:00,471.00,482.05,460.25,460.25,2500,4650,524.09
2020-10-14 15:06:00,462.40,462.40,456.60,456.60,400,5925,522.08
2020-10-14 15:07:00,460.70,471.90,460.70,467.90,2100,5925,514.19
2020-10-14 15:08:00,465.75,465.75,461.10,465.00,975,5925,511.04
2020-10-14 15:09:00,460.85,463.35,460.55,460.55,300,7150,510.13
2020-10-14 15:10:00,460.00,460.00,448.05,454.85,675,7150,507.82
2020-10-14 15:11:00,453.40,458.60,453.40,456.05,425,7150,506.56
2020-10-14 15:12:00,461.95,461.95,458.00,458.00,1050,7450,503.84
2020-10-14 15:13:00,458.30,458.30,454.65,457.75,575,7450,502.41
2020-10-14 15:14:00,458.30,458.30,455.10,455.10,575,7450,501.08
2020-10-14 15:15:00,452.55,455.00,436.15,436.15,750,8575,499.06
2020-10-14 15:16:00,436.35,440.25,433.45,439.90,800,8575,496.70
2020-10-14 15:17:00,438.00,438.00,430.20,430.20,475,8575,495.34
2020-10-14 15:18:00,425.00,426.05,415.70,415.70,1325,8075,490.91
2020-10-14 15:19:00,422.50,422.50,418.55,418.55,850,8075,488.35
2020-10-14 15:20:00,417.90,421.60,417.10,419.95,975,8075,485.67
2020-10-14 15:21:00,423.00,426.25,415.85,418.40,825,9275,483.53
2020-10-14 15:22:00,422.05,434.35,420.00,434.35,725,9275,481.87
2020-10-14 15:23:00,435.55,442.70,434.00,441.90,975,9275,480.32
2020-10-14 15:24:00,442.15,452.30,442.15,448.90,1250,8900,478.82
2020-10-14 15:25:00,450.15,468.10,449.45,461.65,1650,8900,477.67
2020-10-14 15:26:00,456.25,456.25,450.80,453.60,350,8900,477.38
2020-10-14 15:27:00,452.00,456.10,452.00,455.95,375,9050,477.11
2020-10-14 15:28:00,458.25,461.20,453.85,461.20,1350,9050,476.36
2020-10-14 15:29:01,462.40,466.80,453.00,453.00,475,9050,476.13
2020-10-15 09:15:00,453.00,525.90,453.00,495.00,1900,9275,504.02
2020-10-15 09:16:00,497.70,528.45,495.50,521.10,2850,9275,506.50
2020-10-15 09:17:00,520.60,530.80,509.35,530.80,1300,10125,509.17
2020-10-15 09:18:00,528.70,532.00,518.05,520.15,625,10125,510.78
2020-10-15 09:19:00,525.00,535.05,522.85,532.00,775,10125,512.56
2020-10-15 09:20:00,534.50,542.10,530.00,538.90,1050,10475,515.35
2020-10-15 09:21:00,530.00,538.00,529.70,533.85,725,10475,516.68
2020-10-15 09:22:00,534.40,534.40,518.40,527.00,400,10475,516.95
2020-10-15 09:23:00,525.00,525.00,510.65,523.15,425,10700,517.04
2020-10-15 09:24:00,523.20,523.35,515.70,515.70,150,10700,517.07
2020-10-15 09:25:00,519.20,522.70,516.70,522.70,225,10700,517.12
2020-10-15 09:26:00,525.00,537.45,524.15,530.80,950,10425,518.33
2020-10-15 09:27:00,529.65,545.70,529.65,539.10,1775,10425,520.72
2020-10-15 09:28:00,537.30,539.20,537.30,539.20,125,10425,520.88
2020-10-15 09:29:00,538.90,538.90,535.75,535.75,425,9750,521.39
2020-10-15 09:30:00,540.00,555.00,540.00,555.00,175,9750,521.75
2020-10-15 09:31:00,546.55,554.05,546.10,548.65,250,9750,522.24
2020-10-15 09:32:00,548.00,549.70,542.40,542.40,300,9475,522.75
2020-10-15 09:33:00,541.70,541.70,525.75,526.45,525,9475,523.07
2020-10-15 09:34:00,527.90,536.00,527.55,536.00,475,9475,523.34
2020-10-15 09:35:00,530.25,530.25,528.15,528.15,75,9325,523.36
2020-10-15 09:36:00,528.10,528.10,515.95,515.95,500,9325,523.20
2020-10-15 09:37:00,515.70,515.70,473.10,479.70,1900,9325,519.07
2020-10-15 09:38:00,477.25,477.25,434.35,437.05,2950,9900,509.08
2020-10-15 09:39:00,440.40,453.50,434.65,437.35,2275,9900,502.87
2020-10-15 09:40:00,439.85,439.85,424.05,434.90,4275,9900,491.38
2020-10-15 09:41:00,431.55,450.00,430.40,435.30,3150,12250,486.22
2020-10-15 09:42:00,434.15,440.85,433.75,438.50,1500,12250,483.95
2020-10-15 09:43:00,438.20,449.00,438.20,442.45,1025,12250,482.77
2020-10-15 09:44:00,444.40,450.00,444.40,447.10,325,13725,482.43
2020-10-15 09:45:00,448.95,448.95,433.85,436.55,975,13725,481.21
2020-10-15 09:46:00,433.75,440.00,433.75,435.75,1050,13725,479.93
2020-10-15 09:47:00,435.65,435.85,399.05,404.80,2700,14150,475.36
2020-10-15 09:48:00,404.75,404.75,380.00,388.65,2800,14150,469.51
2020-10-15 09:49:00,387.75,387.75,356.35,359.35,3275,14150,462.10
2020-10-15 09:50:00,348.25,368.95,348.25,365.35,1675,16375,458.29
2020-10-15 09:51:00,368.20,368.20,339.40,348.70,1700,16375,454.46
2020-10-15 09:52:00,349.40,352.45,342.25,342.45,2450,16375,449.27
2020-10-15 09:53:00,343.50,349.90,342.20,343.95,1125,17400,447.01
2020-10-15 09:54:00,343.05,396.85,343.05,369.45,4375,17400,441.35
2020-10-15 09:55:00,372.95,395.90,371.00,391.40,3200,17400,438.59
2020-10-15 09:56:00,391.45,393.60,376.50,381.40,1900,17525,436.93
2020-10-15 09:57:00,379.10,385.90,378.40,382.15,925,17525,436.09
2020-10-15 09:58:00,384.80,384.80,365.20,365.70,750,17525,435.36
2020-10-15 09:59:00,362.25,365.95,357.15,362.90,725,17925,434.50
2020-10-15 10:00:00,355.95,366.60,355.95,366.60,1825,17925,432.43
2020-10-15 10:01:00,359.25,363.50,355.95,362.70,1550,17925,430.74
2020-10-15 10:02:00,363.95,379.15,363.95,374.40,2200,18475,428.96
2020-10-15 10:03:00,367.95,369.65,367.35,369.65,1325,18475,427.81
2020-10-15 10:04:00,369.00,377.00,363.90,377.00,1875,18475,426.25
2020-10-15 10:05:00,383.50,393.75,383.25,383.55,450,19475,426.01
2020-10-15 10:06:00,377.60,377.60,370.45,376.65,325,19475,425.78
2020-10-15 10:07:00,377.70,378.05,375.00,375.00,175,19475,425.66
2020-10-15 10:08:00,380.25,385.55,380.25,382.60,925,19500,425.10
2020-10-15 10:09:00,381.25,381.25,375.00,378.30,275,19500,424.92
2020-10-15 10:10:00,381.15,384.10,377.25,383.15,450,19500,424.65
2020-10-15 10:11:00,378.75,380.45,367.85,374.90,1050,20200,423.98
2020-10-15 10:12:00,373.45,382.00,369.15,377.00,775,20200,423.47
2020-10-15 10:13:00,376.20,377.30,373.65,377.30,450,20200,423.19
2020-10-15 10:14:00,376.85,382.55,376.85,379.10,975,20325,422.64
2020-10-15 10:15:00,378.35,384.75,378.35,379.90,600,20325,422.34
2020-10-15 10:16:00,380.00,380.55,371.85,374.10,500,20325,422.07
2020-10-15 10:17:00,372.65,379.35,372.65,374.60,675,21050,421.67
2020-10-15 10:18:00,375.75,380.60,374.25,377.00,4675,21050,419.14
2020-10-15 10:19:00,380.75,380.75,377.30,377.80,175,21050,419.05
2020-10-15 10:20:00,379.05,382.55,379.05,380.80,375,23925,418.88
2020-10-15 10:21:00,377.05,377.10,372.20,377.10,175,23925,418.79
2020-10-15 10:22:00,380.05,380.05,380.05,380.05,25,23925,418.78
2020-10-15 10:23:00,382.45,408.10,382.45,402.15,3175,24050,418.06
2020-10-15 10:24:00,401.25,428.35,398.75,416.55,5400,24050,417.79
2020-10-15 10:25:00,411.90,426.60,411.90,413.85,3375,24050,417.83
2020-10-15 10:26:00,409.75,435.45,409.75,434.90,2150,24275,418.03
2020-10-15 10:27:00,436.50,436.50,416.60,417.30,6575,24275,418.17
2020-10-15 10:28:00,417.00,427.35,415.50,427.35,925,24275,418.19
2020-10-15 10:29:00,427.40,434.50,427.40,428.00,2075,22050,418.43
2020-10-15 10:30:00,432.85,462.00,432.85,450.00,4150,22050,419.61
2020-10-15 10:31:00,450.00,453.80,436.90,436.90,1975,22050,420.06
2020-10-15 10:32:00,440.65,441.55,428.70,432.35,875,20300,420.16
2020-10-15 10:33:00,431.30,431.30,402.55,404.75,1900,20300,420.08
2020-10-15 10:34:00,404.00,407.40,397.45,406.80,1200,20300,419.89
2020-10-15 10:35:00,406.70,406.70,399.75,403.30,425,20125,419.83
2020-10-15 10:36:00,401.20,413.10,401.20,410.95,375,20125,419.80
2020-10-15 10:37:00,411.00,422.35,411.00,420.00,975,20125,419.79
2020-10-15 10:38:00,424.65,424.65,413.90,417.75,600,20225,419.78
2020-10-15 10:39:00,422.80,422.80,416.80,422.05,300,20225,419.78
2020-10-15 10:40:00,421.55,422.40,418.00,422.40,975,20225,419.79
2020-10-15 10:41:00,423.20,428.85,420.85,425.75,1175,20650,419.83
2020-10-15 10:42:00,419.95,433.65,419.95,428.50,675,20650,419.87
2020-10-15 10:43:00,425.85,440.00,425.85,436.60,1475,20650,420.02
2020-10-15 10:44:00,440.00,440.00,434.75,438.10,825,20175,420.12
2020-10-15 10:45:00,440.90,443.65,428.70,430.00,1425,20175,420.28
2020-10-15 10:46:00,432.00,432.00,421.80,421.80,675,20175,420.32
2020-10-15 10:47:00,417.75,419.60,415.50,415.50,575,19625,420.31
2020-10-15 10:48:00,414.00,418.15,414.00,416.00,1300,19625,420.25
2020-10-15 10:49:00,417.40,419.80,416.80,419.80,100,19625,420.25
2020-10-15 10:50:00,417.35,418.25,400.50,405.10,1650,20875,420.08
2020-10-15 10:51:00,405.90,410.75,405.90,410.75,300,20875,420.05
2020-10-15 10:52:00,415.00,421.00,415.00,420.50,525,20875,420.04
2020-10-15 10:53:00,418.70,418.70,417.00,417.25,450,20925,420.04
2020-10-15 10:54:00,418.00,418.00,410.35,412.15,450,20925,420.02
2020-10-15 10:55:00,410.35,410.35,385.60,385.60,1700,20925,419.76
2020-10-15 10:56:00,391.70,396.00,390.60,393.25,1400,20900,419.49
2020-10-15 10:57:00,393.90,401.25,393.90,397.10,750,20900,419.37
2020-10-15 10:58:00,397.60,401.90,396.70,399.95,575,20900,419.29
2020-10-15 10:59:00,400.35,402.05,394.10,396.80,600,21525,419.19
2020-10-15 11:00:00,401.25,401.25,389.65,396.15,650,21525,419.08
2020-10-15 11:01:00,393.20,397.25,392.10,394.70,725,21525,418.96
2020-10-15 11:02:00,394.35,397.90,393.70,397.90,350,21525,418.90
2020-10-15 11:03:00,398.40,398.40,388.00,389.90,375,21725,418.83
2020-10-15 11:04:00,389.20,392.75,387.35,388.60,550,21725,418.71
2020-10-15 11:05:00,386.80,386.80,377.65,383.30,3350,21400,417.86
2020-10-15 11:06:00,383.30,402.85,383.30,402.85,2275,21400,417.54
2020-10-15 11:07:00,405.00,407.00,402.30,405.15,1050,21400,417.44
2020-10-15 11:08:00,407.55,410.05,396.00,400.30,750,21200,417.37
2020-10-15 11:09:00,399.95,401.25,399.95,401.25,150,21200,417.35
2020-10-15 11:10:00,403.45,403.45,401.50,401.50,575,21200,417.29
2020-10-15 11:11:00,400.00,400.00,396.00,399.10,375,21900,417.25
2020-10-15 11:12:00,400.00,400.00,395.00,395.00,100,21900,417.23
2020-10-15 11:13:00,394.40,394.40,390.00,392.55,225,21900,417.19
2020-10-15 11:14:00,392.00,395.90,388.95,395.90,225,22175,417.16
2020-10-15 11:15:00,393.30,409.15,393.30,408.15,575,22175,417.10
2020-10-15 11:16:00,409.00,409.00,399.60,401.60,425,22175,417.07
2020-10-15 11:17:00,402.15,404.70,399.00,399.00,1350,22400,416.92
2020-10-15 11:18:00,398.25,400.75,395.00,399.10,1250,22400,416.75
2020-10-15 11:19:00,398.45,398.45,397.25,397.25,75,22400,416.74
2020-10-15 11:20:00,396.70,402.90,396.70,400.95,325,23650,416.71
2020-10-15 11:21:00,398.60,401.05,398.60,398.75,500,23650,416.65
2020-10-15 11:22:00,397.05,399.15,396.50,398.80,425,23650,416.60
2020-10-15 11:23:00,396.00,405.25,396.00,399.30,1250,24500,416.46
2020-10-15 11:24:00,404.35,411.25,402.30,409.15,825,24500,416.41
2020-10-15 11:25:00,414.90,424.00,411.50,413.30,2375,24500,416.40
2020-10-15 11:26:00,411.70,411.70,402.90,406.20,1325,24300,416.31
2020-10-15 11:27:00,404.35,407.30,400.75,406.20,750,24300,416.26
2020-10-15 11:28:00,404.85,407.00,404.85,405.55,575,24300,416.23
2020-10-15 11:29:00,408.35,408.35,407.10,408.20,225,24550,416.21
2020-10-15 11:30:00,418.00,421.10,412.40,412.80,1400,24550,416.21
2020-10-15 11:31:00,413.70,423.10,413.70,419.15,575,24550,416.22
2020-10-15 11:32:00,413.70,438.90,413.70,438.05,1900,24800,416.35
2020-10-15 11:33:00,438.80,443.85,426.40,427.85,1750,24800,416.56
2020-10-15 11:34:00,428.15,430.00,422.80,427.15,1100,24800,416.62
2020-10-15 11:35:00,430.20,437.95,430.20,435.85,1500,25075,416.78
2020-10-15 11:36:00,433.20,440.70,430.30,440.00,1750,25075,416.99
2020-10-15 11:37:00,440.70,456.55,440.70,444.15,4450,25075,417.78
2020-10-15 11:38:00,442.15,447.50,430.25,434.65,2325,24675,418.06
2020-10-15 11:39:00,440.70,443.20,426.40,433.90,1075,24675,418.16
2020-10-15 11:40:00,436.90,439.60,434.00,434.00,775,24675,418.24
2020-10-15 11:41:00,434.35,437.60,419.00,424.25,3275,25325,418.39
2020-10-15 11:42:00,425.65,425.65,404.65,411.85,1000,25325,418.36
2020-10-15 11:43:00,410.90,421.45,410.05,420.30,1400,25325,418.33
2020-10-15 11:44:00,418.55,437.25,418.55,437.00,1275,25550,418.42
2020-10-15 11:45:00,437.15,450.00,434.75,437.55,1625,25550,418.62
2020-10-15 11:46:00,437.60,437.60,430.00,433.35,450,25550,418.65
2020-10-15 11:47:00,436.30,436.30,428.90,431.15,475,25325,418.68
2020-10-15 11:48:00,436.25,439.50,426.75,438.00,2250,25325,418.87
2020-10-15 11:49:00,436.55,437.20,431.90,437.20,375,25325,418.90
2020-10-15 11:50:00,435.50,436.80,426.05,431.80,775,25750,418.95
2020-10-15 11:51:00,436.00,440.00,431.05,431.05,450,25750,418.99
2020-10-15 11:52:00,431.05,433.40,431.05,433.00,500,25750,419.02
2020-10-15 11:53:00,432.30,432.30,419.45,432.25,2675,26175,419.15
2020-10-15 11:54:00,429.85,431.25,428.30,430.05,375,26175,419.17
2020-10-15 11:55:00,431.95,431.95,418.40,418.40,600,26175,419.18
2020-10-15 11:56:00,418.75,425.15,413.55,414.40,1075,26825,419.17
2020-10-15 11:57:00,405.70,413.15,403.00,413.15,1300,26825,419.11
2020-10-15 11:58:00,409.60,413.15,409.00,413.15,900,26825,419.07
2020-10-15 11:59:00,413.45,422.55,413.45,422.55,725,27350,419.06
2020-10-15 12:00:00,423.75,423.90,409.00,411.45,1775,27350,419.01
2020-10-15 12:01:00,412.30,416.45,405.05,414.80,2400,27350,418.93
2020-10-15 12:02:00,412.90,418.30,412.75,413.00,2150,30550,418.89
2020-10-15 12:03:00,416.25,423.25,416.25,423.25,2250,30550,418.91
2020-10-15 12:04:00,423.05,430.90,423.05,427.35,825,30550,418.94
2020-10-15 12:05:00,429.45,438.90,429.45,430.15,1700,30825,419.04
2020-10-15 12:06:00,431.20,433.40,427.15,427.15,500,30825,419.06
2020-10-15 12:07:00,427.05,428.00,425.70,428.00,125,30825,419.07
2020-10-15 12:08:00,425.70,426.45,416.90,419.05,1425,30225,419.10
2020-10-15 12:09:00,421.35,421.35,410.00,417.45,1375,30225,419.07
2020-10-15 12:10:00,417.20,421.70,417.20,420.95,600,30225,419.08
2020-10-15 12:11:00,420.50,420.50,408.15,410.00,600,30225,419.05
2020-10-15 12:12:00,414.90,417.55,412.85,416.80,375,30700,419.05
2020-10-15 12:13:00,420.30,424.70,420.30,421.25,1275,30700,419.07
2020-10-15 12:14:00,422.20,424.00,422.15,424.00,175,31050,419.07
2020-10-15 12:15:00,424.00,438.80,424.00,429.90,3375,31050,419.25
2020-10-15 12:16:00,430.15,434.50,429.85,431.10,1700,31050,419.33
2020-10-15 12:17:00,431.15,431.20,425.45,429.85,575,31050,419.35
2020-10-15 12:18:00,431.30,431.30,430.70,430.70,100,33275,419.36
2020-10-15 12:19:00,428.20,440.00,427.55,433.80,1250,33275,419.44
2020-10-15 12:20:00,437.05,442.00,430.75,430.75,1475,33750,419.54
2020-10-15 12:21:00,430.00,430.00,421.15,423.30,1825,33750,419.59
2020-10-15 12:22:00,423.30,424.95,420.15,420.15,775,33750,419.60
2020-10-15 12:23:00,424.70,426.45,421.25,426.45,750,34400,419.61
2020-10-15 12:24:00,426.80,432.65,423.75,425.50,1300,34400,419.65
2020-10-15 12:25:00,425.45,426.95,420.00,420.65,925,34400,419.67
2020-10-15 12:26:00,419.55,419.55,397.05,397.05,1875,34800,419.60
2020-10-15 12:27:00,403.35,411.50,401.95,405.30,2000,34800,419.49
2020-10-15 12:28:00,405.30,410.60,397.00,410.60,1075,34800,419.43
2020-10-15 12:29:00,411.50,414.00,408.80,408.80,1400,35125,419.38
2020-10-15 12:30:00,406.45,412.65,405.75,412.65,2175,35125,419.29
2020-10-15 12:31:00,412.70,423.75,412.70,421.50,1150,35125,419.29
2020-10-15 12:32:00,421.05,426.50,421.05,422.25,1075,35125,419.31
2020-10-15 12:33:00,421.50,421.50,417.40,421.00,150,35100,419.31
2020-10-15 12:34:00,421.00,421.00,409.15,409.15,1425,35100,419.28
2020-10-15 12:35:00,410.00,419.45,410.00,419.45,1050,35100,419.27
2020-10-15 12:36:00,417.45,425.15,417.45,420.00,700,35175,419.28
2020-10-15 12:37:00,423.00,434.85,423.00,434.85,1350,35175,419.34
2020-10-15 12:38:00,433.65,433.65,420.90,420.90,525,35175,419.36
2020-10-15 12:39:00,422.85,422.85,417.55,417.55,450,34975,419.36
2020-10-15 12:40:00,425.00,433.00,424.80,431.35,1275,34975,419.40
2020-10-15 12:41:00,433.00,435.65,427.30,427.30,1800,34975,419.48
2020-10-15 12:42:00,424.20,424.75,418.70,424.45,775,35450,419.49
2020-10-15 12:43:00,422.65,422.75,419.80,419.80,150,35450,419.49
2020-10-15 12:44:00,422.00,422.00,412.50,415.10,750,35800,419.48
2020-10-15 12:45:00,416.95,423.85,416.95,421.65,375,35800,419.48
2020-10-15 12:46:00,423.25,426.65,422.15,422.15,725,35800,419.50
2020-10-15 12:47:00,422.75,422.75,419.00,419.90,925,35800,419.50
2020-10-15 12:48:00,420.15,421.00,418.00,421.00,375,36100,419.50
2020-10-15 12:49:00,422.15,422.15,412.25,413.35,475,36100,419.49
2020-10-15 12:50:00,413.00,423.00,407.25,420.25,2375,36650,419.44
2020-10-15 12:51:00,421.75,426.50,420.00,421.80,775,36650,419.45
2020-10-15 12:52:00,421.45,427.10,421.45,423.85,1300,36650,419.48
2020-10-15 12:53:00,425.30,431.25,424.35,431.25,275,36650,419.49
2020-10-15 12:54:00,422.30,425.00,420.00,425.00,350,36125,419.49
2020-10-15 12:55:00,431.10,431.10,415.80,415.80,1250,36125,419.50
2020-10-15 12:56:00,414.85,421.90,414.30,417.15,600,36125,419.50
2020-10-15 12:57:00,418.20,419.75,408.80,419.75,1775,36750,419.47
2020-10-15 12:58:00,423.30,424.30,418.65,420.85,525,36750,419.48
2020-10-15 12:59:00,422.00,424.90,421.20,422.60,450,36750,419.48
2020-10-15 13:00:00,420.80,425.00,419.10,425.00,875,35900,419.49
2020-10-15 13:01:00,427.65,428.00,422.30,425.90,800,35900,419.51
2020-10-15 13:02:00,428.45,431.00,427.90,430.00,1000,35900,419.55
2020-10-15 13:03:00,429.95,492.55,429.90,475.50,8500,36150,421.02
2020-10-15 13:04:00,472.15,500.00,472.15,479.80,4875,36150,422.15
2020-10-15 13:05:00,489.90,500.00,485.80,490.05,3175,36150,422.93
2020-10-15 13:06:00,488.85,496.55,486.20,496.00,1850,35150,423.38
2020-10-15 13:07:00,499.60,511.65,498.85,500.95,7700,35150,425.48
2020-10-15 13:08:00,500.70,509.70,499.50,504.30,2175,35150,426.06
2020-10-15 13:09:00,503.85,524.45,503.85,523.35,2600,33975,426.85
2020-10-15 13:10:00,521.20,534.90,517.35,525.20,6125,33975,428.82
2020-10-15 13:11:00,525.35,528.20,503.30,503.30,4100,33975,429.95
2020-10-15 13:12:00,506.00,516.20,506.00,514.45,4575,33025,431.13
2020-10-15 13:13:00,513.85,527.00,513.85,527.00,575,33025,431.30
2020-10-15 13:14:00,524.00,524.00,513.75,519.05,775,33025,431.51
2020-10-15 13:15:00,522.15,529.50,522.15,526.60,1025,32375,431.81
2020-10-15 13:16:00,523.00,523.00,503.00,504.85,1100,32375,432.08
2020-10-15 13:17:00,506.40,506.40,482.45,489.25,2475,32375,432.54
2020-10-15 13:18:00,487.35,496.60,487.35,496.60,250,32550,432.59
2020-10-15 13:19:00,501.50,506.55,501.50,506.55,50,32550,432.60
2020-10-15 13:20:00,501.00,510.00,501.00,506.00,175,32550,432.64
2020-10-15 13:21:00,500.75,510.05,500.75,506.20,75,30425,432.66
2020-10-15 13:22:00,508.65,508.65,505.40,505.80,300,30425,432.73
2020-10-15 13:23:00,502.40,504.20,499.50,502.30,450,30425,432.82
2020-10-15 13:24:00,507.05,511.95,502.65,509.10,1475,30325,433.16
2020-10-15 13:25:00,512.05,525.55,512.05,525.55,825,30325,433.38
2020-10-15 13:26:00,523.20,559.00,523.20,559.00,5000,30325,435.09
2020-10-15 13:27:00,561.70,561.75,550.10,561.70,5725,29625,437.13
2020-10-15 13:28:00,552.30,560.10,552.25,552.25,1325,29625,437.59
2020-10-15 13:29:00,549.10,557.50,548.60,550.80,2625,29625,438.48
2020-10-15 13:30:00,549.20,560.80,549.20,557.85,1450,24775,438.98
2020-10-15 13:31:00,560.40,562.40,555.60,555.60,625,24775,439.20
2020-10-15 13:32:00,550.90,550.90,534.25,540.00,400,24775,439.32
2020-10-15 13:33:00,537.50,545.70,537.50,545.70,1000,23750,439.61
2020-10-15 13:34:00,550.00,579.95,550.00,571.90,2625,23750,440.61
2020-10-15 13:35:00,563.55,566.95,559.25,561.05,1675,23750,441.21
2020-10-15 13:36:00,565.60,573.90,565.60,573.90,950,23725,441.56
2020-10-15 13:37:00,583.25,594.15,579.20,579.80,2025,23725,442.37
2020-10-15 13:38:00,581.10,586.50,572.60,575.00,1475,23725,442.95
2020-10-15 13:39:00,573.60,587.10,573.60,587.10,1375,22825,443.47
2020-10-15 13:40:00,589.55,591.40,558.15,568.35,1350,22825,443.97
2020-10-15 13:41:00,569.40,572.60,569.40,571.45,225,22825,444.05
2020-10-15 13:42:00,578.15,579.10,571.00,571.00,275,21850,444.15
2020-10-15 13:43:00,571.30,575.05,571.30,573.80,925,21850,444.49
2020-10-15 13:44:00,578.55,603.10,578.55,602.05,875,21850,444.85
2020-10-15 13:45:00,605.90,645.50,605.90,627.05,4600,21875,447.12
2020-10-15 13:46:00,637.30,673.30,637.30,640.50,3300,21875,448.95
2020-10-15 13:47:00,648.70,648.70,629.15,636.55,1000,21875,449.47
2020-10-15 13:48:00,633.65,655.00,633.65,653.80,1025,21250,450.02
2020-10-15 13:49:00,653.50,669.35,649.10,665.00,4275,21250,452.42
2020-10-15 13:50:00,672.40,688.75,657.60,657.60,2700,21250,454.04
2020-10-15 13:51:00,654.60,663.90,643.35,653.50,2325,19100,455.25
2020-10-15 13:52:00,659.60,666.50,653.00,653.00,975,19100,455.78
2020-10-15 13:53:00,650.00,650.00,617.95,632.15,2975,19100,457.14
2020-10-15 13:54:00,627.10,634.60,627.10,629.05,475,17100,457.35
2020-10-15 13:55:00,623.90,661.55,623.90,655.20,1150,17100,457.92
2020-10-15 13:56:00,659.10,659.10,643.35,649.60,2450,17100,459.15
2020-10-15 13:57:00,643.90,643.90,627.65,627.65,500,17800,459.38
2020-10-15 13:58:00,634.00,634.00,622.95,623.20,250,17800,459.50
2020-10-15 13:59:00,625.10,626.20,611.05,614.35,425,17800,459.67
2020-10-15 14:00:00,617.00,649.40,617.00,642.95,1100,17250,460.18
2020-10-15 14:01:00,649.60,659.90,644.65,656.65,225,17250,460.29
2020-10-15 14:02:00,655.80,655.80,650.50,655.80,350,17250,460.47
2020-10-15 14:03:00,661.60,661.60,657.35,657.35,50,16650,460.49
2020-10-15 14:04:00,649.15,656.25,639.25,643.65,200,16650,460.59
2020-10-15 14:06:00,648.10,655.00,648.10,652.30,600,16525,460.89
2020-10-15 14:07:00,668.50,708.40,668.50,688.50,3275,16525,462.81
2020-10-15 14:08:00,683.95,689.00,680.65,689.00,675,16525,463.20
2020-10-15 14:09:00,689.00,714.00,688.70,714.00,1000,17375,463.80
2020-10-15 14:10:00,718.85,765.40,718.85,727.20,1200,17375,464.64
2020-10-15 14:11:00,733.15,738.35,730.15,738.35,350,17375,464.88
2020-10-15 14:12:00,743.40,751.85,730.10,730.10,875,17125,465.49
2020-10-15 14:13:00,730.00,772.20,729.60,772.20,1250,17125,466.38
2020-10-15 14:14:00,769.20,782.80,766.90,782.80,800,17125,467.00
2020-10-15 14:15:00,780.00,780.00,729.50,742.40,1350,17775,467.91
2020-10-15 14:16:00,741.15,741.15,732.45,737.50,225,17775,468.06
2020-10-15 14:17:00,737.65,737.65,697.25,710.85,1900,17775,469.21
2020-10-15 14:18:00,712.10,741.05,712.10,738.35,1025,16875,469.87
2020-10-15 14:19:00,745.00,745.00,745.00,745.00,25,16875,469.88
2020-10-15 14:20:00,741.45,741.45,714.90,718.20,650,16875,470.29
2020-10-15 14:21:00,718.80,735.20,718.80,735.20,100,16300,470.36
2020-10-15 14:22:00,740.50,747.75,740.50,747.75,225,16300,470.51
2020-10-15 14:23:00,747.75,750.00,747.75,750.00,1425,16300,471.49
2020-10-15 14:24:00,749.60,765.70,747.10,761.30,400,16975,471.77
2020-10-15 14:25:00,745.70,745.70,732.65,733.00,525,16975,472.12
2020-10-15 14:26:00,735.90,735.90,724.20,724.20,325,16975,472.32
2020-10-15 14:27:00,724.10,724.10,724.10,724.10,500,16975,472.63
2020-10-15 14:28:00,732.45,742.50,732.45,742.50,175,16425,472.75
2020-10-15 14:29:00,727.40,734.40,727.40,730.75,100,16425,472.81
2020-10-15 14:30:00,733.05,737.45,732.90,737.45,250,16775,472.97
2020-10-15 14:31:00,731.55,731.55,708.70,716.30,300,16775,473.15
2020-10-15 14:32:00,716.55,730.05,716.55,730.05,75,16775,473.20
2020-10-15 14:33:00,751.95,755.90,747.80,755.90,325,16900,473.42
2020-10-15 14:34:00,782.40,785.20,782.40,785.20,75,16900,473.48
2020-10-15 14:35:00,779.60,817.65,779.60,813.30,550,16900,473.92
2020-10-15 14:36:00,806.00,815.85,806.00,806.00,300,16875,474.16
2020-10-15 14:37:00,798.65,825.65,798.65,815.35,525,16875,474.60
2020-10-15 14:38:00,812.15,817.80,809.15,817.80,100,16875,474.68
2020-10-15 14:39:00,795.70,795.70,768.85,768.85,275,16975,474.89
2020-10-15 14:40:00,773.80,783.15,751.65,770.95,525,16975,475.26
2020-10-15 14:41:00,776.30,784.15,776.30,784.15,275,16975,475.47
2020-10-15 14:42:00,810.45,819.95,810.20,810.20,275,16475,475.69
2020-10-15 14:43:00,814.30,816.45,807.40,812.50,450,16475,476.06
2020-10-15 14:44:00,805.50,809.00,795.20,808.10,850,16475,476.74
2020-10-15 14:45:00,796.75,799.20,784.70,784.70,800,16400,477.35
2020-10-15 14:46:00,791.05,791.05,771.35,772.25,1325,16400,478.31
2020-10-15 14:48:00,792.60,799.00,790.90,799.00,475,16850,478.67
2020-10-15 14:49:00,792.40,798.75,792.40,798.75,525,16850,479.07
2020-10-15 14:50:00,798.75,798.75,790.05,796.15,1125,16850,479.92
2020-10-15 14:51:00,808.45,815.80,808.45,815.80,175,17550,480.06
2020-10-15 14:52:00,831.75,831.75,817.35,819.85,875,17550,480.78
2020-10-15 14:53:00,816.20,816.20,809.40,814.00,150,17550,480.90
2020-10-15 14:54:00,823.05,827.55,813.45,827.55,1075,17050,481.77
2020-10-15 14:55:00,823.00,823.00,823.00,823.00,25,17050,481.79
2020-10-15 14:56:00,829.00,837.40,827.85,833.55,625,17050,482.32
2020-10-15 14:57:00,838.30,838.30,822.55,826.50,1275,17075,483.38
2020-10-15 14:58:00,814.45,814.45,786.10,786.10,925,17075,484.06
2020-10-15 14:59:00,777.30,787.25,774.00,787.25,150,17075,484.16
2020-10-15 15:00:00,772.55,791.40,772.55,791.40,200,17025,484.30
2020-10-15 15:01:00,812.65,817.60,810.00,817.60,275,17025,484.52
2020-10-15 15:02:00,816.70,821.85,816.70,821.85,225,17025,484.70
2020-10-15 15:03:00,837.80,837.80,836.45,836.45,225,16850,484.89
2020-10-15 15:04:00,840.00,843.35,840.00,843.35,150,16850,485.01
2020-10-15 15:05:00,852.80,901.00,852.80,873.50,2075,16850,486.89
2020-10-15 15:06:00,875.65,910.10,875.65,910.10,225,16775,487.10
2020-10-15 15:07:00,913.80,921.95,906.55,921.55,375,16775,487.48
2020-10-15 15:08:00,919.95,956.45,917.20,923.20,750,16775,488.25
2020-10-15 15:09:00,922.60,946.45,922.05,946.45,975,16025,489.27
2020-10-15 15:10:00,952.60,965.15,950.75,965.15,475,16025,489.79
2020-10-15 15:11:00,951.60,951.60,928.00,941.00,525,16025,490.34
2020-10-15 15:13:00,952.95,968.00,952.95,968.00,175,16225,490.54
2020-10-15 15:14:00,978.05,1002.70,971.40,1002.70,425,16225,491.03
2020-10-15 15:15:00,1000.00,1029.25,1000.00,1023.35,800,15625,491.99
2020-10-15 15:16:00,1029.90,1034.95,1027.30,1027.30,200,15625,492.24
2020-10-15 15:17:00,1020.00,1020.00,969.40,972.20,600,15625,492.93
2020-10-15 15:18:00,967.30,967.30,954.35,960.85,325,15025,493.28
2020-10-15 15:19:00,959.15,963.00,959.15,963.00,150,15025,493.44
2020-10-15 15:20:00,966.00,966.45,965.45,966.45,75,15025,493.52
2020-10-15 15:21:00,969.10,969.10,969.10,969.10,125,15025,493.66
2020-10-15 15:23:00,973.75,977.00,973.50,976.55,500,14900,494.22
2020-10-15 15:24:00,975.50,982.70,971.85,971.85,275,14900,494.53
2020-10-15 15:25:00,972.15,973.00,972.15,973.00,100,14375,494.64
2020-10-15 15:26:00,988.60,988.60,988.60,988.60,25,14375,494.67
2020-10-15 15:27:00,986.20,991.00,986.20,991.00,475,14150,495.21
2020-10-15 15:28:00,998.65,998.65,995.00,995.00,200,14150,495.44
2020-10-15 15:29:01,996.00,1038.95,942.55,947.70,1775,14150,497.29
2020-10-16 09:15:00,824.65,824.65,797.15,807.95,825,12725,807.01
2020-10-16 09:16:00,817.65,817.65,778.10,784.35,1125,12725,802.51
2020-10-16 09:17:00,783.85,799.30,775.95,795.20,625,13025,798.60
2020-10-16 09:18:00,795.00,795.00,781.55,786.65,75,13025,798.29
2020-10-16 09:19:00,778.00,786.65,778.00,786.65,325,13025,796.36
2020-10-16 09:20:00,766.45,766.45,735.00,737.35,625,12900,788.34
2020-10-16 09:21:00,740.05,754.65,736.10,736.10,300,12900,785.07
2020-10-16 09:22:00,751.05,763.00,751.05,763.00,175,12900,783.77
2020-10-16 09:23:00,749.40,762.10,749.35,754.05,150,12750,782.75
2020-10-16 09:24:00,769.55,769.55,760.90,760.90,225,12750,781.70
2020-10-16 09:25:00,784.00,813.50,784.00,813.50,250,12750,782.86
2020-10-16 09:26:00,802.55,806.85,792.75,792.75,75,12675,783.14
2020-10-16 09:27:00,799.90,809.65,799.90,809.65,175,12675,783.76
2020-10-16 09:28:00,810.10,815.45,810.10,815.45,100,12675,784.33
2020-10-16 09:29:00,811.10,811.10,798.20,798.20,125,12600,784.79
2020-10-16 09:30:00,781.00,781.00,699.50,703.25,600,12600,779.20
2020-10-16 09:31:00,697.50,708.70,690.60,706.40,1225,12600,765.38
2020-10-16 09:32:00,699.35,703.70,699.35,699.80,150,12475,764.01
2020-10-16 09:33:00,687.75,688.90,683.20,688.90,275,12475,761.13
2020-10-16 09:34:00,696.05,698.15,692.25,694.45,100,12475,760.26
2020-10-16 09:35:00,699.45,707.95,699.45,707.95,75,12400,759.68
2020-10-16 09:36:00,690.00,690.00,684.95,690.00,125,12400,758.51
2020-10-16 09:37:00,704.10,704.10,704.10,704.10,25,12400,758.33
2020-10-16 09:38:00,708.30,709.90,707.55,708.00,200,12450,757.07
2020-10-16 09:39:00,714.60,735.10,714.60,735.10,75,12450,756.77
2020-10-16 09:40:00,735.10,743.00,735.10,735.40,250,12450,756.28
2020-10-16 09:41:00,726.00,726.00,706.10,710.00,175,12475,755.38
2020-10-16 09:42:00,711.90,711.90,707.65,707.65,200,12475,754.36
2020-10-16 09:43:00,727.00,727.00,727.00,727.00,75,12475,754.14
2020-10-16 09:44:00,735.00,735.00,725.00,725.00,375,12500,752.99
2020-10-16 09:45:00,725.55,725.55,725.55,725.55,25,12500,752.92
2020-10-16 09:46:00,753.65,753.65,746.30,748.75,275,12500,752.85
2020-10-16 09:47:00,746.15,757.70,746.15,757.70,50,12575,752.84
2020-10-16 09:48:00,802.50,834.30,801.00,807.90,400,12575,755.33
2020-10-16 09:49:00,814.55,814.55,811.25,812.60,200,12575,756.45
2020-10-16 09:50:00,837.20,876.30,823.55,851.95,1800,12625,772.41
2020-10-16 09:51:00,836.00,836.00,785.75,812.50,1075,12625,774.50
2020-10-16 09:52:00,822.95,822.95,822.95,822.95,175,12625,775.15
2020-10-16 09:53:00,847.80,871.95,832.75,871.95,575,13325,778.06
2020-10-16 09:54:00,876.45,876.45,855.90,858.65,1525,13325,786.83
2020-10-16 09:55:00,833.70,844.10,812.70,821.15,675,13325,788.41
2020-10-16 09:56:00,826.60,828.25,823.70,828.25,175,13975,788.83
2020-10-16 09:57:00,854.65,854.65,852.50,852.50,75,13975,789.13
2020-10-16 09:58:00,840.20,840.20,823.65,823.65,275,13975,789.80
2020-10-16 09:59:00,854.75,854.75,854.75,854.75,25,14275,789.90
2020-10-16 10:00:00,843.50,891.05,843.50,878.20,575,14275,792.95
2020-10-16 10:01:00,856.95,856.95,844.35,852.75,350,14275,794.17
2020-10-16 10:02:00,850.00,850.00,837.30,846.85,275,13900,795.00
2020-10-16 10:03:00,844.15,844.15,786.20,801.35,1075,13900,795.64
2020-10-16 10:04:00,792.65,810.50,786.15,803.10,500,13900,795.73
2020-10-16 10:05:00,815.00,815.00,815.00,815.00,25,14450,795.75
2020-10-16 10:06:00,802.15,802.15,790.65,790.65,200,14450,795.80
2020-10-16 10:07:00,780.50,780.60,756.65,778.40,475,14450,795.15
2020-10-16 10:08:00,800.50,800.50,787.50,787.50,75,14450,795.14
2020-10-16 10:09:00,782.45,782.45,773.70,773.70,350,14075,794.85
2020-10-16 10:10:00,793.90,793.90,782.00,782.00,325,14075,794.76
2020-10-16 10:11:00,799.95,799.95,799.95,799.95,100,14075,794.79
2020-10-16 10:12:00,780.15,780.15,780.15,780.15,25,13925,794.78
2020-10-16 10:13:00,787.15,787.15,787.15,787.15,25,13925,794.77
2020-10-16 10:15:00,764.55,771.15,764.10,764.20,200,13725,794.50
2020-10-16 10:16:00,738.40,738.40,724.05,733.80,550,13725,792.96
2020-10-16 10:18:00,753.05,753.05,753.05,753.05,25,13325,792.91
2020-10-16 10:19:00,769.55,769.55,769.55,769.55,25,13325,792.89
2020-10-16 10:21:00,751.60,779.90,751.60,779.90,125,13325,792.77
2020-10-16 10:22:00,794.20,822.10,794.20,811.00,325,13325,793.08
2020-10-16 10:23:00,812.00,812.00,799.75,799.75,50,13125,793.11
2020-10-16 10:24:00,810.00,814.45,810.00,814.45,175,13125,793.25
2020-10-16 10:25:00,817.00,830.60,817.00,823.15,250,13125,793.59
2020-10-16 10:26:00,792.05,792.05,791.10,791.10,75,13125,793.59
2020-10-16 10:27:00,790.40,796.00,790.40,796.00,200,12900,793.58
2020-10-16 10:28:00,806.75,810.35,806.75,810.35,225,12900,793.73
2020-10-16 10:29:00,816.45,816.45,795.70,795.70,275,12900,793.81
2020-10-16 10:30:00,764.70,783.80,764.70,783.80,75,12900,793.76
2020-10-16 10:31:00,779.95,779.95,779.95,779.95,25,12900,793.74
2020-10-16 10:32:00,796.80,796.80,796.80,796.80,25,12850,793.75
2020-10-16 10:35:00,793.80,793.80,793.80,793.80,25,12875,793.75
2020-10-16 10:37:00,780.25,780.50,780.25,780.50,50,12875,793.72
2020-10-16 10:38:00,774.50,782.40,774.50,782.40,50,12875,793.69
2020-10-16 10:39:00,783.00,783.00,783.00,783.00,175,12875,793.61
2020-10-16 10:41:00,783.75,783.75,783.75,783.75,25,12875,793.60
2020-10-16 10:43:00,767.75,774.60,767.75,774.60,50,13050,793.55
2020-10-16 10:45:00,750.00,768.80,750.00,753.90,375,13050,793.02
2020-10-16 10:46:00,767.30,768.40,765.00,765.00,100,13050,792.91
2020-10-16 10:48:00,759.15,760.05,707.35,724.50,1575,13150,788.59
2020-10-16 10:49:00,725.85,725.85,725.85,725.85,25,13150,788.53
2020-10-16 10:50:00,714.65,716.90,713.05,716.90,200,13100,787.96
2020-10-16 10:51:00,717.80,718.55,717.80,718.55,75,13100,787.77
2020-10-16 10:52:00,730.00,730.00,730.00,730.00,25,13100,787.71
2020-10-16 10:54:00,734.25,734.25,734.25,734.25,25,12900,787.66
2020-10-16 10:55:00,734.30,738.95,734.30,738.95,75,12900,787.51
2020-10-16 10:56:00,744.55,750.00,744.55,750.00,675,12925,786.47
2020-10-16 10:58:00,745.35,745.35,741.90,741.90,50,12925,786.39
2020-10-16 10:59:00,726.05,727.90,715.25,715.25,700,12925,784.78
2020-10-16 11:00:00,712.85,725.95,712.85,725.95,550,12925,783.45
2020-10-16 11:01:00,725.35,725.35,725.35,725.35,50,12925,783.35
2020-10-16 11:02:00,746.05,748.20,740.95,741.85,225,12775,783.03
2020-10-16 11:03:00,750.60,764.20,750.60,759.85,325,12775,782.74
2020-10-16 11:05:00,753.45,774.95,753.45,766.45,675,12800,782.52
2020-10-16 11:06:00,769.95,769.95,769.95,769.95,25,12800,782.51
2020-10-16 11:07:00,770.00,770.00,770.00,770.00,75,12800,782.48
2020-10-16 11:08:00,750.00,750.00,743.85,743.85,50,12800,782.42
2020-10-16 11:09:00,759.25,759.25,759.25,759.25,150,12500,782.30
2020-10-16 11:10:00,754.80,754.80,754.80,754.80,25,12500,782.28
2020-10-16 11:11:00,750.75,750.75,739.50,739.50,75,12500,782.18
2020-10-16 11:12:00,769.00,788.55,769.00,788.55,200,11550,782.16
2020-10-16 11:13:00,785.00,785.00,785.00,785.00,25,11550,782.16
2020-10-16 11:14:00,761.00,761.00,761.00,761.00,50,11550,782.13
2020-10-16 11:15:00,770.15,770.15,762.85,762.85,75,11600,782.09
2020-10-16 11:20:00,777.95,777.95,777.95,777.95,25,11550,782.08
2020-10-16 11:21:00,780.60,780.60,776.20,776.20,125,11550,782.06
2020-10-16 11:22:00,769.80,769.80,764.50,764.50,150,11550,781.99
2020-10-16 11:23:00,775.15,775.15,772.50,772.90,100,11500,781.97
2020-10-16 11:24:00,766.85,766.85,761.60,761.60,50,11500,781.94
2020-10-16 11:25:00,745.35,745.35,745.35,745.35,50,11500,781.88
2020-10-16 11:26:00,757.10,757.10,757.10,757.10,25,11500,781.86
2020-10-16 11:27:00,764.10,764.10,758.40,758.40,100,11450,781.80
2020-10-16 11:28:00,757.30,757.30,736.50,746.55,275,11450,781.47
2020-10-16 11:29:00,754.40,757.30,754.05,757.30,125,11450,781.36
2020-10-16 11:30:00,749.45,752.90,749.45,752.90,75,11625,781.29
2020-10-16 11:31:00,766.85,766.85,766.85,766.85,25,11625,781.28
2020-10-16 11:32:00,759.75,765.10,756.20,756.20,75,11400,781.23
2020-10-16 11:34:00,767.75,767.75,767.75,767.75,25,11400,781.22
2020-10-16 11:35:00,763.85,773.55,763.85,773.55,100,11400,781.18
2020-10-16 11:36:00,772.35,772.35,772.35,772.35,225,11375,781.11
2020-10-16 11:37:00,788.00,790.00,778.55,779.75,350,11375,781.15
2020-10-16 11:38:00,780.00,780.00,780.00,780.00,25,11325,781.15
2020-10-16 11:39:00,789.45,789.45,788.40,788.40,50,11325,781.16
2020-10-16 11:40:00,809.55,817.85,798.90,798.90,1225,11325,782.21
2020-10-16 11:41:00,800.00,800.00,800.00,800.00,75,11325,782.25
2020-10-16 11:42:00,793.35,793.35,792.30,792.30,75,11950,782.27
2020-10-16 11:44:00,790.45,790.45,790.45,790.45,25,11950,782.27
2020-10-16 11:45:00,793.35,803.90,793.35,803.90,150,11950,782.34
2020-10-16 11:46:00,798.30,810.60,798.30,808.55,225,11950,782.50
2020-10-16 11:47:00,783.40,783.70,783.40,783.70,50,11950,782.51
2020-10-16 11:48:00,771.20,771.20,770.95,770.95,75,12000,782.48
2020-10-16 11:49:00,751.90,763.40,751.90,763.40,50,12000,782.44
2020-10-16 11:50:00,763.85,763.85,763.85,763.85,25,12000,782.43
2020-10-16 11:53:00,771.25,771.25,771.25,771.25,50,12000,782.41
2020-10-16 11:54:00,756.00,761.70,755.85,761.70,75,11900,782.36
2020-10-16 11:55:00,750.70,750.70,730.50,746.05,400,11900,781.94
2020-10-16 11:56:00,751.05,751.05,745.50,745.50,200,11900,781.75
2020-10-16 11:57:00,746.20,746.30,744.50,746.30,250,11800,781.49
2020-10-16 11:58:00,741.70,741.70,741.70,741.70,25,11800,781.46
2020-10-16 12:00:00,723.10,725.95,602.50,656.05,2200,11825,775.66
2020-10-16 12:01:00,651.40,666.35,648.55,648.55,500,11825,774.14
2020-10-16 12:02:00,637.15,637.15,608.65,627.10,2975,12300,762.71
2020-10-16 12:03:00,631.00,633.55,626.75,626.75,325,12300,761.68
2020-10-16 12:04:00,628.70,646.95,628.70,637.00,1875,12300,756.19
2020-10-16 12:05:00,630.00,630.00,605.35,614.35,1975,13950,749.88
2020-10-16 12:06:00,618.80,621.35,613.00,619.00,225,13950,749.23
2020-10-16 12:07:00,625.70,627.25,616.95,627.25,650,13950,747.43
2020-10-16 12:08:00,632.30,640.40,632.30,640.40,75,13950,747.25
2020-10-16 12:09:00,641.55,641.55,630.10,630.10,400,12325,746.27
2020-10-16 12:10:00,632.70,632.70,617.80,617.80,300,12325,745.49
2020-10-16 12:11:00,630.65,630.65,625.10,628.50,300,12200,744.73
2020-10-16 12:12:00,629.30,641.95,629.30,634.70,200,12200,744.26
2020-10-16 12:13:00,640.00,642.95,637.45,642.95,100,12200,744.04
2020-10-16 12:14:00,667.50,672.20,649.00,652.00,875,11975,742.45
2020-10-16 12:15:00,647.20,647.20,638.00,640.10,550,11975,741.31
2020-10-16 12:16:00,670.00,670.00,659.05,659.05,75,11975,741.20
2020-10-16 12:17:00,666.90,674.10,664.40,672.00,825,11725,740.00
2020-10-16 12:18:00,676.00,691.00,676.00,678.05,975,11725,738.84
2020-10-16 12:19:00,673.30,673.30,657.00,660.35,225,11725,738.51
2020-10-16 12:20:00,663.15,674.20,663.15,674.20,425,11625,737.93
2020-10-16 12:21:00,674.55,674.55,665.50,665.50,100,11625,737.80
2020-10-16 12:22:00,671.40,671.40,668.00,668.00,75,11625,737.70
2020-10-16 12:23:00,675.00,675.00,675.00,675.00,25,11625,737.67
2020-10-16 12:24:00,657.00,657.00,651.55,651.55,150,11325,737.43
2020-10-16 12:25:00,652.25,652.25,645.15,645.15,100,11325,737.26
2020-10-16 12:26:00,647.30,657.25,647.30,657.25,75,11325,737.14
2020-10-16 12:27:00,657.25,676.65,656.85,668.30,500,11175,736.42
2020-10-16 12:28:00,650.00,650.00,645.15,645.15,100,11175,736.25
2020-10-16 12:29:00,639.75,639.75,634.20,634.20,225,11000,735.82
2020-10-16 12:30:00,636.80,640.70,636.55,640.70,100,11000,735.63
2020-10-16 12:31:00,639.70,639.70,603.95,615.25,650,11000,734.16
2020-10-16 12:32:00,614.00,615.05,605.40,615.05,275,11000,733.54
2020-10-16 12:33:00,613.80,620.15,613.80,617.20,100,10950,733.32
2020-10-16 12:34:00,610.75,620.55,610.75,620.55,150,10950,733.00
2020-10-16 12:35:00,620.35,620.35,611.05,611.05,225,10975,732.51
2020-10-16 12:36:00,612.35,615.00,610.60,612.70,100,10975,732.29
2020-10-16 12:37:00,615.75,619.95,615.75,619.95,50,10975,732.18
2020-10-16 12:38:00,625.00,634.50,625.00,634.50,500,10900,731.24
2020-10-16 12:39:00,631.65,631.65,619.25,619.85,150,10900,730.95
2020-10-16 12:40:00,614.30,615.05,596.85,596.85,225,10900,730.46
2020-10-16 12:41:00,599.50,607.25,598.30,606.00,150,11150,730.11
2020-10-16 12:42:00,606.75,606.75,568.40,584.20,2950,11150,722.92
2020-10-16 12:43:00,582.75,588.00,569.00,572.00,1000,11150,720.51
2020-10-16 12:44:00,572.00,582.00,571.60,571.60,500,12050,719.30
2020-10-16 12:45:00,567.35,568.05,547.70,562.90,1425,12050,715.58
2020-10-16 12:46:00,566.95,577.90,566.95,570.75,650,12050,714.09
2020-10-16 12:47:00,569.85,581.05,568.70,581.05,600,11800,712.69
2020-10-16 12:48:00,582.10,583.00,575.10,575.10,1150,11800,710.23
2020-10-16 12:49:00,569.60,578.85,569.60,575.80,525,11800,709.10
2020-10-16 12:50:00,571.90,631.75,571.90,631.75,900,11725,707.65
2020-10-16 12:51:00,636.90,636.90,604.55,612.30,1725,11725,705.39
2020-10-16 12:52:00,610.30,613.60,610.30,611.50,175,11725,705.15
2020-10-16 12:53:00,611.50,620.40,610.75,620.40,300,11175,704.74
2020-10-16 12:54:00,618.30,631.00,609.30,609.30,825,11175,703.74
2020-10-16 12:55:00,612.45,616.30,585.50,586.20,575,11175,702.85
2020-10-16 12:56:00,581.00,581.00,573.00,577.70,450,11175,702.03
2020-10-16 12:57:00,594.85,594.85,593.00,593.00,250,11450,701.64
2020-10-16 12:58:00,593.30,596.75,588.70,596.75,125,11450,701.45
2020-10-16 12:59:00,603.20,614.00,595.55,595.55,1000,11450,700.13
2020-10-16 13:00:00,603.65,606.00,592.75,602.00,225,11000,699.82
2020-10-16 13:01:00,605.10,610.00,603.55,603.55,300,11000,699.43
2020-10-16 13:02:00,597.15,598.50,597.15,598.50,200,11000,699.14
2020-10-16 13:03:00,603.15,612.70,600.80,612.70,375,11125,698.64
2020-10-16 13:04:00,612.10,617.35,599.85,617.05,2600,11125,695.36
2020-10-16 13:05:00,620.55,627.20,613.50,613.50,150,11125,695.20
2020-10-16 13:06:00,607.00,608.90,593.20,593.20,300,11700,694.83
2020-10-16 13:07:00,594.95,594.95,594.95,594.95,25,0,694.79
2020-10-16 13:08:00,601.35,601.35,597.70,597.70,50,11700,694.73
2020-10-16 13:09:00,592.05,603.00,592.05,603.00,125,11725,694.57
2020-10-16 13:10:00,598.25,598.25,585.00,585.00,200,11725,694.30
2020-10-16 13:11:00,591.80,599.45,591.80,597.30,175,11725,694.07
2020-10-16 13:12:00,597.30,610.00,597.30,610.00,150,11675,693.90
2020-10-16 13:13:00,603.30,606.00,600.05,600.05,75,11675,693.81
2020-10-16 13:14:00,593.45,600.00,592.20,600.00,175,11675,693.58
2020-10-16 13:15:00,599.95,599.95,518.25,556.30,3300,11700,687.51
2020-10-16 13:16:00,557.05,560.55,546.05,560.55,550,11700,686.59
2020-10-16 13:17:00,556.10,565.75,556.10,560.00,750,11700,685.41
2020-10-16 13:18:00,566.05,567.45,564.60,567.45,1375,11675,683.40
2020-10-16 13:19:00,566.25,566.25,557.35,559.10,325,11675,682.91
2020-10-16 13:20:00,550.00,550.00,539.55,544.60,675,11675,681.76
2020-10-16 13:21:00,533.90,542.70,533.90,542.05,450,11425,680.99
2020-10-16 13:22:00,547.55,552.20,546.05,546.35,1725,11425,678.27
2020-10-16 13:23:00,551.00,561.15,549.70,558.75,625,11425,677.37
2020-10-16 13:24:00,555.70,565.35,553.60,565.35,400,12375,676.82
2020-10-16 13:25:00,552.85,555.15,546.35,546.35,250,12375,676.46
2020-10-16 13:26:00,547.25,550.15,547.25,550.15,150,12375,676.24
2020-10-16 13:27:00,554.35,558.50,553.85,554.60,350,12325,675.74
2020-10-16 13:28:00,554.65,554.65,553.35,553.35,100,12325,675.60
2020-10-16 13:29:00,559.95,559.95,559.95,559.95,50,12325,675.53
2020-10-16 13:30:00,557.55,559.15,557.55,559.15,75,12200,675.43
2020-10-16 13:31:00,560.95,592.35,560.95,578.95,950,12200,674.43
2020-10-16 13:32:00,582.65,611.30,581.85,599.45,2050,12200,672.76
2020-10-16 13:33:00,596.40,596.40,580.00,587.75,525,11850,672.26
2020-10-16 13:34:00,587.75,587.75,577.20,577.20,150,11850,672.10
2020-10-16 13:35:00,568.50,585.00,568.50,577.90,225,11850,671.88
2020-10-16 13:36:00,582.05,582.15,573.15,576.25,225,11900,671.64
2020-10-16 13:37:00,575.20,578.25,575.20,578.25,75,11900,671.57
2020-10-16 13:38:00,575.50,590.05,575.50,590.00,250,11900,671.33
2020-10-16 13:39:00,591.75,595.90,587.65,595.90,300,11900,671.07
2020-10-16 13:40:00,592.30,603.95,592.30,598.45,275,11900,670.85
2020-10-16 13:41:00,595.15,595.15,590.60,594.45,225,11900,670.66
2020-10-16 13:42:00,599.00,599.20,592.35,596.90,250,11550,670.46
2020-10-16 13:43:00,601.75,604.45,595.55,604.45,225,11550,670.28
2020-10-16 13:44:00,607.25,638.80,607.10,623.80,2250,11550,669.05
2020-10-16 13:45:00,626.00,677.90,626.00,654.50,2825,11725,668.55
2020-10-16 13:46:00,641.90,644.55,638.15,638.15,175,11725,668.50
2020-10-16 13:47:00,639.30,639.30,619.20,626.20,625,11725,668.21
2020-10-16 13:48:00,631.70,631.70,622.15,631.20,350,13150,668.07
2020-10-16 13:49:00,628.65,637.15,622.65,631.45,750,13150,667.79
2020-10-16 13:50:00,635.80,643.80,635.30,641.35,375,13150,667.68
2020-10-16 13:51:00,638.20,647.15,633.35,633.35,500,13100,667.54
2020-10-16 13:52:00,638.55,639.20,638.55,639.20,75,13100,667.52
2020-10-16 13:53:00,638.55,638.55,587.10,598.15,2500,13100,665.92
2020-10-16 13:54:00,595.20,595.20,566.75,577.20,1175,13100,664.85
2020-10-16 13:55:00,572.35,581.55,562.70,581.55,150,13100,664.72
2020-10-16 13:56:00,583.65,589.05,577.90,584.10,250,13100,664.53
2020-10-16 13:57:00,585.00,585.00,576.90,576.90,225,12850,664.34
2020-10-16 13:58:00,585.45,590.70,571.55,576.50,475,12850,663.96
2020-10-16 13:59:00,570.00,574.80,559.95,571.75,425,12850,663.56
2020-10-16 14:00:00,572.00,585.45,570.00,584.20,325,12575,663.31
2020-10-16 14:01:00,586.60,602.00,586.60,590.30,375,12575,663.07
2020-10-16 14:02:00,601.10,609.85,592.50,592.50,500,12575,662.78
2020-10-16 14:03:00,591.65,591.65,572.45,573.75,350,12650,662.51
2020-10-16 14:04:00,578.55,582.95,568.55,582.95,325,12650,662.24
2020-10-16 14:05:00,574.60,585.10,573.15,582.00,700,12650,661.72
2020-10-16 14:06:00,588.00,589.95,587.95,589.95,175,12975,661.60
2020-10-16 14:07:00,583.80,583.80,570.70,572.75,2250,12975,659.79
2020-10-16 14:08:00,582.60,591.25,582.15,589.20,175,12975,659.68
2020-10-16 14:09:00,587.85,595.10,582.40,582.40,1250,14575,658.84
2020-10-16 14:10:00,589.80,593.15,579.75,593.15,1425,14575,657.98
2020-10-16 14:11:00,600.00,629.00,600.00,609.00,1175,14575,657.50
2020-10-16 14:12:00,606.80,612.10,606.80,608.15,575,16975,657.26
2020-10-16 14:13:00,600.75,600.75,591.80,599.05,250,16975,657.13
2020-10-16 14:14:00,590.45,604.70,590.45,599.55,375,16975,656.93
2020-10-16 14:15:00,590.00,613.25,590.00,608.00,200,17100,656.84
2020-10-16 14:16:00,603.85,610.20,603.85,610.20,200,17100,656.76
2020-10-16 14:17:00,605.60,616.05,605.60,614.50,450,17100,656.58
2020-10-16 14:18:00,623.45,644.10,616.00,633.45,1350,17000,656.22
2020-10-16 14:19:00,630.90,630.90,623.05,623.05,200,17000,656.17
2020-10-16 14:20:00,624.10,672.10,624.10,639.50,1375,17000,656.06
2020-10-16 14:21:00,640.00,657.80,638.95,638.95,900,17250,656.00
2020-10-16 14:22:00,642.00,642.00,621.90,627.40,800,17250,655.82
2020-10-16 14:23:00,627.00,630.35,610.35,610.45,350,17250,655.71
2020-10-16 14:24:00,597.05,605.40,584.05,589.75,850,16850,655.29
2020-10-16 14:25:00,588.70,601.50,586.20,601.50,375,16850,655.11
2020-10-16 14:26:00,601.50,601.50,590.65,590.65,675,16850,654.79
2020-10-16 14:27:00,601.80,606.15,598.50,600.90,375,16300,654.63
2020-10-16 14:28:00,606.00,606.00,604.45,604.45,125,16300,654.58
2020-10-16 14:29:00,594.95,594.95,578.75,584.55,750,16300,654.16
2020-10-16 14:30:00,573.45,573.45,540.95,540.95,1575,16500,652.88
2020-10-16 14:31:00,551.95,551.95,545.70,546.15,1150,16500,651.95
2020-10-16 14:32:00,554.75,567.80,554.75,567.80,525,16500,651.59
2020-10-16 14:33:00,570.45,580.65,567.70,573.55,1100,16350,650.91
2020-10-16 14:34:00,562.55,573.75,562.55,568.30,275,16350,650.73
2020-10-16 14:35:00,575.85,586.40,575.85,586.40,450,16350,650.49
2020-10-16 14:36:00,594.35,600.70,588.90,595.80,550,16825,650.26
2020-10-16 14:37:00,596.75,619.95,593.90,610.00,1375,16825,649.79
2020-10-16 14:38:00,599.55,604.05,583.20,586.20,900,16825,649.42
2020-10-16 14:39:00,590.65,590.65,581.45,581.90,950,16925,648.95
2020-10-16 14:40:00,571.25,580.05,566.60,580.05,400,16925,648.73
2020-10-16 14:41:00,581.45,581.45,574.55,576.50,400,16925,648.52
2020-10-16 14:42:00,577.65,599.50,568.80,584.20,600,16900,648.25
2020-10-16 14:43:00,582.45,594.40,582.45,591.35,2225,16900,647.26
2020-10-16 14:44:00,591.35,595.45,585.60,595.45,150,16900,647.20
2020-10-16 14:45:00,600.00,612.20,588.00,588.00,250,16125,647.11
2020-10-16 14:46:00,584.65,585.30,579.65,585.30,150,16125,647.04
2020-10-16 14:47:00,580.80,595.50,580.80,589.80,575,16125,646.80
2020-10-16 14:48:00,602.15,602.15,595.15,597.10,2150,16550,646.10
2020-10-16 14:49:00,589.95,590.95,589.95,590.95,150,16550,646.04
2020-10-16 14:50:00,594.55,598.30,583.10,583.10,1850,16550,645.37
2020-10-16 14:51:00,582.75,592.75,562.80,562.80,1300,15400,644.75
2020-10-16 14:52:00,567.10,580.00,567.10,580.00,450,15400,644.52
2020-10-16 14:53:00,579.60,579.60,572.80,576.95,75,15400,644.49
2020-10-16 14:54:00,582.00,588.65,581.20,581.20,200,15800,644.40
2020-10-16 14:55:00,579.35,586.10,577.90,586.10,175,15800,644.33
2020-10-16 14:56:00,583.85,584.25,570.00,570.30,375,15800,644.16
2020-10-16 14:57:00,570.50,581.50,570.00,570.00,325,15400,644.01
2020-10-16 14:58:00,580.35,580.35,574.30,574.30,200,15400,643.92
2020-10-16 14:59:00,578.00,588.15,578.00,588.15,125,15400,643.86
2020-10-16 15:00:00,592.75,603.90,592.75,595.70,1350,15950,643.45
2020-10-16 15:01:00,587.10,587.25,580.00,585.15,550,15950,643.23
2020-10-16 15:02:00,586.55,599.80,586.55,588.00,625,15950,643.01
2020-10-16 15:03:00,574.00,580.05,569.70,575.00,1025,15575,642.52
2020-10-16 15:04:00,566.40,576.25,561.65,570.85,750,15575,642.16
2020-10-16 15:05:00,577.20,577.20,574.75,575.15,125,15575,642.10
2020-10-16 15:06:00,565.00,565.00,565.00,565.00,75,15525,642.06
2020-10-16 15:07:00,574.90,574.90,563.90,563.90,325,15525,641.91
2020-10-16 15:08:00,571.65,571.65,571.65,571.65,100,15525,641.86
2020-10-16 15:09:00,571.30,571.30,568.05,571.10,375,15250,641.68
2020-10-16 15:10:00,580.00,589.95,580.00,586.85,375,15250,641.54
2020-10-16 15:11:00,581.40,589.55,581.40,587.00,625,15250,641.31
2020-10-16 15:12:00,592.00,594.35,591.40,592.70,350,14925,641.20
2020-10-16 15:13:00,586.00,592.00,582.35,582.55,450,14925,641.04
2020-10-16 15:14:00,580.20,587.85,580.20,587.85,450,14925,640.88
2020-10-16 15:15:00,588.60,590.55,587.05,590.55,1225,13875,640.46
2020-10-16 15:16:00,589.35,589.35,589.35,589.35,25,13875,640.45
2020-10-16 15:17:00,591.00,596.65,591.00,596.65,575,13875,640.28
2020-10-16 15:18:00,589.65,591.60,589.10,591.60,575,14400,640.10
2020-10-16 15:19:00,596.65,599.00,596.65,597.95,250,14400,640.03
2020-10-16 15:20:00,597.75,601.05,595.60,601.05,1275,14400,639.68
2020-10-16 15:21:00,602.40,616.85,602.40,609.60,800,14625,639.54
2020-10-16 15:22:00,614.75,618.05,613.35,618.05,600,14625,639.45
2020-10-16 15:23:00,616.55,620.40,613.50,619.90,1075,14625,639.29
2020-10-16 15:24:00,621.55,623.10,613.10,613.10,800,14725,639.18
2020-10-16 15:25:00,609.60,609.60,594.50,594.50,750,14725,639.02
2020-10-16 15:26:00,591.25,591.25,582.25,582.25,725,14725,638.78
2020-10-16 15:27:00,588.25,588.90,585.20,585.20,325,14050,638.68
2020-10-16 15:28:00,586.75,589.85,585.00,589.85,375,14050,638.56
2020-10-16 15:29:01,586.95,602.45,586.95,602.45,425,14050,638.47
2020-10-19 09:15:00,484.95,484.95,334.35,414.00,40350,13175,414.27
2020-10-19 09:16:00,414.20,419.80,404.95,414.75,15625,13175,413.83
2020-10-19 09:17:00,415.35,420.75,413.90,415.85,17775,39325,414.60
2020-10-19 09:18:00,413.35,419.95,412.00,417.95,6425,39325,414.73
2020-10-19 09:19:00,417.10,417.30,402.30,406.40,19500,39325,413.42
2020-10-19 09:20:00,397.90,397.90,377.30,381.50,35575,48150,405.61
2020-10-19 09:21:00,380.15,380.15,366.50,374.45,24400,48150,400.51
2020-10-19 09:22:00,376.35,382.70,366.35,377.55,17225,48150,397.86
2020-10-19 09:23:00,380.55,395.15,375.00,392.40,24825,63600,396.28
2020-10-19 09:24:00,394.25,440.65,392.20,428.50,47500,63600,400.59
2020-10-19 09:25:00,430.00,435.85,408.00,411.00,22050,63600,402.13
2020-10-19 09:26:00,411.05,416.25,385.00,386.65,19675,66850,402.28
2020-10-19 09:27:00,389.45,389.45,368.70,377.90,25575,66850,400.47
2020-10-19 09:28:00,377.05,391.00,371.45,389.75,19000,66850,399.42
2020-10-19 09:29:00,390.15,397.00,379.30,380.00,15425,79725,398.90
2020-10-19 09:30:00,379.25,384.35,374.00,380.65,20450,79725,397.76
2020-10-19 09:31:00,382.65,391.15,351.00,351.15,50025,79725,393.89
2020-10-19 09:32:00,352.65,355.00,337.60,354.05,40375,98225,389.80
2020-10-19 09:33:00,353.45,357.80,347.55,357.80,31275,98225,387.39
2020-10-19 09:34:00,357.50,363.60,351.60,356.25,26050,98225,385.91
2020-10-19 09:35:00,358.10,362.05,351.05,357.90,26950,126750,384.56
2020-10-19 09:36:00,355.65,359.20,353.45,354.80,18100,126750,383.64
2020-10-19 09:37:00,354.80,377.50,352.00,366.70,28725,126750,382.68
2020-10-19 09:38:00,367.95,367.95,359.05,367.40,19600,137900,382.06
2020-10-19 09:39:00,363.90,366.20,358.65,362.10,10725,137900,381.70
2020-10-19 09:40:00,361.50,364.65,331.00,338.95,51600,137900,378.71
2020-10-19 09:41:00,339.75,343.00,335.15,341.70,30200,153725,377.05
2020-10-19 09:42:00,340.15,340.95,320.00,333.60,39575,153725,374.59
2020-10-19 09:43:00,334.30,334.60,324.60,330.80,23625,153725,373.20
2020-10-19 09:44:00,328.80,336.25,324.40,331.75,21550,178350,372.00
2020-10-19 09:45:00,332.35,332.35,312.00,319.00,42325,178350,369.40
2020-10-19 09:46:00,318.90,325.00,311.70,322.85,20000,178350,368.22
2020-10-19 09:47:00,323.25,334.60,323.25,332.30,20750,191950,367.31
2020-10-19 09:48:00,332.55,336.50,327.05,330.40,25850,191950,366.32
2020-10-19 09:49:00,330.70,334.30,320.35,324.05,14950,191950,365.65
2020-10-19 09:50:00,323.80,325.05,277.30,302.00,55575,192675,362.06
2020-10-19 09:51:00,301.85,304.35,290.50,300.10,35975,192675,359.84
2020-10-19 09:52:00,301.75,307.90,294.35,303.75,18725,192675,358.76
2020-10-19 09:53:00,304.30,308.80,299.00,300.95,14550,196925,357.99
2020-10-19 09:54:00,298.80,302.20,283.90,293.90,23775,196925,356.53
2020-10-19 09:55:00,293.05,300.00,287.80,300.00,21025,196925,355.36
2020-10-19 09:56:00,298.40,301.45,290.00,291.35,18375,204150,354.37
2020-10-19 09:57:00,290.55,294.75,288.10,292.45,17150,204150,353.41
2020-10-19 09:58:00,292.10,295.25,287.65,290.00,11575,204150,352.77
2020-10-19 09:59:00,290.20,292.00,265.85,267.55,60200,208825,348.97
2020-10-19 10:00:00,265.95,282.45,262.80,281.45,27675,208825,347.21
2020-10-19 10:01:00,280.30,287.65,272.00,274.35,30325,208825,345.60
2020-10-19 10:02:00,276.00,279.45,268.45,271.95,20450,213250,344.44
2020-10-19 10:03:00,272.45,272.65,244.05,250.80,76725,213250,339.48
2020-10-19 10:04:00,250.00,260.00,250.00,260.00,24375,213250,338.00
2020-10-19 10:05:00,260.60,264.70,258.35,258.65,23450,224425,336.70
2020-10-19 10:06:00,259.10,264.80,258.00,261.85,25925,224425,335.33
2020-10-19 10:07:00,260.95,268.60,260.20,267.30,25400,224425,334.12
2020-10-19 10:08:00,266.20,266.20,260.95,265.50,18150,224025,333.25
2020-10-19 10:09:00,263.05,263.90,257.50,260.15,14225,224025,332.56
2020-10-19 10:10:00,258.00,263.85,250.35,263.85,26675,224025,331.21
2020-10-19 10:11:00,263.35,270.15,261.15,269.05,13650,228225,330.62
2020-10-19 10:12:00,268.10,271.45,266.70,267.70,15800,228225,329.99
2020-10-19 10:13:00,267.05,273.70,264.75,270.40,17950,228225,329.29
2020-10-19 10:14:00,272.10,277.30,267.90,274.10,23975,229600,328.43
2020-10-19 10:15:00,272.60,272.85,267.70,270.95,17775,229600,327.78
2020-10-19 10:16:00,271.30,272.00,258.75,258.75,16225,229600,327.16
2020-10-19 10:17:00,259.45,259.45,228.10,245.95,45125,231875,324.88
2020-10-19 10:18:00,245.70,250.30,244.35,249.50,15375,231875,324.17
2020-10-19 10:19:00,249.95,256.65,246.00,255.60,10850,231875,323.71
2020-10-19 10:20:00,255.50,260.85,254.80,258.40,12675,231800,323.21
2020-10-19 10:21:00,257.55,265.95,257.45,262.85,11800,231800,322.80
2020-10-19 10:22:00,262.65,267.00,260.00,263.35,11850,231800,322.39
2020-10-19 10:23:00,263.05,263.05,255.90,261.00,10625,237600,322.01
2020-10-19 10:24:00,261.80,263.30,259.00,263.30,6425,237600,321.78
2020-10-19 10:25:00,263.75,268.80,261.55,264.25,16800,237600,321.24
2020-10-19 10:26:00,262.80,278.55,262.80,273.75,23100,239200,320.60
2020-10-19 10:27:00,275.20,284.85,273.50,276.80,30625,239200,319.87
2020-10-19 10:28:00,276.30,277.00,267.15,269.15,15325,239200,319.45
2020-10-19 10:29:00,269.60,269.60,258.75,265.50,13975,236225,319.02
2020-10-19 10:30:00,263.15,269.30,261.65,268.30,9600,236225,318.74
2020-10-19 10:31:00,269.40,273.20,262.30,265.10,13825,236225,318.36
2020-10-19 10:32:00,268.95,273.00,267.35,271.85,6350,239950,318.19
2020-10-19 10:33:00,271.45,274.70,270.70,272.20,10225,239950,317.94
2020-10-19 10:34:00,272.80,272.80,264.20,265.00,7850,239950,317.73
2020-10-19 10:35:00,264.05,264.05,255.80,261.25,9675,243950,317.43
2020-10-19 10:36:00,260.90,272.80,260.10,272.00,11625,243950,317.14
2020-10-19 10:37:00,271.20,273.10,266.75,272.30,9200,243950,316.92
2020-10-19 10:38:00,271.35,274.40,266.85,266.85,5350,248375,316.79
2020-10-19 10:39:00,268.55,268.55,259.90,263.40,10725,248375,316.49
2020-10-19 10:40:00,262.60,265.95,255.45,255.70,10150,248375,316.19
2020-10-19 10:41:00,259.90,262.70,248.40,260.50,22200,251550,315.48
2020-10-19 10:42:00,259.30,266.50,259.30,264.25,7725,251550,315.27
2020-10-19 10:43:00,265.20,266.95,263.00,265.60,4050,251550,315.17
2020-10-19 10:44:00,265.70,266.50,257.45,261.80,9375,252700,314.92
2020-10-19 10:45:00,261.70,269.40,258.10,262.65,12450,252700,314.61
2020-10-19 10:46:00,264.05,270.90,262.75,270.75,6950,252700,314.45
2020-10-19 10:47:00,268.00,272.70,266.00,272.15,13675,255750,314.14
2020-10-19 10:48:00,271.55,274.15,269.95,270.80,13100,255750,313.87
2020-10-19 10:49:00,272.80,274.25,269.55,270.60,5225,255750,313.76
2020-10-19 10:50:00,272.00,278.85,272.00,277.80,14025,255375,313.50
2020-10-19 10:51:00,278.00,278.95,267.00,270.30,14725,255375,313.22
2020-10-19 10:52:00,270.20,278.25,270.20,278.25,7300,255375,313.09
2020-10-19 10:53:00,276.40,280.00,270.55,272.95,13525,256075,312.85
2020-10-19 10:54:00,273.40,278.20,272.95,276.75,5325,256075,312.76
2020-10-19 10:55:00,276.95,293.55,276.95,285.85,28825,256075,312.39
2020-10-19 10:56:00,283.60,287.45,280.45,282.30,13775,250950,312.20
2020-10-19 10:57:00,282.00,282.00,275.20,279.35,6475,250950,312.10
2020-10-19 10:58:00,280.10,280.10,273.00,275.10,6875,250950,311.98
2020-10-19 10:59:00,275.15,278.50,270.60,274.10,7750,254575,311.85
2020-10-19 11:00:00,274.85,281.90,274.20,276.10,7175,254575,311.73
2020-10-19 11:01:00,276.65,276.70,265.80,271.80,11175,254575,311.51
2020-10-19 11:02:00,271.45,278.30,270.00,277.30,5025,255625,311.42
2020-10-19 11:03:00,277.40,279.75,276.00,276.00,3750,255625,311.37
2020-10-19 11:04:00,275.95,278.30,274.20,275.80,3325,255625,311.31
2020-10-19 11:05:00,275.85,276.30,270.25,274.20,4775,255425,311.23
2020-10-19 11:06:00,273.35,276.05,269.45,276.05,4375,255425,311.15
2020-10-19 11:07:00,274.40,278.95,274.00,275.15,4375,255425,311.08
2020-10-19 11:08:00,274.00,284.10,273.90,283.45,10100,255150,310.95
2020-10-19 11:09:00,282.95,288.10,280.00,288.10,12850,255150,310.79
2020-10-19 11:10:00,288.35,290.60,282.05,282.65,15650,255150,310.63
2020-10-19 11:11:00,282.55,289.20,282.55,287.30,8725,251625,310.53
2020-10-19 11:12:00,289.40,304.00,285.30,285.95,33875,251625,310.30
2020-10-19 11:13:00,283.80,288.45,280.00,286.05,8525,251625,310.20
2020-10-19 11:14:00,284.70,289.50,283.85,289.50,3800,245875,310.16
2020-10-19 11:15:00,289.50,295.25,284.50,285.65,13500,245875,310.04
2020-10-19 11:16:00,283.50,287.00,279.00,280.95,9975,245875,309.92
2020-10-19 11:17:00,282.70,285.70,280.20,281.05,3150,245225,309.88
2020-10-19 11:18:00,280.35,287.20,280.35,282.00,3575,245225,309.84
2020-10-19 11:19:00,282.20,294.00,281.65,293.75,14775,245225,309.72
2020-10-19 11:20:00,292.95,308.75,291.20,300.05,37050,245400,309.56
2020-10-19 11:21:00,300.90,303.35,289.65,293.30,17375,245400,309.47
2020-10-19 11:22:00,292.55,294.80,288.00,288.00,11450,245400,309.38
2020-10-19 11:23:00,289.25,298.10,287.70,298.10,11050,243725,309.31
2020-10-19 11:24:00,298.10,303.40,295.45,297.60,15450,243725,309.25
2020-10-19 11:25:00,297.70,308.35,295.95,305.85,19500,243725,309.20
2020-10-19 11:26:00,303.65,305.20,293.10,294.35,12900,247325,309.15
2020-10-19 11:27:00,296.15,297.95,283.35,291.90,19125,247325,309.00
2020-10-19 11:28:00,292.00,295.05,287.85,295.00,8475,247325,308.94
2020-10-19 11:29:00,294.40,295.45,290.60,290.60,5225,248350,308.91
2020-10-19 11:30:00,290.30,294.15,286.10,289.15,7075,248350,308.85
2020-10-19 11:31:00,287.60,287.60,273.65,279.55,17850,248350,308.65
2020-10-19 11:32:00,280.10,287.40,280.10,282.20,5200,242575,308.60
2020-10-19 11:33:00,279.90,288.00,279.90,288.00,6450,242575,308.54
2020-10-19 11:34:00,289.00,292.20,286.55,292.20,6975,242575,308.49
2020-10-19 11:35:00,292.20,294.00,290.00,290.85,5975,247300,308.45
2020-10-19 11:36:00,288.35,290.50,278.75,284.60,5375,247300,308.40
2020-10-19 11:37:00,286.50,288.00,281.00,282.40,3725,247300,308.36
2020-10-19 11:38:00,280.50,284.50,280.10,284.50,5375,247475,308.31
2020-10-19 11:39:00,283.80,284.65,280.30,280.85,6150,247475,308.25
2020-10-19 11:40:00,281.10,288.15,281.10,285.30,5450,247475,308.20
2020-10-19 11:41:00,285.70,285.70,282.35,283.90,2600,248050,308.17
2020-10-19 11:42:00,280.45,281.85,269.65,281.40,20850,248050,307.89
2020-10-19 11:43:00,281.10,288.70,279.05,286.05,7075,248050,307.83
2020-10-19 11:44:00,285.80,288.00,281.05,288.00,3650,250025,307.80
2020-10-19 11:45:00,287.90,288.35,278.00,282.05,5825,250025,307.74
2020-10-19 11:46:00,282.35,284.75,277.25,284.45,3575,250025,307.70
2020-10-19 11:47:00,284.60,284.60,281.80,284.40,4100,252000,307.66
2020-10-19 11:48:00,285.00,286.10,276.05,280.00,6175,252000,307.61
2020-10-19 11:49:00,278.50,282.45,277.80,278.45,4400,252000,307.56
2020-10-19 11:50:00,277.70,283.85,277.70,281.00,2825,252700,307.53
2020-10-19 11:51:00,280.20,290.15,280.15,285.90,9925,252700,307.46
2020-10-19 11:52:00,286.50,294.00,285.30,293.05,6425,252700,307.41
2020-10-19 11:53:00,292.80,302.95,292.00,302.95,23900,248600,307.32
2020-10-19 11:54:00,301.55,318.85,296.45,306.55,60100,248600,307.35
2020-10-19 11:55:00,304.30,311.40,303.05,308.15,20450,248600,307.34
2020-10-19 11:56:00,308.20,309.45,297.50,302.75,13650,241650,307.33
2020-10-19 11:57:00,303.15,308.35,298.85,301.90,11825,241650,307.31
2020-10-19 11:58:00,301.20,303.00,290.35,290.35,9400,241650,307.27
2020-10-19 11:59:00,288.45,298.30,288.45,296.70,9075,242450,307.23
2020-10-19 12:00:00,296.75,302.75,296.50,298.40,7350,242450,307.22
2020-10-19 12:01:00,298.60,298.60,295.35,296.30,2800,242450,307.21
2020-10-19 12:02:00,301.00,302.10,297.85,298.00,6375,243100,307.19
2020-10-19 12:03:00,298.50,298.90,278.90,283.90,21025,243100,307.02
2020-10-19 12:04:00,283.40,287.25,281.85,283.95,8725,243100,306.95
2020-10-19 12:05:00,284.00,287.35,275.00,287.00,20300,235275,306.77
2020-10-19 12:06:00,286.50,286.80,276.10,278.15,8125,235275,306.69
2020-10-19 12:07:00,279.35,284.25,278.75,279.00,5475,235275,306.65
2020-10-19 12:08:00,278.00,278.85,266.75,271.25,19675,237500,306.40
2020-10-19 12:09:00,272.20,274.30,256.15,266.55,23025,237500,306.08
2020-10-19 12:10:00,266.70,272.30,261.65,271.30,12850,237500,305.91
2020-10-19 12:11:00,271.00,276.75,270.75,274.20,8200,243925,305.82
2020-10-19 12:12:00,273.90,274.45,270.70,274.00,4400,243925,305.77
2020-10-19 12:13:00,274.65,274.65,270.55,271.25,1425,243925,305.75
2020-10-19 12:14:00,270.80,271.90,262.45,266.00,12325,242525,305.59
2020-10-19 12:15:00,265.25,266.05,260.15,265.10,7725,242525,305.48
2020-10-19 12:16:00,267.30,272.60,264.15,269.80,7875,242525,305.38
2020-10-19 12:17:00,269.70,271.25,256.50,257.65,14825,242825,305.16
2020-10-19 12:18:00,257.30,264.05,256.85,262.45,7650,242825,305.05
2020-10-19 12:19:00,263.50,270.00,263.15,269.35,6350,242825,304.97
2020-10-19 12:20:00,269.45,269.45,258.60,260.40,7600,245000,304.87
2020-10-19 12:21:00,262.40,263.65,257.10,261.85,8650,245000,304.74
2020-10-19 12:22:00,261.90,264.00,254.00,263.60,13550,245000,304.53
2020-10-19 12:23:00,264.35,265.10,259.10,263.15,10175,242350,304.39
2020-10-19 12:24:00,262.00,267.50,260.90,265.00,8350,242350,304.28
2020-10-19 12:25:00,263.00,267.40,263.00,264.60,4350,242350,304.22
2020-10-19 12:26:00,264.10,269.30,262.00,264.30,10500,245450,304.09
2020-10-19 12:27:00,264.65,267.00,259.25,261.30,7200,245450,303.99
2020-10-19 12:28:00,261.30,263.25,256.85,263.25,9525,245450,303.86
2020-10-19 12:29:00,263.70,268.90,262.70,267.50,5450,247600,303.79
2020-10-19 12:30:00,266.85,267.90,252.45,258.80,11500,247600,303.62
2020-10-19 12:31:00,260.20,268.75,259.70,265.40,7275,247600,303.53
2020-10-19 12:32:00,263.30,263.30,253.45,253.45,11100,250175,303.37
2020-10-19 12:33:00,255.50,255.80,243.15,253.65,36200,250175,302.73
2020-10-19 12:34:00,254.15,256.15,250.00,250.55,13525,250175,302.51
2020-10-19 12:35:00,250.00,255.70,250.00,254.35,10300,257450,302.35
2020-10-19 12:36:00,254.40,254.70,245.20,252.75,14850,257450,302.11
2020-10-19 12:37:00,251.15,254.55,249.45,253.00,4475,257450,302.04
2020-10-19 12:38:00,252.70,252.70,244.45,250.15,11375,260700,301.85
2020-10-19 12:39:00,250.05,256.20,248.00,253.60,8250,260700,301.72
2020-10-19 12:40:00,252.55,256.95,250.00,252.65,11800,260700,301.55
2020-10-19 12:41:00,253.00,258.20,252.80,256.15,6850,259000,301.45
2020-10-19 12:42:00,256.10,260.00,255.95,258.55,16600,259000,301.23
2020-10-19 12:43:00,258.60,258.60,253.85,255.05,8300,259000,301.11
2020-10-19 12:44:00,254.60,254.60,247.40,251.95,11400,265150,300.94
2020-10-19 12:45:00,250.85,252.40,235.90,242.90,32800,265150,300.36
2020-10-19 12:46:00,242.00,243.25,233.05,241.95,24425,265150,299.91
2020-10-19 12:47:00,241.95,246.50,241.95,246.00,5175,261075,299.82
2020-10-19 12:48:00,246.20,247.55,241.05,243.40,5775,261075,299.72
2020-10-19 12:49:00,243.50,246.60,240.95,243.95,4900,261075,299.64
2020-10-19 12:50:00,243.20,244.00,227.50,231.45,16800,263875,299.33
2020-10-19 12:51:00,233.65,240.90,233.65,240.75,10800,263875,299.13
2020-10-19 12:52:00,240.15,244.55,240.15,243.60,10650,263875,298.95
2020-10-19 12:53:00,243.35,249.05,243.25,248.30,9850,263875,298.79
2020-10-19 12:54:00,246.85,248.85,245.00,248.75,13375,265575,298.59
2020-10-19 12:55:00,248.05,250.45,247.05,248.10,8650,265575,298.46
2020-10-19 12:56:00,248.35,256.70,248.30,254.80,23750,265575,298.15
2020-10-19 12:57:00,255.25,257.10,249.15,250.10,14350,261475,297.97
2020-10-19 12:58:00,248.35,253.20,248.00,251.50,9325,261475,297.84
2020-10-19 12:59:00,251.55,251.95,244.00,250.65,18350,261475,297.58
2020-10-19 13:00:00,250.15,253.80,249.20,251.40,4575,273125,297.52
2020-10-19 13:01:00,250.85,253.30,248.75,249.20,5400,273125,297.45
2020-10-19 13:02:00,249.90,252.00,249.00,251.95,3650,273125,297.40
2020-10-19 13:03:00,251.45,255.35,249.60,255.35,9475,275650,297.28
2020-10-19 13:04:00,254.95,256.60,251.35,254.65,20125,275650,297.03
2020-10-19 13:05:00,254.85,268.65,254.85,262.90,33350,275650,296.72
2020-10-19 13:06:00,262.35,264.00,255.20,257.80,8350,267275,296.63
2020-10-19 13:07:00,258.00,258.25,249.10,251.30,10875,267275,296.50
2020-10-19 13:08:00,252.00,256.00,250.20,253.25,5875,267275,296.43
2020-10-19 13:09:00,253.35,254.10,245.05,246.35,8600,268925,296.31
2020-10-19 13:10:00,245.70,247.40,226.50,238.45,27250,268925,295.87
2020-10-19 13:11:00,238.95,245.95,238.10,245.25,6050,268925,295.78
2020-10-19 13:12:00,245.20,245.30,241.30,244.60,3825,263075,295.72
2020-10-19 13:13:00,244.50,244.50,239.55,241.90,3350,263075,295.67
2020-10-19 13:14:00,243.40,243.40,239.00,239.40,8025,263075,295.55
2020-10-19 13:15:00,239.25,239.25,212.65,221.25,41425,266325,294.74
2020-10-19 13:16:00,220.60,220.60,201.20,212.20,45900,266325,293.69
2020-10-19 13:17:00,212.60,215.95,211.20,214.85,21275,266325,293.23
2020-10-19 13:18:00,215.00,219.00,213.70,219.00,32800,267900,292.57
2020-10-19 13:19:00,218.30,218.30,211.70,214.15,17100,267900,292.22
2020-10-19 13:20:00,213.40,214.80,209.05,214.10,19275,267900,291.81
2020-10-19 13:21:00,213.90,215.95,209.75,214.75,22850,285800,291.34
2020-10-19 13:22:00,213.75,218.40,213.00,216.70,35175,285800,290.66
2020-10-19 13:23:00,216.90,221.55,216.90,221.10,19250,285800,290.30
2020-10-19 13:24:00,221.90,226.95,220.40,223.80,20175,313375,289.96
2020-10-19 13:25:00,223.40,223.65,215.50,217.70,8050,313375,289.81
2020-10-19 13:26:00,218.25,226.70,217.30,226.20,7750,313375,289.68
2020-10-19 13:27:00,229.30,231.00,225.25,226.50,14875,313250,289.44
2020-10-19 13:28:00,227.50,233.75,226.00,229.70,9225,313250,289.30
2020-10-19 13:29:00,229.70,249.60,228.10,243.35,37400,313250,288.87
2020-10-19 13:30:00,243.40,258.05,243.40,246.50,39200,312050,288.51
2020-10-19 13:31:00,247.25,248.75,237.00,237.35,15375,312050,288.34
2020-10-19 13:32:00,236.10,249.50,235.40,249.50,15425,312050,288.17
2020-10-19 13:33:00,249.90,249.90,244.00,248.00,10800,313775,288.06
2020-10-19 13:34:00,248.85,254.50,245.05,253.95,12700,313775,287.94
2020-10-19 13:35:00,254.15,258.10,246.80,258.10,16750,313775,287.80
2020-10-19 13:36:00,257.35,257.35,245.95,252.75,16975,308725,287.65
2020-10-19 13:37:00,253.40,257.75,239.80,240.00,20150,308725,287.46
2020-10-19 13:38:00,241.00,244.35,238.05,238.30,10550,308725,287.34
2020-10-19 13:39:00,237.90,240.60,229.15,238.20,18875,315300,287.10
2020-10-19 13:40:00,238.50,245.65,238.50,244.60,7300,315300,287.02
2020-10-19 13:41:00,245.55,245.55,236.50,239.55,6600,315300,286.94
2020-10-19 13:42:00,239.30,241.40,231.00,236.40,11175,311300,286.80
2020-10-19 13:43:00,237.10,243.55,237.00,243.55,6400,311300,286.73
2020-10-19 13:44:00,241.80,242.80,235.60,238.15,8375,311300,286.64
2020-10-19 13:45:00,237.40,243.20,236.85,242.05,6000,313300,286.57
2020-10-19 13:46:00,242.15,249.90,240.40,248.80,7750,313300,286.49
2020-10-19 13:47:00,249.20,251.25,246.50,249.75,10225,313300,286.40
2020-10-19 13:48:00,248.50,252.60,246.10,248.05,10325,310825,286.31
2020-10-19 13:49:00,249.25,249.25,235.60,239.00,12200,310825,286.19
2020-10-19 13:50:00,238.00,244.35,236.20,242.80,6100,310825,286.12
2020-10-19 13:51:00,241.00,242.65,232.00,232.00,9375,314400,286.02
2020-10-19 13:52:00,233.05,233.15,222.20,226.60,17575,314400,285.77
2020-10-19 13:53:00,227.55,229.85,225.35,227.60,4600,314400,285.71
2020-10-19 13:54:00,227.10,230.60,225.45,228.00,4250,313500,285.65
2020-10-19 13:55:00,226.85,234.20,221.25,232.70,11950,313500,285.50
2020-10-19 13:56:00,233.10,237.80,231.00,231.35,6625,313500,285.42
2020-10-19 13:57:00,232.50,234.95,228.00,230.75,3100,315500,285.38
2020-10-19 13:58:00,230.05,231.95,226.55,230.00,3600,315500,285.33
2020-10-19 13:59:00,229.70,230.20,226.00,226.00,2900,315500,285.29
2020-10-19 14:00:00,222.00,224.35,216.25,218.80,24025,319350,284.93
2020-10-19 14:01:00,218.95,223.35,218.75,220.20,5275,319350,284.85
2020-10-19 14:02:00,220.65,224.45,220.05,224.35,29050,319350,284.44
2020-10-19 14:03:00,223.40,229.40,222.00,222.00,23375,337250,284.13
2020-10-19 14:04:00,220.85,220.85,208.70,214.50,56300,337250,283.21
2020-10-19 14:05:00,213.60,213.60,196.90,211.00,41150,337250,282.50
2020-10-19 14:06:00,210.65,218.35,209.90,216.00,17275,356825,282.24
2020-10-19 14:07:00,217.05,220.00,212.30,218.55,10250,356825,282.09
2020-10-19 14:08:00,218.70,219.00,213.75,213.75,11400,356825,281.93
2020-10-19 14:09:00,213.25,216.05,211.50,215.10,8900,359125,281.79
2020-10-19 14:10:00,214.20,220.15,211.65,216.05,25000,359125,281.44
2020-10-19 14:11:00,215.00,215.85,212.05,213.65,5625,359125,281.35
2020-10-19 14:12:00,215.00,221.15,209.85,220.05,12100,354475,281.18
2020-10-19 14:13:00,219.20,222.00,213.25,214.00,12050,354475,281.01
2020-10-19 14:14:00,212.05,213.40,207.60,210.60,10150,354475,280.86
2020-10-19 14:15:00,211.50,211.50,199.60,204.70,24925,360075,280.44
2020-10-19 14:16:00,206.30,212.55,204.75,212.10,11350,360075,280.27
2020-10-19 14:17:00,212.30,217.50,212.30,216.65,53675,360075,279.53
2020-10-19 14:18:00,215.75,238.90,215.60,237.00,53125,369225,278.98
2020-10-19 14:19:00,235.55,237.90,229.00,232.60,19600,369225,278.79
2020-10-19 14:20:00,234.20,234.20,224.95,226.15,21475,369225,278.57
2020-10-19 14:21:00,227.15,235.00,227.15,231.50,10425,366525,278.46
2020-10-19 14:22:00,231.60,232.45,222.90,223.45,10075,366525,278.35
2020-10-19 14:23:00,222.70,223.25,212.55,222.00,14250,366525,278.18
2020-10-19 14:24:00,220.60,221.55,217.00,217.00,7125,365975,278.09
2020-10-19 14:25:00,216.70,227.15,215.90,227.15,8475,365975,277.99
2020-10-19 14:26:00,225.30,227.90,222.50,222.50,9875,365975,277.89
2020-10-19 14:27:00,221.30,224.25,208.00,208.85,22425,362725,277.59
2020-10-19 14:28:00,210.05,214.80,209.45,213.40,15350,362725,277.39
2020-10-19 14:29:00,213.15,214.60,205.15,213.05,16100,362725,277.16
2020-10-19 14:30:00,212.50,213.55,205.35,212.00,16875,367275,276.93
2020-10-19 14:31:00,213.00,226.55,213.00,223.10,21500,367275,276.68
2020-10-19 14:32:00,222.35,231.30,222.35,225.95,23025,367275,276.45
2020-10-19 14:33:00,225.95,230.60,212.90,212.90,21250,367850,276.22
2020-10-19 14:34:00,211.70,211.70,175.05,175.05,90675,367850,274.76
2020-10-19 14:35:00,175.70,183.80,170.50,181.20,53775,367850,273.74
2020-10-19 14:36:00,180.90,183.75,176.05,177.35,24825,349250,273.29
2020-10-19 14:37:00,177.05,181.50,177.05,181.50,20225,349250,272.92
2020-10-19 14:38:00,180.45,185.95,179.50,182.95,22700,349250,272.53
2020-10-19 14:39:00,182.05,190.05,180.00,188.05,17400,344500,272.24
2020-10-19 14:40:00,187.15,188.50,182.10,183.90,9775,344500,272.08
2020-10-19 14:41:00,184.35,188.90,183.00,188.90,8825,344500,271.93
2020-10-19 14:42:00,188.45,188.45,180.00,180.00,14375,345600,271.69
2020-10-19 14:43:00,177.55,184.50,177.55,182.80,7575,345600,271.56
2020-10-19 14:44:00,183.00,187.25,182.00,185.00,11750,345600,271.37
2020-10-19 14:45:00,185.05,185.05,176.40,176.75,26450,347475,270.91
2020-10-19 14:46:00,178.55,182.05,176.20,177.70,10550,347475,270.73
2020-10-19 14:47:00,179.65,181.00,166.00,174.85,34725,347475,270.09
2020-10-19 14:48:00,174.80,178.85,174.65,178.15,11750,345700,269.89
2020-10-19 14:49:00,178.35,181.05,177.95,179.85,15850,345700,269.62
2020-10-19 14:50:00,180.00,183.00,176.00,176.35,11075,345700,269.44
2020-10-19 14:51:00,176.85,179.90,176.75,178.75,6050,342725,269.34
2020-10-19 14:52:00,178.85,180.00,167.80,168.65,29650,342725,268.80
2020-10-19 14:53:00,168.05,169.15,160.25,168.90,40200,342725,268.03
2020-10-19 14:54:00,168.85,171.20,166.30,170.05,14225,343875,267.78
2020-10-19 14:55:00,168.25,170.65,166.70,168.80,9900,343875,267.60
2020-10-19 14:56:00,169.40,171.00,165.60,166.10,11500,343875,267.39
2020-10-19 14:57:00,164.80,172.25,164.80,171.05,12750,346700,267.16
2020-10-19 14:58:00,171.00,175.10,170.40,173.05,14300,346700,266.92
2020-10-19 14:59:00,173.00,179.00,172.30,175.40,15375,346700,266.67
2020-10-19 15:00:00,175.45,176.00,168.10,172.95,19700,341175,266.33
2020-10-19 15:01:00,172.55,177.65,171.10,175.25,8625,341175,266.19
2020-10-19 15:02:00,174.35,178.00,173.60,177.60,13925,341175,265.96
2020-10-19 15:03:00,175.85,181.70,175.85,178.25,13125,337525,265.76
2020-10-19 15:04:00,176.85,178.00,166.80,171.95,20900,337525,265.41
2020-10-19 15:05:00,172.40,176.65,171.75,175.90,12575,337525,265.20
2020-10-19 15:06:00,175.95,178.25,173.60,176.20,14650,333800,264.97
2020-10-19 15:07:00,176.00,176.25,169.90,173.55,12950,333800,264.76
2020-10-19 15:08:00,172.30,176.25,171.45,174.75,11575,333800,264.58
2020-10-19 15:09:00,174.75,174.75,168.60,173.30,11100,336300,264.39
2020-10-19 15:10:00,174.30,176.70,171.95,174.55,18975,336300,264.10
2020-10-19 15:11:00,174.60,176.10,171.65,173.55,10600,336300,263.93
2020-10-19 15:12:00,173.95,175.80,172.85,175.00,7950,332375,263.81
2020-10-19 15:13:00,174.25,175.15,169.45,170.75,19150,332375,263.50
2020-10-19 15:14:00,171.35,173.50,171.15,172.20,8525,332375,263.37
2020-10-19 15:15:00,174.00,176.25,173.60,175.65,11275,323075,263.19
2020-10-19 15:16:00,175.40,177.75,174.90,176.95,11550,323075,263.02
2020-10-19 15:17:00,176.95,178.60,176.35,177.80,12575,323075,262.83
2020-10-19 15:18:00,177.90,181.75,177.80,180.90,14850,313125,262.62
2020-10-19 15:19:00,180.25,183.05,179.45,179.45,18925,313125,262.36
2020-10-19 15:20:00,181.30,182.25,175.10,175.55,21450,313125,262.05
2020-10-19 15:21:00,175.45,175.45,169.00,169.10,23250,305575,261.69
2020-10-19 15:22:00,169.00,174.60,168.85,173.15,15125,305575,261.46
2020-10-19 15:23:00,172.85,180.00,172.85,180.00,14975,305575,261.24
2020-10-19 15:24:00,179.55,180.90,178.00,178.90,16675,295750,261.01
2020-10-19 15:25:00,179.15,180.20,174.45,178.00,24950,295750,260.67
2020-10-19 15:26:00,178.10,181.15,178.10,180.85,12675,295750,260.49
2020-10-19 15:27:00,180.55,181.85,180.10,181.85,12200,286925,260.33
2020-10-19 15:28:00,181.90,182.50,180.00,180.85,15150,286925,260.13
2020-10-19 15:29:01,180.25,181.00,176.00,176.00,14675,286925,259.93
2020-10-20 09:15:00,204.95,252.00,204.95,240.00,82650,278725,241.38
2020-10-20 09:16:00,240.60,252.15,237.30,246.70,60075,278725,242.75
2020-10-20 09:17:00,246.20,247.30,239.10,239.15,60850,292525,243.07
2020-10-20 09:18:00,237.70,247.35,232.00,242.55,53200,292525,242.22
2020-10-20 09:19:00,244.20,246.85,238.30,240.15,31575,292525,242.23
2020-10-20 09:20:00,236.65,249.00,236.35,248.40,40925,295475,242.30
2020-10-20 09:21:00,251.75,254.70,245.00,245.00,60400,295475,243.46
2020-10-20 09:22:00,243.80,244.00,235.00,240.00,51350,295475,243.06
2020-10-20 09:23:00,238.80,246.55,235.00,246.10,38000,314525,242.93
2020-10-20 09:24:00,245.20,245.20,220.65,220.65,61775,314525,241.72
2020-10-20 09:25:00,220.00,223.20,203.85,221.85,58450,314525,239.23
2020-10-20 09:26:00,221.85,231.80,221.05,229.55,28100,328625,238.67
2020-10-20 09:27:00,229.40,233.00,227.05,229.75,18550,328625,238.42
2020-10-20 09:28:00,228.70,231.00,218.40,221.55,37700,328625,237.67
2020-10-20 09:29:00,222.90,223.00,215.00,216.10,23100,324275,237.03
2020-10-20 09:30:00,215.00,215.00,191.10,192.85,83850,324275,233.04
2020-10-20 09:31:00,191.30,192.85,183.25,191.80,49975,324275,230.41
2020-10-20 09:32:00,191.50,199.60,190.40,196.90,28050,328550,229.25
2020-10-20 09:33:00,196.95,201.55,192.75,192.75,26075,328550,228.35
2020-10-20 09:34:00,193.40,199.80,192.00,194.30,24075,328550,227.51
2020-10-20 09:35:00,193.00,197.50,187.00,196.45,24775,333625,226.55
2020-10-20 09:36:00,197.20,199.40,195.80,196.95,21050,333625,225.92
2020-10-20 09:37:00,197.65,201.90,195.00,197.85,15725,333625,225.48
2020-10-20 09:38:00,197.90,201.65,196.05,200.85,10450,334900,225.21
2020-10-20 09:39:00,200.30,201.50,188.85,193.75,23950,334900,224.47
2020-10-20 09:40:00,191.75,201.35,190.00,199.75,19400,334900,223.94
2020-10-20 09:41:00,201.20,206.65,199.70,202.00,17750,341500,223.60
2020-10-20 09:42:00,202.00,204.90,200.00,202.20,13150,341500,223.34
2020-10-20 09:43:00,203.00,203.00,196.75,198.10,14400,341500,223.02
2020-10-20 09:44:00,198.00,204.00,197.35,199.05,20600,352425,222.61
2020-10-20 09:45:00,197.00,203.55,191.70,200.05,23150,352425,222.11
2020-10-20 09:46:00,201.35,204.40,198.80,203.20,13975,352425,221.86
2020-10-20 09:47:00,203.20,204.70,201.35,202.65,8850,350525,221.71
2020-10-20 09:48:00,202.85,209.15,201.00,201.00,39100,350525,221.17
2020-10-20 09:49:00,201.05,205.00,200.75,201.75,7425,350525,221.06
2020-10-20 09:50:00,202.30,217.80,202.30,212.75,43650,353100,220.66
2020-10-20 09:51:00,214.55,216.55,211.10,211.30,50950,353100,220.39
2020-10-20 09:52:00,211.20,220.35,211.00,213.85,33700,353100,220.26
2020-10-20 09:53:00,213.05,214.00,209.35,212.05,14700,367575,220.16
2020-10-20 09:54:00,211.40,219.70,211.40,217.25,17250,367575,220.13
2020-10-20 09:55:00,220.45,232.95,217.30,232.95,44600,367575,220.24
2020-10-20 09:56:00,232.15,235.75,226.55,226.60,46700,364375,220.60
2020-10-20 09:57:00,227.40,227.40,218.90,226.25,28675,364375,220.65
2020-10-20 09:58:00,226.15,227.80,215.90,217.75,29450,364375,220.64
2020-10-20 09:59:00,218.95,229.00,218.95,229.00,17800,378150,220.68
2020-10-20 10:00:00,228.55,239.25,228.55,235.20,54100,378150,221.13
2020-10-20 10:01:00,235.55,237.30,222.15,225.25,41225,378150,221.38
2020-10-20 10:02:00,223.55,229.00,219.70,220.05,12125,386700,221.39
2020-10-20 10:03:00,220.00,228.90,219.40,225.20,8575,386700,221.40
2020-10-20 10:04:00,225.40,225.40,214.85,222.05,16475,386700,221.38
2020-10-20 10:05:00,217.15,217.25,205.80,205.80,23700,392450,221.26
2020-10-20 10:06:00,205.00,208.10,204.55,206.75,18250,392450,221.09
2020-10-20 10:07:00,207.85,208.30,200.20,207.50,21125,392450,220.89
2020-10-20 10:08:00,208.00,209.10,203.60,204.00,9125,386775,220.81
2020-10-20 10:09:00,204.30,211.95,203.45,211.80,15700,386775,220.70
2020-10-20 10:10:00,210.10,221.05,210.10,221.05,28450,386775,220.62
2020-10-20 10:11:00,220.60,221.20,213.35,214.40,20850,393525,220.59
2020-10-20 10:12:00,213.10,213.10,205.25,210.00,14100,393525,220.49
2020-10-20 10:13:00,209.80,209.80,205.00,207.50,8500,393525,220.43
2020-10-20 10:14:00,206.55,206.55,200.90,203.70,13675,393675,220.30
2020-10-20 10:15:00,203.45,211.25,203.00,208.30,15375,393675,220.19
2020-10-20 10:16:00,207.10,210.65,206.70,206.75,7950,393675,220.14
2020-10-20 10:17:00,206.80,212.65,206.80,210.00,5650,396125,220.11
2020-10-20 10:18:00,209.15,212.25,207.00,212.25,11425,396125,220.05
2020-10-20 10:19:00,211.25,217.75,210.25,217.05,11825,396125,220.01
2020-10-20 10:20:00,218.00,220.05,211.20,212.90,14850,399300,219.98
2020-10-20 10:21:00,211.75,213.45,207.00,213.35,11525,399300,219.92
2020-10-20 10:22:00,213.70,215.75,207.65,207.65,11875,399300,219.87
2020-10-20 10:23:00,207.15,212.00,205.65,209.70,10900,399475,219.81
2020-10-20 10:24:00,209.55,212.45,208.00,212.45,3000,399475,219.79
2020-10-20 10:25:00,214.40,214.40,209.05,212.00,4525,399475,219.77
2020-10-20 10:26:00,212.85,217.35,209.35,213.00,11350,400875,219.74
2020-10-20 10:27:00,214.25,215.25,210.40,210.40,4075,400875,219.73
2020-10-20 10:28:00,211.00,212.50,207.85,209.05,7850,400875,219.69
2020-10-20 10:29:00,209.15,209.45,202.35,204.45,20500,404800,219.53
2020-10-20 10:30:00,205.80,208.30,203.00,204.75,12600,404800,219.45
2020-10-20 10:31:00,205.50,208.25,205.00,206.95,5625,404800,219.41
2020-10-20 10:32:00,207.15,208.90,204.50,208.25,10800,407250,219.34
2020-10-20 10:33:00,207.30,208.35,204.00,205.10,8150,407250,219.29
2020-10-20 10:34:00,203.95,205.45,200.40,204.10,11600,407250,219.19
2020-10-20 10:35:00,203.10,203.10,193.50,197.80,39850,411575,218.74
2020-10-20 10:36:00,197.05,197.75,187.10,187.10,30750,411575,218.33
2020-10-20 10:37:00,187.00,189.95,181.50,187.00,37550,411575,217.75
2020-10-20 10:38:00,186.20,189.10,185.55,187.15,14075,415600,217.55
2020-10-20 10:39:00,187.35,189.95,186.65,186.65,13125,415600,217.38
2020-10-20 10:40:00,185.15,187.70,183.00,186.75,12175,415600,217.20
2020-10-20 10:41:00,186.40,192.85,186.40,189.05,12600,418300,217.04
2020-10-20 10:42:00,189.45,189.45,183.80,184.15,11175,418300,216.88
2020-10-20 10:43:00,183.60,183.60,172.85,179.65,49275,418300,216.03
2020-10-20 10:44:00,180.10,180.15,159.05,163.00,65000,418675,214.74
2020-10-20 10:45:00,162.95,162.95,145.90,157.95,66850,418675,213.08
2020-10-20 10:46:00,158.65,165.15,158.65,165.15,31975,418675,212.42
2020-10-20 10:47:00,164.50,165.35,159.60,160.00,15225,419600,212.11
2020-10-20 10:48:00,160.40,163.70,159.60,162.25,17850,419600,211.75
2020-10-20 10:49:00,162.90,163.30,159.30,159.55,15350,419600,211.43
2020-10-20 10:50:00,158.05,160.00,154.15,159.40,26775,431600,210.84
2020-10-20 10:51:00,159.05,159.50,154.90,158.25,14050,431600,210.54
2020-10-20 10:52:00,157.80,169.80,157.80,168.95,35450,431600,209.90
2020-10-20 10:53:00,169.40,171.45,168.60,169.60,19200,435975,209.60
2020-10-20 10:54:00,169.00,178.05,167.05,174.70,30625,435975,209.17
2020-10-20 10:55:00,174.50,178.75,170.00,170.85,33550,435975,208.74
2020-10-20 10:56:00,171.55,171.95,169.95,170.90,10650,437200,208.59
2020-10-20 10:57:00,171.00,173.00,168.30,168.30,8525,437200,208.46
2020-10-20 10:58:00,168.10,170.40,162.95,165.00,16250,437200,208.21
2020-10-20 10:59:00,165.70,167.00,164.45,165.65,11050,439225,208.03
2020-10-20 11:00:00,166.05,167.15,160.00,162.20,11325,439225,207.84
2020-10-20 11:01:00,161.95,167.65,160.00,165.75,8350,439225,207.71
2020-10-20 11:02:00,167.00,171.85,166.90,169.05,20650,443075,207.42
2020-10-20 11:03:00,169.15,171.95,167.95,169.40,20800,443075,207.13
2020-10-20 11:04:00,169.50,169.80,163.75,165.30,32825,443075,206.65
2020-10-20 11:05:00,165.40,165.95,162.50,165.75,33500,418800,206.15
2020-10-20 11:06:00,165.40,165.40,160.50,162.75,15725,418800,205.90
2020-10-20 11:07:00,162.35,163.00,161.25,162.35,3875,418800,205.84
2020-10-20 11:08:00,162.70,163.65,160.80,161.40,6675,422700,205.74
2020-10-20 11:09:00,163.15,165.60,160.60,160.70,6700,422700,205.64
2020-10-20 11:10:00,161.80,162.40,138.45,144.55,64025,422700,204.36
2020-10-20 11:11:00,143.90,145.20,141.25,144.25,18450,423550,203.97
2020-10-20 11:12:00,144.25,144.90,132.35,135.15,32800,423550,203.24
2020-10-20 11:13:00,134.85,135.85,125.00,132.20,50450,423550,202.01
2020-10-20 11:14:00,129.75,134.75,129.75,134.15,21625,417450,201.51
2020-10-20 11:15:00,134.00,134.65,130.00,134.15,23325,417450,200.98
2020-10-20 11:16:00,134.35,135.70,133.00,133.55,13725,417450,200.68
2020-10-20 11:17:00,133.55,135.75,129.25,135.40,27175,422850,200.08
2020-10-20 11:18:00,135.95,138.75,134.55,136.15,13250,422850,199.81
2020-10-20 11:19:00,135.55,140.35,135.55,135.55,24250,422850,199.33
2020-10-20 11:20:00,136.30,139.70,136.30,137.65,13575,427200,199.06
2020-10-20 11:21:00,136.95,138.85,136.70,138.05,8650,427200,198.89
2020-10-20 11:22:00,138.45,139.85,136.95,138.65,9350,427200,198.71
2020-10-20 11:23:00,138.60,142.15,137.05,142.15,14700,426075,198.44
2020-10-20 11:24:00,143.25,143.70,139.70,140.95,15275,426075,198.17
2020-10-20 11:25:00,140.00,140.30,137.50,139.65,7875,426075,198.02
2020-10-20 11:26:00,139.50,143.65,139.45,141.45,11575,419025,197.82
2020-10-20 11:27:00,140.85,142.30,138.20,138.20,9650,419025,197.65
2020-10-20 11:28:00,137.30,138.60,132.30,132.30,18525,419025,197.29
2020-10-20 11:29:00,132.75,139.50,132.75,138.00,18175,418825,196.95
2020-10-20 11:30:00,139.65,145.00,139.20,143.05,25100,418825,196.53
2020-10-20 11:31:00,142.65,145.95,142.00,143.50,11925,418825,196.34
2020-10-20 11:32:00,143.95,149.75,142.95,147.25,20925,414400,196.02
2020-10-20 11:33:00,146.75,147.50,142.75,143.90,8650,414400,195.89
2020-10-20 11:34:00,143.35,145.00,142.15,144.55,6050,414400,195.79
2020-10-20 11:35:00,145.00,146.00,144.00,144.20,6775,413825,195.69
2020-10-20 11:36:00,143.55,148.40,143.30,145.15,13750,413825,195.49
2020-10-20 11:37:00,145.75,149.10,144.65,149.10,11525,413825,195.32
2020-10-20 11:38:00,150.15,151.85,145.85,146.50,16575,416850,195.09
2020-10-20 11:39:00,146.00,146.00,138.10,140.60,22900,416850,194.73
2020-10-20 11:40:00,140.05,140.25,137.60,139.25,8900,416850,194.58
2020-10-20 11:41:00,138.45,141.95,136.55,140.00,22275,417850,194.22
2020-10-20 11:42:00,140.05,143.85,140.05,142.15,6875,417850,194.12
2020-10-20 11:43:00,142.10,143.95,140.70,143.10,4775,417850,194.04
2020-10-20 11:44:00,144.00,144.85,139.65,141.50,5500,420650,193.96
2020-10-20 11:45:00,142.05,144.15,137.20,139.05,12050,420650,193.77
2020-10-20 11:46:00,139.50,139.50,134.15,137.55,19850,420650,193.44
2020-10-20 11:47:00,137.40,141.95,137.40,141.50,10450,426050,193.28
2020-10-20 11:48:00,141.25,141.50,140.00,141.30,5000,426050,193.21
2020-10-20 11:49:00,139.70,141.30,135.95,140.80,11975,426050,193.02
2020-10-20 11:50:00,139.65,140.30,136.00,138.15,10500,425125,192.86
2020-10-20 11:51:00,137.90,137.95,131.60,134.40,20925,425125,192.50
2020-10-20 11:52:00,134.30,135.45,128.20,129.60,29000,425125,192.01
2020-10-20 11:53:00,129.60,130.20,117.35,126.30,58275,434600,190.91
2020-10-20 11:54:00,126.15,128.60,124.60,127.35,20750,434600,190.54
2020-10-20 11:55:00,127.30,127.30,120.65,124.85,45850,434600,189.69
2020-10-20 11:56:00,124.80,125.80,121.95,124.00,30650,452675,189.15
2020-10-20 11:57:00,124.10,125.60,123.10,124.80,31825,452675,188.60
2020-10-20 11:58:00,125.00,127.55,125.00,126.55,59625,452675,187.63
2020-10-20 11:59:00,126.55,126.55,123.35,123.35,20825,486350,187.28
2020-10-20 12:00:00,123.50,126.60,123.35,126.20,31775,486350,186.78
2020-10-20 12:01:00,126.30,128.05,126.20,127.95,50375,486350,186.01
2020-10-20 12:02:00,127.95,130.00,127.95,129.10,15700,527100,185.78
2020-10-20 12:03:00,129.10,129.40,127.50,128.45,12300,527100,185.60
2020-10-20 12:04:00,128.70,130.65,128.50,128.75,11800,527100,185.43
2020-10-20 12:05:00,129.90,129.90,126.85,127.65,11800,520025,185.26
2020-10-20 12:06:00,128.45,130.10,127.60,130.10,6600,520025,185.17
2020-10-20 12:07:00,129.50,137.15,129.50,133.60,22050,520025,184.89
2020-10-20 12:08:00,133.20,137.40,132.50,137.40,18775,524750,184.65
2020-10-20 12:09:00,136.50,142.75,136.15,140.00,20975,524750,184.42
2020-10-20 12:10:00,139.25,141.85,136.80,136.80,15550,524750,184.24
2020-10-20 12:11:00,137.25,137.75,133.80,136.95,11925,527850,184.10
2020-10-20 12:12:00,137.35,138.00,135.75,136.65,7300,527850,184.02
2020-10-20 12:13:00,135.00,135.80,133.35,133.65,9050,527850,183.90
2020-10-20 12:14:00,133.00,136.35,132.15,136.25,8675,529050,183.80
2020-10-20 12:15:00,137.10,137.40,135.65,135.90,6425,529050,183.72
2020-10-20 12:16:00,136.10,137.50,132.40,132.45,6200,529050,183.65
2020-10-20 12:17:00,133.25,133.30,130.20,132.30,7450,530525,183.56
2020-10-20 12:18:00,131.80,134.90,130.45,134.90,3925,530525,183.51
2020-10-20 12:19:00,134.30,136.00,133.00,135.25,6550,530525,183.43
2020-10-20 12:20:00,136.00,138.80,135.10,135.25,10750,532300,183.31
2020-10-20 12:21:00,135.20,137.10,135.20,136.65,2250,532300,183.28
2020-10-20 12:22:00,136.50,138.65,135.00,138.40,9300,532300,183.18
2020-10-20 12:23:00,137.95,144.75,137.95,142.85,22350,533175,182.96
2020-10-20 12:24:00,142.50,156.20,142.25,150.35,64950,533175,182.47
2020-10-20 12:25:00,151.10,156.15,146.30,148.50,29100,533175,182.24
2020-10-20 12:26:00,150.00,151.05,146.30,148.30,15625,525975,182.12
2020-10-20 12:27:00,148.20,152.00,147.00,148.65,22625,525975,181.95
2020-10-20 12:28:00,148.80,151.00,145.35,148.90,8550,525975,181.89
2020-10-20 12:29:00,148.40,150.90,147.20,147.50,12650,527000,181.79
2020-10-20 12:30:00,145.65,148.85,140.60,141.25,28525,527000,181.54
2020-10-20 12:31:00,141.80,142.10,138.50,139.70,14700,527000,181.40
2020-10-20 12:32:00,140.10,141.95,138.00,139.20,9925,532125,181.30
2020-10-20 12:33:00,139.15,147.60,139.15,145.00,22175,532125,181.12
2020-10-20 12:34:00,145.60,148.00,145.15,146.00,16050,532125,180.99
2020-10-20 12:35:00,146.00,148.40,144.20,145.00,13950,536800,180.88
2020-10-20 12:36:00,145.20,145.20,141.25,143.90,7300,536800,180.82
2020-10-20 12:37:00,143.45,145.10,141.25,141.70,6875,536800,180.76
2020-10-20 12:38:00,140.45,144.00,140.00,142.45,8350,536950,180.69
2020-10-20 12:39:00,142.95,144.45,140.25,143.25,11300,536950,180.59
2020-10-20 12:40:00,143.75,146.50,142.50,146.50,3725,536950,180.56
2020-10-20 12:41:00,146.95,148.80,144.80,146.75,10675,535675,180.48
2020-10-20 12:42:00,147.10,148.90,143.50,145.25,10125,535675,180.40
2020-10-20 12:43:00,144.40,144.40,135.85,139.75,24900,535675,180.17
2020-10-20 12:44:00,140.00,140.00,130.15,136.00,38525,540900,179.77
2020-10-20 12:45:00,135.85,135.85,128.05,132.85,25500,540900,179.50
2020-10-20 12:46:00,132.70,137.50,132.70,136.90,10475,540900,179.40
2020-10-20 12:47:00,136.85,137.65,133.60,137.00,9850,540900,179.30
2020-10-20 12:48:00,136.80,139.40,136.60,139.20,8275,543900,179.23
2020-10-20 12:49:00,138.15,139.95,135.40,137.00,4000,543900,179.19
2020-10-20 12:50:00,136.70,140.80,136.15,140.50,10800,543900,179.10
2020-10-20 12:51:00,140.40,145.65,140.40,144.35,15500,540525,178.98
2020-10-20 12:52:00,145.10,148.60,142.45,148.60,16525,540525,178.86
2020-10-20 12:53:00,148.30,152.00,145.65,146.60,20875,540525,178.72
2020-10-20 12:54:00,147.00,150.55,144.85,150.55,11125,542725,178.65
2020-10-20 12:55:00,150.40,151.75,146.85,148.75,12550,542725,178.57
2020-10-20 12:56:00,148.45,155.95,148.45,152.65,22850,542725,178.45
2020-10-20 12:57:00,153.35,160.10,153.15,156.25,41950,540475,178.26
2020-10-20 12:58:00,156.95,159.10,154.55,156.00,23000,540475,178.15
2020-10-20 12:59:00,155.85,161.50,154.65,159.00,26800,540475,178.04
2020-10-20 13:00:00,158.95,167.65,158.95,163.75,55450,553525,177.87
2020-10-20 13:01:00,164.15,171.55,164.15,166.65,42875,553525,177.78
2020-10-20 13:02:00,167.00,174.85,166.55,173.45,51875,553525,177.70
2020-10-20 13:03:00,172.40,178.90,171.50,172.35,52875,552975,177.68
2020-10-20 13:04:00,170.80,172.95,163.45,166.65,50875,552975,177.59
2020-10-20 13:05:00,166.00,166.80,153.25,154.10,43800,552975,177.42
2020-10-20 13:06:00,154.20,161.45,154.20,159.80,17525,547225,177.35
2020-10-20 13:07:00,160.60,168.40,158.20,167.75,17900,547225,177.30
2020-10-20 13:08:00,168.55,172.50,166.05,169.55,38000,547225,177.25
2020-10-20 13:09:00,169.00,171.25,165.90,170.95,17150,540625,177.22
2020-10-20 13:10:00,170.20,176.55,168.55,176.55,41425,540625,177.19
2020-10-20 13:11:00,176.00,177.75,168.50,169.00,30475,540625,177.16
2020-10-20 13:12:00,167.00,167.95,156.90,161.65,39150,536950,177.04
2020-10-20 13:13:00,160.50,161.35,156.75,161.00,17375,536950,176.98
2020-10-20 13:14:00,161.35,165.75,161.35,163.75,19850,536950,176.93
2020-10-20 13:15:00,162.55,167.80,160.15,167.45,12400,531375,176.90
2020-10-20 13:16:00,165.80,175.05,164.45,175.05,21950,531375,176.87
2020-10-20 13:17:00,174.05,176.35,170.50,173.10,20750,531375,176.86
2020-10-20 13:18:00,173.75,175.60,166.85,168.25,12850,527900,176.85
2020-10-20 13:19:00,168.45,169.15,164.05,168.20,7675,527900,176.83
2020-10-20 13:20:00,167.30,169.20,151.95,157.80,33725,527900,176.73
2020-10-20 13:21:00,157.35,158.35,143.25,143.25,45875,525350,176.49
2020-10-20 13:22:00,144.25,153.25,142.95,151.50,33575,525350,176.31
2020-10-20 13:23:00,150.70,152.75,147.65,150.00,17175,525350,176.23
2020-10-20 13:24:00,149.95,154.45,149.05,151.65,13375,523475,176.17
2020-10-20 13:25:00,153.00,153.00,146.15,147.50,15375,523475,176.10
2020-10-20 13:26:00,147.20,153.70,146.65,153.70,9075,523475,176.06
2020-10-20 13:27:00,152.70,153.40,144.30,146.45,21475,519475,175.94
2020-10-20 13:28:00,145.95,146.55,141.90,146.25,15450,519475,175.86
2020-10-20 13:29:00,146.40,148.00,145.00,148.00,6700,519475,175.82
2020-10-20 13:30:00,147.50,150.05,146.70,147.25,10825,523150,175.77
2020-10-20 13:31:00,147.45,148.70,144.05,148.00,9925,523150,175.72
2020-10-20 13:32:00,148.15,149.40,146.15,149.40,4125,523150,175.70
2020-10-20 13:33:00,148.70,149.45,136.90,138.55,35750,523575,175.48
2020-10-20 13:34:00,139.05,142.95,138.00,142.10,15125,523575,175.38
2020-10-20 13:35:00,142.10,144.50,140.20,140.35,9225,523575,175.33
2020-10-20 13:36:00,141.15,144.20,139.95,143.70,6050,519125,175.29
2020-10-20 13:37:00,143.30,148.60,143.00,148.60,13775,519125,175.22
2020-10-20 13:38:00,147.90,156.25,146.55,154.50,27925,519125,175.11
2020-10-20 13:39:00,153.30,159.40,152.40,158.00,16275,512200,175.05
2020-10-20 13:40:00,158.75,165.10,154.15,154.15,31425,512200,174.98
2020-10-20 13:41:00,154.20,156.85,153.00,155.25,8450,512200,174.95
2020-10-20 13:42:00,154.60,154.60,145.60,149.40,20275,515800,174.86
2020-10-20 13:43:00,149.45,152.00,148.65,148.70,5900,515800,174.83
2020-10-20 13:44:00,149.05,156.00,145.20,156.00,18750,515800,174.75
2020-10-20 13:45:00,156.15,158.35,150.25,152.65,15900,515200,174.70
2020-10-20 13:46:00,152.35,154.40,148.85,152.65,8350,515200,174.67
2020-10-20 13:47:00,152.65,155.15,150.10,150.85,9400,515200,174.63
2020-10-20 13:48:00,152.70,153.00,149.75,150.90,6475,515650,174.61
2020-10-20 13:49:00,150.55,152.30,146.75,147.40,11875,515650,174.56
2020-10-20 13:50:00,148.00,148.00,141.05,146.40,19525,515650,174.45
2020-10-20 13:51:00,144.60,149.65,144.60,148.30,10150,516525,174.41
2020-10-20 13:52:00,148.45,151.30,147.65,149.35,9250,516525,174.37
2020-10-20 13:53:00,148.90,150.60,148.15,150.55,4925,516525,174.35
2020-10-20 13:54:00,151.00,151.00,142.15,145.15,10150,518900,174.30
2020-10-20 13:55:00,145.15,152.45,145.15,151.50,10250,518900,174.26
2020-10-20 13:56:00,152.45,154.60,148.70,152.45,10075,518900,174.22
2020-10-20 13:57:00,153.20,156.25,150.10,150.55,12175,516725,174.18
2020-10-20 13:58:00,149.70,156.00,149.70,152.60,8150,516725,174.15
2020-10-20 13:59:00,152.15,154.90,148.45,152.20,7625,516725,174.12
2020-10-20 14:00:00,151.60,161.95,148.45,161.95,24725,514850,174.05
2020-10-20 14:01:00,162.80,173.55,160.00,164.25,38775,514850,174.00
2020-10-20 14:02:00,165.50,172.00,164.35,165.75,18675,514850,173.98
2020-10-20 14:03:00,165.50,174.40,164.55,173.55,36050,511500,173.96
2020-10-20 14:04:00,174.65,175.00,166.45,170.60,24575,511500,173.95
2020-10-20 14:05:00,173.35,176.75,161.30,164.15,35300,511500,173.92
2020-10-20 14:06:00,166.75,168.70,162.25,165.25,14675,506000,173.90
2020-10-20 14:07:00,165.40,168.30,164.00,166.95,9225,506000,173.89
2020-10-20 14:08:00,167.00,172.95,164.10,172.70,17725,506000,173.88
2020-10-20 14:09:00,172.25,173.90,167.45,170.50,21000,507900,173.86
2020-10-20 14:10:00,171.20,179.20,171.05,173.85,33100,507900,173.87
2020-10-20 14:11:00,173.55,173.55,138.10,145.05,89125,507900,173.58
2020-10-20 14:12:00,144.55,149.80,141.65,143.05,38550,508925,173.42
2020-10-20 14:13:00,143.55,150.35,143.55,147.80,17375,508925,173.35
2020-10-20 14:14:00,148.20,150.80,146.65,148.85,11750,508925,173.30
2020-10-20 14:15:00,148.55,148.75,123.40,128.80,72075,503400,172.87
2020-10-20 14:16:00,129.15,134.50,129.00,133.05,27700,503400,172.69
2020-10-20 14:17:00,133.65,134.70,131.30,133.35,21050,503400,172.57
2020-10-20 14:18:00,132.85,139.60,132.70,137.20,21900,493300,172.45
2020-10-20 14:19:00,137.10,139.55,136.00,139.25,16475,493300,172.36
2020-10-20 14:20:00,138.55,138.95,133.85,136.60,12875,493300,172.29
2020-10-20 14:21:00,136.65,139.65,136.15,139.10,7025,486125,172.26
2020-10-20 14:22:00,138.95,146.80,138.95,142.10,26500,486125,172.14
2020-10-20 14:23:00,141.35,142.30,138.50,139.00,8200,486125,172.10
2020-10-20 14:24:00,141.90,143.00,137.65,143.00,18925,487925,172.01
2020-10-20 14:25:00,143.55,146.60,141.55,144.00,14100,487925,171.95
2020-10-20 14:26:00,144.05,145.00,140.60,143.60,7725,487925,171.92
2020-10-20 14:27:00,144.05,144.50,139.05,140.35,5850,484975,171.89
2020-10-20 14:28:00,140.85,143.90,136.95,140.70,15200,484975,171.82
2020-10-20 14:29:00,140.40,141.50,138.30,139.05,7250,484975,171.78
2020-10-20 14:30:00,140.35,140.60,133.90,137.55,17975,488525,171.69
2020-10-20 14:31:00,138.00,138.95,134.30,137.40,9450,488525,171.64
2020-10-20 14:32:00,136.55,143.25,136.30,141.55,15150,488525,171.57
2020-10-20 14:33:00,141.25,145.85,141.00,145.00,16725,487775,171.50
2020-10-20 14:34:00,146.20,149.65,145.00,146.90,23350,487775,171.42
2020-10-20 14:35:00,146.50,147.45,142.60,144.00,12725,487775,171.37
2020-10-20 14:36:00,143.90,146.60,142.45,143.65,4825,489375,171.35
2020-10-20 14:37:00,143.00,148.15,141.05,148.15,12200,489375,171.30
2020-10-20 14:38:00,148.35,158.55,145.90,157.35,39150,489375,171.20
2020-10-20 14:39:00,157.90,160.90,153.65,159.95,19750,485150,171.16
2020-10-20 14:40:00,158.50,158.50,148.40,152.20,32650,485150,171.07
2020-10-20 14:41:00,152.25,153.30,147.85,148.45,8750,485150,171.04
2020-10-20 14:42:00,148.25,151.80,144.95,146.65,19750,477100,170.98
2020-10-20 14:43:00,146.55,146.60,141.35,145.85,15125,477100,170.92
2020-10-20 14:44:00,146.55,150.20,143.55,150.20,12575,477100,170.88
2020-10-20 14:45:00,147.65,150.55,144.65,150.05,5825,480275,170.86
2020-10-20 14:46:00,150.75,150.90,146.40,150.50,12475,480275,170.82
2020-10-20 14:47:00,150.10,150.10,141.75,143.25,10475,480275,170.78
2020-10-20 14:48:00,143.90,150.40,143.90,149.40,8900,476300,170.75
2020-10-20 14:49:00,149.40,149.50,143.20,144.90,8425,476300,170.72
2020-10-20 14:50:00,146.45,146.85,142.15,144.80,10450,476300,170.68
2020-10-20 14:51:00,145.35,146.00,141.75,145.80,16050,477225,170.62
2020-10-20 14:52:00,145.70,147.85,144.15,146.20,11275,477225,170.58
2020-10-20 14:53:00,146.55,149.15,146.20,147.40,8175,477225,170.55
2020-10-20 14:54:00,147.30,149.25,146.80,147.95,7625,470850,170.53
2020-10-20 14:55:00,149.20,154.10,145.55,147.75,33925,470850,170.44
2020-10-20 14:56:00,147.45,148.50,143.60,143.60,12650,470850,170.39
2020-10-20 14:57:00,142.90,147.20,142.90,146.85,10375,464650,170.36
2020-10-20 14:58:00,147.35,148.60,142.80,143.75,8725,464650,170.33
2020-10-20 14:59:00,143.50,144.80,139.50,143.00,16475,464650,170.26
2020-10-20 15:00:00,140.50,147.50,140.40,144.70,19700,463775,170.19
2020-10-20 15:01:00,145.65,147.15,144.15,145.80,12100,463775,170.15
2020-10-20 15:02:00,146.25,146.35,137.90,139.10,24000,463775,170.05
2020-10-20 15:03:00,140.00,146.20,138.35,144.90,37675,454225,169.91
2020-10-20 15:04:00,144.15,146.25,141.55,143.00,14575,454225,169.86
2020-10-20 15:05:00,143.00,146.60,143.00,144.50,12450,454225,169.82
2020-10-20 15:06:00,144.45,146.00,143.55,144.35,6550,443600,169.79
2020-10-20 15:07:00,144.25,146.90,144.25,146.15,11175,443600,169.76
2020-10-20 15:08:00,146.55,147.85,145.00,146.00,16150,443600,169.71
2020-10-20 15:09:00,145.95,146.70,144.35,146.30,19925,440550,169.64
2020-10-20 15:10:00,146.70,147.65,143.00,143.95,29525,440550,169.54
2020-10-20 15:11:00,144.25,144.60,141.20,144.35,17675,440550,169.48
2020-10-20 15:12:00,144.40,145.00,143.75,144.25,11850,435925,169.44
2020-10-20 15:13:00,144.55,146.80,144.55,145.85,15800,435925,169.39
2020-10-20 15:14:00,146.05,146.15,144.00,146.00,10400,435925,169.35
2020-10-20 15:15:00,148.00,151.15,147.00,150.50,19275,422825,169.30
2020-10-20 15:16:00,150.80,159.25,150.40,159.25,24675,422825,169.25
2020-10-20 15:17:00,158.90,165.50,158.20,158.25,34675,422825,169.22
2020-10-20 15:18:00,158.70,160.25,155.65,158.00,21900,411225,169.19
2020-10-20 15:19:00,157.90,160.00,157.80,159.60,9025,411225,169.18
2020-10-20 15:20:00,159.50,162.80,158.35,161.85,29100,411225,169.14
2020-10-20 15:21:00,161.80,162.00,153.10,154.95,23875,398100,169.10
2020-10-20 15:22:00,154.90,156.25,152.30,154.90,30325,398100,169.04
2020-10-20 15:23:00,154.75,156.75,154.60,156.30,13825,398100,169.02
2020-10-20 15:24:00,155.65,159.45,155.65,159.25,28475,388025,168.98
2020-10-20 15:25:00,159.35,160.75,155.65,156.65,41450,388025,168.92
2020-10-20 15:26:00,156.65,158.25,156.15,157.60,20175,388025,168.89
2020-10-20 15:27:00,156.50,159.00,156.50,158.70,21700,372425,168.86
2020-10-20 15:28:00,158.30,159.00,157.50,158.00,22700,372425,168.83
2020-10-20 15:29:01,157.25,158.05,152.25,153.00,18175,372425,168.79
2020-10-21 09:15:00,126.65,126.65,55.50,61.00,100850,357300,65.95
2020-10-21 09:16:00,61.45,62.30,54.65,57.10,51925,357300,63.05
2020-10-21 09:17:00,57.15,58.30,53.65,53.95,61050,379525,61.23
2020-10-21 09:18:00,54.35,54.65,52.05,53.15,42550,379525,59.96
2020-10-21 09:19:00,53.30,54.90,52.00,52.20,31875,379525,59.27
2020-10-21 09:20:00,51.25,51.90,49.90,50.95,41950,389725,58.23
2020-10-21 09:21:00,51.00,52.50,49.70,50.00,40550,389725,57.46
2020-10-21 09:22:00,50.20,51.25,49.30,50.20,56000,389725,56.56
2020-10-21 09:23:00,50.40,52.50,48.35,49.45,103850,378700,55.37
2020-10-21 09:24:00,49.35,49.95,45.30,45.85,67525,378700,54.48
2020-10-21 09:25:00,45.85,49.85,45.80,47.85,91150,378700,53.64
2020-10-21 09:26:00,48.05,48.05,41.10,43.00,59200,356700,52.88
2020-10-21 09:27:00,43.05,44.95,42.30,44.00,28775,356700,52.54
2020-10-21 09:28:00,44.00,45.85,43.80,45.20,32600,356700,52.23
2020-10-21 09:29:00,45.10,45.45,43.30,44.85,39075,362775,51.88
2020-10-21 09:30:00,44.60,44.90,42.00,44.90,74975,362775,51.15
2020-10-21 09:31:00,45.00,45.65,44.65,44.80,23725,362775,51.00
2020-10-21 09:32:00,44.90,44.90,41.60,42.05,29000,389725,50.76
2020-10-21 09:33:00,42.25,43.25,40.00,43.10,35225,389725,50.45
2020-10-21 09:34:00,43.00,45.95,42.80,45.45,27175,389725,50.30
2020-10-21 09:35:00,45.40,46.25,44.00,45.55,21775,393575,50.20
2020-10-21 09:36:00,45.25,45.50,44.45,44.55,15725,393575,50.12
2020-10-21 09:37:00,44.80,46.30,44.50,46.05,16875,393575,50.04
2020-10-21 09:38:00,45.80,46.05,44.50,44.75,13275,400175,49.99
2020-10-21 09:39:00,44.45,46.15,44.40,45.40,11475,400175,49.94
2020-10-21 09:40:00,45.05,47.10,44.90,45.90,17350,400175,49.88
2020-10-21 09:41:00,45.85,47.50,45.20,45.45,22975,401250,49.81
2020-10-21 09:42:00,45.80,46.45,45.60,46.25,10500,401250,49.78
2020-10-21 09:43:00,46.25,46.65,43.70,45.00,22100,401250,49.69
2020-10-21 09:44:00,45.30,45.40,44.10,44.60,18075,400700,49.62
2020-10-21 09:45:00,44.85,47.30,43.85,46.90,28950,400700,49.51
2020-10-21 09:46:00,47.50,48.70,47.45,48.20,18175,400700,49.49
2020-10-21 09:47:00,48.15,48.70,46.90,47.60,15525,401075,49.46
2020-10-21 09:48:00,47.95,47.95,45.40,45.90,11400,401075,49.44
2020-10-21 09:49:00,46.15,47.95,46.15,47.80,9600,401075,49.42
2020-10-21 09:50:00,47.95,49.95,47.30,48.35,27550,396650,49.41
2020-10-21 09:51:00,48.25,48.45,45.35,46.40,21050,396650,49.37
2020-10-21 09:52:00,46.90,47.25,45.45,46.70,8100,396650,49.35
2020-10-21 09:53:00,46.70,47.65,45.85,46.10,7275,397200,49.34
2020-10-21 09:54:00,46.40,46.80,45.20,46.00,23750,397200,49.27
2020-10-21 09:55:00,46.00,46.40,44.30,44.55,19675,397200,49.22
2020-10-21 09:56:00,44.70,46.00,44.10,44.75,12325,402800,49.19
2020-10-21 09:57:00,44.55,45.40,44.15,44.25,8525,402800,49.16
2020-10-21 09:58:00,44.25,45.10,43.50,44.00,13000,402800,49.11
2020-10-21 09:59:00,44.15,45.70,44.15,44.80,9825,401525,49.09
2020-10-21 10:00:00,44.75,45.30,43.60,44.50,5675,401525,49.07
2020-10-21 10:01:00,44.50,45.15,44.10,44.15,8725,401525,49.04
2020-10-21 10:02:00,44.30,45.70,44.30,44.60,13400,402150,49.00
2020-10-21 10:03:00,44.70,45.80,44.70,45.05,7200,402150,48.99
2020-10-21 10:04:00,45.45,46.65,45.30,45.80,10525,402150,48.96
2020-10-21 10:05:00,45.75,46.30,44.65,44.75,15550,406225,48.93
2020-10-21 10:06:00,44.50,44.60,38.60,41.40,58200,406225,48.68
2020-10-21 10:07:00,41.10,41.70,40.15,40.70,21050,406225,48.58
2020-10-21 10:08:00,40.65,40.95,39.50,39.60,27075,417950,48.44
2020-10-21 10:09:00,39.80,39.85,38.05,39.10,27100,417950,48.28
2020-10-21 10:10:00,39.10,40.55,38.40,40.00,17375,417950,48.19
2020-10-21 10:11:00,39.90,40.15,38.70,39.30,17125,423900,48.10
2020-10-21 10:12:00,39.45,40.05,39.00,39.85,19775,423900,48.00
2020-10-21 10:13:00,39.95,40.10,38.45,38.45,19925,423900,47.90
2020-10-21 10:14:00,38.55,38.65,35.05,37.00,32925,436700,47.70
2020-10-21 10:15:00,36.95,36.95,35.15,36.50,32300,436700,47.49
2020-10-21 10:16:00,36.45,38.90,36.20,38.70,27050,436700,47.34
2020-10-21 10:17:00,39.25,39.25,37.60,38.15,11600,439775,47.28
2020-10-21 10:18:00,38.25,38.95,37.85,38.40,7975,439775,47.24
2020-10-21 10:19:00,38.35,39.85,38.35,39.75,7850,439775,47.21
2020-10-21 10:20:00,39.90,40.60,39.50,39.70,13550,440250,47.15
2020-10-21 10:21:00,39.60,39.75,38.90,39.65,7350,440250,47.12
2020-10-21 10:22:00,39.70,39.70,37.85,37.90,14150,440250,47.06
2020-10-21 10:23:00,38.10,39.00,37.90,38.80,3725,454325,47.04
2020-10-21 10:24:00,38.90,40.00,38.90,39.95,10625,454325,47.00
2020-10-21 10:25:00,39.75,40.80,39.75,40.35,9875,454325,46.96
2020-10-21 10:26:00,40.45,40.75,40.05,40.05,7200,453275,46.94
2020-10-21 10:27:00,40.05,40.30,37.30,38.50,13475,453275,46.88
2020-10-21 10:28:00,38.40,39.10,38.40,38.90,4750,453275,46.86
2020-10-21 10:29:00,38.90,40.05,38.90,39.15,13250,451275,46.81
2020-10-21 10:30:00,39.15,39.65,38.90,38.95,10650,451275,46.77
2020-10-21 10:31:00,39.15,39.65,38.60,39.65,9600,451275,46.73
2020-10-21 10:32:00,39.40,39.90,39.20,39.80,12050,456400,46.68
2020-10-21 10:33:00,39.90,40.85,39.65,40.35,11850,456400,46.65
2020-10-21 10:34:00,40.25,41.00,40.10,40.35,14500,456400,46.60
2020-10-21 10:35:00,40.20,40.60,39.20,39.80,13450,452450,46.56
2020-10-21 10:36:00,39.65,40.50,39.55,40.20,9950,452450,46.52
2020-10-21 10:37:00,40.20,40.35,39.60,39.75,6000,452450,46.50
2020-10-21 10:38:00,39.75,40.60,39.65,39.95,5950,455975,46.49
2020-10-21 10:39:00,39.90,40.80,39.65,39.95,10425,455975,46.45
2020-10-21 10:40:00,40.15,41.20,39.50,39.90,10400,455975,46.42
2020-10-21 10:41:00,40.00,40.05,37.90,38.90,9950,454700,46.38
2020-10-21 10:42:00,39.00,39.30,38.40,39.30,3650,454700,46.37
2020-10-21 10:43:00,39.25,39.65,37.90,38.15,9300,454700,46.34
2020-10-21 10:44:00,38.10,39.00,37.75,38.70,5250,457125,46.32
2020-10-21 10:45:00,38.90,39.25,38.50,39.05,5400,457125,46.30
2020-10-21 10:46:00,39.10,40.00,38.70,40.00,15275,457125,46.25
2020-10-21 10:47:00,39.75,40.10,38.25,38.35,13150,461100,46.20
2020-10-21 10:48:00,38.30,39.45,38.30,39.10,6450,461100,46.18
2020-10-21 10:49:00,39.30,40.00,38.20,38.75,12100,461100,46.14
2020-10-21 10:50:00,38.25,40.15,37.95,40.15,14100,469400,46.09
2020-10-21 10:51:00,40.05,40.85,39.55,39.90,12300,469400,46.05
2020-10-21 10:52:00,40.15,40.70,39.55,40.00,7350,469400,46.03
2020-10-21 10:53:00,40.35,40.35,39.65,40.35,7025,463825,46.01
2020-10-21 10:54:00,40.70,41.55,39.90,39.90,71750,463825,45.85
2020-10-21 10:55:00,40.05,40.30,39.00,39.30,10225,463825,45.83
2020-10-21 10:56:00,39.25,39.85,38.60,39.30,5625,452075,45.81
2020-10-21 10:57:00,39.25,39.80,38.55,38.55,6950,452075,45.79
2020-10-21 10:58:00,38.65,39.45,38.45,39.20,8225,452075,45.76
2020-10-21 10:59:00,39.00,39.20,38.50,38.85,4375,454600,45.75
2020-10-21 11:00:00,38.60,39.20,38.35,38.35,3775,454600,45.74
2020-10-21 11:01:00,38.35,38.60,37.30,38.15,13300,454600,45.69
2020-10-21 11:02:00,38.10,38.10,37.50,37.65,7625,456550,45.67
2020-10-21 11:03:00,37.75,37.95,35.00,36.40,79950,456550,45.35
2020-10-21 11:04:00,36.40,36.90,35.95,36.70,16700,456550,45.29
2020-10-21 11:05:00,36.65,36.85,35.75,36.85,17700,486475,45.22
2020-10-21 11:06:00,36.75,37.10,36.50,36.75,13925,486475,45.18
2020-10-21 11:07:00,36.65,36.65,35.70,36.20,10825,486475,45.13
2020-10-21 11:08:00,36.30,36.60,35.85,36.00,6600,493525,45.11
2020-10-21 11:09:00,36.00,36.55,35.90,36.45,11925,493525,45.07
2020-10-21 11:10:00,36.60,36.60,35.95,36.20,6475,493525,45.04
2020-10-21 11:11:00,36.20,36.75,35.85,36.55,2900,492875,45.03
2020-10-21 11:12:00,36.65,36.65,34.20,34.20,18350,492875,44.96
2020-10-21 11:13:00,34.30,34.45,31.30,33.50,50075,492875,44.73
2020-10-21 11:14:00,33.50,34.10,33.20,34.00,13275,490700,44.67
2020-10-21 11:15:00,33.80,35.60,33.80,35.50,14175,490700,44.61
2020-10-21 11:16:00,35.70,36.00,35.25,35.60,8675,490700,44.58
2020-10-21 11:17:00,35.35,36.15,35.30,35.70,8975,490875,44.55
2020-10-21 11:18:00,35.85,39.20,35.60,39.20,40425,490875,44.45
2020-10-21 11:19:00,39.50,40.35,38.05,38.30,30225,490875,44.38
2020-10-21 11:20:00,38.65,39.25,37.45,38.55,21275,485900,44.34
2020-10-21 11:21:00,38.80,39.15,36.70,36.70,24675,485900,44.28
2020-10-21 11:22:00,36.50,37.20,36.10,36.65,11750,485900,44.24
2020-10-21 11:23:00,36.85,37.05,36.25,36.60,13450,477625,44.20
2020-10-21 11:24:00,36.65,36.95,35.85,36.80,15550,477625,44.16
2020-10-21 11:25:00,36.45,37.60,36.25,37.60,9975,477625,44.13
2020-10-21 11:26:00,37.55,38.95,37.45,37.65,14825,475300,44.10
2020-10-21 11:27:00,37.70,38.80,37.60,37.80,10425,475300,44.08
2020-10-21 11:28:00,37.80,39.05,37.20,39.05,6575,475300,44.07
2020-10-21 11:29:00,38.95,39.15,37.05,37.85,7275,471675,44.05
2020-10-21 11:30:00,37.75,39.65,37.70,39.30,44950,471675,43.97
2020-10-21 11:31:00,38.90,39.90,38.60,38.65,5925,471675,43.96
2020-10-21 11:32:00,38.45,38.90,36.00,36.50,19200,463025,43.91
2020-10-21 11:33:00,36.50,37.20,36.30,36.65,5800,463025,43.90
2020-10-21 11:34:00,36.50,37.10,36.00,36.75,6775,463025,43.88
2020-10-21 11:35:00,36.70,37.05,36.00,37.00,14450,466075,43.85
2020-10-21 11:36:00,36.80,36.80,36.10,36.45,6900,466075,43.83
2020-10-21 11:37:00,36.70,36.90,36.30,36.40,9325,466075,43.80
2020-10-21 11:38:00,36.30,37.65,36.10,37.10,6875,467650,43.79
2020-10-21 11:39:00,37.15,38.25,37.00,38.20,13550,467650,43.76
2020-10-21 11:40:00,38.25,39.45,37.50,38.70,18600,467650,43.73
2020-10-21 11:41:00,38.60,40.30,37.10,37.15,35850,460250,43.67
2020-10-21 11:42:00,37.05,37.85,36.70,37.45,10500,460250,43.65
2020-10-21 11:43:00,37.45,37.55,36.95,37.20,3750,460250,43.64
2020-10-21 11:44:00,37.30,37.65,36.60,36.60,6425,458275,43.63
2020-10-21 11:45:00,36.75,36.95,34.90,35.25,47075,458275,43.50
2020-10-21 11:46:00,35.45,35.95,35.10,35.40,20075,458275,43.45
2020-10-21 11:47:00,35.70,35.70,34.70,34.70,12050,469200,43.42
2020-10-21 11:48:00,34.40,35.65,34.35,34.85,18725,469200,43.37
2020-10-21 11:49:00,34.55,35.50,34.55,35.05,6200,469200,43.35
2020-10-21 11:50:00,35.05,35.05,33.40,34.15,52400,489175,43.19
2020-10-21 11:51:00,34.30,34.30,33.40,33.75,17125,489175,43.14
2020-10-21 11:52:00,33.75,34.55,33.70,33.70,7100,489175,43.12
2020-10-21 11:53:00,33.70,34.30,33.55,33.85,10900,496550,43.09
2020-10-21 11:54:00,33.85,34.05,33.10,33.30,9475,496550,43.06
2020-10-21 11:55:00,33.35,33.85,32.80,33.70,9700,496550,43.03
2020-10-21 11:56:00,33.65,33.75,32.70,33.45,5325,499025,43.02
2020-10-21 11:57:00,33.40,34.30,33.40,34.30,5825,499025,43.00
2020-10-21 11:58:00,34.30,34.85,34.15,34.50,4275,499025,42.99
2020-10-21 11:59:00,34.50,34.70,33.15,33.40,7275,498625,42.97
2020-10-21 12:00:00,32.90,33.50,32.40,33.05,14900,498625,42.92
2020-10-21 12:01:00,32.95,33.30,32.55,32.85,6600,498625,42.90
2020-10-21 12:02:00,33.00,33.30,32.60,33.30,17450,511200,42.85
2020-10-21 12:03:00,33.15,33.55,33.05,33.50,6975,511200,42.83
2020-10-21 12:04:00,33.50,33.65,32.80,33.15,5925,511200,42.81
2020-10-21 12:05:00,33.10,33.80,32.85,33.35,6725,510375,42.79
2020-10-21 12:06:00,33.50,33.50,32.30,33.00,5600,510375,42.77
2020-10-21 12:07:00,32.95,33.10,32.55,32.55,3050,510375,42.76
2020-10-21 12:08:00,32.50,32.50,29.00,31.80,47875,511100,42.59
2020-10-21 12:09:00,31.95,32.15,31.05,31.55,12475,511100,42.55
2020-10-21 12:10:00,32.10,32.40,31.60,32.05,13975,511100,42.51
2020-10-21 12:11:00,32.00,32.10,31.20,31.20,17550,510950,42.45
2020-10-21 12:12:00,30.95,31.50,30.00,31.50,11200,510950,42.41
2020-10-21 12:13:00,31.70,32.00,31.20,31.85,7900,510950,42.39
2020-10-21 12:14:00,31.95,31.95,30.65,31.20,16250,506575,42.33
2020-10-21 12:15:00,31.05,31.75,30.65,31.55,11675,506575,42.29
2020-10-21 12:16:00,31.60,31.80,31.25,31.75,9500,506575,42.27
2020-10-21 12:17:00,31.85,31.85,30.95,30.95,7625,504450,42.24
2020-10-21 12:18:00,31.00,31.20,30.40,31.00,6400,504450,42.22
2020-10-21 12:19:00,30.95,31.60,30.85,31.35,16325,504450,42.17
2020-10-21 12:20:00,31.45,32.85,31.20,32.35,17575,503925,42.12
2020-10-21 12:21:00,32.50,32.55,31.85,31.85,3625,503925,42.11
2020-10-21 12:22:00,31.95,32.70,31.50,31.50,5200,503925,42.09
2020-10-21 12:23:00,31.50,31.90,30.30,30.70,13950,503450,42.05
2020-10-21 12:24:00,30.80,31.20,26.80,29.80,33950,503450,41.93
2020-10-21 12:25:00,29.80,29.80,29.00,29.30,23350,503450,41.85
2020-10-21 12:26:00,29.35,29.35,28.60,29.00,14150,504400,41.79
2020-10-21 12:27:00,29.25,29.40,28.95,29.05,10000,504400,41.76
2020-10-21 12:28:00,29.20,29.55,27.90,28.30,17800,504400,41.69
2020-10-21 12:29:00,28.30,28.40,27.65,28.15,11850,507125,41.65
2020-10-21 12:30:00,28.20,29.90,28.00,29.40,18400,507125,41.58
2020-10-21 12:31:00,29.50,29.65,28.85,29.20,6950,507125,41.56
2020-10-21 12:32:00,29.35,30.30,29.35,30.25,10725,507125,41.53
2020-10-21 12:33:00,29.95,31.20,29.85,30.90,17200,503400,41.48
2020-10-21 12:34:00,31.00,31.35,30.20,30.45,4825,503400,41.46
2020-10-21 12:35:00,30.25,31.05,30.10,30.35,5100,503400,41.45
2020-10-21 12:36:00,30.45,31.50,30.45,31.50,6375,505725,41.43
2020-10-21 12:37:00,31.40,31.40,30.55,30.65,6400,505725,41.41
2020-10-21 12:38:00,30.95,31.05,29.75,30.10,4525,505725,41.40
2020-10-21 12:39:00,30.25,30.85,30.25,30.85,3550,506800,41.39
2020-10-21 12:40:00,31.00,31.45,30.65,31.30,5575,506800,41.37
2020-10-21 12:41:00,31.55,32.30,31.45,32.10,15800,506800,41.33
2020-10-21 12:42:00,31.85,33.60,31.60,33.00,15825,506075,41.30
2020-10-21 12:43:00,33.10,34.00,32.50,33.45,15125,506075,41.27
2020-10-21 12:44:00,33.35,34.45,32.95,34.45,8250,506075,41.25
2020-10-21 12:45:00,35.10,38.55,35.10,36.55,34675,505100,41.20
2020-10-21 12:46:00,36.65,36.95,34.20,34.65,14325,505100,41.18
2020-10-21 12:47:00,34.65,35.20,34.30,34.85,11900,505100,41.16
2020-10-21 12:48:00,34.65,34.95,34.25,34.75,9425,500900,41.15
2020-10-21 12:49:00,34.60,34.65,33.30,33.70,6250,500900,41.13
2020-10-21 12:50:00,33.20,33.65,31.80,33.25,16750,500900,41.10
2020-10-21 12:51:00,33.30,33.60,33.15,33.25,5425,501000,41.09
2020-10-21 12:52:00,33.45,34.60,33.45,34.50,8700,501000,41.07
2020-10-21 12:53:00,34.40,34.65,33.55,34.20,11725,501000,41.05
2020-10-21 12:54:00,34.25,34.30,33.60,33.90,7375,503825,41.04
2020-10-21 12:55:00,34.00,34.70,33.85,34.50,5575,503825,41.03
2020-10-21 12:56:00,34.60,34.75,33.90,34.45,3100,503825,41.02
2020-10-21 12:57:00,34.55,34.55,33.25,33.45,3500,500850,41.02
2020-10-21 12:58:00,33.45,34.00,33.35,33.60,3050,500850,41.01
2020-10-21 12:59:00,33.95,35.20,33.65,35.00,8075,500850,41.00
2020-10-21 13:00:00,35.20,36.40,35.00,35.70,11900,501850,40.98
2020-10-21 13:01:00,35.95,36.00,33.85,34.05,11350,501850,40.96
2020-10-21 13:02:00,34.05,34.40,33.45,33.75,5900,501850,40.95
2020-10-21 13:03:00,33.80,33.95,31.95,31.95,10450,499025,40.93
2020-10-21 13:04:00,32.10,32.65,30.85,30.95,10050,499025,40.91
2020-10-21 13:05:00,30.95,31.80,30.50,31.80,15300,499025,40.87
2020-10-21 13:06:00,31.60,32.50,31.30,31.35,4850,499225,40.86
2020-10-21 13:07:00,31.60,32.15,31.45,32.15,1550,499225,40.86
2020-10-21 13:08:00,32.05,33.05,32.00,32.40,7350,499225,40.84
2020-10-21 13:09:00,32.45,33.05,32.00,32.35,6425,500000,40.83
2020-10-21 13:10:00,32.35,33.05,31.90,32.50,6400,500000,40.81
2020-10-21 13:11:00,32.40,34.05,32.40,33.80,11400,500000,40.79
2020-10-21 13:12:00,33.75,34.45,33.70,34.45,4000,498075,40.79
2020-10-21 13:13:00,34.40,35.70,34.25,35.25,17325,498075,40.76
2020-10-21 13:14:00,35.20,35.80,35.05,35.25,8150,498075,40.75
2020-10-21 13:15:00,35.25,45.90,35.25,42.55,104950,497575,40.80
2020-10-21 13:16:00,42.25,56.75,42.25,53.25,131250,497575,41.07
2020-10-21 13:17:00,52.05,52.60,46.05,50.55,65125,497575,41.20
2020-10-21 13:18:00,49.70,49.70,45.85,45.95,33450,482225,41.25
2020-10-21 13:19:00,45.80,51.70,45.00,51.70,55300,482225,41.32
2020-10-21 13:20:00,52.50,70.60,52.50,62.30,162950,482225,42.03
2020-10-21 13:21:00,61.95,62.90,52.50,52.50,98650,471050,42.40
2020-10-21 13:22:00,52.80,59.40,52.45,58.25,55250,471050,42.57
2020-10-21 13:23:00,58.75,66.85,56.00,65.50,62425,471050,42.81
2020-10-21 13:24:00,67.00,77.40,67.00,77.40,106275,441275,43.43
2020-10-21 13:25:00,81.35,111.15,81.35,98.10,183625,441275,45.25
2020-10-21 13:26:00,100.00,105.35,84.40,85.65,177550,441275,46.83
2020-10-21 13:27:00,85.30,87.25,61.00,61.00,140625,430875,47.48
2020-10-21 13:28:00,61.80,76.90,61.80,73.90,82825,430875,47.82
2020-10-21 13:29:00,72.75,85.10,71.45,84.30,58125,430875,48.16
2020-10-21 13:30:00,85.00,106.10,85.00,105.95,145225,390625,49.40
2020-10-21 13:31:00,104.45,127.00,93.15,95.90,178300,390625,51.21
2020-10-21 13:32:00,96.85,110.20,94.75,97.60,104875,390625,52.07
2020-10-21 13:33:00,96.45,106.85,96.45,97.70,66225,379325,52.61
2020-10-21 13:34:00,96.40,105.00,92.80,101.90,81225,379325,53.23
2020-10-21 13:35:00,102.40,118.60,98.75,117.85,90250,379325,54.03
2020-10-21 13:36:00,118.85,130.25,117.10,122.90,145225,368675,55.58
2020-10-21 13:37:00,121.00,121.25,103.85,114.80,101425,368675,56.46
2020-10-21 13:38:00,115.70,120.00,108.20,108.20,81175,368675,57.19
2020-10-21 13:39:00,107.00,118.60,107.00,115.85,61575,375425,57.70
2020-10-21 13:40:00,114.00,122.60,110.50,121.45,75175,375425,58.36
2020-10-21 13:41:00,119.50,121.50,105.20,105.20,80525,375425,59.02
2020-10-21 13:42:00,101.65,101.85,89.80,95.65,126800,390150,59.70
2020-10-21 13:43:00,95.00,97.40,87.75,96.95,82800,390150,60.09
2020-10-21 13:44:00,95.70,104.05,95.70,104.05,67875,390150,60.48
2020-10-21 13:45:00,104.40,126.70,104.40,111.60,154825,383025,61.64
2020-10-21 13:46:00,111.85,115.20,100.30,109.90,57275,383025,62.00
2020-10-21 13:47:00,109.55,110.05,100.00,103.60,63175,383025,62.37
2020-10-21 13:48:00,101.55,104.35,93.15,99.15,74125,384400,62.74
2020-10-21 13:49:00,98.00,102.75,94.80,100.30,46375,384400,62.96
2020-10-21 13:50:00,99.35,103.60,96.00,98.55,47700,384400,63.19
2020-10-21 13:51:00,97.70,97.70,80.65,86.55,140600,382225,63.63
2020-10-21 13:52:00,86.95,96.00,86.95,95.00,44100,382225,63.79
2020-10-21 13:53:00,94.30,100.30,90.65,98.20,53425,382225,64.01
2020-10-21 13:54:00,99.00,108.50,95.70,103.35,68525,384825,64.34
2020-10-21 13:55:00,103.55,103.70,95.85,100.55,45500,384825,64.55
2020-10-21 13:56:00,101.10,105.00,95.65,96.00,44775,384825,64.75
2020-10-21 13:57:00,97.10,103.00,97.10,102.20,36750,398475,64.91
2020-10-21 13:58:00,101.50,104.50,99.80,101.95,31925,398475,65.06
2020-10-21 13:59:00,101.40,109.05,101.05,101.25,74125,398475,65.43
2020-10-21 14:00:00,100.90,104.55,97.00,97.40,63750,400500,65.71
2020-10-21 14:01:00,96.20,103.35,93.80,101.80,62350,400500,65.95
2020-10-21 14:02:00,103.15,127.10,102.50,121.05,180550,400500,67.05
2020-10-21 14:03:00,121.05,141.30,114.70,133.90,139150,393675,68.04
2020-10-21 14:04:00,133.50,155.55,130.50,145.65,154325,393675,69.42
2020-10-21 14:05:00,145.85,164.50,142.65,154.55,104225,393675,70.45
2020-10-21 14:06:00,155.35,156.50,138.50,146.55,97775,398375,71.29
2020-10-21 14:07:00,147.15,148.90,130.40,130.40,138550,398375,72.34
2020-10-21 14:08:00,127.65,140.00,127.20,137.40,87800,398375,72.93
2020-10-21 14:09:00,136.80,136.80,125.00,131.10,48625,399275,73.23
2020-10-21 14:10:00,129.95,140.30,126.50,136.80,50150,399275,73.56
2020-10-21 14:11:00,134.25,135.80,120.00,131.70,55700,399275,73.89
2020-10-21 14:12:00,130.65,136.40,128.45,134.95,44850,370875,74.18
2020-10-21 14:13:00,134.00,142.50,133.45,136.45,35425,370875,74.42
2020-10-21 14:14:00,136.50,146.40,136.50,146.40,47825,370875,74.76
2020-10-21 14:15:00,148.25,151.05,137.05,148.65,71125,383125,75.29
2020-10-21 14:16:00,148.80,168.10,148.05,168.10,143500,383125,76.54
2020-10-21 14:17:00,167.15,167.25,154.50,161.20,86225,383125,77.29
2020-10-21 14:18:00,161.00,163.75,151.00,151.95,69075,431475,77.86
2020-10-21 14:19:00,152.40,152.40,135.95,144.60,70375,431475,78.34
2020-10-21 14:20:00,143.90,150.40,131.85,136.10,52500,431475,78.68
2020-10-21 14:21:00,134.60,137.05,128.30,136.80,87900,444025,79.14
2020-10-21 14:22:00,137.20,141.40,132.65,134.25,47050,444025,79.42
2020-10-21 14:23:00,135.10,141.00,131.10,133.40,42325,444025,79.65
2020-10-21 14:24:00,132.95,137.15,124.35,134.35,71400,437400,80.00
2020-10-21 14:25:00,135.50,146.55,134.75,141.50,40475,437400,80.25
2020-10-21 14:26:00,141.35,141.35,132.90,137.55,22300,437400,80.38
2020-10-21 14:27:00,137.55,139.55,127.85,134.50,41925,427950,80.60
2020-10-21 14:28:00,135.15,138.60,130.50,138.60,34700,427950,80.78
2020-10-21 14:29:00,138.60,140.50,118.25,121.35,73650,427950,81.11
2020-10-21 14:30:00,122.05,127.70,101.05,105.05,170825,412100,81.59
2020-10-21 14:31:00,105.95,112.20,101.05,106.90,107875,412100,81.84
2020-10-21 14:32:00,107.70,107.70,79.90,80.95,149175,412100,82.01
2020-10-21 14:33:00,81.40,88.70,79.20,84.05,90250,423625,82.04
2020-10-21 14:34:00,84.85,91.95,79.90,89.85,64425,423625,82.05
2020-10-21 14:35:00,91.55,91.70,84.40,90.25,58925,423625,82.09
2020-10-21 14:36:00,90.70,99.15,89.25,98.90,58175,434150,82.17
2020-10-21 14:37:00,98.45,98.45,87.00,89.20,42925,434150,82.21
2020-10-21 14:38:00,88.80,92.05,87.75,90.30,31275,434150,82.23
2020-10-21 14:39:00,89.10,92.25,68.30,69.10,92500,449200,82.21
2020-10-21 14:40:00,68.35,75.70,65.25,75.15,108775,449200,82.08
2020-10-21 14:41:00,75.85,85.70,74.50,85.70,51600,449200,82.07
2020-10-21 14:42:00,85.20,85.65,76.55,79.70,46850,495025,82.07
2020-10-21 14:43:00,79.85,84.00,77.70,82.00,35150,495025,82.06
2020-10-21 14:44:00,81.20,87.70,81.20,85.10,36325,495025,82.07
2020-10-21 14:45:00,85.95,85.95,68.95,70.30,143125,521800,81.97
2020-10-21 14:46:00,70.90,73.60,66.05,71.00,90800,521800,81.87
2020-10-21 14:47:00,70.80,70.85,61.30,61.85,114250,521800,81.72
2020-10-21 14:48:00,61.35,65.10,58.00,64.10,97100,530975,81.55
2020-10-21 14:49:00,64.65,65.40,48.10,48.10,118275,530975,81.31
2020-10-21 14:50:00,48.30,48.30,42.70,44.80,155350,530975,80.84
2020-10-21 14:51:00,45.60,46.95,44.50,46.80,97250,542775,80.56
2020-10-21 14:52:00,45.70,52.10,43.00,52.10,143375,542775,80.19
2020-10-21 14:53:00,52.10,59.80,52.10,56.50,70175,542775,80.05
2020-10-21 14:54:00,56.15,56.40,53.95,55.25,55000,550550,79.95
2020-10-21 14:55:00,54.95,55.15,48.60,53.40,66825,550550,79.79
2020-10-21 14:56:00,52.85,55.85,52.30,55.35,35500,550550,79.72
2020-10-21 14:57:00,54.90,57.00,52.55,53.00,42600,574875,79.64
2020-10-21 14:58:00,53.25,53.80,50.25,52.35,36950,574875,79.56
2020-10-21 14:59:00,52.50,54.80,52.05,54.50,18800,574875,79.52
2020-10-21 15:00:00,52.70,52.70,45.70,50.40,51650,563200,79.39
2020-10-21 15:01:00,50.55,50.55,44.15,46.10,38550,563200,79.29
2020-10-21 15:02:00,46.00,48.65,40.80,41.05,48800,563200,79.16
2020-10-21 15:03:00,41.55,42.30,38.85,39.75,48275,535325,79.02
2020-10-21 15:04:00,40.05,40.05,33.70,37.15,63750,535325,78.81
2020-10-21 15:05:00,37.25,39.25,36.60,37.60,34975,535325,78.70
2020-10-21 15:06:00,37.60,38.15,33.65,33.80,43600,535875,78.55
2020-10-21 15:07:00,33.20,36.75,33.15,36.15,30600,535875,78.45
2020-10-21 15:08:00,36.20,37.20,34.15,34.85,35175,535875,78.34
2020-10-21 15:09:00,35.00,35.05,29.25,29.25,53850,531550,78.15
2020-10-21 15:10:00,29.25,29.85,24.70,25.25,64325,531550,77.90
2020-10-21 15:11:00,25.25,25.85,24.55,25.80,71475,0,77.62
2020-10-21 15:12:00,25.80,25.85,19.40,20.65,109525,532400,77.17
2020-10-21 15:13:00,20.40,23.20,20.40,22.55,86050,532400,76.82
2020-10-21 15:14:00,22.45,23.85,21.75,23.50,81700,532400,76.49
2020-10-21 15:15:00,23.75,25.95,22.65,25.95,84250,517200,76.17
2020-10-21 15:16:00,25.95,26.60,25.10,25.95,38600,517200,76.03
2020-10-21 15:17:00,26.20,26.35,24.05,24.75,29900,517200,75.92
2020-10-21 15:18:00,24.70,24.70,22.35,23.25,43775,492125,75.75
2020-10-21 15:19:00,23.35,23.65,22.50,22.55,34400,492125,75.62
2020-10-21 15:20:00,22.50,25.70,22.50,25.05,63650,492125,75.38
2020-10-21 15:21:00,25.10,26.10,24.05,25.70,49700,497025,75.20
2020-10-21 15:22:00,25.75,25.80,21.50,21.80,59200,497025,74.98
2020-10-21 15:23:00,21.65,22.20,20.55,22.20,42775,497025,74.82
2020-10-21 15:24:00,22.35,22.95,21.40,21.65,33475,486175,74.70
2020-10-21 15:25:00,21.55,21.60,20.20,21.25,57375,486175,74.48
2020-10-21 15:26:00,21.20,23.00,21.20,22.70,46400,486175,74.31
2020-10-21 15:27:00,22.55,22.85,22.30,22.85,16300,462850,74.25
2020-10-21 15:28:00,22.60,22.70,22.05,22.70,36875,462850,74.11
2020-10-21 15:29:01,22.55,24.00,21.25,24.00,31675,462850,74.00
2020-10-22 09:15:00,28.55,32.85,27.00,27.30,80275,456050,29.52
2020-10-22 09:16:00,27.15,27.15,20.00,26.00,226100,456050,25.11
2020-10-22 09:17:00,25.60,25.70,19.00,20.10,178225,459650,24.49
2020-10-22 09:18:00,19.95,22.00,15.35,21.30,191600,459650,22.88
2020-10-22 09:19:00,21.20,23.60,20.60,21.40,111025,459650,22.77
2020-10-22 09:20:00,20.85,22.70,20.55,21.65,94375,501150,22.65
2020-10-22 09:21:00,21.90,22.95,20.85,21.95,66925,501150,22.58
2020-10-22 09:22:00,21.95,27.85,21.70,27.85,132200,501150,22.83
2020-10-22 09:23:00,28.15,34.00,23.60,25.75,152575,575600,23.42
2020-10-22 09:24:00,25.30,28.50,25.30,26.60,90650,575600,23.67
2020-10-22 09:25:00,26.85,32.10,26.85,28.60,120200,575600,24.18
2020-10-22 09:26:00,28.75,31.40,28.25,30.00,87250,613775,24.51
2020-10-22 09:27:00,30.40,30.80,24.60,25.50,91450,613775,24.68
2020-10-22 09:28:00,25.60,30.30,25.40,28.75,62825,613775,24.82
2020-10-22 09:29:00,29.20,30.35,27.75,29.05,93425,636775,25.04
2020-10-22 09:30:00,29.55,38.30,29.55,32.35,157450,636775,25.69
2020-10-22 09:31:00,33.00,36.15,31.15,35.25,79500,636775,26.01
2020-10-22 09:32:00,34.95,39.65,34.00,36.00,79500,592775,26.42
2020-10-22 09:33:00,36.45,38.15,35.00,36.95,66300,592775,26.73
2020-10-22 09:34:00,36.95,47.90,36.95,42.85,150900,592775,27.68
2020-10-22 09:35:00,43.65,50.90,39.25,47.40,151975,588075,28.78
2020-10-22 09:36:00,48.20,56.00,42.25,44.10,153050,588075,29.99
2020-10-22 09:37:00,43.00,43.00,36.70,37.25,115550,588075,30.37
2020-10-22 09:38:00,37.25,40.70,34.00,40.70,103175,596225,30.62
2020-10-22 09:39:00,39.60,44.30,38.35,40.25,124225,596225,31.08
2020-10-22 09:40:00,40.00,40.75,37.95,38.90,76500,596225,31.29
2020-10-22 09:41:00,39.35,43.65,37.60,43.00,79075,612000,31.54
2020-10-22 09:42:00,44.20,44.55,37.85,37.85,78275,612000,31.79
2020-10-22 09:43:00,37.80,39.65,36.10,39.65,50525,612000,31.88
2020-10-22 09:44:00,39.80,41.25,36.70,38.40,47650,628225,31.99
2020-10-22 09:45:00,38.15,38.35,28.10,31.30,131075,628225,32.00
2020-10-22 09:46:00,30.85,31.80,26.25,26.75,90275,628225,31.91
2020-10-22 09:47:00,26.50,31.10,26.35,30.45,72100,639425,31.84
2020-10-22 09:48:00,30.30,36.30,30.00,34.00,89000,639425,31.88
2020-10-22 09:49:00,34.20,34.95,30.15,30.45,72950,639425,31.89
2020-10-22 09:50:00,30.75,30.80,26.90,29.80,82975,645575,31.82
2020-10-22 09:51:00,29.45,29.90,26.30,26.80,85725,645575,31.73
2020-10-22 09:52:00,26.50,27.05,23.75,25.40,115800,645575,31.53
2020-10-22 09:53:00,25.35,28.25,25.05,28.25,63850,658975,31.45
2020-10-22 09:54:00,27.80,27.90,25.75,26.30,61675,658975,31.38
2020-10-22 09:55:00,26.35,28.50,24.80,26.85,70775,658975,31.30
2020-10-22 09:56:00,27.70,31.35,27.40,31.00,78550,660775,31.28
2020-10-22 09:57:00,30.60,30.85,27.50,29.30,50075,660775,31.25
2020-10-22 09:58:00,29.20,30.95,26.90,28.70,52975,660775,31.22
2020-10-22 09:59:00,28.50,28.60,26.15,27.55,47150,677675,31.18
2020-10-22 10:00:00,27.75,29.50,26.40,28.80,66975,677675,31.13
2020-10-22 10:01:00,28.50,30.25,26.70,26.75,51100,677675,31.10
2020-10-22 10:02:00,26.80,28.65,25.90,25.90,61850,715525,31.04
2020-10-22 10:03:00,25.50,28.45,25.50,27.70,29150,715525,31.02
2020-10-22 10:04:00,27.25,27.50,25.15,25.50,34425,715525,30.99
2020-10-22 10:05:00,25.05,25.20,21.30,22.10,96075,739650,30.83
2020-10-22 10:06:00,22.25,23.55,22.05,23.25,49500,739650,30.74
2020-10-22 10:07:00,23.30,23.95,22.40,23.75,63000,739650,30.65
2020-10-22 10:08:00,23.50,24.75,22.65,24.75,50750,751075,30.58
2020-10-22 10:09:00,24.95,26.55,24.50,26.35,58375,751075,30.52
2020-10-22 10:10:00,26.75,32.40,26.25,30.75,127000,751075,30.51
2020-10-22 10:11:00,30.40,31.90,26.90,29.55,74675,763050,30.50
2020-10-22 10:12:00,30.10,30.10,27.75,29.80,38100,763050,30.49
2020-10-22 10:13:00,29.50,31.55,29.35,30.95,40825,763050,30.49
2020-10-22 10:14:00,30.75,30.90,28.65,29.30,30375,760325,30.48
2020-10-22 10:15:00,29.15,30.65,25.00,26.25,61550,760325,30.46
2020-10-22 10:16:00,26.30,28.45,26.05,28.45,31375,760325,30.44
2020-10-22 10:17:00,28.50,29.95,28.05,28.20,34175,781175,30.43
2020-10-22 10:18:00,28.00,29.55,26.75,27.20,37300,781175,30.41
2020-10-22 10:19:00,27.10,28.40,25.75,28.40,26150,781175,30.39
2020-10-22 10:20:00,28.30,28.90,25.30,25.30,36150,777300,30.37
2020-10-22 10:21:00,25.80,26.35,23.30,25.95,73225,777300,30.30
2020-10-22 10:22:00,26.00,27.55,25.90,26.70,21525,777300,30.29
2020-10-22 10:23:00,26.90,29.90,26.90,28.60,35175,776275,30.28
2020-10-22 10:24:00,27.95,30.65,27.70,29.90,47000,776275,30.27
2020-10-22 10:25:00,29.60,31.05,28.50,29.45,50050,776275,30.27
2020-10-22 10:26:00,29.80,30.70,28.25,29.45,25875,782400,30.27
2020-10-22 10:27:00,29.35,30.10,27.95,28.90,22825,782400,30.26
2020-10-22 10:28:00,29.05,30.50,27.40,28.85,24150,782400,30.26
2020-10-22 10:29:00,29.15,30.50,28.50,29.10,15925,787550,30.25
2020-10-22 10:30:00,29.55,30.35,26.85,29.95,29675,787550,30.24
2020-10-22 10:31:00,30.15,30.40,27.70,28.90,19325,787550,30.24
2020-10-22 10:32:00,29.05,29.45,26.95,29.00,46375,780925,30.23
2020-10-22 10:33:00,28.90,30.35,28.90,30.25,28075,780925,30.22
2020-10-22 10:34:00,30.25,30.25,26.75,28.60,26775,780925,30.21
2020-10-22 10:35:00,28.50,28.65,27.00,28.60,23000,766800,30.21
2020-10-22 10:36:00,28.55,29.20,27.65,28.70,17925,766800,30.20
2020-10-22 10:37:00,28.70,28.80,27.15,27.90,20700,766800,30.19
2020-10-22 10:38:00,27.95,28.30,25.95,27.70,49125,772500,30.17
2020-10-22 10:39:00,27.85,28.05,25.40,26.65,46425,772500,30.14
2020-10-22 10:40:00,26.65,28.30,26.00,28.15,30850,772500,30.12
2020-10-22 10:41:00,28.20,28.20,26.35,26.45,24925,775550,30.11
2020-10-22 10:42:00,26.80,27.10,25.90,26.70,14625,775550,30.10
2020-10-22 10:43:00,26.85,26.85,24.45,26.35,34275,775550,30.08
2020-10-22 10:44:00,26.70,27.15,24.80,25.60,20900,783600,30.07
2020-10-22 10:45:00,26.05,26.15,24.20,24.80,20525,783600,30.05
2020-10-22 10:46:00,24.95,26.00,24.50,24.90,33525,783600,30.02
2020-10-22 10:47:00,24.80,25.50,23.20,24.35,66525,790850,29.96
2020-10-22 10:48:00,24.35,26.35,24.10,25.60,32975,790850,29.93
2020-10-22 10:49:00,25.40,28.00,25.20,27.40,43300,790850,29.91
2020-10-22 10:50:00,27.70,27.70,25.20,25.30,31600,785050,29.90
2020-10-22 10:51:00,25.65,26.20,24.70,25.35,18400,785050,29.88
2020-10-22 10:52:00,25.75,25.75,24.55,25.35,29275,785050,29.86
2020-10-22 10:53:00,25.30,26.60,25.05,25.95,17875,793425,29.85
2020-10-22 10:54:00,25.75,25.75,24.65,25.55,24875,793425,29.84
2020-10-22 10:55:00,25.45,25.70,23.40,24.00,46750,793425,29.79
2020-10-22 10:56:00,24.05,24.55,22.65,24.40,31025,807700,29.77
2020-10-22 10:57:00,24.60,24.90,22.80,22.90,23575,807700,29.75
2020-10-22 10:58:00,22.60,24.65,22.50,24.10,34025,807700,29.72
2020-10-22 10:59:00,23.90,24.00,20.90,21.45,55750,803450,29.65
2020-10-22 11:00:00,21.40,21.40,12.50,14.45,162900,803450,29.35
2020-10-22 11:01:00,14.30,15.95,14.30,15.55,151175,803450,29.05
2020-10-22 11:02:00,15.40,17.15,15.20,15.45,95250,781200,28.88
2020-10-22 11:03:00,15.35,16.55,14.70,16.45,126825,781200,28.64
2020-10-22 11:04:00,16.35,17.10,15.85,16.30,42375,781200,28.58
2020-10-22 11:05:00,16.05,17.15,15.75,17.10,45825,779975,28.50
2020-10-22 11:06:00,17.25,17.85,16.00,17.65,67000,779975,28.40
2020-10-22 11:07:00,17.70,18.15,16.90,17.20,38725,779975,28.34
2020-10-22 11:08:00,17.10,17.40,16.25,16.45,27500,787750,28.30
2020-10-22 11:09:00,16.55,17.40,16.55,17.10,31275,787750,28.25
2020-10-22 11:10:00,17.30,17.95,16.75,17.85,28825,787750,28.21
2020-10-22 11:11:00,17.85,18.05,16.75,17.30,24025,795500,28.18
2020-10-22 11:12:00,17.30,17.70,16.90,16.95,26400,795500,28.14
2020-10-22 11:13:00,17.00,17.00,16.00,16.35,29650,795500,28.10
2020-10-22 11:14:00,16.45,17.25,16.35,16.80,17475,803350,28.07
2020-10-22 11:15:00,16.80,17.40,16.50,17.20,32075,803350,28.02
2020-10-22 11:16:00,17.25,19.05,17.25,18.50,46600,803350,27.96
2020-10-22 11:17:00,18.45,19.15,17.85,19.10,22800,804025,27.94
2020-10-22 11:18:00,19.50,19.65,18.10,18.45,22075,804025,27.91
2020-10-22 11:19:00,18.30,18.60,17.75,18.35,15500,804025,27.89
2020-10-22 11:20:00,18.25,19.30,18.25,18.60,27900,806575,27.86
2020-10-22 11:21:00,18.40,18.65,17.65,17.65,19275,806575,27.84
2020-10-22 11:22:00,17.70,18.20,17.40,18.05,21800,806575,27.81
2020-10-22 11:23:00,18.05,18.40,17.80,18.00,18275,810025,27.79
2020-10-22 11:24:00,17.90,17.95,17.30,17.70,24850,810025,27.75
2020-10-22 11:25:00,17.65,19.05,17.65,18.45,36300,810025,27.71
2020-10-22 11:26:00,18.40,18.60,17.85,18.35,21700,812800,27.69
2020-10-22 11:27:00,18.30,21.65,18.10,21.25,59200,812800,27.63
2020-10-22 11:28:00,20.90,26.95,20.25,26.75,121250,812800,27.58
2020-10-22 11:29:00,26.15,28.35,23.85,25.10,101825,796600,27.57
2020-10-22 11:30:00,25.65,29.50,25.30,25.30,122325,796600,27.58
2020-10-22 11:31:00,25.30,28.00,23.60,26.60,69075,796600,27.57
2020-10-22 11:32:00,26.65,26.65,23.70,26.10,49525,784225,27.55
2020-10-22 11:33:00,25.60,26.85,24.00,26.50,24350,784225,27.54
2020-10-22 11:34:00,26.30,26.65,24.65,25.10,31100,784225,27.54
2020-10-22 11:35:00,25.20,27.65,24.60,25.55,47750,789225,27.53
2020-10-22 11:36:00,25.50,25.95,21.35,22.70,68550,789225,27.50
2020-10-22 11:37:00,22.45,23.80,22.30,23.80,33775,789225,27.48
2020-10-22 11:38:00,23.80,23.90,22.50,23.85,21525,801675,27.47
2020-10-22 11:39:00,23.85,24.90,23.85,24.90,31825,801675,27.46
2020-10-22 11:40:00,24.85,24.85,20.30,21.25,73875,801675,27.41
2020-10-22 11:41:00,21.25,23.10,21.00,22.20,24900,813825,27.40
2020-10-22 11:42:00,22.15,23.00,21.05,22.40,28425,813825,27.38
2020-10-22 11:43:00,22.25,22.40,21.00,22.15,33200,813825,27.36
2020-10-22 11:44:00,21.85,22.25,20.40,21.45,44000,824725,27.33
2020-10-22 11:45:00,21.10,22.25,20.95,21.65,26575,824725,27.31
2020-10-22 11:46:00,21.50,22.20,20.75,22.00,25275,824725,27.30
2020-10-22 11:47:00,22.10,22.35,20.80,21.25,40025,831800,27.27
2020-10-22 11:48:00,21.30,22.15,20.80,22.00,28625,831800,27.26
2020-10-22 11:49:00,22.05,22.05,19.50,21.15,54425,831800,27.21
2020-10-22 11:50:00,21.15,22.00,20.15,21.85,52450,830500,27.18
2020-10-22 11:51:00,21.90,22.75,21.40,21.85,26050,830500,27.17
2020-10-22 11:52:00,21.90,23.70,21.65,23.70,44100,830500,27.14
2020-10-22 11:53:00,23.20,24.35,22.65,23.95,35675,825525,27.13
2020-10-22 11:54:00,23.75,24.10,22.65,23.85,34025,825525,27.12
2020-10-22 11:55:00,23.95,25.65,23.30,23.70,69825,825525,27.10
2020-10-22 11:56:00,23.70,25.10,23.70,24.85,40725,809950,27.09
2020-10-22 11:57:00,25.20,26.05,24.05,24.60,43850,809950,27.08
2020-10-22 11:58:00,24.75,26.10,24.60,24.60,36675,809950,27.07
2020-10-22 11:59:00,24.75,26.45,23.90,25.05,39025,802475,27.07
2020-10-22 12:00:00,24.75,24.95,22.00,22.75,51450,802475,27.05
2020-10-22 12:01:00,22.40,22.75,19.80,20.85,60500,802475,27.01
2020-10-22 12:02:00,20.75,22.50,20.60,22.50,34825,811675,26.99
2020-10-22 12:03:00,22.55,23.55,21.90,22.55,36450,811675,26.97
2020-10-22 12:04:00,22.80,23.35,22.30,22.95,21850,811675,26.96
2020-10-22 12:05:00,23.25,24.35,22.60,22.60,35775,804875,26.95
2020-10-22 12:06:00,23.15,23.30,21.95,22.10,23550,804875,26.94
2020-10-22 12:07:00,22.05,22.55,21.15,22.15,18250,804875,26.93
2020-10-22 12:08:00,22.50,24.70,22.00,24.00,61750,800800,26.91
2020-10-22 12:09:00,24.05,26.00,23.80,24.10,76225,800800,26.90
2020-10-22 12:10:00,24.30,26.40,24.30,26.40,37075,800800,26.89
2020-10-22 12:11:00,26.50,26.50,22.60,22.60,53875,793550,26.88
2020-10-22 12:12:00,22.55,23.25,22.30,22.75,15425,793550,26.87
2020-10-22 12:13:00,22.55,23.00,21.50,22.75,39775,793550,26.85
2020-10-22 12:14:00,22.90,22.90,21.75,22.80,25650,793550,26.84
2020-10-22 12:15:00,22.30,24.00,22.25,23.55,24875,800600,26.83
2020-10-22 12:16:00,23.95,25.25,23.10,23.85,20775,800600,26.83
2020-10-22 12:17:00,23.80,24.10,22.60,23.10,30375,800600,26.82
2020-10-22 12:18:00,22.95,23.40,21.90,22.25,23750,801600,26.81
2020-10-22 12:19:00,22.65,22.65,21.55,21.95,23400,801600,26.80
2020-10-22 12:20:00,22.30,23.65,22.30,23.65,31025,801600,26.78
2020-10-22 12:21:00,23.80,24.60,23.30,24.15,26450,802050,26.78
2020-10-22 12:22:00,24.35,24.75,23.55,24.10,18900,802050,26.77
2020-10-22 12:23:00,24.10,27.00,24.10,26.15,51075,802050,26.77
2020-10-22 12:24:00,25.80,29.85,25.40,28.85,96475,799325,26.78
2020-10-22 12:25:00,28.80,44.10,28.80,34.95,249025,799325,27.03
2020-10-22 12:26:00,35.40,39.50,33.30,33.85,85125,799325,27.10
2020-10-22 12:27:00,33.70,35.00,28.45,30.25,65750,774950,27.13
2020-10-22 12:28:00,30.20,34.20,28.55,33.70,45175,774950,27.14
2020-10-22 12:29:00,33.95,35.30,29.95,31.40,76225,774950,27.18
2020-10-22 12:30:00,32.05,34.70,31.75,32.80,75225,785650,27.22
2020-10-22 12:31:00,32.90,35.70,32.40,34.65,101100,785650,27.29
2020-10-22 12:32:00,35.15,37.50,33.65,33.80,79150,785650,27.34
2020-10-22 12:33:00,33.20,36.30,31.80,33.95,111350,767875,27.40
2020-10-22 12:34:00,34.05,36.25,33.75,35.25,94750,767875,27.47
2020-10-22 12:35:00,34.55,35.60,28.65,28.80,74350,767875,27.49
2020-10-22 12:36:00,28.70,32.10,28.45,31.45,52375,802925,27.50
2020-10-22 12:37:00,31.90,33.70,31.65,32.60,33800,802925,27.52
2020-10-22 12:38:00,32.75,34.30,32.05,33.85,28375,802925,27.53
2020-10-22 12:39:00,34.55,37.10,34.55,34.85,121625,800875,27.62
2020-10-22 12:40:00,34.85,42.05,34.85,39.25,207475,800875,27.81
2020-10-22 12:41:00,39.35,41.55,34.35,36.45,107850,800875,27.91
2020-10-22 12:42:00,35.95,36.90,34.45,36.45,43000,795750,27.93
2020-10-22 12:43:00,37.00,40.50,35.90,37.50,116175,795750,28.03
2020-10-22 12:44:00,36.70,37.40,33.50,36.00,83475,795750,28.08
2020-10-22 12:45:00,36.15,37.95,26.45,28.45,164250,824525,28.12
2020-10-22 12:46:00,28.50,31.40,28.20,29.80,77300,824525,28.13
2020-10-22 12:47:00,30.10,31.40,28.55,30.05,58525,824525,28.14
2020-10-22 12:48:00,30.30,30.35,24.70,25.35,165875,821700,28.13
2020-10-22 12:49:00,25.25,28.00,25.00,26.25,77250,821700,28.11
2020-10-22 12:50:00,26.10,28.80,25.65,28.75,65500,821700,28.11
2020-10-22 12:51:00,29.25,31.55,28.40,31.25,74800,855250,28.12
2020-10-22 12:52:00,30.90,31.75,28.20,29.30,54850,855250,28.13
2020-10-22 12:53:00,29.30,30.55,26.80,28.45,77450,855250,28.13
2020-10-22 12:54:00,28.35,29.25,25.35,26.85,111375,861450,28.12
2020-10-22 12:55:00,26.95,29.00,26.40,28.00,49300,861450,28.12
2020-10-22 12:56:00,27.05,27.25,24.90,25.65,78500,861450,28.11
2020-10-22 12:57:00,25.20,25.80,13.50,15.55,287100,887350,27.92
2020-10-22 12:58:00,15.60,17.05,14.55,17.05,116925,887350,27.81
2020-10-22 12:59:00,17.25,17.95,16.80,17.00,87125,887350,27.75
2020-10-22 13:00:00,16.90,17.60,16.10,17.20,70200,893100,27.69
2020-10-22 13:01:00,17.15,20.05,17.15,19.10,59150,893100,27.65
2020-10-22 13:02:00,19.55,21.00,18.80,20.75,58625,893100,27.62
2020-10-22 13:03:00,20.40,20.60,17.00,18.80,80475,917850,27.57
2020-10-22 13:04:00,18.60,19.40,17.55,17.70,44225,917850,27.54
2020-10-22 13:05:00,17.85,18.90,16.75,18.70,41575,917850,27.51
2020-10-22 13:06:00,18.10,19.10,17.75,18.00,41725,928525,27.49
2020-10-22 13:07:00,17.75,17.75,9.85,11.50,204650,928525,27.28
2020-10-22 13:08:00,11.70,13.05,10.80,11.20,130975,928525,27.14
2020-10-22 13:09:00,11.45,13.05,11.30,12.45,58250,916200,27.09
2020-10-22 13:10:00,12.55,14.10,12.45,14.05,67575,916200,27.02
2020-10-22 13:11:00,14.00,14.50,13.20,13.85,47400,916200,26.98
2020-10-22 13:12:00,13.85,13.85,12.15,13.35,43750,904800,26.94
2020-10-22 13:13:00,13.60,14.50,12.75,12.90,47925,904800,26.90
2020-10-22 13:14:00,13.00,13.70,12.60,12.80,25525,904800,26.87
2020-10-22 13:15:00,13.05,15.65,13.05,14.95,70600,911650,26.82
2020-10-22 13:16:00,15.35,16.95,14.70,16.15,83950,911650,26.76
2020-10-22 13:17:00,15.95,16.35,13.95,15.45,50175,911650,26.72
2020-10-22 13:18:00,15.40,16.00,14.30,14.95,39025,904675,26.69
2020-10-22 13:19:00,14.80,15.00,12.95,13.85,54800,904675,26.64
2020-10-22 13:20:00,13.50,14.70,12.30,12.80,63550,904675,26.59
2020-10-22 13:21:00,12.75,13.55,12.50,13.00,47150,895800,26.55
2020-10-22 13:22:00,13.20,14.35,13.10,13.60,27875,895800,26.52
2020-10-22 13:23:00,13.55,14.85,13.30,14.15,42225,895800,26.49
2020-10-22 13:24:00,14.10,15.10,12.90,13.15,53625,890100,26.45
2020-10-22 13:25:00,12.80,12.85,10.65,12.45,82925,890100,26.37
2020-10-22 13:26:00,12.35,12.70,11.10,11.95,106550,890100,26.27
2020-10-22 13:27:00,11.80,11.80,10.25,10.50,57425,880425,26.22
2020-10-22 13:28:00,10.35,11.05,8.85,9.05,87675,880425,26.13
2020-10-22 13:29:00,9.15,10.30,9.15,9.50,120650,880425,26.00
2020-10-22 13:30:00,9.60,10.60,9.15,9.95,62625,866225,25.94
2020-10-22 13:31:00,9.95,10.45,9.35,10.05,75800,866225,25.86
2020-10-22 13:32:00,9.90,10.45,7.95,8.40,78275,866225,25.78
2020-10-22 13:33:00,8.10,8.10,6.45,7.75,190200,868425,25.57
2020-10-22 13:34:00,7.60,8.10,7.05,7.40,161100,868425,25.40
2020-10-22 13:35:00,7.30,8.50,6.75,8.15,103450,868425,25.28
2020-10-22 13:36:00,7.85,11.15,7.85,11.15,131925,826400,25.16
2020-10-22 13:37:00,10.85,12.80,10.50,12.80,80275,826400,25.10
2020-10-22 13:38:00,13.00,13.00,10.10,10.80,90150,826400,25.02
2020-10-22 13:39:00,11.00,11.30,9.30,9.50,55525,832450,24.98
2020-10-22 13:40:00,9.45,12.65,9.45,11.80,113150,832450,24.89
2020-10-22 13:41:00,11.60,11.95,10.55,10.85,75000,832450,24.83
2020-10-22 13:42:00,10.95,12.65,10.95,11.70,80650,855925,24.77
2020-10-22 13:43:00,11.45,11.60,9.80,11.60,60450,855925,24.72
2020-10-22 13:44:00,11.35,15.50,10.95,15.30,164175,855925,24.61
2020-10-22 13:45:00,16.15,20.30,12.70,14.00,334425,852475,24.48
2020-10-22 13:46:00,14.10,15.85,13.00,13.85,106775,852475,24.42
2020-10-22 13:47:00,13.70,13.70,10.00,10.00,126325,852475,24.32
2020-10-22 13:48:00,9.80,11.45,9.60,9.95,84350,842775,24.26
2020-10-22 13:49:00,9.85,10.90,9.15,10.75,72125,842775,24.20
2020-10-22 13:50:00,10.95,11.55,9.25,10.25,100050,842775,24.13
2020-10-22 13:51:00,10.45,11.00,9.05,9.70,66975,839375,24.07
2020-10-22 13:52:00,9.75,10.20,8.00,8.75,78075,839375,24.01
2020-10-22 13:53:00,8.90,9.40,8.40,8.55,54275,839375,23.97
2020-10-22 13:54:00,8.55,9.05,7.75,8.50,62050,840075,23.91
2020-10-22 13:55:00,8.30,8.60,6.55,6.85,102300,840075,23.82
2020-10-22 13:56:00,6.85,7.85,6.70,7.85,89050,840075,23.74
2020-10-22 13:57:00,7.65,8.00,6.70,7.00,48050,870025,23.70
2020-10-22 13:58:00,7.10,7.10,6.00,6.50,108150,870025,23.60
2020-10-22 13:59:00,6.50,6.50,5.10,5.65,101325,870025,23.51
2020-10-22 14:00:00,5.55,5.55,4.65,5.05,193050,851600,23.32
2020-10-22 14:01:00,5.05,5.70,4.55,5.45,122825,851600,23.21
2020-10-22 14:02:00,5.50,5.75,4.95,5.75,91925,851600,23.12
2020-10-22 14:03:00,5.60,5.85,5.00,5.80,72675,885125,23.06
2020-10-22 14:04:00,5.80,7.20,5.15,7.00,82625,885125,22.98
2020-10-22 14:05:00,7.25,7.85,6.35,6.40,93375,885125,22.91
2020-10-22 14:06:00,6.30,6.35,4.80,5.70,47275,876625,22.87
2020-10-22 14:07:00,5.55,5.90,5.05,5.45,53150,876625,22.82
2020-10-22 14:08:00,5.40,6.05,5.30,5.60,45525,876625,22.78
2020-10-22 14:09:00,5.50,5.95,5.00,5.30,49075,876750,22.74
2020-10-22 14:10:00,5.30,5.75,5.20,5.65,66450,876750,22.68
2020-10-22 14:11:00,5.60,5.60,4.00,4.90,92075,876750,22.60
2020-10-22 14:12:00,4.80,5.20,4.35,4.50,64025,859775,22.54
2020-10-22 14:13:00,4.55,4.85,4.45,4.50,93475,859775,22.46
2020-10-22 14:14:00,4.45,4.50,3.50,3.95,100050,859775,22.37
2020-10-22 14:15:00,3.90,4.85,3.55,4.75,117300,843000,22.27
2020-10-22 14:16:00,4.85,5.05,3.80,3.85,64350,843000,22.21
2020-10-22 14:17:00,3.90,5.60,3.65,5.55,102675,843000,22.12
2020-10-22 14:18:00,5.60,6.85,4.85,5.40,125325,829850,22.03
2020-10-22 14:19:00,5.30,6.00,5.20,5.55,47025,829850,21.99
2020-10-22 14:20:00,5.55,6.10,5.00,5.25,67400,829850,21.93
2020-10-22 14:21:00,5.00,6.35,4.90,5.45,120900,836600,21.84
2020-10-22 14:22:00,5.45,5.50,4.50,5.35,79875,836600,21.78
2020-10-22 14:23:00,5.40,6.35,5.10,5.35,138800,836600,21.67
2020-10-22 14:24:00,5.35,5.55,3.80,3.95,145825,844875,21.56
2020-10-22 14:25:00,3.95,4.30,3.50,4.20,98675,844875,21.47
2020-10-22 14:26:00,4.15,4.50,3.90,4.15,96525,844875,21.40
2020-10-22 14:27:00,4.05,4.40,3.70,4.25,67775,862125,21.34
2020-10-22 14:28:00,4.30,5.50,4.25,4.45,108750,862125,21.26
2020-10-22 14:29:00,4.50,4.75,4.20,4.30,84225,862125,21.19
2020-10-22 14:30:00,4.40,6.10,4.40,5.15,163100,858700,21.08
2020-10-22 14:31:00,5.25,5.40,4.15,4.35,89175,858700,21.01
2020-10-22 14:32:00,4.35,5.15,4.30,4.55,74100,858700,20.96
2020-10-22 14:33:00,4.50,5.55,4.20,5.50,106125,830875,20.88
2020-10-22 14:34:00,5.70,6.45,4.75,5.50,178400,830875,20.76
2020-10-22 14:35:00,5.80,5.80,4.05,4.05,148325,830875,20.65
2020-10-22 14:36:00,4.05,9.55,4.05,7.10,355500,813750,20.43
2020-10-22 14:37:00,7.10,11.85,6.40,6.95,440400,813750,20.22
2020-10-22 14:38:00,6.85,11.05,6.80,10.35,235000,813750,20.10
2020-10-22 14:39:00,9.60,12.90,8.50,11.20,300475,825700,19.98
2020-10-22 14:40:00,11.25,12.30,8.00,8.00,254925,825700,19.88
2020-10-22 14:41:00,8.10,9.25,7.10,8.60,227075,825700,19.77
2020-10-22 14:42:00,8.90,11.05,8.80,9.25,234400,837050,19.68
2020-10-22 14:43:00,9.50,9.50,4.00,4.00,295575,837050,19.51
2020-10-22 14:44:00,3.95,6.45,3.95,6.10,201850,837050,19.40
2020-10-22 14:45:00,6.00,6.90,3.90,4.20,190250,838000,19.29
2020-10-22 14:46:00,4.30,4.30,2.15,2.70,488900,838000,18.99
2020-10-22 14:47:00,2.50,3.25,2.45,3.15,283225,838000,18.81
2020-10-22 14:48:00,3.15,3.15,2.50,2.55,189075,845650,18.70
2020-10-22 14:49:00,2.55,2.85,1.30,1.40,212900,845650,18.56
2020-10-22 14:50:00,1.35,1.55,1.00,1.50,211850,845650,18.42
2020-10-22 14:51:00,1.60,1.90,1.50,1.80,151325,869800,18.33
2020-10-22 14:52:00,1.80,1.80,1.50,1.65,125450,869800,18.25
2020-10-22 14:53:00,1.70,1.75,1.30,1.30,109675,869800,18.18
2020-10-22 14:54:00,1.30,1.30,0.85,0.95,126450,891625,18.10
2020-10-22 14:55:00,0.95,1.20,0.95,1.10,100000,891625,18.04
2020-10-22 14:56:00,1.10,1.15,0.95,0.95,89100,891625,17.99
2020-10-22 14:57:00,0.90,1.10,0.90,1.00,76325,857150,17.94
2020-10-22 14:58:00,0.95,1.05,0.80,0.85,57475,857150,17.90
2020-10-22 14:59:00,0.85,0.90,0.70,0.75,58250,857150,17.87
2020-10-22 15:00:00,0.75,0.80,0.45,0.55,107700,816150,17.80
2020-10-22 15:01:00,0.55,0.60,0.40,0.50,76225,816150,17.75
2020-10-22 15:02:00,0.50,0.50,0.40,0.45,67850,816150,17.71
2020-10-22 15:03:00,0.50,0.50,0.40,0.45,49175,798350,17.68
2020-10-22 15:04:00,0.40,0.55,0.40,0.50,120050,798350,17.61
2020-10-22 15:05:00,0.45,0.55,0.45,0.55,119800,798350,17.53
2020-10-22 15:06:00,0.65,0.65,0.45,0.45,130625,768900,17.45
2020-10-22 15:07:00,0.50,0.50,0.40,0.45,58275,768900,17.42
2020-10-22 15:08:00,0.40,0.45,0.40,0.40,36225,768900,17.40
2020-10-22 15:09:00,0.40,0.45,0.30,0.35,54275,733125,17.37
2020-10-22 15:10:00,0.30,0.35,0.30,0.30,31225,733125,17.35
2020-10-22 15:11:00,0.30,0.35,0.20,0.25,55925,733125,17.31
2020-10-22 15:12:00,0.20,0.30,0.20,0.30,31675,716525,17.29
2020-10-22 15:13:00,0.25,0.30,0.20,0.25,42100,716525,17.27
2020-10-22 15:14:00,0.20,0.25,0.15,0.20,28525,716525,17.25
2020-10-22 15:15:00,0.20,0.25,0.15,0.15,21375,664000,17.24
2020-10-22 15:16:00,0.15,0.35,0.15,0.15,46800,664000,17.21
2020-10-22 15:17:00,0.20,0.25,0.15,0.15,57275,664000,17.18
2020-10-22 15:18:00,0.15,0.20,0.15,0.15,16500,582250,17.17
2020-10-22 15:19:00,0.15,0.25,0.15,0.20,18650,582250,17.16
2020-10-22 15:20:00,0.15,0.25,0.10,0.10,40100,582250,17.13
2020-10-22 15:21:00,0.10,0.20,0.10,0.10,32100,545300,17.11
2020-10-22 15:22:00,0.15,0.15,0.10,0.10,35875,545300,17.09
2020-10-22 15:23:00,0.10,0.15,0.10,0.10,12775,545300,17.08
2020-10-22 15:24:00,0.10,0.15,0.05,0.10,46100,516950,17.06
2020-10-22 15:25:00,0.05,0.20,0.05,0.05,59375,516950,17.02
2020-10-22 15:26:00,0.05,0.10,0.05,0.05,12800,516950,17.02
2020-10-22 15:27:00,0.05,0.10,0.05,0.10,11675,477350,17.01
2020-10-22 15:28:00,0.10,0.10,0.05,0.05,12125,477350,17.00
2020-10-22 15:29:01,0.05,0.10,0.05,0.05,18200,477350,16.99
