date,open,high,low,close,volume,oi
2018-12-19 14:02:00,346.00,346.00,346.00,346.00,0,0
2018-12-19 14:03:00,346.00,346.00,346.00,346.00,0,0
2018-12-19 14:04:00,346.00,346.00,346.00,346.00,0,0
2018-12-19 14:05:00,346.00,346.00,346.00,346.00,0,0
2018-12-19 14:06:00,346.00,346.00,346.00,346.00,0,0
2018-12-19 14:07:00,346.00,346.00,346.00,346.00,0,0
2018-12-19 14:08:00,346.00,346.00,346.00,346.00,0,0
2018-12-19 14:09:00,346.00,346.00,346.00,346.00,0,0
2018-12-19 14:10:00,346.00,346.00,346.00,346.00,0,0
2018-12-19 14:11:00,346.00,346.00,346.00,346.00,0,0
2018-12-19 14:12:00,346.00,346.00,346.00,346.00,0,0
2018-12-19 14:13:00,346.00,346.00,346.00,346.00,0,0
2018-12-19 14:14:00,346.00,346.00,346.00,346.00,0,0
2018-12-19 14:15:00,346.00,346.00,346.00,346.00,0,0
2018-12-19 14:16:00,346.00,346.00,346.00,346.00,0,0
2018-12-19 14:17:00,346.00,346.00,346.00,346.00,0,0
2018-12-19 14:18:00,346.00,346.00,346.00,346.00,0,0
2018-12-19 14:19:00,346.00,346.00,346.00,346.00,0,0
2018-12-19 14:20:00,346.00,346.00,346.00,346.00,0,0
2018-12-19 14:21:00,346.00,346.00,346.00,346.00,0,0
2018-12-19 14:22:00,346.00,346.00,346.00,346.00,0,0
2018-12-19 14:23:00,346.00,346.00,346.00,346.00,0,0
2018-12-19 14:24:00,346.00,346.00,346.00,346.00,0,0
2018-12-19 14:25:00,346.00,346.00,346.00,346.00,0,0
2018-12-19 14:26:00,346.00,346.00,346.00,346.00,0,0
2018-12-19 14:27:00,346.00,346.00,346.00,346.00,0,0
2018-12-19 14:28:00,346.00,346.00,346.00,346.00,0,0
2018-12-19 14:29:00,346.00,346.00,346.00,346.00,0,0
2018-12-19 14:30:00,346.00,346.00,346.00,346.00,0,0
2018-12-19 14:31:00,346.00,346.00,346.00,346.00,0,0
2018-12-19 14:32:00,346.00,346.00,346.00,346.00,0,0
2018-12-19 14:33:00,346.00,346.00,346.00,346.00,0,0
2018-12-19 14:34:00,346.00,346.00,346.00,346.00,0,0
2018-12-19 14:35:00,346.00,346.00,346.00,346.00,0,0
2018-12-19 14:36:00,346.00,346.00,346.00,346.00,0,0
2018-12-19 14:37:00,346.00,346.00,346.00,346.00,0,0
2018-12-19 14:38:00,346.00,346.00,346.00,346.00,0,0
2018-12-19 14:39:00,346.00,346.00,346.00,346.00,0,0
2018-12-19 14:40:00,346.00,346.00,346.00,346.00,0,0
2018-12-19 14:41:00,346.00,346.00,346.00,346.00,0,0
2018-12-19 14:42:00,346.00,346.00,346.00,346.00,0,0
2018-12-19 14:43:00,346.00,346.00,346.00,346.00,0,0
2018-12-19 14:44:00,346.00,346.00,346.00,346.00,0,0
2018-12-19 14:45:00,346.00,346.00,346.00,346.00,0,0
2018-12-19 14:46:00,346.00,346.00,346.00,346.00,0,0
2018-12-19 14:47:00,346.00,346.00,346.00,346.00,0,0
2018-12-19 14:48:00,346.00,346.00,346.00,346.00,0,0
2018-12-19 14:49:00,346.00,346.00,346.00,346.00,0,0
2018-12-19 14:50:00,346.00,346.00,346.00,346.00,0,0
2018-12-19 14:51:00,346.00,346.00,346.00,346.00,0,0
2018-12-19 14:52:00,346.00,346.00,346.00,346.00,0,0
2018-12-19 14:53:00,346.00,346.00,346.00,346.00,0,0
2018-12-19 14:54:00,346.00,346.00,346.00,346.00,0,0
2018-12-19 14:55:00,346.00,346.00,346.00,346.00,0,0
2018-12-19 14:56:00,346.00,346.00,346.00,346.00,0,0
2018-12-19 14:57:00,346.00,346.00,346.00,346.00,0,0
2018-12-19 14:58:00,346.00,346.00,346.00,346.00,0,0
2018-12-19 14:59:00,346.00,346.00,346.00,346.00,0,0
2018-12-19 15:00:00,346.00,346.00,346.00,346.00,0,0
2018-12-19 15:01:00,346.00,346.00,346.00,346.00,0,0
2018-12-19 15:02:00,346.00,346.00,346.00,346.00,0,0
2018-12-19 15:03:00,346.00,346.00,346.00,346.00,0,0
2018-12-19 15:04:00,346.00,346.00,346.00,346.00,0,0
2018-12-19 15:05:00,346.00,346.00,346.00,346.00,0,0
2018-12-19 15:06:00,346.00,346.00,346.00,346.00,0,0
2018-12-19 15:07:00,346.00,346.00,346.00,346.00,0,0
2018-12-19 15:08:00,346.00,346.00,346.00,346.00,0,0
2018-12-19 15:09:00,346.00,346.00,346.00,346.00,0,0
2018-12-19 15:10:00,346.00,346.00,346.00,346.00,0,0
2018-12-19 15:11:00,346.00,346.00,346.00,346.00,0,0
2018-12-19 15:12:00,346.00,346.00,346.00,346.00,0,0
2018-12-19 15:13:00,346.00,346.00,346.00,346.00,0,0
2018-12-19 15:14:00,346.00,346.00,346.00,346.00,0,0
2018-12-19 15:15:00,346.00,346.00,346.00,346.00,0,0
2018-12-19 15:16:00,346.00,346.00,346.00,346.00,0,0
2018-12-19 15:17:00,346.00,346.00,346.00,346.00,0,0
2018-12-19 15:18:00,346.00,370.00,346.00,370.00,20,20
2018-12-19 15:19:00,370.00,370.00,370.00,370.00,0,0
2018-12-19 15:20:00,370.00,370.00,370.00,370.00,0,0
2018-12-19 15:21:00,370.00,370.00,370.00,370.00,0,0
2018-12-19 15:22:00,370.00,370.00,370.00,370.00,0,0
2018-12-19 15:23:00,370.00,370.00,370.00,370.00,0,0
2018-12-19 15:24:00,370.00,370.00,370.00,370.00,0,0
2018-12-19 15:25:00,370.00,487.80,370.00,487.80,20,20
2018-12-19 15:26:00,487.80,487.80,487.80,487.80,0,0
2018-12-19 15:27:00,487.80,487.80,487.80,487.80,0,0
2018-12-19 15:28:00,487.80,487.80,487.80,487.80,0,0
2018-12-19 15:29:01,487.80,487.80,487.80,487.80,0,0
2018-12-20 10:21:00,393.40,393.40,393.40,393.40,0,20
2018-12-20 10:22:00,393.40,393.40,393.40,393.40,0,0
2018-12-20 10:23:00,393.40,393.40,393.40,393.40,0,0
2018-12-20 10:24:00,393.40,393.40,393.40,393.40,0,0
2018-12-20 10:25:00,393.40,393.40,393.40,393.40,0,0
2018-12-20 10:26:00,393.40,393.40,393.40,393.40,0,0
2018-12-20 10:27:00,393.40,393.40,393.40,393.40,0,0
2018-12-20 10:28:00,393.40,393.40,393.40,393.40,0,0
2018-12-20 10:29:00,393.40,393.40,393.40,393.40,0,0
2018-12-20 10:30:00,393.40,393.40,393.40,393.40,0,0
2018-12-20 10:31:00,393.40,421.15,393.40,421.15,20,40
2018-12-20 10:32:00,421.15,421.15,421.15,421.15,0,0
2018-12-20 10:33:00,421.15,421.15,421.15,421.15,0,0
2018-12-20 10:34:00,421.15,421.15,421.15,421.15,0,0
2018-12-20 10:35:00,421.15,430.25,421.15,430.20,60,20
2018-12-20 10:36:00,430.20,430.20,430.20,430.20,0,0
2018-12-20 10:37:00,430.20,430.20,430.20,430.20,0,0
2018-12-20 10:38:00,430.20,430.20,430.20,430.20,0,0
2018-12-20 10:39:00,430.20,430.20,430.20,430.20,0,0
2018-12-20 10:40:00,430.20,430.20,430.20,430.20,0,0
2018-12-20 10:41:00,430.20,430.20,430.20,430.20,0,0
2018-12-20 10:42:00,430.20,430.20,430.20,430.20,0,0
2018-12-20 10:43:00,430.20,430.20,430.20,430.20,0,0
2018-12-20 10:44:00,430.20,430.20,430.20,430.20,0,0
2018-12-20 10:45:00,430.20,430.20,430.20,430.20,0,0
2018-12-20 10:46:00,430.20,430.20,430.20,430.20,0,0
2018-12-20 10:47:00,430.20,430.20,430.20,430.20,0,0
2018-12-20 10:48:00,430.20,430.20,430.20,430.20,0,0
2018-12-20 10:49:00,430.20,430.20,430.20,430.20,0,0
2018-12-20 10:50:00,430.20,430.20,430.20,430.20,0,0
2018-12-20 10:51:00,430.20,430.20,430.20,430.20,0,0
2018-12-20 10:52:00,430.20,430.20,430.20,430.20,0,0
2018-12-20 10:53:00,430.20,430.20,430.20,430.20,0,0
2018-12-20 10:54:00,430.20,430.20,430.20,430.20,0,0
2018-12-20 10:55:00,430.20,430.20,430.20,430.20,0,0
2018-12-20 10:56:00,430.20,430.20,430.20,430.20,0,0
2018-12-20 10:57:00,430.20,430.20,430.20,430.20,0,0
2018-12-20 10:58:00,430.20,430.20,430.20,430.20,0,0
2018-12-20 10:59:00,430.20,430.20,430.20,430.20,0,0
2018-12-20 11:00:00,430.20,430.20,430.20,430.20,0,0
2018-12-20 11:01:00,430.20,430.20,430.20,430.20,0,0
2018-12-20 11:02:00,430.20,430.20,430.20,430.20,0,0
2018-12-20 11:03:00,430.20,430.20,430.20,430.20,0,0
2018-12-20 11:04:00,430.20,430.20,430.20,430.20,0,0
2018-12-20 11:05:00,430.20,430.20,430.20,430.20,0,0
2018-12-20 11:06:00,430.20,430.20,430.20,430.20,0,0
2018-12-20 11:07:00,430.20,430.20,430.20,430.20,0,0
2018-12-20 11:08:00,430.20,430.20,430.20,430.20,0,0
2018-12-20 11:09:00,430.20,430.20,430.20,430.20,0,0
2018-12-20 11:10:00,430.20,430.20,430.20,430.20,0,0
2018-12-20 11:11:00,430.20,430.20,430.20,430.20,0,0
2018-12-20 11:12:00,430.20,430.20,430.20,430.20,0,0
2018-12-20 11:13:00,430.20,430.20,430.20,430.20,0,0
2018-12-20 11:14:00,430.20,430.20,430.20,430.20,0,0
2018-12-20 11:15:00,430.20,430.20,430.20,430.20,0,0
2018-12-20 11:16:00,430.20,430.20,430.20,430.20,0,0
2018-12-20 11:17:00,430.20,430.20,430.20,430.20,0,0
2018-12-20 11:18:00,430.20,430.20,430.20,430.20,0,0
2018-12-20 11:19:00,430.20,430.20,430.20,430.20,0,0
2018-12-20 11:20:00,430.20,430.20,430.20,430.20,0,0
2018-12-20 11:21:00,430.20,430.20,430.20,430.20,0,0
2018-12-20 11:22:00,430.20,430.20,430.20,430.20,0,0
2018-12-20 11:23:00,430.20,430.20,430.20,430.20,0,0
2018-12-20 11:24:00,430.20,430.20,430.20,430.20,0,0
2018-12-20 11:25:00,430.20,430.20,430.20,430.20,0,0
2018-12-20 11:26:00,430.20,430.20,402.65,402.65,20,60
2018-12-20 11:27:00,402.65,402.65,402.65,402.65,0,0
2018-12-20 11:28:00,402.65,402.65,402.65,402.65,0,0
2018-12-20 11:29:00,402.65,402.65,402.65,402.65,0,0
2018-12-20 11:30:00,402.65,402.65,402.65,402.65,0,0
2018-12-20 11:31:00,402.65,402.65,402.65,402.65,0,0
2018-12-20 11:32:00,402.65,402.65,402.65,402.65,0,0
2018-12-20 11:33:00,402.65,402.65,402.65,402.65,0,0
2018-12-20 11:34:00,402.65,402.65,402.65,402.65,0,0
2018-12-20 11:35:00,402.65,402.65,402.65,402.65,0,0
2018-12-20 11:36:00,402.65,402.65,402.65,402.65,0,0
2018-12-20 11:37:00,402.65,402.65,402.65,402.65,0,0
2018-12-20 11:38:00,402.65,402.65,402.65,402.65,0,0
2018-12-20 11:39:00,402.65,402.65,402.65,402.65,0,0
2018-12-20 11:40:00,402.65,402.65,402.65,402.65,0,0
2018-12-20 11:41:00,402.65,402.65,402.65,402.65,0,0
2018-12-20 11:42:00,402.65,402.65,402.65,402.65,0,0
2018-12-20 11:43:00,402.65,402.65,402.65,402.65,0,0
2018-12-20 11:44:00,402.65,402.65,402.65,402.65,0,0
2018-12-20 11:45:00,402.65,402.65,402.65,402.65,0,0
2018-12-20 11:46:00,402.65,402.65,402.65,402.65,0,0
2018-12-20 11:47:00,402.65,402.65,402.65,402.65,0,0
2018-12-20 11:48:00,402.65,402.65,402.65,402.65,0,0
2018-12-20 11:49:00,402.65,402.65,402.65,402.65,0,0
2018-12-20 11:50:00,402.65,402.65,402.65,402.65,0,0
2018-12-20 11:51:00,402.65,402.65,402.65,402.65,0,0
2018-12-20 11:52:00,402.65,402.65,402.65,402.65,0,0
2018-12-20 11:53:00,402.65,402.65,402.65,402.65,0,0
2018-12-20 11:54:00,402.65,402.65,402.65,402.65,0,0
2018-12-20 11:55:00,402.65,402.65,402.65,402.65,0,0
2018-12-20 11:56:00,402.65,402.65,402.65,402.65,0,0
2018-12-20 11:57:00,402.65,402.65,402.65,402.65,0,0
2018-12-20 11:58:00,402.65,402.65,402.65,402.65,0,0
2018-12-20 11:59:00,402.65,402.65,402.65,402.65,0,0
2018-12-20 12:00:00,402.65,402.65,402.65,402.65,0,0
2018-12-20 12:01:00,402.65,402.65,402.65,402.65,0,0
2018-12-20 12:02:00,402.65,402.65,402.65,402.65,0,0
2018-12-20 12:03:00,402.65,402.65,402.65,402.65,0,0
2018-12-20 12:04:00,402.65,402.65,402.65,402.65,0,0
2018-12-20 12:05:00,402.65,402.65,402.65,402.65,0,0
2018-12-20 12:06:00,402.65,420.00,402.65,420.00,100,80
2018-12-20 12:07:00,420.00,420.00,420.00,420.00,0,0
2018-12-20 12:08:00,420.00,420.00,420.00,420.00,0,0
2018-12-20 12:09:00,420.00,420.00,420.00,420.00,0,0
2018-12-20 12:10:00,420.00,420.00,420.00,420.00,0,0
2018-12-20 12:11:00,420.00,420.00,420.00,420.00,0,0
2018-12-20 12:12:00,420.00,420.00,420.00,420.00,0,0
2018-12-20 12:13:00,420.00,420.00,420.00,420.00,0,0
2018-12-20 12:14:00,420.00,420.00,420.00,420.00,0,0
2018-12-20 12:15:00,420.00,420.00,420.00,420.00,0,0
2018-12-20 12:16:00,420.00,420.00,420.00,420.00,0,0
2018-12-20 12:17:00,420.00,420.00,420.00,420.00,0,0
2018-12-20 12:18:00,420.00,420.00,420.00,420.00,0,0
2018-12-20 12:19:00,420.00,420.00,420.00,420.00,0,0
2018-12-20 12:20:00,420.00,420.00,420.00,420.00,0,0
2018-12-20 12:21:00,420.00,420.00,420.00,420.00,0,0
2018-12-20 12:22:00,420.00,420.00,400.00,400.00,100,100
2018-12-20 12:23:00,400.00,400.00,400.00,400.00,0,0
2018-12-20 12:24:00,400.00,400.00,400.00,400.00,0,0
2018-12-20 12:25:00,400.00,400.00,400.00,400.00,0,0
2018-12-20 12:26:00,400.00,400.00,400.00,400.00,0,0
2018-12-20 12:27:00,400.00,400.00,400.00,400.00,0,0
2018-12-20 12:28:00,400.00,400.00,400.00,400.00,0,0
2018-12-20 12:29:00,400.00,400.00,400.00,400.00,0,0
2018-12-20 12:30:00,400.00,400.00,400.00,400.00,0,0
2018-12-20 12:31:00,400.00,400.00,400.00,400.00,0,0
2018-12-20 12:32:00,400.00,400.00,400.00,400.00,0,0
2018-12-20 12:33:00,400.00,400.00,400.00,400.00,0,0
2018-12-20 12:34:00,400.00,400.00,400.00,400.00,0,0
2018-12-20 12:35:00,400.00,400.00,400.00,400.00,0,0
2018-12-20 12:36:00,400.00,400.00,400.00,400.00,0,0
2018-12-20 12:37:00,400.00,400.00,400.00,400.00,0,0
2018-12-20 12:38:00,400.00,400.00,400.00,400.00,0,0
2018-12-20 12:39:00,400.00,400.00,400.00,400.00,0,0
2018-12-20 12:40:00,400.00,400.00,400.00,400.00,0,0
2018-12-20 12:41:00,400.00,400.00,400.00,400.00,0,0
2018-12-20 12:42:00,400.00,400.00,400.00,400.00,0,0
2018-12-20 12:43:00,400.00,400.00,400.00,400.00,0,0
2018-12-20 12:44:00,400.00,400.00,400.00,400.00,0,0
2018-12-20 12:45:00,400.00,400.00,400.00,400.00,0,0
2018-12-20 12:46:00,400.00,400.00,400.00,400.00,0,0
2018-12-20 12:47:00,400.00,400.00,400.00,400.00,0,0
2018-12-20 12:48:00,400.00,400.00,400.00,400.00,0,0
2018-12-20 12:49:00,400.00,400.00,400.00,400.00,0,0
2018-12-20 12:50:00,400.00,400.00,400.00,400.00,0,0
2018-12-20 12:51:00,400.00,400.00,400.00,400.00,0,0
2018-12-20 12:52:00,400.00,400.00,400.00,400.00,0,0
2018-12-20 12:53:00,400.00,400.00,400.00,400.00,0,0
2018-12-20 12:54:00,400.00,400.00,400.00,400.00,0,0
2018-12-20 12:55:00,400.00,400.00,400.00,400.00,0,0
2018-12-20 12:56:00,400.00,400.00,400.00,400.00,0,0
2018-12-20 12:57:00,400.00,400.00,362.95,362.95,40,80
2018-12-20 12:58:00,362.95,362.95,362.95,362.95,0,0
2018-12-20 12:59:00,362.95,362.95,362.95,362.95,0,0
2018-12-20 13:00:00,362.95,362.95,362.95,362.95,0,0
2018-12-20 13:01:00,362.95,362.95,362.95,362.95,0,0
2018-12-20 13:02:00,362.95,362.95,362.95,362.95,0,0
2018-12-20 13:03:00,362.95,362.95,362.95,362.95,0,0
2018-12-20 13:04:00,362.95,362.95,362.95,362.95,0,0
2018-12-20 13:05:00,362.95,362.95,362.95,362.95,0,0
2018-12-20 13:06:00,362.95,362.95,362.95,362.95,0,0
2018-12-20 13:07:00,362.95,362.95,362.95,362.95,0,0
2018-12-20 13:08:00,362.95,362.95,362.95,362.95,0,0
2018-12-20 13:09:00,362.95,362.95,362.95,362.95,0,0
2018-12-20 13:10:00,362.95,362.95,362.95,362.95,0,0
2018-12-20 13:11:00,362.95,362.95,362.95,362.95,0,0
2018-12-20 13:12:00,362.95,362.95,362.95,362.95,0,0
2018-12-20 13:13:00,362.95,447.25,362.95,447.25,200,80
2018-12-20 13:14:00,447.25,447.25,387.75,387.75,40,80
2018-12-20 13:15:00,387.75,387.75,387.75,387.75,0,0
2018-12-20 13:16:00,387.75,387.75,387.75,387.75,0,0
2018-12-20 13:17:00,387.75,387.75,387.75,387.75,0,0
2018-12-20 13:18:00,387.75,387.75,387.75,387.75,0,0
2018-12-20 13:19:00,387.75,391.70,387.75,391.70,20,280
2018-12-20 13:20:00,391.70,391.70,391.70,391.70,0,0
2018-12-20 13:21:00,391.70,391.70,391.70,391.70,0,0
2018-12-20 13:22:00,391.70,391.70,391.70,391.70,0,0
2018-12-20 13:23:00,391.70,403.00,391.70,403.00,20,260
2018-12-20 13:24:00,403.00,438.70,402.75,420.00,120,260
2018-12-20 13:25:00,420.00,420.00,400.00,400.00,20,260
2018-12-20 13:26:00,400.00,400.00,400.00,400.00,0,0
2018-12-20 13:27:00,400.00,400.00,400.00,400.00,0,0
2018-12-20 13:28:00,400.00,400.00,390.00,390.00,20,320
2018-12-20 13:29:00,390.00,400.00,390.00,400.00,20,0
2018-12-20 13:30:00,400.00,400.00,400.00,400.00,60,320
2018-12-20 13:31:00,400.00,400.00,400.00,400.00,0,0
2018-12-20 13:32:00,400.00,407.05,400.00,407.05,20,340
2018-12-20 13:33:00,407.05,407.05,407.05,407.05,0,0
2018-12-20 13:34:00,407.05,407.05,407.05,407.05,0,0
2018-12-20 13:35:00,407.05,407.05,407.05,407.05,0,0
2018-12-20 13:36:00,407.05,407.05,407.05,407.05,0,0
2018-12-20 13:37:00,407.05,407.05,407.05,407.05,0,0
2018-12-20 13:38:00,407.05,407.05,407.05,407.05,0,0
2018-12-20 13:39:00,407.05,407.05,407.05,407.05,0,0
2018-12-20 13:40:00,407.05,407.05,407.05,407.05,0,0
2018-12-20 13:41:00,407.05,407.05,407.05,407.05,0,0
2018-12-20 13:42:00,407.05,407.05,407.05,407.05,0,0
2018-12-20 13:43:00,407.05,407.05,407.05,407.05,0,0
2018-12-20 13:44:00,407.05,407.05,407.05,407.05,0,0
2018-12-20 13:45:00,407.05,407.05,407.05,407.05,0,0
2018-12-20 13:46:00,407.05,407.05,407.05,407.05,0,0
2018-12-20 13:47:00,407.05,407.05,407.05,407.05,0,0
2018-12-20 13:48:00,407.05,407.05,407.05,407.05,0,0
2018-12-20 13:49:00,407.05,407.05,407.05,407.05,0,0
2018-12-20 13:50:00,407.05,407.05,407.05,407.05,0,0
2018-12-20 13:51:00,407.05,407.05,407.05,407.05,0,0
2018-12-20 13:52:00,407.05,407.05,407.05,407.05,0,0
2018-12-20 13:53:00,407.05,424.90,407.05,424.90,80,0
2018-12-20 13:54:00,424.90,424.90,424.90,424.90,0,0
2018-12-20 13:55:00,424.90,424.90,400.00,400.00,20,420
2018-12-20 13:56:00,400.00,400.00,400.00,400.00,0,0
2018-12-20 13:57:00,400.00,400.00,400.00,400.00,0,0
2018-12-20 13:58:00,400.00,400.00,400.00,400.00,0,0
2018-12-20 13:59:00,400.00,400.00,400.00,400.00,0,0
2018-12-20 14:00:00,400.00,400.00,400.00,400.00,0,0
2018-12-20 14:01:00,400.00,400.00,400.00,400.00,0,0
2018-12-20 14:02:00,400.00,400.00,400.00,400.00,0,0
2018-12-20 14:03:00,400.00,400.00,400.00,400.00,0,0
2018-12-20 14:04:00,400.00,400.00,400.00,400.00,0,0
2018-12-20 14:05:00,400.00,400.00,400.00,400.00,0,0
2018-12-20 14:06:00,400.00,400.00,400.00,400.00,0,0
2018-12-20 14:07:00,400.00,400.00,400.00,400.00,0,0
2018-12-20 14:08:00,400.00,400.00,400.00,400.00,0,0
2018-12-20 14:09:00,400.00,400.00,400.00,400.00,0,0
2018-12-20 14:10:00,400.00,400.00,400.00,400.00,0,0
2018-12-20 14:11:00,400.00,400.00,400.00,400.00,0,0
2018-12-20 14:12:00,400.00,400.00,380.00,380.00,20,440
2018-12-20 14:13:00,380.00,380.00,380.00,380.00,0,0
2018-12-20 14:14:00,380.00,380.00,380.00,380.00,0,0
2018-12-20 14:15:00,380.00,380.00,370.00,370.00,20,460
2018-12-20 14:16:00,370.00,370.00,370.00,370.00,0,0
2018-12-20 14:17:00,370.00,370.00,370.00,370.00,0,0
2018-12-20 14:18:00,370.00,370.00,370.00,370.00,0,0
2018-12-20 14:19:00,370.00,370.00,360.00,360.00,20,480
2018-12-20 14:20:00,360.00,360.00,360.00,360.00,0,0
2018-12-20 14:21:00,360.00,360.00,360.00,360.00,0,0
2018-12-20 14:22:00,360.00,360.00,360.00,360.00,0,0
2018-12-20 14:23:00,360.00,360.00,360.00,360.00,0,0
2018-12-20 14:24:00,360.00,360.00,360.00,360.00,0,0
2018-12-20 14:25:00,360.00,360.00,360.00,360.00,0,0
2018-12-20 14:26:00,360.00,360.00,360.00,360.00,0,0
2018-12-20 14:27:00,360.00,360.00,360.00,360.00,0,0
2018-12-20 14:28:00,360.00,360.00,360.00,360.00,0,0
2018-12-20 14:29:00,360.00,360.00,360.00,360.00,0,0
2018-12-20 14:30:00,360.00,360.00,360.00,360.00,0,0
2018-12-20 14:31:00,360.00,360.00,360.00,360.00,0,0
2018-12-20 14:32:00,360.00,360.00,360.00,360.00,0,0
2018-12-20 14:33:00,360.00,360.00,360.00,360.00,0,0
2018-12-20 14:34:00,360.00,360.00,360.00,360.00,0,0
2018-12-20 14:35:00,360.00,360.00,360.00,360.00,0,0
2018-12-20 14:36:00,360.00,360.00,360.00,360.00,0,0
2018-12-20 14:37:00,360.00,360.00,360.00,360.00,0,0
2018-12-20 14:38:00,360.00,360.00,360.00,360.00,0,0
2018-12-20 14:39:00,360.00,360.00,360.00,360.00,0,0
2018-12-20 14:40:00,360.00,360.00,360.00,360.00,0,0
2018-12-20 14:41:00,360.00,360.00,360.00,360.00,0,0
2018-12-20 14:42:00,360.00,360.00,360.00,360.00,0,0
2018-12-20 14:43:00,360.00,360.00,360.00,360.00,0,0
2018-12-20 14:44:00,360.00,360.00,360.00,360.00,0,0
2018-12-20 14:45:00,360.00,360.00,360.00,360.00,0,0
2018-12-20 14:46:00,360.00,360.00,360.00,360.00,0,0
2018-12-20 14:47:00,360.00,360.00,360.00,360.00,0,0
2018-12-20 14:48:00,360.00,360.00,360.00,360.00,0,0
2018-12-20 14:49:00,360.00,360.00,360.00,360.00,0,0
2018-12-20 14:50:00,360.00,360.00,360.00,360.00,0,0
2018-12-20 14:51:00,360.00,360.00,360.00,360.00,0,0
2018-12-20 14:52:00,360.00,360.00,360.00,360.00,0,0
2018-12-20 14:53:00,360.00,360.00,360.00,360.00,0,0
2018-12-20 14:54:00,360.00,360.00,360.00,360.00,0,0
2018-12-20 14:55:00,360.00,360.00,358.80,358.80,0,500
2018-12-20 14:56:00,358.80,358.80,358.80,358.80,0,0
2018-12-20 14:57:00,358.80,358.80,358.80,358.80,0,0
2018-12-20 14:58:00,358.80,358.80,358.80,358.80,0,0
2018-12-20 14:59:00,358.80,358.80,358.80,358.80,0,0
2018-12-20 15:00:00,358.80,358.80,358.80,358.80,0,0
2018-12-20 15:01:00,358.80,358.80,358.80,358.80,0,0
2018-12-20 15:02:00,358.80,358.80,358.80,358.80,0,0
2018-12-20 15:03:00,358.80,358.80,358.80,358.80,0,0
2018-12-20 15:04:00,358.80,358.80,358.80,358.80,0,0
2018-12-20 15:05:00,358.80,367.00,358.80,367.00,80,500
2018-12-20 15:06:00,367.00,367.00,367.00,367.00,0,0
2018-12-20 15:07:00,367.00,375.00,367.00,375.00,100,500
2018-12-20 15:08:00,375.00,375.00,375.00,375.00,0,0
2018-12-20 15:09:00,375.00,375.00,355.00,355.00,20,580
2018-12-20 15:10:00,355.00,355.00,355.00,355.00,0,0
2018-12-20 15:11:00,355.00,355.00,350.00,350.00,20,600
2018-12-20 15:12:00,350.00,350.00,350.00,350.00,0,0
2018-12-20 15:13:00,350.00,350.00,350.00,350.00,0,0
2018-12-20 15:14:00,350.00,350.00,331.70,331.70,40,620
2018-12-20 15:15:00,331.70,331.70,331.70,331.70,0,0
2018-12-20 15:16:00,331.70,331.70,331.70,331.70,0,0
2018-12-20 15:17:00,331.70,331.70,331.70,331.70,0,0
2018-12-20 15:18:00,331.70,331.70,330.00,330.00,20,660
2018-12-20 15:19:00,330.00,330.00,330.00,330.00,0,0
2018-12-20 15:20:00,330.00,330.00,330.00,330.00,0,0
2018-12-20 15:21:00,330.00,330.00,330.00,330.00,0,0
2018-12-20 15:22:00,330.00,330.00,330.00,330.00,0,0
2018-12-20 15:23:00,330.00,330.00,330.00,330.00,0,0
2018-12-20 15:24:00,330.00,330.00,330.00,330.00,0,0
2018-12-20 15:25:00,330.00,330.00,330.00,330.00,0,0
2018-12-20 15:26:00,330.00,361.45,330.00,361.45,200,680
2018-12-20 15:27:00,361.45,361.45,361.45,361.45,0,0
2018-12-20 15:28:00,361.45,361.45,361.45,361.45,0,0
2018-12-20 15:29:01,361.45,361.45,361.45,361.45,0,0
2018-12-21 09:26:00,340.00,340.00,340.00,340.00,0,880
2018-12-21 09:27:00,340.00,340.00,340.00,340.00,0,0
2018-12-21 09:28:00,340.00,340.00,340.00,340.00,0,0
2018-12-21 09:29:00,340.00,340.00,340.00,340.00,0,0
2018-12-21 09:30:00,340.00,340.00,340.00,340.00,0,0
2018-12-21 09:31:00,340.00,340.00,340.00,340.00,0,0
2018-12-21 09:32:00,340.00,340.00,340.00,340.00,0,0
2018-12-21 09:33:00,340.00,340.00,340.00,340.00,0,0
2018-12-21 09:34:00,340.00,340.00,340.00,340.00,0,0
2018-12-21 09:35:00,340.00,340.00,340.00,340.00,0,0
2018-12-21 09:36:00,340.00,340.00,340.00,340.00,0,0
2018-12-21 09:37:00,340.00,340.00,340.00,340.00,0,0
2018-12-21 09:38:00,340.00,340.00,329.95,330.00,120,880
2018-12-21 09:39:00,330.00,330.00,330.00,330.00,0,0
2018-12-21 09:40:00,330.00,330.00,330.00,330.00,0,0
2018-12-21 09:41:00,330.00,330.00,330.00,330.00,0,0
2018-12-21 09:42:00,330.00,330.00,330.00,330.00,0,0
2018-12-21 09:43:00,330.00,330.00,330.00,330.00,100,920
2018-12-21 09:44:00,330.00,330.00,330.00,330.00,0,0
2018-12-21 09:45:00,330.00,330.00,330.00,330.00,0,0
2018-12-21 09:46:00,330.00,330.00,330.00,330.00,0,0
2018-12-21 09:47:00,330.00,343.70,330.00,343.70,400,920
2018-12-21 09:48:00,343.70,345.70,343.70,345.70,400,920
2018-12-21 09:49:00,345.70,345.70,345.70,345.70,0,0
2018-12-21 09:50:00,345.70,345.70,345.70,345.70,0,0
2018-12-21 09:51:00,345.70,345.70,345.70,345.70,0,0
2018-12-21 09:52:00,345.70,345.70,345.70,345.70,0,0
2018-12-21 09:53:00,345.70,345.70,345.70,345.70,0,0
2018-12-21 09:54:00,345.70,345.70,345.70,345.70,0,0
2018-12-21 09:55:00,345.70,345.70,345.70,345.70,0,0
2018-12-21 09:56:00,345.70,345.70,345.70,345.70,0,0
2018-12-21 09:57:00,345.70,345.70,345.70,345.70,0,0
2018-12-21 09:58:00,345.70,345.70,345.70,345.70,0,0
2018-12-21 09:59:00,345.70,345.70,345.70,345.70,0,0
2018-12-21 10:00:00,345.70,345.70,345.70,345.70,0,0
2018-12-21 10:01:00,345.70,345.70,345.70,345.70,0,0
2018-12-21 10:02:00,345.70,345.70,345.70,345.70,0,0
2018-12-21 10:03:00,345.70,345.70,345.70,345.70,0,0
2018-12-21 10:04:00,345.70,345.70,345.70,345.70,0,0
2018-12-21 10:05:00,345.70,345.70,345.70,345.70,0,0
2018-12-21 10:06:00,345.70,345.70,345.70,345.70,0,0
2018-12-21 10:07:00,345.70,390.00,345.70,390.00,20,1240
2018-12-21 10:08:00,390.00,390.00,390.00,390.00,0,0
2018-12-21 10:09:00,390.00,396.00,390.00,396.00,20,1240
2018-12-21 10:10:00,396.00,406.40,396.00,406.40,60,1240
2018-12-21 10:11:00,406.40,406.40,406.40,406.40,0,0
2018-12-21 10:12:00,406.40,406.40,406.40,406.40,0,0
2018-12-21 10:13:00,406.40,406.40,406.40,406.40,0,0
2018-12-21 10:14:00,406.40,406.40,406.40,406.40,0,0
2018-12-21 10:15:00,406.40,406.40,406.40,406.40,0,0
2018-12-21 10:16:00,406.40,406.40,406.40,406.40,0,0
2018-12-21 10:17:00,406.40,406.40,406.40,406.40,0,0
2018-12-21 10:18:00,406.40,406.40,406.40,406.40,0,0
2018-12-21 10:19:00,406.40,410.05,406.40,409.90,280,1260
2018-12-21 10:20:00,409.90,409.90,409.90,409.90,0,0
2018-12-21 10:21:00,409.90,409.90,409.90,409.90,0,0
2018-12-21 10:22:00,409.90,409.90,409.90,409.90,0,0
2018-12-21 10:23:00,409.90,409.90,409.90,409.90,0,0
2018-12-21 10:24:00,409.90,409.90,409.90,409.90,0,0
2018-12-21 10:25:00,409.90,409.90,409.90,409.90,0,0
2018-12-21 10:26:00,409.90,475.00,409.90,465.00,100,1140
2018-12-21 10:27:00,465.00,465.00,465.00,465.00,0,0
2018-12-21 10:28:00,465.00,465.00,465.00,465.00,0,0
2018-12-21 10:29:00,465.00,465.00,465.00,465.00,0,0
2018-12-21 10:30:00,465.00,470.00,465.00,470.00,20,0
2018-12-21 10:31:00,470.00,510.00,470.00,510.00,20,1240
2018-12-21 10:32:00,510.00,510.00,510.00,510.00,0,0
2018-12-21 10:33:00,510.00,510.00,480.00,480.00,20,1260
2018-12-21 10:34:00,480.00,480.00,480.00,480.00,0,0
2018-12-21 10:35:00,480.00,480.00,480.00,480.00,0,0
2018-12-21 10:36:00,480.00,480.00,480.00,480.00,0,0
2018-12-21 10:37:00,480.00,480.00,480.00,480.00,0,0
2018-12-21 10:38:00,480.00,480.00,480.00,480.00,0,0
2018-12-21 10:39:00,480.00,480.00,480.00,480.00,0,0
2018-12-21 10:40:00,480.00,480.00,480.00,480.00,0,0
2018-12-21 10:41:00,480.00,480.00,480.00,480.00,0,0
2018-12-21 10:42:00,480.00,480.00,480.00,480.00,0,0
2018-12-21 10:43:00,480.00,480.00,471.25,471.25,20,0
2018-12-21 10:44:00,471.25,471.25,471.25,471.25,0,0
2018-12-21 10:45:00,471.25,471.25,450.00,450.00,60,1240
2018-12-21 10:46:00,450.00,450.00,450.00,450.00,0,0
2018-12-21 10:47:00,450.00,450.00,450.00,450.00,0,0
2018-12-21 10:48:00,450.00,450.00,450.00,450.00,0,0
2018-12-21 10:49:00,450.00,450.00,450.00,450.00,0,0
2018-12-21 10:50:00,450.00,450.00,450.00,450.00,0,0
2018-12-21 10:51:00,450.00,450.00,450.00,450.00,0,0
2018-12-21 10:52:00,450.00,450.00,450.00,450.00,0,0
2018-12-21 10:53:00,450.00,450.00,450.00,450.00,0,0
2018-12-21 10:54:00,450.00,450.00,450.00,450.00,0,0
2018-12-21 10:55:00,450.00,450.00,450.00,450.00,0,0
2018-12-21 10:56:00,450.00,450.00,450.00,450.00,0,0
2018-12-21 10:57:00,450.00,474.90,450.00,474.90,40,1260
2018-12-21 10:58:00,473.90,473.90,473.90,473.90,0,1260
2018-12-21 10:59:00,473.90,473.90,473.90,473.90,0,0
2018-12-21 11:00:00,473.90,473.90,473.90,473.90,0,0
2018-12-21 11:01:00,473.90,473.90,473.90,473.90,0,0
2018-12-21 11:02:00,473.90,473.90,473.90,473.90,0,0
2018-12-21 11:03:00,473.90,473.90,473.90,473.90,0,0
2018-12-21 11:04:00,473.90,473.90,473.90,473.90,0,0
2018-12-21 11:05:00,473.90,473.90,473.90,473.90,0,0
2018-12-21 11:06:00,473.90,473.90,473.90,473.90,0,0
2018-12-21 11:07:00,473.90,473.90,473.90,473.90,0,0
2018-12-21 11:08:00,473.90,473.90,473.90,473.90,0,0
2018-12-21 11:09:00,473.90,473.90,473.90,473.90,0,0
2018-12-21 11:10:00,473.90,473.90,473.90,473.90,0,0
2018-12-21 11:11:00,473.90,473.90,473.90,473.90,0,0
2018-12-21 11:12:00,473.90,473.90,473.90,473.90,0,0
2018-12-21 11:13:00,473.90,473.90,473.90,473.90,0,0
2018-12-21 11:14:00,473.90,473.90,473.90,473.90,0,0
2018-12-21 11:15:00,473.90,473.90,473.90,473.90,0,0
2018-12-21 11:16:00,473.90,473.90,473.90,473.90,0,0
2018-12-21 11:17:00,473.90,473.90,473.90,473.90,0,0
2018-12-21 11:18:00,473.90,473.90,473.90,473.90,0,0
2018-12-21 11:19:00,473.90,473.90,473.90,473.90,0,0
2018-12-21 11:20:00,473.90,473.90,473.90,473.90,0,0
2018-12-21 11:21:00,473.90,473.90,473.90,473.90,0,0
2018-12-21 11:22:00,473.90,473.90,473.90,473.90,0,0
2018-12-21 11:23:00,473.90,473.90,473.90,473.90,0,0
2018-12-21 11:24:00,473.90,473.90,473.90,473.90,0,0
2018-12-21 11:25:00,473.90,473.90,473.90,473.90,0,0
2018-12-21 11:26:00,473.90,473.90,473.90,473.90,0,0
2018-12-21 11:27:00,473.90,473.90,473.90,473.90,0,0
2018-12-21 11:28:00,473.90,473.90,473.90,473.90,0,0
2018-12-21 11:29:00,473.90,480.00,473.90,480.00,40,1260
2018-12-21 11:30:00,480.00,480.00,480.00,480.00,0,0
2018-12-21 11:31:00,480.00,480.00,480.00,480.00,60,1260
2018-12-21 11:32:00,480.00,480.00,480.00,480.00,0,0
2018-12-21 11:33:00,480.00,480.00,480.00,480.00,0,0
2018-12-21 11:34:00,480.00,480.00,480.00,480.00,0,0
2018-12-21 11:35:00,480.00,480.00,480.00,480.00,0,0
2018-12-21 11:36:00,480.00,480.00,480.00,480.00,0,0
2018-12-21 11:37:00,480.00,480.00,480.00,480.00,0,0
2018-12-21 11:38:00,480.00,480.00,480.00,480.00,0,0
2018-12-21 11:39:00,480.00,480.00,480.00,480.00,0,0
2018-12-21 11:40:00,480.00,480.00,480.00,480.00,0,0
2018-12-21 11:41:00,480.00,480.00,480.00,480.00,0,0
2018-12-21 11:42:00,480.00,480.00,480.00,480.00,0,0
2018-12-21 11:43:00,480.00,480.00,480.00,480.00,0,0
2018-12-21 11:44:00,480.00,480.00,480.00,480.00,0,0
2018-12-21 11:45:00,480.00,480.00,480.00,480.00,0,0
2018-12-21 11:46:00,480.00,480.00,480.00,480.00,0,0
2018-12-21 11:47:00,480.00,520.00,480.00,520.00,20,1340
2018-12-21 11:48:00,520.00,520.00,520.00,520.00,0,0
2018-12-21 11:49:00,520.00,520.00,520.00,520.00,0,0
2018-12-21 11:50:00,520.00,520.00,520.00,520.00,0,0
2018-12-21 11:51:00,520.00,520.00,520.00,520.00,0,0
2018-12-21 11:52:00,520.00,520.00,520.00,520.00,0,0
2018-12-21 11:53:00,520.00,520.00,520.00,520.00,0,0
2018-12-21 11:54:00,520.00,520.00,520.00,520.00,0,0
2018-12-21 11:55:00,520.00,520.00,520.00,520.00,0,0
2018-12-21 11:56:00,520.00,520.00,520.00,520.00,0,0
2018-12-21 11:57:00,520.00,520.00,520.00,520.00,0,0
2018-12-21 11:58:00,520.00,520.00,520.00,520.00,0,0
2018-12-21 11:59:00,520.00,520.00,520.00,520.00,0,0
2018-12-21 12:00:00,520.00,520.00,511.20,511.20,140,1340
2018-12-21 12:01:00,511.20,511.20,511.20,511.20,0,0
2018-12-21 12:02:00,511.20,511.20,511.20,511.20,0,0
2018-12-21 12:03:00,511.20,511.20,511.20,511.20,0,0
2018-12-21 12:04:00,511.20,511.20,511.20,511.20,0,0
2018-12-21 12:05:00,511.20,511.20,511.20,511.20,0,0
2018-12-21 12:06:00,511.20,511.20,511.20,511.20,0,0
2018-12-21 12:07:00,511.20,511.20,511.20,511.20,0,0
2018-12-21 12:08:00,511.20,511.20,511.20,511.20,0,0
2018-12-21 12:09:00,511.20,511.20,511.20,511.20,0,0
2018-12-21 12:10:00,511.20,511.20,511.20,511.20,0,0
2018-12-21 12:11:00,511.20,549.00,511.20,549.00,60,1480
2018-12-21 12:14:00,539.80,539.80,539.80,539.80,0,0
2018-12-21 12:15:00,539.80,539.80,539.80,539.80,0,0
2018-12-21 12:16:00,539.80,539.80,539.80,539.80,0,0
2018-12-21 12:17:00,539.80,539.80,533.05,533.05,20,1580
2018-12-21 12:18:00,533.05,533.05,533.05,533.05,0,0
2018-12-21 12:19:00,533.05,533.05,533.05,533.05,0,0
2018-12-21 12:20:00,533.05,533.05,533.05,533.05,0,0
2018-12-21 12:21:00,533.05,533.05,533.05,533.05,0,0
2018-12-21 12:22:00,533.05,533.05,533.05,533.05,0,0
2018-12-21 12:23:00,533.05,533.05,533.05,533.05,0,0
2018-12-21 12:24:00,533.05,533.05,533.05,533.05,0,0
2018-12-21 12:25:00,533.05,533.05,512.70,512.70,40,1600
2018-12-21 12:26:00,512.70,512.70,512.70,512.70,0,0
2018-12-21 12:27:00,512.70,512.70,512.70,512.70,0,0
2018-12-21 12:28:00,512.70,512.70,512.70,512.70,0,0
2018-12-21 12:29:00,512.70,512.70,512.70,512.70,0,0
2018-12-21 12:30:00,512.70,512.70,512.70,512.70,0,0
2018-12-21 12:31:00,512.70,512.70,475.00,475.00,100,1640
2018-12-21 12:32:00,475.00,475.00,475.00,475.00,0,0
2018-12-21 12:33:00,475.00,475.00,475.00,475.00,0,0
2018-12-21 12:34:00,475.00,475.00,475.00,475.00,0,0
2018-12-21 12:35:00,475.00,475.00,475.00,475.00,0,0
2018-12-21 12:36:00,475.00,475.00,475.00,475.00,0,0
2018-12-21 12:37:00,475.00,475.00,475.00,475.00,0,0
2018-12-21 12:38:00,475.00,475.00,475.00,475.00,0,0
2018-12-21 12:39:00,475.00,475.00,475.00,475.00,0,0
2018-12-21 12:40:00,475.00,475.00,475.00,475.00,0,0
2018-12-21 12:41:00,475.00,475.00,475.00,475.00,0,0
2018-12-21 12:42:00,475.00,475.00,475.00,475.00,0,0
2018-12-21 12:43:00,475.00,475.00,475.00,475.00,0,0
2018-12-21 12:44:00,475.00,475.00,475.00,475.00,0,0
2018-12-21 12:45:00,475.00,475.00,475.00,475.00,0,0
2018-12-21 12:46:00,475.00,475.00,475.00,475.00,0,0
2018-12-21 12:47:00,475.00,475.00,475.00,475.00,0,0
2018-12-21 12:48:00,475.00,475.00,475.00,475.00,0,0
2018-12-21 12:49:00,475.00,475.00,475.00,475.00,0,0
2018-12-21 12:50:00,475.00,475.00,475.00,475.00,0,0
2018-12-21 12:51:00,475.00,475.00,475.00,475.00,0,0
2018-12-21 12:52:00,475.00,475.00,475.00,475.00,0,0
2018-12-21 12:53:00,475.00,475.00,475.00,475.00,0,0
2018-12-21 12:54:00,475.00,475.00,475.00,475.00,0,0
2018-12-21 12:55:00,475.00,485.10,475.00,485.10,20,1660
2018-12-21 12:56:00,485.10,485.10,485.10,485.10,0,0
2018-12-21 12:57:00,485.10,485.10,485.10,485.10,0,0
2018-12-21 12:58:00,485.10,485.10,485.10,485.10,0,0
2018-12-21 12:59:00,485.10,485.10,485.10,485.10,0,0
2018-12-21 13:00:00,485.10,485.10,485.10,485.10,0,0
2018-12-21 13:01:00,485.10,485.10,485.10,485.10,0,0
2018-12-21 13:02:00,485.10,485.10,485.10,485.10,0,0
2018-12-21 13:03:00,485.10,485.10,485.10,485.10,0,0
2018-12-21 13:04:00,485.10,485.10,485.10,485.10,0,0
2018-12-21 13:05:00,485.10,485.10,485.10,485.10,0,0
2018-12-21 13:06:00,485.10,485.10,485.10,485.10,0,0
2018-12-21 13:07:00,485.10,485.10,485.10,485.10,0,0
2018-12-21 13:08:00,485.10,486.20,485.10,486.20,20,1680
2018-12-21 13:09:00,486.20,486.20,486.20,486.20,0,0
2018-12-21 13:10:00,486.20,504.35,486.20,504.35,20,0
2018-12-21 13:11:00,504.35,504.35,504.35,504.35,0,0
2018-12-21 13:12:00,504.35,504.35,504.35,504.35,0,0
2018-12-21 13:13:00,504.35,504.35,504.35,504.35,0,0
2018-12-21 13:14:00,504.35,504.35,504.35,504.35,0,0
2018-12-21 13:15:00,504.35,504.35,504.35,504.35,0,0
2018-12-21 13:16:00,504.35,504.35,504.35,504.35,0,0
2018-12-21 13:17:00,504.35,504.35,504.35,504.35,0,0
2018-12-21 13:18:00,504.35,504.35,504.35,504.35,0,0
2018-12-21 13:19:00,504.35,504.35,504.35,504.35,0,0
2018-12-21 13:20:00,504.35,504.35,504.35,504.35,0,0
2018-12-21 13:21:00,504.35,504.35,504.35,504.35,0,0
2018-12-21 13:22:00,504.35,504.35,504.35,504.35,0,0
2018-12-21 13:23:00,504.35,504.35,504.35,504.35,0,0
2018-12-21 13:24:00,504.35,504.35,504.35,504.35,0,0
2018-12-21 13:25:00,504.35,504.35,504.35,504.35,0,0
2018-12-21 13:26:00,504.35,504.35,504.35,504.35,0,0
2018-12-21 13:27:00,504.35,504.35,492.75,492.75,20,1720
2018-12-21 13:28:00,519.45,519.45,519.45,519.45,0,0
2018-12-21 13:29:00,519.45,519.45,519.45,519.45,0,0
2018-12-21 13:30:00,519.45,519.45,519.45,519.45,0,0
2018-12-21 13:31:00,519.45,519.45,519.45,519.45,0,0
2018-12-21 13:32:00,519.45,519.45,503.25,503.25,20,1720
2018-12-21 13:33:00,503.25,503.25,503.25,503.25,0,0
2018-12-21 13:34:00,503.25,503.25,503.25,503.25,0,0
2018-12-21 13:35:00,503.25,503.25,503.25,503.25,0,0
2018-12-21 13:36:00,503.25,503.25,503.25,503.25,0,0
2018-12-21 13:37:00,503.25,503.25,503.25,503.25,0,0
2018-12-21 13:38:00,503.25,503.25,503.25,503.25,0,0
2018-12-21 13:39:00,503.25,512.25,503.25,512.25,20,1720
2018-12-21 13:40:00,512.25,512.25,512.25,512.25,0,0
2018-12-21 13:41:00,512.25,512.25,512.25,512.25,0,0
2018-12-21 13:42:00,512.25,512.25,512.25,512.25,0,0
2018-12-21 13:43:00,512.25,512.25,512.25,512.25,0,0
2018-12-21 13:44:00,512.25,512.25,512.25,512.25,0,0
2018-12-21 13:45:00,512.25,512.25,512.25,512.25,0,0
2018-12-21 13:46:00,512.25,512.25,512.25,512.25,0,0
2018-12-21 13:47:00,512.25,512.25,512.25,512.25,0,0
2018-12-21 13:48:00,512.25,512.25,512.25,512.25,0,0
2018-12-21 13:49:00,512.25,514.35,512.25,514.35,20,1740
2018-12-21 13:50:00,514.35,514.35,514.35,514.35,0,0
2018-12-21 13:51:00,514.35,514.35,514.35,514.35,0,0
2018-12-21 13:52:00,514.35,514.35,514.35,514.35,0,0
2018-12-21 13:53:00,514.35,514.35,514.35,514.35,0,0
2018-12-21 13:54:00,514.35,514.35,514.35,514.35,0,0
2018-12-21 13:55:00,514.35,514.35,514.35,514.35,0,0
2018-12-21 13:56:00,514.35,514.35,514.35,514.35,0,0
2018-12-21 13:57:00,514.35,514.35,514.35,514.35,0,0
2018-12-21 13:58:00,514.35,514.35,514.35,514.35,0,0
2018-12-21 13:59:00,514.35,514.35,514.35,514.35,0,0
2018-12-21 14:00:00,514.35,555.00,514.35,551.30,60,1760
2018-12-21 14:01:00,551.30,551.30,551.30,551.30,0,0
2018-12-21 14:02:00,551.30,551.30,551.30,551.30,0,0
2018-12-21 14:03:00,551.30,551.30,551.30,551.30,0,0
2018-12-21 14:04:00,551.30,551.30,551.30,551.30,0,0
2018-12-21 14:05:00,551.30,566.00,551.30,559.25,420,1800
2018-12-21 14:06:00,559.25,559.25,559.25,559.25,0,0
2018-12-21 14:07:00,559.25,559.25,559.25,559.25,0,0
2018-12-21 14:08:00,559.25,559.25,559.25,559.25,0,0
2018-12-21 14:09:00,559.25,559.25,559.25,559.25,0,0
2018-12-21 14:10:00,559.25,559.25,559.25,559.25,0,0
2018-12-21 14:11:00,559.25,559.25,559.25,559.25,0,0
2018-12-21 14:12:00,559.25,559.25,559.25,559.25,0,0
2018-12-21 14:13:00,559.25,559.25,559.25,559.25,0,0
2018-12-21 14:14:00,559.25,559.25,559.25,559.25,0,0
2018-12-21 14:15:00,559.25,559.25,559.25,559.25,0,0
2018-12-21 14:16:00,559.25,559.25,559.25,559.25,0,0
2018-12-21 14:17:00,559.25,559.25,559.25,559.25,0,0
2018-12-21 14:18:00,559.25,559.25,559.25,559.25,0,0
2018-12-21 14:19:00,559.25,559.25,559.25,559.25,0,0
2018-12-21 14:20:00,559.25,559.25,559.25,559.25,0,0
2018-12-21 14:21:00,559.25,599.30,559.25,582.50,140,2080
2018-12-21 14:22:00,582.50,607.70,582.50,607.70,140,2080
2018-12-21 14:23:00,607.70,611.55,607.70,611.55,20,2340
2018-12-21 14:24:00,611.55,611.55,611.55,611.55,0,0
2018-12-21 14:25:00,611.55,611.55,603.00,603.00,220,2340
2018-12-21 14:26:00,603.00,603.00,603.00,603.00,0,0
2018-12-21 14:27:00,603.00,625.00,603.00,625.00,160,2480
2018-12-21 14:28:00,625.00,628.50,625.00,628.50,40,2480
2018-12-21 14:29:00,628.50,628.50,628.50,628.50,0,0
2018-12-21 14:30:00,628.50,628.50,628.50,628.50,0,0
2018-12-21 14:31:00,628.50,628.50,628.50,628.50,0,0
2018-12-21 14:32:00,628.50,628.50,627.00,627.00,80,2720
2018-12-21 14:33:00,627.00,627.00,627.00,627.00,0,0
2018-12-21 14:34:00,627.00,627.00,627.00,627.00,0,0
2018-12-21 14:35:00,627.00,627.00,627.00,627.00,0,0
2018-12-21 14:36:00,627.00,627.00,627.00,627.00,0,0
2018-12-21 14:37:00,627.00,627.00,627.00,627.00,0,0
2018-12-21 14:38:00,627.00,627.00,627.00,627.00,0,0
2018-12-21 14:39:00,627.00,627.00,627.00,627.00,0,0
2018-12-21 14:40:00,627.00,627.00,627.00,627.00,0,0
2018-12-21 14:41:00,627.00,627.00,627.00,627.00,0,0
2018-12-21 14:42:00,627.00,627.00,627.00,627.00,0,0
2018-12-21 14:43:00,627.00,627.00,627.00,627.00,0,0
2018-12-21 14:44:00,627.00,627.00,627.00,627.00,0,0
2018-12-21 14:45:00,627.00,627.00,627.00,627.00,0,0
2018-12-21 14:46:00,627.00,627.00,627.00,627.00,0,0
2018-12-21 14:47:00,627.00,627.00,627.00,627.00,0,0
2018-12-21 14:48:00,627.00,627.00,627.00,627.00,0,0
2018-12-21 14:49:00,627.00,627.00,627.00,627.00,0,0
2018-12-21 14:50:00,627.00,627.00,627.00,627.00,0,0
2018-12-21 14:51:00,627.00,627.00,627.00,627.00,0,0
2018-12-21 14:52:00,627.00,627.00,627.00,627.00,0,0
2018-12-21 14:53:00,627.00,627.00,627.00,627.00,0,0
2018-12-21 14:54:00,627.00,627.00,627.00,627.00,0,0
2018-12-21 14:55:00,627.00,627.00,627.00,627.00,0,0
2018-12-21 14:56:00,627.00,627.00,627.00,627.00,0,0
2018-12-21 14:57:00,627.00,627.00,627.00,627.00,0,0
2018-12-21 14:58:00,627.00,627.00,605.00,605.00,100,2460
2018-12-21 14:59:00,605.00,605.00,590.00,590.00,100,2560
2018-12-21 15:00:00,590.00,590.00,590.00,590.00,100,2560
2018-12-21 15:01:00,590.00,590.00,590.00,590.00,0,0
2018-12-21 15:02:00,590.00,590.00,590.00,590.00,0,0
2018-12-21 15:03:00,590.00,590.00,590.00,590.00,0,0
2018-12-21 15:04:00,590.00,590.00,590.00,590.00,0,0
2018-12-21 15:05:00,590.00,590.00,590.00,590.00,0,0
2018-12-21 15:06:00,590.00,590.00,590.00,590.00,0,0
2018-12-21 15:07:00,590.00,590.00,590.00,590.00,0,0
2018-12-21 15:08:00,590.00,615.00,590.00,615.00,100,2660
2018-12-21 15:09:00,615.00,615.00,615.00,615.00,0,0
2018-12-21 15:10:00,615.00,619.90,615.00,619.90,100,2660
2018-12-21 15:11:00,619.90,620.00,615.00,615.00,140,2820
2018-12-21 15:12:00,615.00,615.00,615.00,615.00,0,0
2018-12-21 15:13:00,615.00,615.00,615.00,615.00,0,0
2018-12-21 15:14:00,615.00,615.00,615.00,615.00,0,0
2018-12-21 15:15:00,615.00,615.00,615.00,615.00,0,0
2018-12-21 15:16:00,615.00,615.00,615.00,615.00,100,2920
2018-12-21 15:17:00,615.00,615.00,615.00,615.00,100,3020
2018-12-21 15:18:00,615.00,615.00,600.00,600.00,200,3020
2018-12-21 15:19:00,600.00,600.00,600.00,600.00,0,0
2018-12-21 15:20:00,600.00,600.00,600.00,600.00,0,0
2018-12-21 15:21:00,600.00,600.00,595.00,595.00,100,3320
2018-12-21 15:22:00,595.00,595.00,595.00,595.00,200,3320
2018-12-21 15:23:00,595.00,595.00,587.30,587.30,20,3620
2018-12-21 15:24:00,587.30,600.00,587.30,600.00,200,3620
2018-12-21 15:25:00,600.00,600.00,600.00,600.00,0,0
2018-12-21 15:26:00,600.00,600.00,590.00,590.00,100,3820
2018-12-21 15:27:00,590.00,590.00,590.00,590.00,0,0
2018-12-21 15:28:00,590.00,590.00,580.00,580.00,200,3820
2018-12-21 15:29:01,580.00,580.00,580.00,580.00,0,0
2018-12-24 09:22:00,611.40,611.40,611.40,611.40,0,0
2018-12-24 09:23:00,611.40,611.40,611.40,611.40,0,0
2018-12-24 09:24:00,611.40,611.40,611.40,611.40,0,0
2018-12-24 09:25:00,611.40,618.00,611.40,618.00,200,4080
2018-12-24 09:26:00,618.00,618.00,600.00,600.00,20,4080
2018-12-24 09:27:00,600.00,600.00,570.90,571.20,100,4240
2018-12-24 09:28:00,571.20,576.75,570.00,570.00,80,4240
2018-12-24 09:29:00,570.00,570.00,570.00,570.00,0,0
2018-12-24 09:30:00,570.00,580.00,570.00,580.00,80,4220
2018-12-24 09:31:00,580.00,580.00,580.00,580.00,0,0
2018-12-24 09:32:00,580.00,580.00,580.00,580.00,0,0
2018-12-24 09:33:00,580.00,607.75,580.00,607.75,20,4220
2018-12-24 09:34:00,607.75,619.75,607.75,619.75,20,4220
2018-12-24 09:35:00,619.75,619.75,619.75,619.75,0,0
2018-12-24 09:36:00,619.75,619.75,619.75,619.75,0,0
2018-12-24 09:37:00,619.75,619.75,619.75,619.75,0,0
2018-12-24 09:38:00,619.75,619.75,619.75,619.75,0,0
2018-12-24 09:39:00,619.75,619.75,619.75,619.75,0,0
2018-12-24 09:40:00,619.75,619.75,619.75,619.75,0,0
2018-12-24 09:41:00,619.75,619.75,619.75,619.75,0,0
2018-12-24 09:42:00,619.75,619.75,619.75,619.75,0,0
2018-12-24 09:43:00,619.75,619.75,619.75,619.75,0,0
2018-12-24 09:44:00,619.75,619.75,619.75,619.75,0,0
2018-12-24 09:45:00,619.75,619.75,619.75,619.75,0,0
2018-12-24 09:46:00,619.75,638.50,619.75,638.50,20,4200
2018-12-24 09:47:00,638.50,647.80,638.50,647.80,20,4200
2018-12-24 09:48:00,647.80,652.60,647.80,652.60,20,4200
2018-12-24 09:49:00,652.60,652.60,652.60,652.60,0,0
2018-12-24 09:50:00,652.60,652.60,652.60,652.60,0,0
2018-12-24 09:51:00,652.60,652.60,652.60,652.60,0,0
2018-12-24 09:52:00,652.60,652.60,652.30,652.30,20,4200
2018-12-24 09:53:00,652.30,652.30,652.30,652.30,0,0
2018-12-24 09:54:00,652.30,672.90,652.30,671.00,80,4200
2018-12-24 09:55:00,671.00,671.00,671.00,671.00,0,0
2018-12-24 09:56:00,671.00,671.00,667.00,667.00,20,4200
2018-12-24 09:57:00,667.00,667.00,667.00,667.00,0,0
2018-12-24 09:58:00,667.00,667.00,667.00,667.00,0,0
2018-12-24 09:59:00,667.00,667.00,667.00,667.00,0,0
2018-12-24 10:00:00,667.00,667.00,667.00,667.00,0,0
2018-12-24 10:01:00,667.00,667.00,667.00,667.00,0,0
2018-12-24 10:02:00,667.00,667.00,667.00,667.00,0,0
2018-12-24 10:03:00,667.00,667.00,667.00,667.00,0,0
2018-12-24 10:04:00,667.00,667.00,667.00,667.00,0,0
2018-12-24 10:05:00,667.00,667.00,667.00,667.00,0,0
2018-12-24 10:06:00,667.00,700.00,667.00,697.00,80,4200
2018-12-24 10:07:00,697.00,697.00,693.25,693.25,40,4200
2018-12-24 10:08:00,693.25,693.25,693.25,693.25,0,0
2018-12-24 10:09:00,693.25,693.25,693.25,693.25,0,0
2018-12-24 10:10:00,693.25,693.25,693.25,693.25,0,0
2018-12-24 10:11:00,693.25,693.25,693.25,693.25,0,0
2018-12-24 10:12:00,693.25,693.25,693.25,693.25,0,0
2018-12-24 10:13:00,693.25,693.25,693.25,693.25,0,0
2018-12-24 10:14:00,693.25,693.25,693.25,693.25,0,0
2018-12-24 10:15:00,693.25,693.25,693.25,693.25,0,0
2018-12-24 10:16:00,693.25,693.25,693.25,693.25,0,0
2018-12-24 10:17:00,693.25,693.25,693.25,693.25,0,0
2018-12-24 10:18:00,693.25,693.25,693.25,693.25,0,0
2018-12-24 10:19:00,693.25,693.25,693.25,693.25,0,0
2018-12-24 10:20:00,693.25,693.25,693.25,693.25,0,0
2018-12-24 10:21:00,693.25,693.25,693.25,693.25,0,0
2018-12-24 10:22:00,693.25,693.25,693.25,693.25,0,0
2018-12-24 10:23:00,693.25,693.25,693.25,693.25,0,0
2018-12-24 10:24:00,693.25,693.25,693.25,693.25,0,0
2018-12-24 10:25:00,693.25,693.25,674.90,674.90,20,4280
2018-12-24 10:26:00,674.90,674.90,674.90,674.90,0,0
2018-12-24 10:27:00,674.90,674.90,674.90,674.90,0,0
2018-12-24 10:28:00,674.90,674.90,674.90,674.90,0,0
2018-12-24 10:29:00,674.90,674.90,674.90,674.90,0,0
2018-12-24 10:30:00,674.90,687.10,674.90,687.10,20,4280
2018-12-24 10:31:00,687.10,708.95,687.10,708.95,80,4280
2018-12-24 10:32:00,708.95,708.95,708.95,708.95,0,0
2018-12-24 10:33:00,708.95,708.95,708.95,708.95,0,0
2018-12-24 10:34:00,708.95,708.95,708.95,708.95,0,0
2018-12-24 10:35:00,708.95,708.95,708.95,708.95,0,0
2018-12-24 10:36:00,708.95,708.95,708.95,708.95,0,0
2018-12-24 10:37:00,708.95,708.95,708.95,708.95,0,0
2018-12-24 10:38:00,708.95,708.95,708.95,708.95,0,0
2018-12-24 10:39:00,708.95,708.95,708.95,708.95,0,0
2018-12-24 10:40:00,708.95,708.95,708.95,708.95,0,0
2018-12-24 10:41:00,708.95,708.95,708.95,708.95,0,0
2018-12-24 10:42:00,708.95,708.95,708.95,708.95,0,0
2018-12-24 10:43:00,708.95,708.95,708.95,708.95,0,0
2018-12-24 10:44:00,708.95,708.95,700.00,700.00,20,4300
2018-12-24 10:45:00,700.00,700.00,700.00,700.00,0,0
2018-12-24 10:46:00,700.00,700.00,698.70,698.70,20,4280
2018-12-24 10:47:00,698.70,698.70,698.70,698.70,0,0
2018-12-24 10:48:00,698.70,698.70,698.70,698.70,0,0
2018-12-24 10:49:00,698.70,698.70,698.70,698.70,0,0
2018-12-24 10:50:00,698.70,698.70,698.70,698.70,0,0
2018-12-24 10:51:00,698.70,698.70,698.70,698.70,0,0
2018-12-24 10:52:00,698.70,698.70,698.70,698.70,0,0
2018-12-24 10:53:00,698.70,698.70,698.70,698.70,0,0
2018-12-24 10:54:00,698.70,698.70,698.70,698.70,0,0
2018-12-24 10:55:00,698.70,698.70,698.70,698.70,0,0
2018-12-24 10:56:00,698.70,698.70,698.70,698.70,0,0
2018-12-24 10:57:00,698.70,698.70,698.70,698.70,0,0
2018-12-24 10:58:00,698.70,698.70,698.70,698.70,0,0
2018-12-24 10:59:00,698.70,698.70,698.15,698.15,20,4280
2018-12-24 11:00:00,698.15,701.80,698.15,701.80,20,4280
2018-12-24 11:01:00,701.80,701.80,700.00,700.00,20,0
2018-12-24 11:02:00,700.00,704.60,700.00,701.55,40,4280
2018-12-24 11:03:00,701.55,701.55,695.35,695.35,20,0
2018-12-24 11:04:00,695.35,695.35,695.35,695.35,0,0
2018-12-24 11:05:00,695.35,695.35,695.35,695.35,0,0
2018-12-24 11:06:00,695.35,695.35,695.35,695.35,0,0
2018-12-24 11:07:00,695.35,695.35,695.35,695.35,0,0
2018-12-24 11:08:00,695.35,695.35,695.35,695.35,0,0
2018-12-24 11:09:00,695.35,695.35,695.35,695.35,0,0
2018-12-24 11:10:00,695.35,695.35,695.35,695.35,0,0
2018-12-24 11:11:00,695.35,695.35,695.35,695.35,0,0
2018-12-24 11:12:00,695.35,695.35,695.35,695.35,0,0
2018-12-24 11:13:00,695.35,695.35,695.35,695.35,0,0
2018-12-24 11:14:00,695.35,695.35,695.35,695.35,0,0
2018-12-24 11:15:00,695.35,695.35,695.35,695.35,0,0
2018-12-24 11:16:00,695.35,695.35,695.35,695.35,0,0
2018-12-24 11:17:00,695.35,695.35,695.35,695.35,0,0
2018-12-24 11:18:00,695.35,695.35,695.35,695.35,0,0
2018-12-24 11:19:00,695.35,695.35,695.35,695.35,0,0
2018-12-24 11:20:00,695.35,695.35,695.35,695.35,0,0
2018-12-24 11:21:00,695.35,695.35,695.35,695.35,0,0
2018-12-24 11:22:00,695.35,695.35,695.35,695.35,0,0
2018-12-24 11:23:00,695.35,695.35,695.35,695.35,0,0
2018-12-24 11:24:00,695.35,695.35,695.35,695.35,0,0
2018-12-24 11:25:00,695.35,695.35,695.35,695.35,0,0
2018-12-24 11:26:00,695.35,695.35,695.35,695.35,0,0
2018-12-24 11:27:00,695.35,695.35,695.35,695.35,0,0
2018-12-24 11:28:00,695.35,695.35,695.35,695.35,0,0
2018-12-24 11:29:00,695.35,695.35,695.35,695.35,0,0
2018-12-24 11:30:00,695.35,695.35,695.35,695.35,0,0
2018-12-24 11:31:00,695.35,695.35,695.35,695.35,0,0
2018-12-24 11:32:00,695.35,695.35,695.35,695.35,0,0
2018-12-24 11:33:00,695.35,695.35,695.35,695.35,0,0
2018-12-24 11:34:00,695.35,695.35,695.35,695.35,0,0
2018-12-24 11:35:00,695.35,696.55,695.35,696.10,180,4260
2018-12-24 11:36:00,696.10,696.10,682.80,684.20,40,4260
2018-12-24 11:37:00,684.20,684.20,684.20,684.20,0,0
2018-12-24 11:38:00,684.20,684.20,684.20,684.20,0,0
2018-12-24 11:39:00,684.20,684.20,684.20,684.20,0,0
2018-12-24 11:40:00,684.20,684.20,684.20,684.20,0,0
2018-12-24 11:41:00,684.20,684.20,684.20,684.20,0,0
2018-12-24 11:42:00,684.20,684.20,684.20,684.20,0,0
2018-12-24 11:43:00,684.20,684.20,684.20,684.20,0,0
2018-12-24 11:44:00,684.20,684.20,684.20,684.20,0,0
2018-12-24 11:45:00,684.20,684.20,684.20,684.20,0,0
2018-12-24 11:46:00,684.20,684.20,684.20,684.20,0,0
2018-12-24 11:47:00,684.20,684.20,684.20,684.20,0,0
2018-12-24 11:48:00,684.20,684.20,684.20,684.20,0,0
2018-12-24 11:49:00,684.20,684.20,684.20,684.20,0,0
2018-12-24 11:50:00,684.20,684.20,684.20,684.20,0,0
2018-12-24 11:51:00,684.20,684.20,684.20,684.20,0,0
2018-12-24 11:52:00,684.20,684.20,684.20,684.20,0,0
2018-12-24 11:53:00,684.20,684.20,684.20,684.20,0,0
2018-12-24 11:54:00,684.20,684.20,684.20,684.20,0,0
2018-12-24 11:55:00,684.20,684.20,684.20,684.20,0,0
2018-12-24 11:56:00,684.20,684.20,684.20,684.20,0,0
2018-12-24 11:57:00,684.20,684.20,684.20,684.20,0,0
2018-12-24 11:58:00,684.20,684.20,684.20,684.20,0,0
2018-12-24 11:59:00,684.20,684.20,684.20,684.20,0,0
2018-12-24 12:00:00,684.20,684.20,684.20,684.20,0,0
2018-12-24 12:01:00,684.20,684.20,684.20,684.20,0,0
2018-12-24 12:02:00,684.20,684.20,684.20,684.20,0,0
2018-12-24 12:03:00,684.20,698.65,684.20,698.65,20,4260
2018-12-24 12:04:00,698.65,698.65,698.65,698.65,0,0
2018-12-24 12:05:00,698.65,698.65,698.65,698.65,0,0
2018-12-24 12:06:00,698.65,698.65,698.65,698.65,0,0
2018-12-24 12:07:00,698.65,698.65,698.65,698.65,0,0
2018-12-24 12:08:00,698.65,698.65,698.65,698.65,0,0
2018-12-24 12:09:00,698.65,698.65,698.65,698.65,0,0
2018-12-24 12:10:00,698.65,698.65,698.65,698.65,0,0
2018-12-24 12:11:00,698.65,698.65,698.65,698.65,0,0
2018-12-24 12:12:00,698.65,698.65,698.65,698.65,0,0
2018-12-24 12:13:00,698.65,698.65,698.65,698.65,0,0
2018-12-24 12:14:00,698.65,698.65,698.65,698.65,0,0
2018-12-24 12:15:00,698.65,698.65,698.65,698.65,0,0
2018-12-24 12:16:00,698.65,698.65,698.65,698.65,0,0
2018-12-24 12:17:00,698.65,698.65,698.65,698.65,0,0
2018-12-24 12:18:00,698.65,698.65,698.65,698.65,0,0
2018-12-24 12:19:00,698.65,698.65,698.65,698.65,0,0
2018-12-24 12:20:00,698.65,698.65,698.65,698.65,0,0
2018-12-24 12:21:00,698.65,698.65,698.65,698.65,0,0
2018-12-24 12:22:00,698.65,698.65,698.65,698.65,0,0
2018-12-24 12:23:00,698.65,698.65,698.65,698.65,0,0
2018-12-24 12:24:00,698.65,698.65,698.65,698.65,0,0
2018-12-24 12:25:00,698.65,698.65,698.65,698.65,0,0
2018-12-24 12:26:00,698.65,698.65,698.65,698.65,0,0
2018-12-24 12:27:00,698.65,698.65,698.65,698.65,0,0
2018-12-24 12:28:00,698.65,698.65,698.65,698.65,0,0
2018-12-24 12:29:00,698.65,698.65,698.65,698.65,0,0
2018-12-24 12:30:00,698.65,698.65,698.65,698.65,0,0
2018-12-24 12:31:00,698.65,698.65,698.65,698.65,0,0
2018-12-24 12:32:00,698.65,698.65,698.65,698.65,0,0
2018-12-24 12:33:00,698.65,698.65,698.65,698.65,0,0
2018-12-24 12:34:00,698.65,698.65,698.65,698.65,0,0
2018-12-24 12:35:00,698.65,698.65,610.00,610.00,100,4260
2018-12-24 12:36:00,610.00,610.00,610.00,610.00,0,0
2018-12-24 12:37:00,610.00,610.00,610.00,610.00,0,0
2018-12-24 12:38:00,610.00,610.00,610.00,610.00,0,0
2018-12-24 12:39:00,610.00,610.00,610.00,610.00,0,0
2018-12-24 12:40:00,610.00,610.00,610.00,610.00,0,0
2018-12-24 12:41:00,610.00,610.00,610.00,610.00,0,0
2018-12-24 12:42:00,610.00,610.00,610.00,610.00,0,0
2018-12-24 12:43:00,610.00,610.00,610.00,610.00,0,0
2018-12-24 12:44:00,610.00,610.00,610.00,610.00,0,0
2018-12-24 12:45:00,610.00,610.00,610.00,610.00,0,0
2018-12-24 12:46:00,610.00,610.00,610.00,610.00,0,0
2018-12-24 12:47:00,610.00,610.00,610.00,610.00,0,0
2018-12-24 12:48:00,610.00,610.00,610.00,610.00,0,0
2018-12-24 12:49:00,610.00,610.00,610.00,610.00,0,0
2018-12-24 12:50:00,610.00,610.00,610.00,610.00,0,0
2018-12-24 12:51:00,610.00,610.00,610.00,610.00,0,0
2018-12-24 12:52:00,610.00,610.00,610.00,610.00,0,0
2018-12-24 12:53:00,610.00,610.00,610.00,610.00,0,0
2018-12-24 12:54:00,610.00,610.00,610.00,610.00,0,0
2018-12-24 12:55:00,610.00,610.00,610.00,610.00,0,0
2018-12-24 12:56:00,610.00,610.00,610.00,610.00,0,0
2018-12-24 12:57:00,610.00,610.00,610.00,610.00,0,0
2018-12-24 12:58:00,610.00,610.00,610.00,610.00,0,0
2018-12-24 12:59:00,610.00,610.00,610.00,610.00,0,0
2018-12-24 13:00:00,610.00,610.00,610.00,610.00,0,0
2018-12-24 13:01:00,610.00,610.00,610.00,610.00,0,0
2018-12-24 13:02:00,610.00,610.00,610.00,610.00,0,0
2018-12-24 13:03:00,610.00,610.00,610.00,610.00,0,0
2018-12-24 13:04:00,610.00,610.00,610.00,610.00,0,0
2018-12-24 13:05:00,610.00,610.00,610.00,610.00,0,0
2018-12-24 13:06:00,610.00,610.00,610.00,610.00,0,0
2018-12-24 13:07:00,610.00,610.00,610.00,610.00,0,0
2018-12-24 13:08:00,610.00,610.00,610.00,610.00,0,0
2018-12-24 13:09:00,610.00,610.00,610.00,610.00,0,0
2018-12-24 13:10:00,610.00,610.00,610.00,610.00,0,0
2018-12-24 13:11:00,610.00,610.00,610.00,610.00,0,0
2018-12-24 13:12:00,610.00,610.00,610.00,610.00,0,0
2018-12-24 13:13:00,610.00,610.00,610.00,610.00,0,0
2018-12-24 13:14:00,610.00,610.00,610.00,610.00,0,0
2018-12-24 13:15:00,610.00,610.00,610.00,610.00,0,0
2018-12-24 13:16:00,610.00,610.00,610.00,610.00,0,0
2018-12-24 13:17:00,610.00,610.00,610.00,610.00,0,0
2018-12-24 13:18:00,610.00,610.00,610.00,610.00,0,0
2018-12-24 13:19:00,610.00,610.00,610.00,610.00,0,0
2018-12-24 13:20:00,610.00,610.00,610.00,610.00,0,0
2018-12-24 13:21:00,610.00,610.00,610.00,610.00,0,0
2018-12-24 13:22:00,610.00,610.00,610.00,610.00,0,0
2018-12-24 13:23:00,610.00,610.00,610.00,610.00,0,0
2018-12-24 13:24:00,610.00,610.00,610.00,610.00,0,0
2018-12-24 13:25:00,610.00,610.00,610.00,610.00,0,0
2018-12-24 13:26:00,610.00,610.00,610.00,610.00,0,0
2018-12-24 13:27:00,610.00,610.00,610.00,610.00,0,0
2018-12-24 13:28:00,610.00,610.00,610.00,610.00,0,0
2018-12-24 13:29:00,610.00,610.00,610.00,610.00,0,0
2018-12-24 13:30:00,610.00,610.00,610.00,610.00,0,0
2018-12-24 13:31:00,610.00,610.00,610.00,610.00,0,0
2018-12-24 13:32:00,610.00,610.00,610.00,610.00,0,0
2018-12-24 13:33:00,610.00,610.00,610.00,610.00,0,0
2018-12-24 13:34:00,610.00,610.00,610.00,610.00,0,0
2018-12-24 13:35:00,610.00,610.00,610.00,610.00,0,0
2018-12-24 13:36:00,610.00,610.00,610.00,610.00,0,0
2018-12-24 13:37:00,610.00,610.00,610.00,610.00,0,0
2018-12-24 13:38:00,610.00,610.00,610.00,610.00,0,0
2018-12-24 13:39:00,610.00,610.00,610.00,610.00,0,0
2018-12-24 13:40:00,610.00,610.00,610.00,610.00,0,0
2018-12-24 13:41:00,610.00,610.00,610.00,610.00,0,0
2018-12-24 13:42:00,610.00,610.00,610.00,610.00,0,0
2018-12-24 13:43:00,610.00,610.00,610.00,610.00,0,0
2018-12-24 13:44:00,610.00,610.00,610.00,610.00,0,0
2018-12-24 13:45:00,610.00,610.00,610.00,610.00,0,0
2018-12-24 13:46:00,610.00,610.00,610.00,610.00,0,0
2018-12-24 13:47:00,610.00,610.00,610.00,610.00,0,0
2018-12-24 13:48:00,610.00,610.00,610.00,610.00,0,0
2018-12-24 13:49:00,610.00,610.00,610.00,610.00,0,0
2018-12-24 13:50:00,610.00,610.00,610.00,610.00,0,0
2018-12-24 13:51:00,610.00,610.00,610.00,610.00,0,0
2018-12-24 13:52:00,610.00,610.00,610.00,610.00,0,0
2018-12-24 13:53:00,610.00,610.00,610.00,610.00,0,0
2018-12-24 13:54:00,610.00,610.00,610.00,610.00,0,0
2018-12-24 13:55:00,610.00,610.00,610.00,610.00,0,0
2018-12-24 13:56:00,610.00,610.00,610.00,610.00,0,0
2018-12-24 13:57:00,610.00,610.00,610.00,610.00,0,0
2018-12-24 13:58:00,610.00,610.00,610.00,610.00,0,0
2018-12-24 13:59:00,610.00,610.00,610.00,610.00,0,0
2018-12-24 14:00:00,610.00,610.00,610.00,610.00,0,0
2018-12-24 14:01:00,610.00,610.00,610.00,610.00,0,0
2018-12-24 14:02:00,610.00,610.00,610.00,610.00,0,0
2018-12-24 14:03:00,610.00,610.00,610.00,610.00,0,0
2018-12-24 14:04:00,610.00,610.00,610.00,610.00,0,0
2018-12-24 14:05:00,610.00,610.00,610.00,610.00,0,0
2018-12-24 14:06:00,610.00,610.00,610.00,610.00,0,0
2018-12-24 14:07:00,610.00,610.00,610.00,610.00,0,0
2018-12-24 14:08:00,610.00,610.00,610.00,610.00,0,0
2018-12-24 14:09:00,610.00,610.00,610.00,610.00,0,0
2018-12-24 14:10:00,610.00,610.00,610.00,610.00,0,0
2018-12-24 14:11:00,610.00,610.00,610.00,610.00,0,0
2018-12-24 14:12:00,610.00,610.00,610.00,610.00,0,0
2018-12-24 14:13:00,610.00,610.00,610.00,610.00,0,0
2018-12-24 14:14:00,610.00,610.00,610.00,610.00,0,0
2018-12-24 14:15:00,610.00,610.00,610.00,610.00,0,0
2018-12-24 14:16:00,610.00,610.00,610.00,610.00,0,0
2018-12-24 14:17:00,610.00,610.00,610.00,610.00,0,0
2018-12-24 14:18:00,610.00,610.00,610.00,610.00,0,0
2018-12-24 14:19:00,610.00,610.00,610.00,610.00,0,0
2018-12-24 14:20:00,610.00,610.00,610.00,610.00,0,0
2018-12-24 14:21:00,610.00,610.00,610.00,610.00,0,0
2018-12-24 14:22:00,610.00,610.00,610.00,610.00,0,0
2018-12-24 14:23:00,610.00,610.00,610.00,610.00,0,0
2018-12-24 14:24:00,610.00,610.00,610.00,610.00,0,0
2018-12-24 14:25:00,610.00,610.00,610.00,610.00,0,0
2018-12-24 14:26:00,610.00,610.00,610.00,610.00,0,0
2018-12-24 14:27:00,610.00,610.00,610.00,610.00,0,0
2018-12-24 14:28:00,610.00,692.35,610.00,692.35,20,4260
2018-12-24 14:29:00,692.35,692.35,692.35,692.35,0,0
2018-12-24 14:30:00,692.35,692.35,692.35,692.35,0,0
2018-12-24 14:31:00,692.35,692.35,692.35,692.35,0,0
2018-12-24 14:32:00,692.35,692.35,692.35,692.35,0,0
2018-12-24 14:33:00,692.35,692.35,692.35,692.35,0,0
2018-12-24 14:34:00,692.35,692.35,692.35,692.35,0,0
2018-12-24 14:35:00,692.35,692.35,692.35,692.35,0,0
2018-12-24 14:36:00,692.35,692.35,692.35,692.35,0,0
2018-12-24 14:37:00,692.35,692.35,692.35,692.35,0,0
2018-12-24 14:38:00,692.35,692.35,692.35,692.35,0,0
2018-12-24 14:39:00,692.35,718.00,692.35,718.00,200,4280
2018-12-24 14:40:00,718.00,718.00,718.00,718.00,0,0
2018-12-24 14:41:00,718.00,718.00,711.15,711.15,20,4080
2018-12-24 14:42:00,711.15,711.15,711.15,711.15,0,0
2018-12-24 14:43:00,711.15,711.15,711.15,711.15,0,0
2018-12-24 14:44:00,711.15,711.15,711.15,711.15,0,0
2018-12-24 14:45:00,711.15,711.15,711.15,711.15,0,0
2018-12-24 14:46:00,711.15,722.00,711.15,721.85,160,4080
2018-12-24 14:47:00,721.85,721.85,715.10,715.10,60,4080
2018-12-24 14:48:00,718.15,728.45,718.15,728.45,120,4080
2018-12-24 14:49:00,728.45,733.80,722.65,725.35,60,4080
2018-12-24 14:50:00,725.35,725.35,719.80,722.75,100,4080
2018-12-24 14:51:00,722.75,722.75,719.65,719.65,40,4100
2018-12-24 14:52:00,719.65,719.65,719.65,719.65,0,0
2018-12-24 14:53:00,719.65,719.65,719.65,719.65,0,0
2018-12-24 14:54:00,719.65,719.65,719.65,719.65,0,0
2018-12-24 14:55:00,719.65,720.55,719.65,720.55,20,4100
2018-12-24 14:56:00,720.55,720.55,720.55,720.55,0,0
2018-12-24 14:57:00,720.55,720.55,720.55,720.55,0,0
2018-12-24 14:58:00,720.55,720.55,720.55,720.55,0,0
2018-12-24 14:59:00,720.55,720.55,720.55,720.55,0,0
2018-12-24 15:00:00,720.55,720.55,720.55,720.55,0,0
2018-12-24 15:01:00,720.55,720.55,720.55,720.55,0,0
2018-12-24 15:02:00,720.55,720.55,720.55,720.55,0,0
2018-12-24 15:03:00,720.55,720.55,702.85,702.85,40,4100
2018-12-24 15:04:00,702.85,702.85,702.85,702.85,0,4100
2018-12-24 15:05:00,723.30,723.30,723.30,723.30,0,0
2018-12-24 15:06:00,723.30,723.30,723.30,723.30,0,0
2018-12-24 15:07:00,723.30,723.30,723.30,723.30,0,0
2018-12-24 15:08:00,723.30,723.30,723.30,723.30,0,0
2018-12-24 15:09:00,723.30,723.30,723.30,723.30,0,0
2018-12-24 15:10:00,723.30,723.30,723.30,723.30,0,0
2018-12-24 15:11:00,723.30,723.30,723.30,723.30,0,0
2018-12-24 15:12:00,723.30,723.30,723.30,723.30,0,0
2018-12-24 15:13:00,723.30,723.30,723.30,723.30,0,0
2018-12-24 15:14:00,723.30,723.30,723.30,723.30,0,0
2018-12-24 15:15:00,723.30,723.30,723.30,723.30,0,0
2018-12-24 15:16:00,723.30,723.30,723.30,723.30,0,0
2018-12-24 15:17:00,723.30,723.30,723.30,723.30,0,0
2018-12-24 15:18:00,723.30,723.30,723.30,723.30,0,0
2018-12-24 15:19:00,723.30,723.30,723.30,723.30,0,0
2018-12-24 15:20:00,723.30,723.30,723.30,723.30,0,0
2018-12-24 15:21:00,723.30,723.30,723.30,723.30,0,0
2018-12-24 15:22:00,723.30,723.30,690.00,690.00,100,4100
2018-12-24 15:23:00,690.00,690.00,690.00,690.00,0,0
2018-12-24 15:24:00,690.00,690.00,690.00,690.00,0,0
2018-12-24 15:25:00,690.00,695.25,690.00,695.00,100,4000
2018-12-24 15:26:00,695.00,696.00,695.00,696.00,20,4000
2018-12-24 15:27:00,696.00,696.00,685.00,685.00,80,3980
2018-12-24 15:28:00,685.00,685.00,685.00,685.00,0,0
2018-12-24 15:29:01,685.00,685.00,685.00,685.00,0,0
2018-12-26 09:21:00,850.00,850.00,844.15,844.15,20,3900
2018-12-26 09:22:00,850.00,850.00,850.00,850.00,0,0
2018-12-26 09:23:00,850.00,850.00,850.00,850.00,0,0
2018-12-26 09:24:00,850.00,865.00,850.00,865.00,20,3900
2018-12-26 09:25:00,865.00,865.00,865.00,865.00,0,0
2018-12-26 09:26:00,865.00,865.00,865.00,865.00,0,0
2018-12-26 09:27:00,865.00,888.95,865.00,888.95,20,3920
2018-12-26 09:28:00,888.95,888.95,888.95,888.95,0,0
2018-12-26 09:29:00,888.95,888.95,860.00,860.00,20,3920
2018-12-26 09:30:00,860.00,860.00,860.00,860.00,0,0
2018-12-26 09:31:00,860.00,860.00,860.00,860.00,0,0
2018-12-26 09:32:00,860.00,860.00,860.00,860.00,0,0
2018-12-26 09:33:00,860.00,860.00,860.00,860.00,0,0
2018-12-26 09:34:00,860.00,880.00,860.00,880.00,20,3920
2018-12-26 09:35:00,880.00,880.00,880.00,880.00,0,0
2018-12-26 09:36:00,880.00,880.00,801.80,801.80,200,0
2018-12-26 09:37:00,801.80,801.80,801.80,801.80,0,0
2018-12-26 09:38:00,801.80,801.80,801.80,801.80,0,0
2018-12-26 09:39:00,801.80,801.80,801.80,801.80,0,0
2018-12-26 09:40:00,801.80,801.80,801.80,801.80,0,0
2018-12-26 09:41:00,801.80,801.80,801.80,801.80,0,0
2018-12-26 09:42:00,801.80,801.80,801.80,801.80,0,0
2018-12-26 09:43:00,801.80,801.80,801.80,801.80,0,0
2018-12-26 09:44:00,801.80,950.00,801.80,948.05,40,3740
2018-12-26 09:45:00,948.05,948.05,948.05,948.05,0,0
2018-12-26 09:46:00,948.05,948.05,948.05,948.05,0,0
2018-12-26 09:47:00,948.05,948.05,948.05,948.05,0,0
2018-12-26 09:48:00,948.05,948.05,948.05,948.05,0,0
2018-12-26 09:49:00,948.05,948.05,948.05,948.05,0,0
2018-12-26 09:50:00,948.05,948.05,948.05,948.05,0,0
2018-12-26 09:51:00,948.05,948.05,948.05,948.05,0,0
2018-12-26 09:52:00,948.05,948.05,911.45,911.45,200,3720
2018-12-26 09:53:00,911.45,911.45,911.45,911.45,0,0
2018-12-26 09:54:00,911.45,911.45,911.45,911.45,0,0
2018-12-26 09:55:00,911.45,911.45,911.45,911.45,0,0
2018-12-26 09:56:00,911.45,944.45,911.45,944.45,40,3540
2018-12-26 09:57:00,944.45,945.90,943.50,945.90,80,3540
2018-12-26 09:58:00,945.90,951.40,945.90,951.40,100,3540
2018-12-26 09:59:00,951.40,951.40,948.15,948.15,20,3540
2018-12-26 10:00:00,948.15,948.15,948.15,948.15,0,0
2018-12-26 10:01:00,948.15,948.15,948.15,948.15,0,0
2018-12-26 10:02:00,948.15,948.15,948.15,948.15,0,0
2018-12-26 10:03:00,948.15,948.15,948.15,948.15,0,0
2018-12-26 10:04:00,948.15,948.15,948.15,948.15,0,0
2018-12-26 10:05:00,948.15,948.15,948.15,948.15,0,0
2018-12-26 10:06:00,948.15,948.15,935.00,935.00,40,3540
2018-12-26 10:07:00,935.00,935.00,935.00,935.00,0,0
2018-12-26 10:08:00,935.00,935.00,935.00,935.00,0,0
2018-12-26 10:09:00,935.00,935.00,935.00,935.00,0,0
2018-12-26 10:10:00,935.00,935.00,935.00,935.00,0,0
2018-12-26 10:11:00,935.00,935.00,935.00,935.00,0,0
2018-12-26 10:12:00,935.00,935.00,935.00,935.00,0,0
2018-12-26 10:13:00,935.00,960.00,935.00,960.00,100,3560
2018-12-26 10:14:00,960.00,960.00,960.00,960.00,0,0
2018-12-26 10:15:00,960.00,960.00,960.00,960.00,0,0
2018-12-26 10:16:00,960.00,960.00,960.00,960.00,0,0
2018-12-26 10:17:00,960.00,960.00,960.00,960.00,0,0
2018-12-26 10:18:00,960.00,960.00,960.00,960.00,0,0
2018-12-26 10:19:00,960.00,975.00,960.00,975.00,80,3460
2018-12-26 10:20:00,975.00,975.00,970.00,970.00,20,3460
2018-12-26 10:21:00,970.00,970.00,970.00,970.00,0,0
2018-12-26 10:22:00,970.00,970.00,970.00,970.00,0,0
2018-12-26 10:23:00,970.00,972.00,970.00,972.00,100,3380
2018-12-26 10:24:00,972.00,972.00,972.00,972.00,0,0
2018-12-26 10:25:00,972.00,972.00,972.00,972.00,0,3340
2018-12-26 10:26:00,960.00,960.00,960.00,960.00,0,0
2018-12-26 10:27:00,960.00,960.00,960.00,960.00,0,0
2018-12-26 10:28:00,960.00,960.00,960.00,960.00,0,0
2018-12-26 10:29:00,960.00,960.00,960.00,960.00,0,0
2018-12-26 10:30:00,960.00,960.00,960.00,960.00,0,0
2018-12-26 10:31:00,960.00,960.00,960.00,960.00,0,0
2018-12-26 10:32:00,960.00,960.00,960.00,960.00,0,0
2018-12-26 10:33:00,960.00,960.00,960.00,960.00,0,0
2018-12-26 10:34:00,960.00,960.00,960.00,960.00,0,0
2018-12-26 10:35:00,960.00,960.00,930.00,930.00,100,3360
2018-12-26 10:36:00,930.00,930.00,930.00,930.00,0,0
2018-12-26 10:37:00,930.00,930.00,930.00,930.00,0,0
2018-12-26 10:38:00,930.00,930.00,930.00,930.00,0,0
2018-12-26 10:39:00,930.00,930.00,930.00,930.00,0,0
2018-12-26 10:40:00,930.00,930.00,930.00,930.00,0,0
2018-12-26 10:41:00,930.00,930.00,930.00,930.00,0,0
2018-12-26 10:42:00,930.00,930.00,930.00,930.00,0,0
2018-12-26 10:43:00,930.00,930.00,930.00,930.00,0,0
2018-12-26 10:44:00,930.00,930.00,930.00,930.00,0,0
2018-12-26 10:45:00,930.00,930.00,930.00,930.00,0,0
2018-12-26 10:46:00,930.00,930.00,930.00,930.00,0,0
2018-12-26 10:47:00,930.00,930.00,930.00,930.00,0,0
2018-12-26 10:48:00,930.00,930.00,930.00,930.00,0,0
2018-12-26 10:49:00,930.00,930.00,930.00,930.00,0,0
2018-12-26 10:50:00,930.00,948.00,930.00,948.00,20,3460
2018-12-26 10:51:00,948.00,948.00,948.00,948.00,0,0
2018-12-26 10:52:00,948.00,948.00,948.00,948.00,0,0
2018-12-26 10:53:00,948.00,948.00,948.00,948.00,0,0
2018-12-26 10:54:00,948.00,948.00,948.00,948.00,0,0
2018-12-26 10:55:00,948.00,948.00,948.00,948.00,0,0
2018-12-26 10:56:00,948.00,948.00,948.00,948.00,0,0
2018-12-26 10:57:00,948.00,948.00,948.00,948.00,0,0
2018-12-26 10:58:00,948.00,948.00,948.00,948.00,0,0
2018-12-26 10:59:00,948.00,948.00,948.00,948.00,0,0
2018-12-26 11:00:00,948.00,948.00,948.00,948.00,0,0
2018-12-26 11:01:00,948.00,948.00,948.00,948.00,0,0
2018-12-26 11:02:00,948.00,948.00,948.00,948.00,0,0
2018-12-26 11:03:00,948.00,948.00,948.00,948.00,0,0
2018-12-26 11:04:00,948.00,948.00,915.00,915.00,20,3460
2018-12-26 11:05:00,915.00,915.00,915.00,915.00,0,0
2018-12-26 11:06:00,915.00,915.00,915.00,915.00,0,0
2018-12-26 11:07:00,915.00,925.00,915.00,925.00,20,0
2018-12-26 11:08:00,925.00,925.00,925.00,925.00,0,0
2018-12-26 11:09:00,925.00,925.00,925.00,925.00,0,0
2018-12-26 11:10:00,925.00,925.00,921.10,921.10,100,3460
2018-12-26 11:11:00,921.10,921.10,921.10,921.10,0,0
2018-12-26 11:12:00,921.10,921.10,915.15,915.15,100,3460
2018-12-26 11:13:00,915.15,915.15,915.15,915.15,0,0
2018-12-26 11:14:00,915.15,915.15,915.15,915.15,0,0
2018-12-26 11:15:00,915.15,915.15,915.15,915.15,0,0
2018-12-26 11:16:00,915.15,915.15,915.15,915.15,0,0
2018-12-26 11:17:00,915.15,915.15,915.15,915.15,0,0
2018-12-26 11:18:00,915.15,915.15,915.15,915.15,0,0
2018-12-26 11:19:00,915.15,915.15,915.15,915.15,0,0
2018-12-26 11:20:00,915.15,915.15,915.15,915.15,0,0
2018-12-26 11:21:00,915.15,915.15,915.15,915.15,0,0
2018-12-26 11:22:00,915.15,915.15,915.15,915.15,0,0
2018-12-26 11:23:00,915.15,915.15,915.15,915.15,0,0
2018-12-26 11:24:00,915.15,915.15,915.15,915.15,0,0
2018-12-26 11:25:00,915.15,915.15,915.15,915.15,0,0
2018-12-26 11:26:00,915.15,921.10,915.15,921.10,100,3660
2018-12-26 11:27:00,921.10,921.10,921.10,921.10,0,0
2018-12-26 11:28:00,921.10,921.10,921.10,921.10,0,0
2018-12-26 11:29:00,921.10,921.10,921.10,921.10,0,0
2018-12-26 11:30:00,921.10,921.10,921.10,921.10,0,0
2018-12-26 11:31:00,921.10,921.10,921.10,921.10,0,0
2018-12-26 11:32:00,921.10,921.10,921.10,921.10,0,0
2018-12-26 11:33:00,921.10,921.10,921.10,921.10,0,0
2018-12-26 11:34:00,921.10,921.10,911.10,911.10,100,3760
2018-12-26 11:35:00,911.10,911.10,911.10,911.10,0,0
2018-12-26 11:36:00,911.10,911.10,911.10,911.10,0,0
2018-12-26 11:37:00,911.10,911.10,911.10,911.10,0,0
2018-12-26 11:38:00,911.10,911.10,911.10,911.10,0,0
2018-12-26 11:39:00,911.10,911.10,911.10,911.10,0,0
2018-12-26 11:40:00,911.10,924.85,911.10,924.85,100,3860
2018-12-26 11:41:00,924.85,924.85,924.85,924.85,0,0
2018-12-26 11:42:00,924.85,929.85,924.85,929.85,200,3660
2018-12-26 11:43:00,929.85,929.85,928.85,928.85,100,3660
2018-12-26 11:44:00,928.85,928.85,928.85,928.85,0,0
2018-12-26 11:45:00,928.85,928.85,928.85,928.85,0,0
2018-12-26 11:46:00,928.85,928.85,928.85,928.85,0,0
2018-12-26 11:47:00,928.85,928.85,928.85,928.85,0,0
2018-12-26 11:48:00,928.85,928.85,928.85,928.85,0,0
2018-12-26 11:49:00,928.85,928.85,928.85,928.85,0,0
2018-12-26 11:50:00,928.85,928.85,928.85,928.85,0,0
2018-12-26 11:51:00,928.85,928.85,928.85,928.85,0,0
2018-12-26 11:52:00,928.85,928.85,928.85,928.85,0,0
2018-12-26 11:53:00,928.85,928.85,928.85,928.85,0,0
2018-12-26 11:54:00,928.85,928.85,928.85,928.85,0,0
2018-12-26 11:55:00,928.85,928.85,928.85,928.85,0,0
2018-12-26 11:56:00,928.85,928.85,928.85,928.85,0,0
2018-12-26 11:57:00,928.85,928.85,928.85,928.85,0,0
2018-12-26 11:58:00,928.85,928.85,928.85,928.85,0,0
2018-12-26 11:59:00,928.85,928.85,928.85,928.85,0,0
2018-12-26 12:00:00,928.85,928.85,928.85,928.85,0,0
2018-12-26 12:01:00,928.85,928.85,928.85,928.85,0,0
2018-12-26 12:02:00,928.85,928.85,928.85,928.85,0,0
2018-12-26 12:03:00,928.85,928.85,928.85,928.85,0,0
2018-12-26 12:04:00,928.85,928.85,928.85,928.85,0,0
2018-12-26 12:05:00,928.85,928.85,928.85,928.85,0,0
2018-12-26 12:06:00,928.85,928.85,928.85,928.85,0,0
2018-12-26 12:07:00,928.85,928.85,928.85,928.85,0,0
2018-12-26 12:08:00,928.85,928.85,928.85,928.85,0,0
2018-12-26 12:09:00,928.85,928.85,928.85,928.85,0,0
2018-12-26 12:10:00,928.85,928.85,928.85,928.85,0,0
2018-12-26 12:11:00,928.85,928.85,928.85,928.85,0,0
2018-12-26 12:12:00,928.85,928.85,928.85,928.85,0,0
2018-12-26 12:13:00,928.85,928.85,928.85,928.85,0,0
2018-12-26 12:14:00,928.85,928.85,928.85,928.85,0,0
2018-12-26 12:15:00,928.85,928.85,928.85,928.85,0,0
2018-12-26 12:16:00,928.85,928.85,928.85,928.85,0,0
2018-12-26 12:17:00,928.85,928.85,928.85,928.85,0,0
2018-12-26 12:18:00,928.85,928.85,928.85,928.85,0,0
2018-12-26 12:19:00,928.85,928.85,928.85,928.85,0,0
2018-12-26 12:20:00,928.85,928.85,860.00,860.00,100,3460
2018-12-26 12:21:00,870.00,870.00,870.00,870.00,0,0
2018-12-26 12:22:00,870.00,885.00,870.00,885.00,100,3260
2018-12-26 12:23:00,885.00,885.00,885.00,885.00,0,0
2018-12-26 12:24:00,885.00,885.00,885.00,885.00,0,0
2018-12-26 12:25:00,885.00,890.00,885.00,890.00,100,3160
2018-12-26 12:26:00,890.00,890.00,890.00,890.00,0,0
2018-12-26 12:27:00,890.00,890.00,890.00,890.00,0,0
2018-12-26 12:28:00,890.00,890.00,890.00,890.00,0,0
2018-12-26 12:29:00,890.00,890.00,890.00,890.00,0,0
2018-12-26 12:30:00,890.00,890.00,890.00,890.00,0,0
2018-12-26 12:31:00,890.00,890.00,890.00,890.00,0,0
2018-12-26 12:32:00,890.00,890.00,890.00,890.00,0,0
2018-12-26 12:33:00,845.00,845.00,845.00,845.00,40,3060
2018-12-26 12:34:00,845.00,845.00,845.00,845.00,0,0
2018-12-26 12:35:00,845.00,845.00,845.00,845.00,0,0
2018-12-26 12:36:00,845.00,845.00,845.00,845.00,0,0
2018-12-26 12:37:00,845.00,845.00,845.00,845.00,0,0
2018-12-26 12:38:00,845.00,845.00,845.00,845.00,0,0
2018-12-26 12:39:00,845.00,845.00,845.00,845.00,0,0
2018-12-26 12:40:00,845.00,885.00,845.00,885.00,100,2960
2018-12-26 12:41:00,890.00,890.00,890.00,890.00,0,2960
2018-12-26 12:42:00,890.00,890.00,890.00,890.00,0,0
2018-12-26 12:43:00,890.00,890.00,890.00,890.00,100,2840
2018-12-26 12:44:00,890.00,890.00,890.00,890.00,0,0
2018-12-26 12:45:00,890.00,895.00,890.00,895.00,100,2840
2018-12-26 12:46:00,895.00,895.00,895.00,895.00,0,0
2018-12-26 12:47:00,895.00,895.00,885.00,885.00,100,2760
2018-12-26 12:48:00,885.00,885.00,885.00,885.00,0,0
2018-12-26 12:49:00,885.00,885.00,885.00,885.00,0,0
2018-12-26 12:50:00,885.00,890.00,885.00,890.00,100,2760
2018-12-26 12:51:00,890.00,890.00,890.00,890.00,0,0
2018-12-26 12:52:00,890.00,890.00,890.00,890.00,0,0
2018-12-26 12:53:00,890.00,890.00,890.00,890.00,0,0
2018-12-26 12:54:00,890.00,890.00,882.00,889.20,440,2760
2018-12-26 12:55:00,889.20,889.20,886.50,886.50,20,2960
2018-12-26 12:56:00,886.50,887.05,886.50,887.05,20,2960
2018-12-26 12:57:00,887.05,887.05,887.05,887.05,0,0
2018-12-26 12:58:00,887.05,887.05,887.05,887.05,0,0
2018-12-26 12:59:00,887.05,889.85,887.05,889.85,20,2960
2018-12-26 13:00:00,889.85,889.85,889.85,889.85,0,0
2018-12-26 13:01:00,889.85,889.85,869.55,869.55,60,2960
2018-12-26 13:02:00,869.55,869.55,869.55,869.55,0,0
2018-12-26 13:03:00,869.55,875.00,869.55,875.00,100,2960
2018-12-26 13:04:00,875.00,875.00,875.00,875.00,0,0
2018-12-26 13:05:00,875.00,875.00,871.30,871.30,40,2820
2018-12-26 13:06:00,871.30,871.30,871.30,871.30,0,0
2018-12-26 13:07:00,871.30,871.30,871.30,871.30,0,0
2018-12-26 13:08:00,871.30,871.30,871.30,871.30,0,0
2018-12-26 13:09:00,871.30,875.60,871.30,875.60,20,2820
2018-12-26 13:10:00,875.60,875.60,875.60,875.60,0,0
2018-12-26 13:11:00,875.60,875.60,875.60,875.60,0,0
2018-12-26 13:12:00,875.60,875.60,856.05,856.05,0,2820
2018-12-26 13:13:00,856.05,856.05,856.05,856.05,0,0
2018-12-26 13:14:00,856.05,856.05,856.05,856.05,0,0
2018-12-26 13:15:00,856.05,856.05,856.05,856.05,0,0
2018-12-26 13:16:00,856.05,856.05,856.05,856.05,0,0
2018-12-26 13:17:00,856.05,856.05,856.05,856.05,0,0
2018-12-26 13:18:00,856.05,856.20,856.05,856.20,0,2780
2018-12-26 13:19:00,856.20,856.20,856.20,856.20,0,0
2018-12-26 13:20:00,856.20,856.20,822.50,824.80,140,2760
2018-12-26 13:21:00,824.80,833.90,824.80,833.90,60,2760
2018-12-26 13:22:00,833.90,833.90,829.25,829.25,40,2580
2018-12-26 13:23:00,829.25,832.60,826.80,826.85,60,2580
2018-12-26 13:24:00,826.85,826.85,826.85,826.85,0,0
2018-12-26 13:25:00,826.85,826.85,824.35,824.35,40,2500
2018-12-26 13:26:00,824.35,824.35,824.35,824.35,0,0
2018-12-26 13:27:00,824.35,838.20,824.35,838.20,20,2500
2018-12-26 13:28:00,838.20,838.20,838.20,838.20,0,0
2018-12-26 13:29:00,838.20,838.20,838.20,838.20,0,0
2018-12-26 13:30:00,838.20,838.20,822.15,825.00,60,2440
2018-12-26 13:31:00,825.15,825.15,820.10,820.10,280,2440
2018-12-26 13:32:00,820.10,820.10,801.75,801.75,340,2440
2018-12-26 13:33:00,801.75,802.10,800.10,800.10,200,2440
2018-12-26 13:34:00,800.10,800.10,800.10,800.10,0,0
2018-12-26 13:35:00,800.10,800.10,763.55,763.55,60,3260
2018-12-26 13:36:00,763.55,763.55,741.80,741.80,60,3260
2018-12-26 13:37:00,741.80,741.80,741.80,741.80,0,0
2018-12-26 13:38:00,741.80,798.80,741.80,798.80,60,3260
2018-12-26 13:39:00,798.80,798.80,798.80,798.80,0,0
2018-12-26 13:40:00,798.80,798.80,798.80,798.80,0,0
2018-12-26 13:41:00,798.80,798.80,798.80,798.80,0,0
2018-12-26 13:42:00,798.80,798.80,798.80,798.80,0,0
2018-12-26 13:43:00,798.80,798.80,798.80,798.80,0,0
2018-12-26 13:44:00,798.80,798.80,798.80,798.80,0,0
2018-12-26 13:45:00,798.80,798.80,798.80,798.80,0,0
2018-12-26 13:46:00,798.80,798.80,689.20,689.20,40,3260
2018-12-26 13:47:00,689.20,689.20,689.20,689.20,0,0
2018-12-26 13:48:00,689.20,689.20,689.20,689.20,0,0
2018-12-26 13:49:00,689.20,689.20,671.00,675.00,160,3260
2018-12-26 13:50:00,675.00,689.90,675.00,676.95,120,3260
2018-12-26 13:51:00,676.95,676.95,676.95,676.95,0,0
2018-12-26 13:52:00,676.95,676.95,676.95,676.95,0,0
2018-12-26 13:53:00,676.95,676.95,676.95,676.95,0,0
2018-12-26 13:54:00,676.95,676.95,676.95,676.95,0,0
2018-12-26 13:55:00,676.95,676.95,676.95,676.95,0,0
2018-12-26 13:56:00,676.95,676.95,600.00,600.00,100,3260
2018-12-26 13:57:00,600.00,600.00,600.00,600.00,0,0
2018-12-26 13:58:00,600.00,600.00,600.00,600.00,0,0
2018-12-26 13:59:00,600.00,600.00,600.00,600.00,0,0
2018-12-26 14:00:00,600.00,600.00,600.00,600.00,0,0
2018-12-26 14:01:00,600.00,650.00,600.00,650.00,100,3260
2018-12-26 14:02:00,650.00,650.00,650.00,650.00,0,0
2018-12-26 14:03:00,650.00,650.00,626.35,626.35,200,3260
2018-12-26 14:04:00,626.35,626.35,626.35,626.35,0,0
2018-12-26 14:05:00,626.35,665.05,626.35,665.05,60,0
2018-12-26 14:06:00,665.05,665.05,665.05,665.05,0,0
2018-12-26 14:07:00,665.05,665.05,665.05,665.05,0,0
2018-12-26 14:08:00,665.05,665.05,665.05,665.05,0,0
2018-12-26 14:09:00,665.05,665.05,665.05,665.05,0,0
2018-12-26 14:10:00,665.05,665.05,665.05,665.05,0,0
2018-12-26 14:11:00,665.05,672.55,665.05,672.55,220,3340
2018-12-26 14:12:00,672.55,672.55,672.55,672.55,0,0
2018-12-26 14:13:00,672.55,672.55,672.55,672.55,0,0
2018-12-26 14:14:00,672.55,672.55,672.55,672.55,0,0
2018-12-26 14:15:00,672.55,672.55,672.55,672.55,0,0
2018-12-26 14:16:00,672.55,672.55,608.80,608.80,20,3520
2018-12-26 14:17:00,608.80,608.80,608.80,608.80,0,0
2018-12-26 14:18:00,608.80,608.80,608.80,608.80,0,0
2018-12-26 14:19:00,608.80,608.80,608.80,608.80,0,0
2018-12-26 14:20:00,608.80,608.80,608.80,608.80,0,0
2018-12-26 14:21:00,608.80,608.80,608.80,608.80,0,0
2018-12-26 14:22:00,608.80,608.80,600.00,600.00,140,3500
2018-12-26 14:23:00,600.00,600.00,600.00,600.00,0,0
2018-12-26 14:24:00,600.00,600.00,590.50,590.50,60,3500
2018-12-26 14:25:00,590.50,590.50,590.50,590.50,0,0
2018-12-26 14:26:00,590.50,590.50,590.50,590.50,0,0
2018-12-26 14:27:00,590.50,590.50,590.50,590.50,0,0
2018-12-26 14:28:00,590.50,591.50,584.95,591.50,200,3600
2018-12-26 14:29:00,591.50,591.50,591.50,591.50,0,0
2018-12-26 14:30:00,591.50,608.60,591.50,608.60,20,3600
2018-12-26 14:31:00,608.60,608.60,608.60,608.60,0,0
2018-12-26 14:32:00,608.60,608.60,584.90,585.65,200,3380
2018-12-26 14:33:00,585.65,585.65,585.65,585.65,0,0
2018-12-26 14:34:00,585.65,585.65,585.65,585.65,0,0
2018-12-26 14:35:00,585.65,585.65,585.65,585.65,0,0
2018-12-26 14:36:00,585.65,585.65,585.65,585.65,0,0
2018-12-26 14:37:00,585.65,585.65,575.00,575.00,20,3180
2018-12-26 14:38:00,575.00,575.00,570.00,570.00,20,3180
2018-12-26 14:39:00,570.00,570.00,570.00,570.00,60,3180
2018-12-26 14:40:00,570.00,570.00,570.00,570.00,0,0
2018-12-26 14:41:00,570.00,570.00,545.05,545.05,60,3200
2018-12-26 14:42:00,545.05,551.40,545.05,551.20,240,3320
2018-12-26 14:43:00,551.65,551.75,542.40,551.75,240,3320
2018-12-26 14:44:00,551.75,551.75,531.90,533.75,900,3320
2018-12-26 14:45:00,535.05,540.80,515.30,517.00,860,4720
2018-12-26 14:46:00,515.65,515.65,505.25,505.25,60,4720
2018-12-26 14:47:00,505.25,505.25,504.50,504.50,20,4720
2018-12-26 14:48:00,504.50,504.50,504.50,504.50,0,0
2018-12-26 14:49:00,504.50,530.00,504.50,530.00,100,5180
2018-12-26 14:50:00,530.00,530.00,503.10,503.10,100,5180
2018-12-26 14:51:00,503.10,503.10,503.10,503.10,0,0
2018-12-26 14:52:00,525.00,525.00,525.00,525.00,0,0
2018-12-26 14:53:00,525.00,525.00,525.00,525.00,0,0
2018-12-26 14:54:00,525.00,528.80,497.40,497.40,400,5500
2018-12-26 14:55:00,497.40,498.70,497.40,498.70,20,5500
2018-12-26 14:56:00,498.70,510.00,498.70,510.00,100,5500
2018-12-26 14:57:00,510.00,510.00,510.00,510.00,0,0
2018-12-26 14:58:00,510.00,521.50,510.00,510.05,360,5540
2018-12-26 14:59:00,510.05,510.05,510.05,510.05,0,0
2018-12-26 15:00:00,510.05,534.05,510.05,534.05,60,5540
2018-12-26 15:01:00,534.05,534.05,520.00,520.00,140,5840
2018-12-26 15:02:00,520.00,530.00,516.10,530.00,220,5840
2018-12-26 15:03:00,530.00,530.00,530.00,530.00,0,0
2018-12-26 15:04:00,530.00,530.00,530.00,530.00,0,0
2018-12-26 15:05:00,530.00,530.00,530.00,530.00,20,5960
2018-12-26 15:06:00,530.00,530.00,530.00,530.00,0,0
2018-12-26 15:07:00,530.00,530.00,518.55,518.55,20,5980
2018-12-26 15:08:00,518.55,518.55,518.55,518.55,0,0
2018-12-26 15:09:00,518.55,518.55,518.55,518.55,0,0
2018-12-26 15:10:00,518.55,518.55,518.55,518.55,0,0
2018-12-26 15:11:00,518.55,518.55,518.55,518.55,0,0
2018-12-26 15:12:00,518.55,518.55,518.55,518.55,0,0
2018-12-26 15:13:00,518.55,520.00,518.55,520.00,80,6000
2018-12-26 15:14:00,520.00,520.00,520.00,520.00,0,0
2018-12-26 15:15:00,520.00,520.00,520.00,520.00,0,0
2018-12-26 15:16:00,520.00,522.00,520.00,522.00,20,6080
2018-12-26 15:17:00,522.00,522.00,522.00,522.00,0,0
2018-12-26 15:18:00,522.00,522.00,522.00,522.00,0,0
2018-12-26 15:19:00,522.00,522.00,518.35,518.35,100,6100
2018-12-26 15:20:00,518.35,519.95,518.35,519.95,20,0
2018-12-26 15:21:00,519.95,519.95,519.95,519.95,0,0
2018-12-26 15:22:00,519.95,519.95,519.95,519.95,0,0
2018-12-26 15:23:00,519.95,519.95,519.95,519.95,0,0
2018-12-26 15:24:00,519.95,519.95,519.95,519.95,0,0
2018-12-26 15:25:00,519.95,519.95,497.25,497.25,20,6000
2018-12-26 15:26:00,497.25,497.25,489.35,493.20,300,6000
2018-12-26 15:27:00,493.20,493.20,490.00,493.20,340,6000
2018-12-26 15:28:00,493.20,493.20,484.65,484.65,120,6240
2018-12-26 15:29:01,484.65,484.65,484.65,484.65,0,0
2018-12-27 09:15:00,399.85,399.85,360.00,375.85,380,6240
2018-12-27 09:16:00,375.85,379.85,360.00,360.00,200,6240
2018-12-27 09:17:00,359.00,359.00,349.00,349.00,400,6440
2018-12-27 09:18:00,349.00,365.65,349.00,365.65,920,6440
2018-12-27 09:19:00,365.65,379.80,365.65,379.75,780,6520
2018-12-27 09:20:00,379.75,384.90,379.75,384.90,80,6520
2018-12-27 09:21:00,384.90,390.80,384.90,390.80,120,0
2018-12-27 09:22:00,390.80,427.50,390.80,419.35,1020,6520
2018-12-27 09:23:00,421.00,423.05,403.15,403.65,1500,7500
2018-12-27 09:24:00,403.65,423.55,403.65,423.55,100,7500
2018-12-27 09:25:00,420.35,420.35,414.40,419.35,120,8920
2018-12-27 09:26:00,422.55,422.55,420.00,421.15,80,8920
2018-12-27 09:27:00,421.15,448.60,408.00,448.60,800,8920
2018-12-27 09:28:00,448.60,448.60,420.50,425.00,180,8920
2018-12-27 09:29:00,425.00,425.00,419.90,419.90,40,9700
2018-12-27 09:30:00,419.90,419.90,419.90,419.90,0,0
2018-12-27 09:31:00,419.90,419.90,417.90,417.90,260,9700
2018-12-27 09:32:00,417.90,417.90,385.40,409.40,660,9920
2018-12-27 09:33:00,409.40,409.40,396.40,396.40,240,9920
2018-12-27 09:34:00,396.40,396.40,394.55,394.55,60,9920
2018-12-27 09:35:00,394.55,394.65,391.30,391.30,80,10420
2018-12-27 09:36:00,391.30,407.35,391.30,405.00,180,10420
2018-12-27 09:37:00,409.95,412.30,400.00,405.15,600,10880
2018-12-27 09:38:00,405.15,412.15,403.00,412.15,60,10880
2018-12-27 09:39:00,412.15,412.20,408.60,410.00,60,10880
2018-12-27 09:40:00,410.00,410.65,409.30,409.30,60,10880
2018-12-27 09:41:00,409.30,414.65,409.30,414.65,20,10980
2018-12-27 09:42:00,414.65,428.45,414.65,428.45,40,10980
2018-12-27 09:43:00,428.45,448.50,428.45,441.75,400,10980
2018-12-27 09:44:00,441.75,453.15,441.75,453.15,240,10960
2018-12-27 09:45:00,453.15,453.15,442.90,444.55,140,10960
2018-12-27 09:46:00,444.55,444.55,437.00,440.00,60,11120
2018-12-27 09:47:00,440.00,447.70,440.00,447.70,120,11120
2018-12-27 09:48:00,447.70,456.95,447.70,456.95,60,11120
2018-12-27 09:49:00,456.95,471.40,456.95,471.40,120,11120
2018-12-27 09:50:00,471.40,471.40,453.30,453.30,520,11100
2018-12-27 09:51:00,453.30,453.30,445.50,445.50,200,11100
2018-12-27 09:52:00,445.50,454.00,445.50,454.00,120,11100
2018-12-27 09:53:00,454.00,454.00,448.85,448.85,20,11220
2018-12-27 09:54:00,448.85,456.50,448.85,456.45,100,11220
2018-12-27 09:55:00,456.45,456.45,448.45,448.45,60,11220
2018-12-27 09:56:00,448.45,449.55,445.60,447.55,340,11300
2018-12-27 09:57:00,447.55,448.55,440.60,446.20,660,11300
2018-12-27 09:58:00,446.20,452.85,446.20,452.85,20,11300
2018-12-27 09:59:00,452.85,455.45,452.85,452.90,200,11600
2018-12-27 10:00:00,452.90,452.90,452.90,452.90,0,0
2018-12-27 10:01:00,452.90,463.55,452.90,463.55,140,11600
2018-12-27 10:02:00,463.55,490.65,463.55,487.85,1420,11580
2018-12-27 10:03:00,487.85,496.75,486.05,486.05,700,11580
2018-12-27 10:04:00,486.05,498.30,486.05,498.30,140,11580
2018-12-27 10:05:00,498.30,523.65,498.30,523.60,400,10780
2018-12-27 10:06:00,523.60,543.00,523.60,540.00,820,10780
2018-12-27 10:07:00,540.00,556.35,540.00,554.00,720,10780
2018-12-27 10:08:00,554.00,554.00,532.35,550.00,2380,10580
2018-12-27 10:09:00,550.00,550.00,519.75,519.75,1140,10580
2018-12-27 10:10:00,519.75,530.00,513.00,513.00,420,10580
2018-12-27 10:11:00,513.00,526.10,513.00,526.10,940,12140
2018-12-27 10:12:00,526.10,540.00,520.50,540.00,460,12140
2018-12-27 10:13:00,540.00,551.65,537.00,551.65,520,12140
2018-12-27 10:14:00,551.65,552.50,540.00,540.00,1520,13680
2018-12-27 10:15:00,540.00,540.00,540.00,540.00,0,0
2018-12-27 10:16:00,540.00,540.00,514.10,515.05,320,13680
2018-12-27 10:17:00,515.05,515.05,492.20,492.20,680,12840
2018-12-27 10:18:00,492.20,492.20,490.00,490.00,20,12840
2018-12-27 10:19:00,490.00,492.75,488.50,491.80,680,12840
2018-12-27 10:20:00,491.80,499.85,491.80,499.85,560,12900
2018-12-27 10:21:00,499.85,499.85,499.85,499.85,0,0
2018-12-27 10:22:00,499.85,503.85,497.30,502.20,680,12900
2018-12-27 10:23:00,502.20,502.20,499.20,499.20,20,12560
2018-12-27 10:24:00,499.20,499.20,480.00,480.00,20,12560
2018-12-27 10:25:00,480.00,480.00,472.00,472.00,120,12560
2018-12-27 10:26:00,472.00,472.00,472.00,472.00,0,0
2018-12-27 10:27:00,472.00,492.00,472.00,492.00,100,12600
2018-12-27 10:28:00,492.00,492.00,492.00,492.00,0,0
2018-12-27 10:29:00,492.00,492.00,492.00,492.00,0,0
2018-12-27 10:30:00,492.00,492.95,481.90,487.10,620,12620
2018-12-27 10:31:00,487.10,487.10,487.10,487.10,0,0
2018-12-27 10:32:00,487.10,487.10,471.60,471.90,180,12940
2018-12-27 10:33:00,471.90,473.80,466.00,466.00,80,12940
2018-12-27 10:34:00,466.00,466.00,463.65,463.65,200,12940
2018-12-27 10:35:00,463.65,468.30,463.65,468.30,120,13000
2018-12-27 10:36:00,468.30,469.85,461.20,461.55,120,13000
2018-12-27 10:37:00,461.55,469.50,461.55,469.50,20,13000
2018-12-27 10:38:00,469.50,470.05,468.10,469.95,60,13260
2018-12-27 10:39:00,469.95,469.95,469.95,469.95,0,0
2018-12-27 10:40:00,469.95,469.95,456.55,456.55,540,13260
2018-12-27 10:41:00,456.55,456.55,450.00,450.00,40,13380
2018-12-27 10:42:00,450.00,450.35,447.90,450.35,140,13380
2018-12-27 10:43:00,450.35,450.35,435.00,435.00,280,13480
2018-12-27 10:44:00,435.00,439.20,433.85,435.60,120,13480
2018-12-27 10:45:00,435.60,437.20,435.60,436.05,240,13480
2018-12-27 10:46:00,436.05,436.05,426.00,426.00,440,13860
2018-12-27 10:47:00,425.65,430.00,422.00,428.15,100,13860
2018-12-27 10:48:00,428.15,429.80,419.20,422.20,400,13860
2018-12-27 10:49:00,422.20,422.65,417.40,418.25,120,13900
2018-12-27 10:50:00,418.35,418.35,418.35,418.35,40,13900
2018-12-27 10:51:00,418.35,418.35,410.45,410.45,80,13900
2018-12-27 10:52:00,410.45,410.45,402.00,402.80,120,13900
2018-12-27 10:53:00,402.80,402.80,402.80,402.80,0,0
2018-12-27 10:54:00,402.80,405.00,402.80,405.00,20,13840
2018-12-27 10:55:00,405.00,405.00,405.00,405.00,0,0
2018-12-27 10:56:00,405.00,405.00,403.15,403.20,60,13840
2018-12-27 10:57:00,403.20,422.05,403.20,422.05,340,13840
2018-12-27 10:58:00,407.75,415.80,407.75,415.80,40,13840
2018-12-27 10:59:00,415.80,415.80,412.25,412.25,80,14480
2018-12-27 11:00:00,412.25,412.25,412.25,412.25,0,14480
2018-12-27 11:01:00,416.00,418.00,415.00,418.00,260,14480
2018-12-27 11:02:00,418.00,426.70,418.00,426.00,40,14800
2018-12-27 11:03:00,426.00,440.00,426.00,440.00,680,14800
2018-12-27 11:04:00,440.00,440.00,432.00,432.00,360,15600
2018-12-27 11:05:00,432.00,432.00,424.10,424.10,220,15600
2018-12-27 11:06:00,424.10,424.10,420.15,422.65,380,15600
2018-12-27 11:07:00,422.65,422.65,422.65,422.65,0,0
2018-12-27 11:08:00,422.65,435.95,422.65,435.95,60,15920
2018-12-27 11:09:00,436.55,436.55,436.55,436.55,0,15920
2018-12-27 11:10:00,436.55,454.85,436.55,454.85,120,15920
2018-12-27 11:11:00,454.85,456.05,449.80,449.80,1060,16040
2018-12-27 11:12:00,449.80,450.00,449.75,450.00,140,16040
2018-12-27 11:13:00,450.00,453.20,450.00,453.20,40,16040
2018-12-27 11:14:00,453.20,458.50,453.20,458.50,20,16080
2018-12-27 11:15:00,458.50,470.00,458.50,470.00,20,16080
2018-12-27 11:16:00,470.00,470.15,468.40,468.40,900,16540
2018-12-27 11:17:00,468.40,468.40,455.40,458.30,100,16540
2018-12-27 11:18:00,458.30,463.45,455.00,463.45,140,16540
2018-12-27 11:19:00,463.45,485.50,463.45,485.50,180,16960
2018-12-27 11:20:00,485.50,498.15,473.10,473.10,1800,16960
2018-12-27 11:21:00,473.10,475.00,473.10,475.00,60,16960
2018-12-27 11:22:00,475.00,489.00,475.00,489.00,640,16960
2018-12-27 11:23:00,489.00,489.00,474.70,474.70,0,18420
2018-12-27 11:24:00,474.70,482.25,474.70,482.20,560,18420
2018-12-27 11:25:00,482.20,482.20,474.40,474.40,240,18420
2018-12-27 11:26:00,474.40,474.40,474.40,474.40,0,0
2018-12-27 11:27:00,474.40,474.40,474.40,474.40,0,0
2018-12-27 11:28:00,474.40,490.00,474.40,490.00,640,18960
2018-12-27 11:29:00,490.00,490.00,489.85,489.85,480,19120
2018-12-27 11:30:00,489.85,489.85,489.85,489.85,0,0
2018-12-27 11:31:00,489.85,489.85,489.85,489.85,0,0
2018-12-27 11:32:00,489.85,489.85,489.80,489.80,200,19540
2018-12-27 11:33:00,489.80,495.00,489.80,495.00,60,19540
2018-12-27 11:34:00,495.00,495.00,486.95,488.65,160,19540
2018-12-27 11:35:00,488.65,488.65,488.65,488.65,0,0
2018-12-27 11:36:00,488.65,488.65,488.65,488.65,0,0
2018-12-27 11:37:00,488.65,488.65,488.65,488.65,0,0
2018-12-27 11:38:00,488.65,488.65,461.20,461.20,420,19600
2018-12-27 11:39:00,461.20,464.65,461.20,463.15,160,19600
2018-12-27 11:40:00,463.15,463.15,463.15,463.15,0,0
2018-12-27 11:41:00,463.15,463.15,463.15,463.15,0,0
2018-12-27 11:42:00,463.15,463.15,463.15,463.15,0,0
2018-12-27 11:43:00,463.15,463.15,463.15,463.15,0,0
2018-12-27 11:44:00,463.15,463.15,463.15,463.15,0,0
2018-12-27 11:45:00,463.15,463.15,463.15,463.15,0,0
2018-12-27 11:46:00,463.15,463.15,463.15,463.15,0,0
2018-12-27 11:47:00,463.15,482.95,463.15,468.45,160,19560
2018-12-27 11:48:00,468.45,468.45,468.45,468.45,0,0
2018-12-27 11:49:00,468.45,468.45,468.45,468.45,0,0
2018-12-27 11:50:00,468.45,468.45,468.45,468.45,0,0
2018-12-27 11:51:00,468.45,468.45,468.45,468.45,0,0
2018-12-27 11:52:00,468.45,468.45,468.45,468.45,0,0
2018-12-27 11:53:00,468.45,470.85,468.45,470.00,40,19560
2018-12-27 11:54:00,470.00,470.00,470.00,470.00,0,0
2018-12-27 11:55:00,470.00,470.00,470.00,470.00,0,0
2018-12-27 11:56:00,470.00,470.00,470.00,470.00,0,0
2018-12-27 11:57:00,470.00,470.00,470.00,470.00,0,0
2018-12-27 11:58:00,470.00,470.00,470.00,470.00,0,0
2018-12-27 11:59:00,470.00,479.50,470.00,479.50,20,19580
2018-12-27 12:00:00,479.50,479.50,479.50,479.50,0,0
2018-12-27 12:01:00,479.50,479.50,479.50,479.50,0,0
2018-12-27 12:02:00,479.50,479.50,479.50,479.50,0,0
2018-12-27 12:03:00,479.50,479.50,479.50,479.50,0,0
2018-12-27 12:04:00,479.50,479.50,479.50,479.50,0,0
2018-12-27 12:05:00,479.50,479.50,464.25,464.25,20,19580
2018-12-27 12:06:00,464.25,470.00,464.25,469.95,40,19580
2018-12-27 12:07:00,469.95,469.95,469.95,469.95,0,0
2018-12-27 12:08:00,469.95,469.95,469.95,469.95,0,0
2018-12-27 12:09:00,469.95,473.00,469.95,473.00,40,19560
2018-12-27 12:10:00,473.00,473.00,473.00,473.00,0,0
2018-12-27 12:11:00,473.00,473.00,473.00,473.00,0,0
2018-12-27 12:12:00,473.00,473.00,455.00,455.00,20,19560
2018-12-27 12:13:00,455.00,455.00,447.00,447.00,100,19560
2018-12-27 12:14:00,447.00,455.00,447.00,455.00,20,19580
2018-12-27 12:15:00,455.00,455.00,449.20,449.20,60,19580
2018-12-27 12:16:00,449.20,450.50,449.20,450.50,0,19580
2018-12-27 12:17:00,450.50,452.80,450.50,452.30,80,19580
2018-12-27 12:18:00,450.00,456.55,450.00,454.10,80,19580
2018-12-27 12:19:00,454.10,454.10,454.10,454.10,0,0
2018-12-27 12:20:00,454.10,473.70,454.10,473.70,40,19740
2018-12-27 12:21:00,473.70,473.70,473.70,473.70,0,0
2018-12-27 12:22:00,473.70,473.70,473.70,473.70,0,0
2018-12-27 12:23:00,473.70,473.70,473.70,473.70,0,0
2018-12-27 12:24:00,473.70,473.70,473.70,473.70,0,0
2018-12-27 12:25:00,473.70,473.70,469.10,469.10,60,19740
2018-12-27 12:26:00,469.10,469.10,468.40,468.40,20,19740
2018-12-27 12:27:00,468.40,468.40,468.40,468.40,0,0
2018-12-27 12:28:00,468.40,478.05,468.40,478.05,80,19740
2018-12-27 12:29:00,478.05,478.05,470.60,470.60,40,19760
2018-12-27 12:30:00,470.60,478.25,469.90,478.25,100,19760
2018-12-27 12:31:00,478.25,478.25,478.25,478.25,0,0
2018-12-27 12:32:00,478.25,478.25,477.55,477.55,20,19820
2018-12-27 12:33:00,477.55,479.80,477.55,479.80,20,0
2018-12-27 12:34:00,479.80,479.80,479.80,479.80,0,0
2018-12-27 12:35:00,479.80,479.80,479.80,479.80,0,0
2018-12-27 12:36:00,479.80,479.80,479.80,479.80,0,19820
2018-12-27 12:37:00,486.65,486.65,482.55,482.55,20,19820
2018-12-27 12:38:00,482.55,497.95,482.55,492.00,440,19880
2018-12-27 12:39:00,492.00,492.00,487.15,488.20,160,19880
2018-12-27 12:40:00,487.20,491.40,487.20,489.50,140,19880
2018-12-27 12:41:00,489.50,489.50,480.55,480.55,100,19800
2018-12-27 12:42:00,480.55,480.95,476.30,476.30,240,19800
2018-12-27 12:43:00,476.30,481.55,475.25,480.60,220,19800
2018-12-27 12:44:00,480.60,480.60,475.25,478.15,80,19760
2018-12-27 12:45:00,478.15,481.15,478.15,481.15,20,19760
2018-12-27 12:46:00,481.15,488.80,480.80,488.80,100,19760
2018-12-27 12:47:00,488.80,488.80,488.80,488.80,0,0
2018-12-27 12:48:00,488.80,489.85,488.80,489.85,80,19780
2018-12-27 12:49:00,489.85,489.85,485.00,485.00,100,19780
2018-12-27 12:50:00,485.00,494.80,485.00,494.80,40,0
2018-12-27 12:51:00,494.80,508.25,494.80,508.25,160,19740
2018-12-27 12:52:00,508.25,533.55,506.50,533.55,460,19740
2018-12-27 12:53:00,527.35,546.95,511.25,543.00,1040,19560
2018-12-27 12:54:00,539.45,539.85,537.15,537.15,580,19560
2018-12-27 12:55:00,537.15,545.00,525.65,545.00,280,19560
2018-12-27 12:56:00,545.00,551.80,540.65,542.00,780,19380
2018-12-27 12:57:00,542.00,545.00,522.00,522.00,780,19380
2018-12-27 12:58:00,522.00,526.70,522.00,525.05,360,20560
2018-12-27 12:59:00,525.00,530.00,525.00,530.00,180,20560
2018-12-27 13:00:00,532.90,539.30,532.90,537.90,1120,20560
2018-12-27 13:01:00,537.90,537.90,536.25,536.25,740,20560
2018-12-27 13:02:00,536.25,550.15,536.25,547.40,160,21360
2018-12-27 13:03:00,547.40,575.00,545.20,566.25,2640,21360
2018-12-27 13:04:00,568.10,569.25,564.90,569.25,260,21360
2018-12-27 13:05:00,569.25,569.25,550.05,550.05,480,22280
2018-12-27 13:06:00,550.05,552.00,533.80,533.80,2080,22280
2018-12-27 13:07:00,533.80,533.80,532.90,532.90,20,23940
2018-12-27 13:08:00,532.90,533.85,519.25,525.30,600,23940
2018-12-27 13:09:00,525.30,525.30,521.80,521.80,980,23940
2018-12-27 13:10:00,521.80,524.80,518.60,520.70,2660,23940
2018-12-27 13:11:00,520.70,520.70,520.70,520.70,0,0
2018-12-27 13:12:00,511.50,526.00,511.50,526.00,1460,23220
2018-12-27 13:13:00,530.85,533.45,530.85,532.20,1260,23220
2018-12-27 13:14:00,532.20,532.20,520.00,520.00,440,21100
2018-12-27 13:15:00,520.00,520.00,520.00,520.00,20,21100
2018-12-27 13:16:00,520.00,520.00,501.00,501.00,40,21100
2018-12-27 13:17:00,501.00,501.00,494.95,494.95,1940,20620
2018-12-27 13:18:00,494.95,504.50,494.95,504.50,380,20620
2018-12-27 13:19:00,504.50,516.60,504.50,516.60,20,20620
2018-12-27 13:20:00,516.60,516.60,516.60,516.60,0,0
2018-12-27 13:21:00,516.60,516.60,509.55,509.55,20,18780
2018-12-27 13:22:00,509.55,516.70,509.55,516.70,60,18780
2018-12-27 13:23:00,516.70,516.70,514.15,514.15,20,18780
2018-12-27 13:24:00,514.15,515.85,514.15,515.85,100,18780
2018-12-27 13:25:00,515.85,528.35,515.85,528.35,40,18780
2018-12-27 13:26:00,528.35,528.65,525.60,525.60,60,18740
2018-12-27 13:27:00,525.60,541.40,525.60,541.40,100,18740
2018-12-27 13:28:00,541.40,542.85,537.00,537.00,80,18740
2018-12-27 13:29:00,542.45,542.45,535.55,535.55,60,18860
2018-12-27 13:30:00,535.55,535.55,525.85,525.85,200,18860
2018-12-27 13:31:00,525.85,529.00,525.85,529.00,20,18860
2018-12-27 13:32:00,529.00,529.00,529.00,529.00,0,0
2018-12-27 13:33:00,529.00,529.00,529.00,529.00,0,0
2018-12-27 13:34:00,529.00,529.00,520.50,520.50,20,19080
2018-12-27 13:35:00,520.50,520.50,520.50,520.50,0,0
2018-12-27 13:36:00,520.50,520.50,520.50,520.50,0,0
2018-12-27 13:37:00,520.50,520.50,520.50,520.50,0,0
2018-12-27 13:38:00,520.50,520.50,520.50,520.50,0,0
2018-12-27 13:39:00,520.50,522.90,520.50,522.90,60,19100
2018-12-27 13:40:00,522.90,522.90,522.90,522.90,0,0
2018-12-27 13:41:00,522.90,522.90,522.90,522.90,0,0
2018-12-27 13:42:00,522.90,522.90,512.00,520.85,120,19100
2018-12-27 13:43:00,523.90,527.90,523.90,527.90,40,19100
2018-12-27 13:44:00,527.90,527.90,527.90,527.90,0,0
2018-12-27 13:45:00,527.90,527.90,518.80,518.80,40,19100
2018-12-27 13:46:00,518.80,524.85,518.80,524.25,140,19020
2018-12-27 13:47:00,524.60,524.60,519.10,523.10,320,19020
2018-12-27 13:48:00,523.10,523.10,517.35,522.65,80,19020
2018-12-27 13:49:00,522.65,522.65,521.60,521.60,20,19020
2018-12-27 13:50:00,521.60,530.20,521.60,530.20,40,18960
2018-12-27 13:51:00,530.20,534.20,530.20,534.10,100,18960
2018-12-27 13:52:00,534.10,534.10,534.10,534.10,0,0
2018-12-27 13:53:00,534.10,534.10,510.40,511.10,260,19020
2018-12-27 13:54:00,511.10,511.10,511.10,511.10,0,0
2018-12-27 13:55:00,511.10,511.10,477.90,480.50,80,19020
2018-12-27 13:56:00,478.35,478.35,474.85,474.85,40,19120
2018-12-27 13:57:00,474.85,474.85,474.85,474.85,0,0
2018-12-27 13:58:00,474.85,474.85,474.85,474.85,0,0
2018-12-27 13:59:00,474.85,474.85,455.00,455.00,80,19120
2018-12-27 14:00:00,455.00,470.15,455.00,470.15,440,19120
2018-12-27 14:01:00,470.15,475.90,469.00,470.20,140,19120
2018-12-27 14:02:00,470.20,470.20,470.20,470.20,0,0
2018-12-27 14:03:00,470.20,470.20,470.20,470.20,0,0
2018-12-27 14:04:00,470.20,504.25,470.20,504.25,140,19300
2018-12-27 14:05:00,504.25,504.25,504.25,504.25,0,0
2018-12-27 14:06:00,504.25,504.25,490.15,490.15,20,19340
2018-12-27 14:07:00,490.15,490.15,490.15,490.15,0,0
2018-12-27 14:08:00,490.15,490.15,490.15,490.15,0,0
2018-12-27 14:09:00,490.15,490.15,490.15,490.15,0,0
2018-12-27 14:10:00,490.15,490.15,490.15,490.15,0,0
2018-12-27 14:11:00,490.15,495.75,484.55,495.70,120,19340
2018-12-27 14:12:00,495.70,495.70,495.70,495.70,0,0
2018-12-27 14:13:00,495.70,495.70,495.70,495.70,0,0
2018-12-27 14:14:00,495.70,495.70,485.35,486.95,940,19360
2018-12-27 14:15:00,486.95,493.35,486.95,493.35,60,19360
2018-12-27 14:16:00,493.35,504.70,493.35,502.00,340,19360
2018-12-27 14:17:00,502.00,502.00,497.15,497.15,20,19840
2018-12-27 14:18:00,525.00,537.80,525.00,537.80,20,19840
2018-12-27 14:19:00,537.80,537.80,537.80,537.80,0,0
2018-12-27 14:20:00,537.80,537.80,537.80,537.80,0,0
2018-12-27 14:21:00,537.80,537.80,537.80,537.80,0,0
2018-12-27 14:22:00,537.80,563.05,537.80,562.50,820,19640
2018-12-27 14:23:00,562.50,562.50,555.00,558.40,340,19640
2018-12-27 14:24:00,558.40,558.40,558.40,558.40,0,0
2018-12-27 14:25:00,558.40,558.40,558.40,558.40,0,0
2018-12-27 14:26:00,555.25,555.25,555.25,555.25,0,19660
2018-12-27 14:27:00,555.25,563.55,555.25,560.00,120,19660
2018-12-27 14:28:00,560.00,560.00,560.00,560.00,0,0
2018-12-27 14:29:00,560.00,560.00,560.00,560.00,0,0
2018-12-27 14:30:00,560.00,573.50,560.00,564.00,540,19660
2018-12-27 14:31:00,564.00,564.55,564.00,564.55,40,19660
2018-12-27 14:32:00,564.55,583.30,564.55,577.70,560,19620
2018-12-27 14:33:00,577.70,593.05,577.70,593.05,920,19620
2018-12-27 14:34:00,593.05,608.55,593.05,608.55,200,19620
2018-12-27 14:35:00,608.55,614.25,608.55,614.25,20,19540
2018-12-27 14:36:00,607.85,607.90,587.10,587.10,660,19540
2018-12-27 14:37:00,587.10,587.10,587.10,587.10,0,0
2018-12-27 14:38:00,587.10,610.55,587.10,601.50,60,20200
2018-12-27 14:39:00,601.50,602.25,601.50,602.25,20,20200
2018-12-27 14:40:00,602.25,603.00,597.00,603.00,540,20200
2018-12-27 14:41:00,603.00,603.00,587.15,587.15,1020,20400
2018-12-27 14:42:00,587.15,587.15,582.55,582.55,220,20400
2018-12-27 14:43:00,582.55,598.90,575.55,598.90,460,21400
2018-12-27 14:44:00,598.90,601.05,592.95,598.50,340,21400
2018-12-27 14:45:00,598.50,598.50,595.10,595.10,320,21400
2018-12-27 14:46:00,595.10,595.10,594.15,594.15,20,21820
2018-12-27 14:47:00,594.15,594.15,585.70,585.70,220,21820
2018-12-27 14:48:00,585.70,585.70,568.30,576.70,240,21820
2018-12-27 14:49:00,576.70,579.80,576.70,579.80,80,21820
2018-12-27 14:50:00,579.80,579.80,579.80,579.80,0,0
2018-12-27 14:51:00,579.80,579.80,575.95,579.00,140,21900
2018-12-27 14:52:00,579.00,579.00,559.10,559.10,40,21900
2018-12-27 14:53:00,559.10,561.45,557.55,557.55,60,21960
2018-12-27 14:54:00,557.55,570.00,557.55,570.00,80,21960
2018-12-27 14:55:00,570.00,570.00,570.00,570.00,0,0
2018-12-27 14:56:00,570.00,570.00,570.00,570.00,0,0
2018-12-27 14:57:00,570.00,570.00,570.00,570.00,0,0
2018-12-27 14:58:00,570.00,582.00,570.00,582.00,40,21980
2018-12-27 14:59:00,582.00,582.00,550.30,550.40,1020,22020
2018-12-27 15:00:00,550.40,590.30,550.40,588.95,60,22020
2018-12-27 15:01:00,589.45,608.65,589.45,608.65,360,22020
2018-12-27 15:02:00,608.65,608.65,597.80,597.80,140,22180
2018-12-27 15:03:00,597.80,609.45,597.80,609.45,140,22180
2018-12-27 15:04:00,609.45,616.85,608.70,611.60,1160,22180
2018-12-27 15:05:00,620.00,629.70,613.65,629.70,560,22140
2018-12-27 15:06:00,629.05,643.40,629.05,631.25,1520,22140
2018-12-27 15:07:00,631.25,634.90,625.05,634.90,380,22560
2018-12-27 15:08:00,634.90,635.50,630.30,635.50,460,22560
2018-12-27 15:09:00,635.50,635.50,635.50,635.50,0,0
2018-12-27 15:10:00,635.50,641.85,629.05,641.85,1100,22560
2018-12-27 15:11:00,641.85,641.85,635.35,635.35,300,22720
2018-12-27 15:12:00,635.35,642.00,635.35,641.55,300,22720
2018-12-27 15:13:00,641.55,641.55,631.25,631.25,360,22720
2018-12-27 15:14:00,631.25,631.30,626.80,626.80,500,22840
2018-12-27 15:15:00,626.80,627.65,620.30,627.45,280,22840
2018-12-27 15:16:00,627.45,627.45,626.45,626.45,20,22840
2018-12-27 15:17:00,626.45,626.45,613.50,613.50,600,22780
2018-12-27 15:18:00,613.50,617.35,613.50,617.35,80,22780
2018-12-27 15:19:00,617.35,617.35,617.35,617.35,0,0
2018-12-27 15:20:00,617.35,617.35,617.35,617.35,0,0
2018-12-27 15:21:00,605.00,605.00,605.00,605.00,0,22620
2018-12-27 15:22:00,605.00,607.20,601.90,603.70,220,22580
2018-12-27 15:23:00,604.75,607.45,603.00,607.45,400,22580
2018-12-27 15:24:00,607.45,607.65,601.85,601.85,20,22580
2018-12-27 15:25:00,601.85,612.60,601.85,608.30,1400,22580
2018-12-27 15:26:00,608.30,612.10,607.40,611.40,960,22420
2018-12-27 15:27:00,612.30,612.85,609.50,612.85,1760,22420
2018-12-27 15:28:00,612.85,612.85,606.80,608.00,760,22420
2018-12-27 15:29:01,608.00,615.85,604.20,615.85,540,22340
2018-12-28 09:15:00,480.70,480.70,470.05,475.00,500,22260
2018-12-28 09:16:00,475.00,475.00,453.30,460.00,1000,22260
2018-12-28 09:17:00,460.00,466.20,452.65,462.75,1240,23440
2018-12-28 09:18:00,462.75,471.30,458.90,466.90,220,23440
2018-12-28 09:19:00,466.90,466.90,448.50,455.70,920,23440
2018-12-28 09:20:00,452.30,452.30,436.45,438.25,880,24500
2018-12-28 09:21:00,438.25,440.95,418.55,429.95,1280,24500
2018-12-28 09:22:00,429.95,435.55,421.00,427.30,920,24500
2018-12-28 09:23:00,419.45,423.30,419.20,423.30,440,25540
2018-12-28 09:24:00,423.30,423.50,419.00,421.45,480,25540
2018-12-28 09:25:00,421.45,429.00,414.55,429.00,1080,25540
2018-12-28 09:26:00,429.00,430.20,424.40,424.40,580,25640
2018-12-28 09:27:00,424.40,424.40,424.00,424.00,40,0
2018-12-28 09:28:00,424.00,433.20,424.00,425.00,200,25640
2018-12-28 09:29:00,425.00,434.00,425.00,434.00,260,25680
2018-12-28 09:30:00,434.00,434.00,425.00,428.35,500,25680
2018-12-28 09:31:00,428.35,428.35,399.40,410.55,1320,25680
2018-12-28 09:32:00,410.55,413.90,406.25,407.15,400,26820
2018-12-28 09:33:00,407.15,410.00,398.00,400.70,1520,26820
2018-12-28 09:34:00,400.70,406.50,398.65,406.50,600,26820
2018-12-28 09:35:00,406.50,407.00,396.00,400.85,5560,26920
2018-12-28 09:36:00,400.85,401.00,389.80,399.60,3640,26920
2018-12-28 09:37:00,399.60,399.60,393.90,395.55,260,26920
2018-12-28 09:38:00,395.55,402.85,392.05,402.85,3300,26920
2018-12-28 09:39:00,402.85,402.85,395.15,400.00,820,26280
2018-12-28 09:40:00,400.00,400.00,396.10,399.90,820,26280
2018-12-28 09:41:00,399.90,399.90,391.50,394.30,780,26840
2018-12-28 09:42:00,394.30,398.80,394.05,398.80,920,26840
2018-12-28 09:43:00,398.80,398.80,389.10,393.05,980,26840
2018-12-28 09:44:00,386.00,389.80,377.95,384.75,4860,26840
2018-12-28 09:45:00,384.75,386.20,381.75,383.35,220,25620
2018-12-28 09:46:00,386.00,386.00,380.00,380.00,120,25620
2018-12-28 09:47:00,380.00,384.95,379.40,383.05,920,25620
2018-12-28 09:48:00,383.05,392.00,383.05,392.00,1000,25560
2018-12-28 09:49:00,392.05,394.00,384.80,394.00,520,25560
2018-12-28 09:50:00,394.00,400.00,394.00,400.00,660,25560
2018-12-28 09:51:00,405.20,410.40,400.00,400.00,180,26580
2018-12-28 09:52:00,400.00,408.95,400.00,408.70,560,26580
2018-12-28 09:53:00,412.20,412.20,405.05,405.05,580,26880
2018-12-28 09:54:00,405.05,405.05,398.70,398.70,140,26880
2018-12-28 09:55:00,398.70,403.65,398.00,401.45,240,26880
2018-12-28 09:56:00,401.45,413.00,401.45,406.70,3040,27020
2018-12-28 09:57:00,406.70,413.70,406.70,406.80,500,27020
2018-12-28 09:58:00,406.80,406.80,403.00,403.00,160,27020
2018-12-28 09:59:00,400.75,400.75,394.20,394.20,60,29240
2018-12-28 10:00:00,394.20,394.20,389.00,389.00,560,29240
2018-12-28 10:01:00,389.00,389.80,387.50,389.60,260,29240
2018-12-28 10:02:00,387.40,391.00,377.00,386.70,1320,29240
2018-12-28 10:03:00,384.75,388.00,384.75,388.00,200,29200
2018-12-28 10:04:00,388.00,388.85,385.00,388.85,120,29200
2018-12-28 10:05:00,388.85,396.00,388.85,396.00,40,29220
2018-12-28 10:06:00,396.00,396.00,392.75,392.75,40,29220
2018-12-28 10:07:00,392.75,392.75,385.05,385.60,100,29220
2018-12-28 10:08:00,385.60,390.10,385.60,388.30,80,29220
2018-12-28 10:09:00,388.30,389.55,384.05,385.35,500,29240
2018-12-28 10:10:00,385.35,385.35,381.00,381.00,400,29240
2018-12-28 10:11:00,381.00,388.10,381.00,386.90,520,29320
2018-12-28 10:12:00,386.90,389.20,382.80,383.95,120,29320
2018-12-28 10:13:00,383.95,384.70,383.95,384.70,20,29320
2018-12-28 10:14:00,384.70,387.30,377.90,382.45,280,29460
2018-12-28 10:15:00,382.45,382.45,381.40,381.40,20,29460
2018-12-28 10:16:00,381.40,381.40,372.55,373.65,1460,29460
2018-12-28 10:17:00,366.95,371.00,357.50,364.30,1040,29460
2018-12-28 10:18:00,364.30,364.90,364.30,364.90,440,30400
2018-12-28 10:19:00,364.90,364.90,363.90,364.00,40,30400
2018-12-28 10:20:00,364.00,367.70,364.00,367.70,140,30400
2018-12-28 10:21:00,367.70,367.70,365.70,366.70,20,31060
2018-12-28 10:22:00,366.70,374.25,366.70,374.25,300,31060
2018-12-28 10:23:00,374.25,374.25,370.00,372.00,140,31060
2018-12-28 10:24:00,373.50,373.50,367.00,368.00,280,31360
2018-12-28 10:25:00,368.00,370.00,365.00,366.80,320,31360
2018-12-28 10:26:00,366.80,369.00,366.40,369.00,260,31920
2018-12-28 10:27:00,369.00,369.00,366.45,368.25,60,31920
2018-12-28 10:28:00,368.25,368.25,366.00,366.00,20,31920
2018-12-28 10:29:00,366.00,366.00,366.00,366.00,0,0
2018-12-28 10:30:00,366.00,375.00,366.00,375.00,280,31980
2018-12-28 10:31:00,375.00,378.05,375.00,378.05,80,31980
2018-12-28 10:32:00,378.05,379.00,378.05,379.00,20,32200
2018-12-28 10:33:00,379.00,380.00,378.00,380.00,100,32200
2018-12-28 10:34:00,380.00,380.00,378.00,378.00,580,32200
2018-12-28 10:35:00,378.00,386.45,378.00,386.45,80,32240
2018-12-28 10:36:00,386.45,393.75,377.55,393.75,780,32240
2018-12-28 10:37:00,388.45,388.45,386.20,388.30,40,32240
2018-12-28 10:38:00,388.30,388.30,388.30,388.30,0,0
2018-12-28 10:39:00,388.30,388.30,380.00,380.00,20,32920
2018-12-28 10:40:00,380.00,380.00,380.00,380.00,0,0
2018-12-28 10:41:00,380.00,380.00,378.95,378.95,20,32920
2018-12-28 10:42:00,378.95,378.95,378.95,378.95,0,0
2018-12-28 10:43:00,378.95,393.05,378.95,393.05,20,32920
2018-12-28 10:44:00,393.05,393.05,389.75,389.75,480,33080
2018-12-28 10:45:00,389.75,396.00,389.75,392.00,1400,33080
2018-12-28 10:46:00,392.00,392.00,384.00,386.80,1060,33080
2018-12-28 10:47:00,386.80,387.10,386.80,387.10,20,34540
2018-12-28 10:48:00,387.10,387.10,387.10,387.10,0,0
2018-12-28 10:49:00,387.10,392.95,385.00,392.95,400,34540
2018-12-28 10:50:00,392.95,392.95,390.00,390.00,20,34540
2018-12-28 10:51:00,390.00,391.75,386.00,389.00,1100,34440
2018-12-28 10:52:00,389.00,389.00,385.00,385.00,80,34440
2018-12-28 10:53:00,385.00,385.00,381.65,381.65,200,34440
2018-12-28 10:54:00,381.65,381.65,375.00,378.70,440,35260
2018-12-28 10:55:00,378.70,378.70,375.05,375.05,60,35260
2018-12-28 10:56:00,375.05,381.95,375.05,381.95,40,35200
2018-12-28 10:57:00,381.95,381.95,380.00,380.00,20,35200
2018-12-28 10:58:00,380.00,380.00,380.00,380.00,20,35200
2018-12-28 10:59:00,380.00,380.00,380.00,380.00,0,0
2018-12-28 11:00:00,380.00,380.00,380.00,380.00,0,0
2018-12-28 11:01:00,380.00,380.00,379.40,379.40,80,35280
2018-12-28 11:02:00,379.40,391.40,379.40,391.40,160,35220
2018-12-28 11:03:00,391.40,395.00,391.40,395.00,360,35220
2018-12-28 11:04:00,395.00,397.00,395.00,397.00,220,35220
2018-12-28 11:05:00,397.00,397.00,396.15,396.70,260,35220
2018-12-28 11:06:00,396.70,398.10,396.45,398.00,200,35260
2018-12-28 11:07:00,398.00,398.00,390.40,391.60,80,35260
2018-12-28 11:08:00,391.60,397.85,391.60,393.80,120,35260
2018-12-28 11:09:00,393.80,394.25,393.80,394.25,20,35200
2018-12-28 11:10:00,394.25,394.25,394.25,394.25,0,0
2018-12-28 11:11:00,394.25,394.25,387.05,387.05,100,35200
2018-12-28 11:12:00,387.05,387.05,386.35,386.35,220,35180
2018-12-28 11:13:00,386.35,386.35,385.05,385.05,20,35180
2018-12-28 11:14:00,385.05,385.20,384.60,384.60,60,35200
2018-12-28 11:15:00,384.60,391.70,384.60,391.70,180,35200
2018-12-28 11:16:00,391.70,393.80,391.70,391.70,120,35200
2018-12-28 11:17:00,391.70,391.70,391.70,391.70,0,0
2018-12-28 11:18:00,391.70,402.65,391.70,400.00,2140,35160
2018-12-28 11:19:00,400.00,400.00,400.00,400.00,0,0
2018-12-28 11:20:00,400.00,400.00,400.00,400.00,0,0
2018-12-28 11:21:00,400.00,400.00,398.00,398.00,20,36260
2018-12-28 11:22:00,398.00,398.00,396.30,396.30,20,36260
2018-12-28 11:23:00,396.30,396.75,396.30,396.75,20,36260
2018-12-28 11:24:00,396.75,396.75,396.75,396.75,0,0
2018-12-28 11:25:00,396.75,396.75,396.75,396.75,0,0
2018-12-28 11:26:00,396.75,396.75,396.75,396.75,0,0
2018-12-28 11:27:00,396.75,396.75,396.75,396.75,0,0
2018-12-28 11:28:00,396.75,396.75,396.75,396.75,0,0
2018-12-28 11:29:00,396.75,396.75,396.75,396.75,0,0
2018-12-28 11:30:00,396.75,397.55,394.50,397.55,60,36220
2018-12-28 11:31:00,397.55,397.55,397.55,397.55,0,0
2018-12-28 11:32:00,397.55,397.55,397.55,397.55,0,0
2018-12-28 11:33:00,397.55,397.55,393.85,393.90,1200,36240
2018-12-28 11:34:00,393.90,397.40,393.50,397.40,80,36240
2018-12-28 11:35:00,397.40,401.60,397.40,401.60,20,36240
2018-12-28 11:36:00,401.60,401.60,394.95,395.00,200,36560
2018-12-28 11:37:00,395.00,395.00,395.00,395.00,0,0
2018-12-28 11:38:00,395.00,405.00,395.00,405.00,60,36560
2018-12-28 11:39:00,405.00,418.30,405.00,418.30,700,36440
2018-12-28 11:40:00,418.30,437.30,411.60,425.40,1780,36440
2018-12-28 11:41:00,425.40,428.00,423.60,426.00,760,36440
2018-12-28 11:42:00,426.00,426.00,420.50,420.50,220,36240
2018-12-28 11:43:00,420.45,420.45,418.00,418.00,700,36240
2018-12-28 11:44:00,418.00,420.00,418.00,420.00,760,36940
2018-12-28 11:45:00,420.00,420.00,419.10,419.10,100,36940
2018-12-28 11:46:00,419.10,419.10,419.10,419.10,0,0
2018-12-28 11:47:00,405.00,409.00,405.00,409.00,80,36940
2018-12-28 11:48:00,409.00,409.80,408.95,408.95,120,36520
2018-12-28 11:49:00,408.95,408.95,402.10,402.10,80,36520
2018-12-28 11:50:00,402.10,408.00,402.10,407.35,240,36520
2018-12-28 11:51:00,407.35,407.35,402.60,406.50,260,36180
2018-12-28 11:52:00,406.50,413.40,406.35,413.40,240,36180
2018-12-28 11:53:00,413.40,413.40,407.00,407.00,720,36180
2018-12-28 11:54:00,407.00,407.00,403.55,403.55,180,35780
2018-12-28 11:55:00,403.55,403.55,391.25,391.25,460,35780
2018-12-28 11:56:00,391.25,396.15,391.25,396.15,20,35780
2018-12-28 11:57:00,396.15,396.15,393.45,393.45,40,35420
2018-12-28 11:58:00,393.45,393.45,390.00,390.00,20,35420
2018-12-28 11:59:00,390.00,390.00,390.00,390.00,0,0
2018-12-28 12:00:00,390.00,398.95,390.00,394.00,320,35400
2018-12-28 12:01:00,394.00,400.90,394.00,400.90,80,35400
2018-12-28 12:02:00,400.90,400.90,397.40,400.35,200,35680
2018-12-28 12:03:00,400.35,400.35,395.00,395.00,20,35680
2018-12-28 12:04:00,395.00,395.00,387.15,387.15,640,35680
2018-12-28 12:05:00,387.15,387.15,384.40,384.40,20,0
2018-12-28 12:06:00,384.40,390.00,384.40,390.00,200,35820
2018-12-28 12:07:00,390.00,390.00,390.00,390.00,20,35820
2018-12-28 12:08:00,390.00,390.00,390.00,390.00,0,0
2018-12-28 12:09:00,390.00,390.00,378.50,378.50,380,36000
2018-12-28 12:10:00,378.50,385.25,378.50,380.00,640,36000
2018-12-28 12:11:00,380.00,380.00,375.00,375.00,480,36000
2018-12-28 12:12:00,375.00,375.00,375.00,375.00,40,35380
2018-12-28 12:13:00,375.00,385.00,375.00,385.00,400,35380
2018-12-28 12:14:00,385.00,390.00,385.00,390.00,1020,35700
2018-12-28 12:15:00,390.00,390.00,385.00,385.00,400,35700
2018-12-28 12:16:00,385.00,391.10,385.00,391.10,20,35700
2018-12-28 12:17:00,391.10,392.00,389.25,389.25,640,35620
2018-12-28 12:18:00,389.25,391.00,389.00,391.00,140,35620
2018-12-28 12:19:00,391.00,391.00,390.00,390.00,800,35620
2018-12-28 12:20:00,390.00,390.00,388.30,388.30,60,35620
2018-12-28 12:21:00,388.30,388.30,380.00,380.00,1340,34980
2018-12-28 12:22:00,380.00,392.00,380.00,392.00,1140,34980
2018-12-28 12:23:00,392.00,393.05,392.00,393.05,40,34980
2018-12-28 12:24:00,393.05,401.50,393.05,401.50,720,35940
2018-12-28 12:25:00,401.50,401.50,401.50,401.50,0,0
2018-12-28 12:26:00,401.50,401.50,401.50,401.50,0,0
2018-12-28 12:27:00,401.50,401.50,401.50,401.50,0,0
2018-12-28 12:28:00,401.50,401.50,395.70,398.00,420,36100
2018-12-28 12:29:00,398.00,398.00,398.00,398.00,0,0
2018-12-28 12:30:00,398.00,398.00,398.00,398.00,0,0
2018-12-28 12:31:00,398.00,407.90,398.00,405.70,620,36420
2018-12-28 12:32:00,405.70,405.70,405.70,405.70,0,0
2018-12-28 12:33:00,405.70,405.70,405.00,405.00,60,36400
2018-12-28 12:34:00,405.00,410.00,404.60,404.60,300,36400
2018-12-28 12:35:00,404.60,404.60,404.60,404.60,0,0
2018-12-28 12:36:00,404.60,406.00,402.30,406.00,40,36700
2018-12-28 12:37:00,406.00,406.00,406.00,406.00,0,0
2018-12-28 12:38:00,406.00,406.00,406.00,406.00,0,0
2018-12-28 12:39:00,406.00,415.00,406.00,415.00,1800,36680
2018-12-28 12:40:00,415.00,415.00,407.00,407.00,100,36680
2018-12-28 12:41:00,407.00,407.00,407.00,407.00,0,0
2018-12-28 12:42:00,407.00,407.00,407.00,407.00,0,0
2018-12-28 12:43:00,407.00,407.00,407.00,407.00,0,0
2018-12-28 12:44:00,407.00,407.00,402.50,402.50,760,36260
2018-12-28 12:45:00,402.50,404.00,400.00,400.00,660,35560
2018-12-28 12:46:00,400.00,400.00,392.40,395.15,1460,35560
2018-12-28 12:47:00,395.15,395.15,393.30,393.30,420,34460
2018-12-28 12:48:00,393.30,400.15,393.30,400.15,40,34460
2018-12-28 12:49:00,400.15,400.15,400.15,400.15,0,0
2018-12-28 12:50:00,400.15,400.15,400.15,400.15,0,0
2018-12-28 12:51:00,400.15,400.15,400.15,400.15,60,34440
2018-12-28 12:52:00,400.15,400.15,400.15,400.15,0,0
2018-12-28 12:53:00,400.15,400.15,400.15,400.15,0,0
2018-12-28 12:54:00,400.15,400.15,393.15,397.80,1000,34400
2018-12-28 12:55:00,397.80,399.00,393.80,399.00,380,34400
2018-12-28 12:56:00,399.00,399.00,399.00,399.00,0,0
2018-12-28 12:57:00,399.00,399.00,399.00,399.00,0,0
2018-12-28 12:58:00,399.00,399.00,391.70,391.70,20,34120
2018-12-28 12:59:00,391.70,395.15,387.75,387.75,120,34140
2018-12-28 13:00:00,387.75,399.25,387.75,397.40,160,34140
2018-12-28 13:01:00,397.40,398.45,397.40,398.40,60,34140
2018-12-28 13:02:00,398.40,403.85,398.15,398.15,460,34140
2018-12-28 13:03:00,398.15,398.15,395.00,395.00,360,34200
2018-12-28 13:04:00,395.00,398.30,392.75,394.35,180,34200
2018-12-28 13:05:00,394.35,400.20,394.35,395.35,160,34200
2018-12-28 13:06:00,395.35,396.05,392.30,396.05,100,33920
2018-12-28 13:07:00,396.05,396.05,395.80,396.00,40,33920
2018-12-28 13:08:00,396.00,396.00,396.00,396.00,0,0
2018-12-28 13:09:00,396.00,398.75,396.00,398.75,20,34000
2018-12-28 13:10:00,398.75,398.75,393.15,393.15,40,34000
2018-12-28 13:11:00,393.15,393.15,393.15,393.15,0,0
2018-12-28 13:12:00,393.15,398.95,393.15,398.95,1000,33980
2018-12-28 13:13:00,398.95,398.95,398.95,398.95,0,0
2018-12-28 13:14:00,398.95,398.95,385.00,385.35,880,34360
2018-12-28 13:15:00,385.35,385.35,380.05,382.55,1840,34360
2018-12-28 13:16:00,382.55,382.55,378.00,382.35,680,34360
2018-12-28 13:17:00,382.35,384.20,378.00,384.20,80,34360
2018-12-28 13:18:00,384.20,384.20,384.20,384.20,0,0
2018-12-28 13:19:00,384.20,384.20,384.20,384.20,0,0
2018-12-28 13:20:00,384.20,384.20,371.20,376.55,940,33080
2018-12-28 13:21:00,376.55,376.55,371.90,371.90,60,32880
2018-12-28 13:22:00,371.90,371.90,362.00,363.35,1360,32880
2018-12-28 13:23:00,363.35,363.35,363.35,363.35,0,0
2018-12-28 13:24:00,363.35,375.60,363.35,375.60,140,33280
2018-12-28 13:25:00,375.60,377.50,375.60,376.00,40,33280
2018-12-28 13:26:00,376.00,379.15,374.35,379.15,40,33380
2018-12-28 13:27:00,379.15,379.15,379.15,379.15,0,0
2018-12-28 13:28:00,379.15,379.15,370.70,378.35,60,33380
2018-12-28 13:29:00,378.35,378.35,378.35,378.35,0,0
2018-12-28 13:30:00,378.35,386.25,375.80,375.80,980,33380
2018-12-28 13:31:00,370.25,378.05,370.25,374.90,300,33380
2018-12-28 13:32:00,374.90,377.70,374.90,377.70,20,33380
2018-12-28 13:33:00,377.70,378.05,377.70,378.05,40,33620
2018-12-28 13:34:00,378.05,378.05,370.00,370.00,320,33620
2018-12-28 13:35:00,370.00,370.00,370.00,370.00,480,33620
2018-12-28 13:36:00,370.00,370.00,370.00,370.00,0,0
2018-12-28 13:37:00,370.00,370.00,363.90,366.15,220,34400
2018-12-28 13:38:00,366.15,366.15,360.00,360.00,120,34400
2018-12-28 13:39:00,360.00,362.90,360.00,362.90,20,34460
2018-12-28 13:40:00,362.90,368.70,362.90,368.70,200,34460
2018-12-28 13:41:00,375.00,380.55,375.00,380.55,60,34460
2018-12-28 13:42:00,380.55,380.55,372.10,372.10,120,34380
2018-12-28 13:43:00,371.20,374.75,370.30,371.25,340,34380
2018-12-28 13:44:00,371.25,371.25,367.15,367.15,40,34380
2018-12-28 13:45:00,367.60,374.20,366.10,372.05,420,33980
2018-12-28 13:46:00,372.15,374.35,370.15,370.15,1380,33980
2018-12-28 13:47:00,370.15,372.15,365.00,372.15,1220,33980
2018-12-28 13:48:00,372.15,372.75,370.20,372.75,260,33060
2018-12-28 13:49:00,372.75,387.25,372.75,380.00,420,33060
2018-12-28 13:50:00,380.00,385.90,378.80,385.90,1860,33060
2018-12-28 13:51:00,385.90,386.55,385.90,386.55,120,31900
2018-12-28 13:52:00,386.55,386.55,370.60,370.60,1200,31900
2018-12-28 13:53:00,370.60,370.60,370.60,370.60,0,0
2018-12-28 13:54:00,370.60,370.60,370.60,370.60,0,0
2018-12-28 13:55:00,370.60,370.60,370.60,370.60,0,0
2018-12-28 13:56:00,370.60,370.60,360.00,360.00,120,31580
2018-12-28 13:57:00,360.00,360.00,341.05,352.50,900,31580
2018-12-28 13:58:00,352.50,356.20,352.50,354.65,640,31580
2018-12-28 13:59:00,357.25,357.25,354.00,354.00,20,31580
2018-12-28 14:00:00,354.00,359.70,353.65,357.65,240,31940
2018-12-28 14:01:00,357.65,360.00,356.35,360.00,220,31940
2018-12-28 14:02:00,360.00,360.00,360.00,360.00,0,0
2018-12-28 14:03:00,357.10,357.10,357.10,357.10,0,0
2018-12-28 14:04:00,357.10,357.10,348.60,348.60,660,32040
2018-12-28 14:05:00,348.60,358.50,348.60,358.25,960,32420
2018-12-28 14:06:00,355.75,364.70,355.75,362.70,1440,32420
2018-12-28 14:07:00,362.70,373.10,361.15,372.25,980,32420
2018-12-28 14:08:00,372.25,372.25,366.50,367.55,300,34160
2018-12-28 14:09:00,367.55,369.90,362.20,364.50,180,34160
2018-12-28 14:10:00,364.50,367.00,361.05,361.05,100,34160
2018-12-28 14:11:00,361.05,364.00,361.05,362.60,140,34460
2018-12-28 14:12:00,362.60,391.75,362.60,389.25,4060,34460
2018-12-28 14:13:00,387.30,387.30,378.50,383.35,220,34460
2018-12-28 14:14:00,383.35,385.00,379.70,385.00,1580,36480
2018-12-28 14:15:00,385.00,391.55,385.00,391.55,600,36480
2018-12-28 14:16:00,391.55,391.55,385.55,385.55,400,36480
2018-12-28 14:17:00,385.55,385.55,377.00,379.10,480,36480
2018-12-28 14:18:00,379.10,379.10,375.30,375.30,200,35340
2018-12-28 14:19:00,375.35,377.30,375.35,377.30,40,35340
2018-12-28 14:20:00,377.30,386.00,377.30,383.70,160,35900
2018-12-28 14:21:00,383.70,383.70,377.05,377.05,420,35900
2018-12-28 14:22:00,377.05,377.05,377.05,377.05,0,0
2018-12-28 14:23:00,377.05,382.75,377.05,382.75,20,36080
2018-12-28 14:24:00,382.75,382.75,375.00,376.65,420,36080
2018-12-28 14:25:00,376.65,381.85,376.65,381.85,40,36080
2018-12-28 14:26:00,381.85,381.85,380.85,380.85,40,36200
2018-12-28 14:27:00,380.85,380.85,370.45,370.90,1860,36200
2018-12-28 14:28:00,370.90,370.90,370.90,370.90,0,0
2018-12-28 14:29:00,370.90,373.00,370.90,373.00,20,36200
2018-12-28 14:30:00,373.00,381.20,373.00,381.20,60,37380
2018-12-28 14:31:00,381.20,382.90,381.20,382.90,100,37380
2018-12-28 14:32:00,382.90,382.90,382.00,382.00,100,37320
2018-12-28 14:33:00,382.00,382.00,381.00,381.00,20,0
2018-12-28 14:34:00,381.00,381.00,375.00,375.40,260,37320
2018-12-28 14:35:00,375.40,375.40,368.45,368.45,440,37320
2018-12-28 14:36:00,370.90,370.90,366.40,369.50,900,37040
2018-12-28 14:37:00,369.50,369.50,364.15,364.15,40,37040
2018-12-28 14:38:00,364.15,364.15,357.35,363.15,420,37040
2018-12-28 14:39:00,363.15,363.15,357.80,357.80,20,36840
2018-12-28 14:40:00,357.80,364.05,357.80,364.05,40,36840
2018-12-28 14:41:00,364.05,364.05,355.00,355.80,640,37080
2018-12-28 14:42:00,355.80,359.35,354.10,359.35,960,37080
2018-12-28 14:43:00,359.35,359.35,353.25,353.25,240,37080
2018-12-28 14:44:00,353.25,357.70,353.25,357.70,100,37140
2018-12-28 14:45:00,357.70,359.95,354.60,354.60,60,37140
2018-12-28 14:46:00,354.60,355.00,352.40,352.40,440,37140
2018-12-28 14:47:00,352.40,357.00,352.40,352.45,840,37140
2018-12-28 14:48:00,352.45,370.20,352.45,370.20,200,37460
2018-12-28 14:49:00,370.20,371.00,370.20,371.00,380,37460
2018-12-28 14:50:00,371.00,371.00,369.35,369.70,40,37460
2018-12-28 14:51:00,369.55,369.55,369.50,369.50,20,37440
2018-12-28 14:52:00,369.50,373.00,369.05,373.00,140,37440
2018-12-28 14:53:00,373.00,373.00,373.00,373.00,120,37440
2018-12-28 14:54:00,373.00,374.00,372.60,372.60,680,37220
2018-12-28 14:55:00,372.60,384.95,372.60,382.70,420,37220
2018-12-28 14:56:00,382.70,385.00,382.70,385.00,220,36660
2018-12-28 14:57:00,385.00,385.35,385.00,385.35,600,36660
2018-12-28 14:58:00,385.35,399.65,385.35,399.65,400,36660
2018-12-28 14:59:00,399.65,399.65,386.00,390.45,940,36660
2018-12-28 15:00:00,390.45,390.45,390.45,390.45,0,0
2018-12-28 15:01:00,390.45,390.45,390.45,390.45,0,0
2018-12-28 15:02:00,390.45,390.45,365.95,365.95,880,38140
2018-12-28 15:03:00,365.95,365.95,365.95,365.95,0,0
2018-12-28 15:04:00,365.95,387.60,365.95,387.60,1400,38140
2018-12-28 15:05:00,387.60,394.10,384.10,394.10,180,38140
2018-12-28 15:06:00,394.10,395.00,388.00,395.00,2520,38360
2018-12-28 15:07:00,395.00,399.00,392.05,392.05,2600,38360
2018-12-28 15:08:00,392.05,392.05,385.00,391.75,540,38360
2018-12-28 15:09:00,391.75,394.05,391.75,394.05,60,35200
2018-12-28 15:10:00,394.05,398.50,390.05,390.05,760,35200
2018-12-28 15:11:00,390.05,393.00,384.70,393.00,820,35200
2018-12-28 15:12:00,393.00,393.00,387.35,392.25,1420,34960
2018-12-28 15:13:00,392.25,394.95,389.55,390.85,380,34960
2018-12-28 15:14:00,390.85,390.85,390.00,390.00,60,34960
2018-12-28 15:15:00,390.00,398.35,390.00,394.55,380,35120
2018-12-28 15:16:00,394.55,394.55,388.95,389.30,1100,35120
2018-12-28 15:17:00,390.00,395.60,389.05,389.05,840,35120
2018-12-28 15:18:00,389.05,391.00,389.05,391.00,840,34160
2018-12-28 15:19:00,391.00,391.00,388.00,388.55,1640,34160
2018-12-28 15:20:00,392.00,394.95,384.85,384.85,2520,34160
2018-12-28 15:21:00,384.85,385.70,382.00,385.70,2180,33140
2018-12-28 15:22:00,385.70,388.00,385.70,387.25,660,33140
2018-12-28 15:23:00,387.25,387.25,382.00,387.00,3380,36420
2018-12-28 15:24:00,387.00,388.00,385.65,387.20,200,36420
2018-12-28 15:25:00,387.20,389.95,385.90,386.00,700,36420
2018-12-28 15:26:00,386.00,386.00,382.65,385.00,660,35620
2018-12-28 15:27:00,384.00,385.00,382.70,385.00,1660,35620
2018-12-28 15:28:00,385.00,385.00,381.35,382.50,1380,35620
2018-12-28 15:29:01,382.50,383.65,377.25,380.00,1340,35620
2018-12-31 09:15:00,286.95,287.00,270.45,273.30,8220,33560
2018-12-31 09:16:00,274.00,275.30,261.40,264.40,10060,33560
2018-12-31 09:17:00,263.95,277.55,263.95,275.90,7200,33560
2018-12-31 09:18:00,275.75,290.65,275.35,287.30,4660,43200
2018-12-31 09:19:00,287.10,291.65,279.50,279.90,6420,43200
2018-12-31 09:20:00,281.40,281.40,270.05,270.05,4120,43200
2018-12-31 09:21:00,269.30,276.20,267.05,276.20,8640,45380
2018-12-31 09:22:00,271.75,280.85,271.75,280.15,3420,45380
2018-12-31 09:23:00,280.25,284.00,277.80,283.65,3900,45380
2018-12-31 09:24:00,283.65,304.90,283.65,302.70,6700,44140
2018-12-31 09:25:00,302.70,312.10,301.75,305.60,6140,44140
2018-12-31 09:26:00,306.65,306.70,300.00,300.40,2380,44140
2018-12-31 09:27:00,301.95,310.20,296.20,310.15,1760,41780
2018-12-31 09:28:00,310.15,328.60,305.95,325.00,3540,41780
2018-12-31 09:29:00,325.90,351.35,325.60,348.50,4980,41780
2018-12-31 09:30:00,349.20,374.00,349.20,364.70,6820,42880
2018-12-31 09:31:00,360.15,360.15,346.60,346.60,5320,42880
2018-12-31 09:32:00,345.25,346.90,334.40,338.10,2540,42880
2018-12-31 09:33:00,338.85,354.60,336.50,354.60,1840,49140
2018-12-31 09:34:00,354.60,362.60,353.00,356.25,4000,49140
2018-12-31 09:35:00,356.25,356.25,341.50,341.50,1320,49140
2018-12-31 09:36:00,341.50,345.00,341.15,341.15,360,47620
2018-12-31 09:37:00,341.15,341.15,335.00,337.50,1340,47620
2018-12-31 09:38:00,337.50,340.00,337.50,338.10,360,47620
2018-12-31 09:39:00,338.10,339.35,334.40,334.45,800,48380
2018-12-31 09:40:00,334.45,334.90,329.40,329.40,1220,48380
2018-12-31 09:41:00,328.25,331.45,321.40,321.40,2600,48380
2018-12-31 09:42:00,321.40,325.30,318.85,325.30,1160,48480
2018-12-31 09:43:00,325.30,325.40,319.35,324.40,880,48480
2018-12-31 09:44:00,324.40,330.30,323.30,323.30,780,48480
2018-12-31 09:45:00,323.30,325.40,320.90,324.80,1200,48280
2018-12-31 09:46:00,324.80,326.70,323.10,324.95,780,48280
2018-12-31 09:47:00,324.95,324.95,310.45,315.85,1120,48280
2018-12-31 09:48:00,315.85,315.85,312.95,314.70,40,47860
2018-12-31 09:49:00,314.70,314.70,310.70,313.45,220,47860
2018-12-31 09:50:00,313.45,325.20,313.45,325.20,2460,47860
2018-12-31 09:51:00,325.00,330.00,324.85,329.10,2600,47660
2018-12-31 09:52:00,329.95,330.60,325.00,326.60,620,47660
2018-12-31 09:53:00,326.60,334.35,326.60,332.00,360,47660
2018-12-31 09:54:00,332.00,348.00,332.00,348.00,4020,48720
2018-12-31 09:55:00,348.00,348.00,330.30,333.20,960,48720
2018-12-31 09:56:00,333.20,340.00,333.20,334.85,60,48720
2018-12-31 09:57:00,334.85,337.05,332.00,335.70,740,46780
2018-12-31 09:58:00,335.70,335.70,323.55,327.25,540,46780
2018-12-31 09:59:00,327.25,330.40,327.25,330.30,280,46780
2018-12-31 10:00:00,330.30,341.85,330.30,338.00,660,46340
2018-12-31 10:01:00,338.00,338.05,336.00,336.00,660,46340
2018-12-31 10:02:00,336.00,345.75,336.00,345.75,260,46340
2018-12-31 10:03:00,345.75,345.75,339.45,339.45,560,45860
2018-12-31 10:04:00,339.45,339.45,334.45,336.00,140,45860
2018-12-31 10:05:00,336.00,337.30,331.40,331.95,200,45860
2018-12-31 10:06:00,331.95,341.00,331.95,341.00,200,46180
2018-12-31 10:07:00,341.00,341.00,335.00,336.85,860,46180
2018-12-31 10:08:00,336.85,336.85,333.95,333.95,180,46180
2018-12-31 10:09:00,333.95,337.85,333.95,335.65,260,45700
2018-12-31 10:10:00,335.65,336.75,334.55,334.55,700,45700
2018-12-31 10:11:00,334.55,335.35,333.35,334.00,320,45700
2018-12-31 10:12:00,334.00,334.00,333.35,333.35,20,45660
2018-12-31 10:13:00,333.35,333.35,333.35,333.35,0,0
2018-12-31 10:14:00,333.35,333.35,329.50,329.50,100,45660
2018-12-31 10:15:00,326.00,326.00,320.90,321.90,540,45680
2018-12-31 10:16:00,321.90,321.90,316.75,317.00,1900,45680
2018-12-31 10:17:00,317.00,321.50,315.10,315.10,1640,45680
2018-12-31 10:18:00,315.10,319.05,315.10,319.05,720,43120
2018-12-31 10:19:00,319.05,319.55,316.40,318.40,460,43120
2018-12-31 10:20:00,316.60,320.00,314.00,320.00,900,43120
2018-12-31 10:21:00,320.00,320.00,316.25,316.25,200,42980
2018-12-31 10:22:00,316.25,319.10,316.00,318.45,500,42980
2018-12-31 10:23:00,318.45,318.55,317.05,318.50,300,42980
2018-12-31 10:24:00,318.50,323.30,318.50,322.35,440,43340
2018-12-31 10:25:00,323.30,328.75,322.85,328.25,440,43340
2018-12-31 10:26:00,328.25,335.15,328.25,335.15,700,43340
2018-12-31 10:27:00,335.15,337.00,334.00,337.00,380,43660
2018-12-31 10:28:00,337.00,338.00,334.90,338.00,220,43660
2018-12-31 10:29:00,338.00,338.00,336.85,338.00,120,43660
2018-12-31 10:30:00,338.00,338.00,330.35,330.35,60,43340
2018-12-31 10:31:00,330.35,330.35,326.25,326.45,240,43340
2018-12-31 10:32:00,326.45,332.20,326.45,331.40,540,43340
2018-12-31 10:33:00,331.40,334.45,331.40,334.45,100,43860
2018-12-31 10:34:00,334.45,346.50,334.45,345.00,2880,43860
2018-12-31 10:35:00,345.00,355.95,339.50,339.50,2440,43860
2018-12-31 10:36:00,339.50,342.25,337.00,337.00,580,45520
2018-12-31 10:37:00,337.00,341.00,337.00,339.75,420,45520
2018-12-31 10:38:00,339.75,339.75,337.00,337.00,620,45520
2018-12-31 10:39:00,337.00,345.00,337.00,345.00,40,44700
2018-12-31 10:40:00,345.00,345.20,340.00,340.00,80,44700
2018-12-31 10:41:00,340.00,340.00,340.00,340.00,0,0
2018-12-31 10:42:00,340.00,340.00,340.00,340.00,0,0
2018-12-31 10:43:00,340.00,340.00,337.90,337.90,80,44700
2018-12-31 10:44:00,337.90,337.90,335.40,335.40,1060,44700
2018-12-31 10:45:00,333.95,336.60,333.95,334.10,1080,45480
2018-12-31 10:46:00,334.10,334.10,330.00,330.00,160,45480
2018-12-31 10:47:00,330.00,330.00,321.20,321.20,460,45480
2018-12-31 10:48:00,320.45,320.60,316.95,316.95,1660,45400
2018-12-31 10:49:00,316.95,322.30,316.95,320.00,1280,45400
2018-12-31 10:50:00,320.00,320.25,316.00,316.00,440,45400
2018-12-31 10:51:00,316.00,316.70,309.00,316.70,460,45480
2018-12-31 10:52:00,316.70,322.95,316.70,322.95,820,45480
2018-12-31 10:53:00,322.95,326.00,322.95,326.00,80,45480
2018-12-31 10:54:00,326.00,326.05,324.25,326.05,620,45920
2018-12-31 10:55:00,326.05,326.05,322.75,322.75,40,45920
2018-12-31 10:56:00,322.75,325.30,322.75,325.00,240,45920
2018-12-31 10:57:00,325.00,325.00,324.15,324.15,80,45180
2018-12-31 10:58:00,324.15,325.50,321.05,323.50,320,45180
2018-12-31 10:59:00,323.50,328.30,323.50,328.30,680,45180
2018-12-31 11:00:00,328.30,328.30,323.50,325.00,60,44640
2018-12-31 11:01:00,325.00,325.00,317.10,317.40,120,44640
2018-12-31 11:02:00,317.40,317.40,316.20,317.00,440,44640
2018-12-31 11:03:00,317.00,320.40,317.00,320.00,300,44960
2018-12-31 11:04:00,320.00,320.00,317.35,317.35,80,44960
2018-12-31 11:05:00,317.35,317.35,316.50,317.25,80,44960
2018-12-31 11:06:00,317.25,321.70,317.25,321.70,20,45220
2018-12-31 11:07:00,321.70,321.70,320.60,320.60,20,45220
2018-12-31 11:08:00,320.60,321.00,320.60,321.00,20,0
2018-12-31 11:09:00,321.00,324.35,321.00,324.35,20,45200
2018-12-31 11:10:00,324.35,330.00,324.35,330.00,500,45200
2018-12-31 11:11:00,330.00,336.00,328.80,336.00,1280,45200
2018-12-31 11:12:00,336.00,336.00,332.00,332.00,340,45880
2018-12-31 11:13:00,332.00,335.00,332.00,335.00,120,45880
2018-12-31 11:14:00,335.00,335.00,330.00,330.00,80,45880
2018-12-31 11:15:00,330.00,335.00,330.00,335.00,60,45880
2018-12-31 11:16:00,335.00,337.00,335.00,336.60,60,45880
2018-12-31 11:17:00,336.60,336.60,331.00,333.00,180,45880
2018-12-31 11:18:00,333.00,337.00,333.00,337.00,740,45860
2018-12-31 11:19:00,337.00,337.00,334.30,336.00,200,45860
2018-12-31 11:20:00,334.95,334.95,330.80,330.85,320,45860
2018-12-31 11:21:00,330.85,333.05,329.35,333.05,1040,46020
2018-12-31 11:22:00,333.05,333.05,325.00,325.00,200,46020
2018-12-31 11:23:00,325.00,325.00,323.80,323.80,20,46020
2018-12-31 11:24:00,330.70,331.10,330.70,331.10,0,46040
2018-12-31 11:25:00,331.10,341.55,331.10,341.30,1060,46040
2018-12-31 11:26:00,340.00,344.15,340.00,344.15,300,46040
2018-12-31 11:27:00,344.15,344.15,342.55,342.55,40,46540
2018-12-31 11:28:00,342.55,342.55,339.00,339.50,120,46540
2018-12-31 11:29:00,339.50,339.50,330.20,331.70,260,46540
2018-12-31 11:30:00,331.70,333.65,331.70,333.65,20,46780
2018-12-31 11:31:00,333.65,334.20,333.20,333.20,80,46780
2018-12-31 11:32:00,333.20,336.55,333.20,336.55,80,46780
2018-12-31 11:33:00,336.55,345.15,336.55,345.15,40,46760
2018-12-31 11:34:00,345.15,354.75,342.85,354.75,800,46760
2018-12-31 11:35:00,354.75,354.75,350.00,351.00,940,46760
2018-12-31 11:36:00,351.00,351.95,347.60,351.95,2540,46060
2018-12-31 11:37:00,351.95,357.10,351.95,353.65,1140,46060
2018-12-31 11:38:00,353.65,355.00,349.45,349.45,1580,46060
2018-12-31 11:39:00,349.45,352.45,344.00,344.20,420,44700
2018-12-31 11:40:00,344.20,344.20,338.05,338.05,920,44700
2018-12-31 11:41:00,338.05,348.60,338.05,348.60,1060,44700
2018-12-31 11:42:00,348.60,350.05,348.40,349.75,200,45220
2018-12-31 11:43:00,349.00,349.55,346.30,346.30,160,45220
2018-12-31 11:44:00,346.30,346.30,343.30,343.30,820,45220
2018-12-31 11:45:00,343.30,343.30,341.55,341.55,400,45800
2018-12-31 11:46:00,341.55,348.95,341.10,348.95,240,45800
2018-12-31 11:47:00,348.95,353.10,348.95,352.50,340,45800
2018-12-31 11:48:00,352.50,360.00,352.50,358.50,700,46140
2018-12-31 11:49:00,358.50,359.00,355.70,355.70,240,46140
2018-12-31 11:50:00,354.40,354.40,348.30,348.30,500,46140
2018-12-31 11:51:00,348.30,348.30,344.30,344.50,1060,46560
2018-12-31 11:52:00,344.50,351.25,344.50,349.10,460,46560
2018-12-31 11:53:00,349.10,356.25,349.10,356.05,200,46560
2018-12-31 11:54:00,356.05,356.05,347.65,347.75,740,46140
2018-12-31 11:55:00,347.75,350.95,347.75,350.95,80,46140
2018-12-31 11:56:00,350.95,353.65,349.10,350.85,320,46140
2018-12-31 11:57:00,350.85,354.95,350.85,352.15,120,46880
2018-12-31 11:58:00,352.15,355.50,352.00,353.45,180,46880
2018-12-31 11:59:00,353.25,353.25,342.55,344.55,660,46880
2018-12-31 12:00:00,344.55,350.00,344.55,350.00,60,47440
2018-12-31 12:01:00,350.00,350.00,337.00,337.00,600,47440
2018-12-31 12:02:00,337.00,337.00,330.80,330.80,560,47440
2018-12-31 12:03:00,330.80,330.80,327.00,330.60,1760,47780
2018-12-31 12:04:00,330.60,333.90,330.60,333.90,320,47780
2018-12-31 12:05:00,333.90,333.90,329.20,330.35,1060,47780
2018-12-31 12:06:00,330.35,335.35,330.35,335.35,260,46800
2018-12-31 12:07:00,335.35,336.00,335.05,335.05,1240,46800
2018-12-31 12:08:00,335.05,337.05,333.80,334.65,1940,46800
2018-12-31 12:09:00,334.70,343.50,334.70,343.50,1360,46560
2018-12-31 12:10:00,343.50,345.00,337.80,341.95,2660,46560
2018-12-31 12:11:00,341.95,346.60,341.95,345.45,240,46560
2018-12-31 12:12:00,345.45,346.05,343.00,343.00,2180,48200
2018-12-31 12:13:00,343.00,357.35,343.00,357.35,880,48200
2018-12-31 12:14:00,357.35,357.35,351.45,351.45,460,48200
2018-12-31 12:15:00,351.45,351.45,345.45,347.00,140,48260
2018-12-31 12:16:00,347.00,352.55,347.00,352.55,20,48260
2018-12-31 12:17:00,348.60,388.70,348.60,378.90,4240,48260
2018-12-31 12:18:00,379.25,383.60,374.80,377.30,1580,49680
2018-12-31 12:19:00,378.15,385.40,375.55,376.05,1360,49680
2018-12-31 12:20:00,376.15,378.60,369.25,370.50,1400,49680
2018-12-31 12:21:00,370.50,372.00,366.50,372.00,200,51600
2018-12-31 12:22:00,372.00,379.00,372.00,378.80,720,51600
2018-12-31 12:23:00,378.80,396.25,378.80,387.25,3260,51600
2018-12-31 12:24:00,387.25,391.50,375.30,375.30,440,52020
2018-12-31 12:25:00,375.30,379.75,371.65,379.75,840,52020
2018-12-31 12:26:00,378.10,383.25,378.10,383.05,160,52020
2018-12-31 12:27:00,383.05,383.05,376.90,376.90,480,52180
2018-12-31 12:28:00,376.90,376.90,364.65,365.25,580,52180
2018-12-31 12:29:00,366.45,369.10,366.45,366.60,80,52180
2018-12-31 12:30:00,367.85,379.35,367.85,379.35,600,52240
2018-12-31 12:31:00,379.35,379.35,370.85,375.00,1480,52240
2018-12-31 12:32:00,375.00,376.65,375.00,376.65,20,52240
2018-12-31 12:33:00,376.65,376.65,374.45,374.45,20,0
2018-12-31 12:34:00,374.45,379.00,374.45,379.00,440,52840
2018-12-31 12:35:00,379.00,379.55,373.95,374.25,440,52840
2018-12-31 12:36:00,374.25,381.00,374.25,379.35,120,53440
2018-12-31 12:37:00,379.35,379.35,369.05,369.05,100,53440
2018-12-31 12:38:00,369.05,370.70,369.05,369.05,1360,53440
2018-12-31 12:39:00,369.05,369.05,360.70,360.70,820,54580
2018-12-31 12:40:00,360.70,360.70,355.00,359.20,1100,54580
2018-12-31 12:41:00,359.20,366.45,357.90,364.50,820,54580
2018-12-31 12:42:00,364.50,364.50,360.50,363.20,1000,56280
2018-12-31 12:43:00,362.95,362.95,357.05,357.05,420,56280
2018-12-31 12:44:00,357.05,358.10,344.80,347.10,1960,56280
2018-12-31 12:45:00,347.10,347.90,342.35,343.45,1480,57320
2018-12-31 12:46:00,345.00,345.00,333.70,335.15,1560,57320
2018-12-31 12:47:00,335.15,338.75,332.70,338.75,80,57320
2018-12-31 12:48:00,338.75,345.40,338.10,343.15,1540,56980
2018-12-31 12:49:00,343.15,346.75,343.15,345.65,1800,56980
2018-12-31 12:50:00,345.65,345.65,341.90,344.00,80,56980
2018-12-31 12:51:00,344.00,352.90,344.00,352.90,520,58080
2018-12-31 12:52:00,352.90,359.00,352.90,359.00,1000,58080
2018-12-31 12:53:00,359.00,359.00,353.00,353.00,440,58080
2018-12-31 12:54:00,353.00,355.70,349.85,355.70,640,57940
2018-12-31 12:55:00,355.70,355.70,346.70,349.10,540,57940
2018-12-31 12:56:00,349.10,351.90,347.45,351.90,460,57940
2018-12-31 12:57:00,351.90,355.00,351.90,355.00,40,58580
2018-12-31 12:58:00,355.00,359.45,352.95,359.00,900,58580
2018-12-31 12:59:00,359.00,359.75,358.55,359.75,40,58580
2018-12-31 13:00:00,359.75,365.75,359.75,362.95,620,58700
2018-12-31 13:01:00,362.95,366.00,362.95,363.00,520,58700
2018-12-31 13:02:00,363.00,363.00,355.05,355.20,340,58700
2018-12-31 13:03:00,355.20,355.25,350.00,350.00,540,59220
2018-12-31 13:04:00,350.00,350.00,349.00,350.00,440,59220
2018-12-31 13:05:00,350.00,352.30,347.55,347.55,440,59220
2018-12-31 13:06:00,347.55,353.95,347.55,353.60,660,59200
2018-12-31 13:07:00,353.60,353.60,346.05,346.05,100,59200
2018-12-31 13:08:00,346.00,346.00,342.00,344.10,180,59200
2018-12-31 13:09:00,344.10,344.10,341.80,341.80,400,59640
2018-12-31 13:10:00,341.15,341.95,337.95,341.95,800,59640
2018-12-31 13:11:00,342.65,345.35,342.65,345.00,280,59640
2018-12-31 13:12:00,345.00,352.75,345.00,351.70,1800,59140
2018-12-31 13:13:00,351.70,353.70,351.70,353.70,260,59140
2018-12-31 13:14:00,353.70,353.70,349.00,349.00,120,59140
2018-12-31 13:15:00,349.00,350.85,346.95,346.95,60,60460
2018-12-31 13:16:00,346.95,346.95,332.60,332.60,1560,60460
2018-12-31 13:17:00,333.35,333.35,327.10,331.65,1140,60460
2018-12-31 13:18:00,331.65,339.20,331.65,339.20,700,59820
2018-12-31 13:19:00,339.20,340.20,336.80,336.80,1120,59820
2018-12-31 13:20:00,336.80,337.95,335.00,335.00,360,59820
2018-12-31 13:21:00,335.00,341.10,335.00,340.80,1400,60000
2018-12-31 13:22:00,340.80,342.95,338.40,342.50,1160,60000
2018-12-31 13:23:00,342.55,345.00,340.90,345.00,780,60000
2018-12-31 13:24:00,345.00,349.00,344.25,347.65,280,60540
2018-12-31 13:25:00,347.65,350.35,345.10,349.10,160,60540
2018-12-31 13:26:00,349.10,351.50,342.10,344.80,680,60540
2018-12-31 13:27:00,344.80,346.25,344.75,346.25,480,60520
2018-12-31 13:28:00,346.25,346.25,341.15,341.15,200,60520
2018-12-31 13:29:00,341.15,344.80,335.00,335.00,2440,60520
2018-12-31 13:30:00,332.80,336.05,332.80,336.00,1060,59600
2018-12-31 13:31:00,336.00,338.95,336.00,338.00,2020,59600
2018-12-31 13:32:00,338.00,338.00,335.60,335.60,20,59600
2018-12-31 13:33:00,335.60,344.00,335.60,344.00,420,61940
2018-12-31 13:34:00,344.00,344.95,342.85,342.85,980,61940
2018-12-31 13:35:00,342.85,346.00,340.95,346.00,580,61940
2018-12-31 13:36:00,346.00,346.25,344.00,346.25,1440,62660
2018-12-31 13:37:00,348.80,348.80,344.60,344.60,360,62660
2018-12-31 13:38:00,344.60,344.60,338.80,338.80,120,62660
2018-12-31 13:39:00,338.80,338.80,336.60,336.60,60,61820
2018-12-31 13:40:00,336.60,336.60,332.25,334.70,260,61820
2018-12-31 13:41:00,334.70,337.05,333.00,334.80,180,61820
2018-12-31 13:42:00,334.80,334.80,332.75,332.75,20,61920
2018-12-31 13:43:00,332.75,333.65,330.00,331.00,380,61920
2018-12-31 13:44:00,331.00,337.20,331.00,337.20,240,61920
2018-12-31 13:45:00,337.20,339.30,332.35,332.35,340,61880
2018-12-31 13:46:00,332.35,332.35,319.00,321.55,1820,61880
2018-12-31 13:47:00,321.10,327.30,316.70,322.30,640,61880
2018-12-31 13:48:00,322.30,325.40,322.30,324.80,200,62560
2018-12-31 13:49:00,324.80,324.80,321.20,321.20,120,62560
2018-12-31 13:50:00,321.20,323.90,321.20,323.90,220,62560
2018-12-31 13:51:00,322.00,331.00,322.00,330.60,60,62540
2018-12-31 13:52:00,330.60,332.00,328.05,330.00,1000,62540
2018-12-31 13:53:00,330.00,330.00,326.35,326.35,340,62540
2018-12-31 13:54:00,326.35,326.35,320.00,324.00,100,63100
2018-12-31 13:55:00,324.00,325.00,320.50,321.15,460,63100
2018-12-31 13:56:00,321.15,323.80,319.35,323.80,100,63100
2018-12-31 13:57:00,323.80,329.00,323.80,329.00,160,63100
2018-12-31 13:58:00,329.00,329.00,327.30,327.30,20,62860
2018-12-31 13:59:00,327.30,330.95,327.30,327.85,60,62860
2018-12-31 14:00:00,327.85,327.85,325.65,325.65,80,63180
2018-12-31 14:01:00,325.65,330.75,322.20,330.75,260,63180
2018-12-31 14:02:00,330.75,335.25,330.75,332.65,700,63180
2018-12-31 14:03:00,332.65,332.90,332.55,332.90,60,63480
2018-12-31 14:04:00,332.90,334.15,329.25,329.25,360,63480
2018-12-31 14:05:00,329.25,331.80,328.75,328.75,380,63480
2018-12-31 14:06:00,328.75,332.00,328.75,332.00,1100,63540
2018-12-31 14:07:00,337.30,342.00,334.05,342.00,540,63540
2018-12-31 14:08:00,342.00,342.00,335.65,337.00,900,63540
2018-12-31 14:09:00,337.00,337.40,337.00,337.40,60,63600
2018-12-31 14:10:00,337.40,337.40,337.40,337.40,0,0
2018-12-31 14:11:00,337.40,337.40,329.15,329.15,60,63600
2018-12-31 14:12:00,329.15,333.00,329.15,333.00,200,63560
2018-12-31 14:13:00,333.00,333.00,332.05,332.05,20,63560
2018-12-31 14:14:00,332.05,332.05,332.05,332.05,0,0
2018-12-31 14:15:00,332.05,339.00,332.05,339.00,160,63580
2018-12-31 14:16:00,339.00,342.45,338.65,342.45,320,63580
2018-12-31 14:17:00,343.70,343.70,334.00,334.00,520,63580
2018-12-31 14:18:00,334.00,334.00,326.20,330.30,320,64280
2018-12-31 14:19:00,327.65,328.15,317.30,319.95,1220,64280
2018-12-31 14:20:00,319.95,324.30,319.95,324.00,260,64280
2018-12-31 14:21:00,324.00,327.35,324.00,327.35,480,63840
2018-12-31 14:22:00,329.95,330.80,327.00,327.00,140,63840
2018-12-31 14:23:00,327.00,327.00,327.00,327.00,0,0
2018-12-31 14:24:00,327.00,335.00,327.00,332.00,60,64080
2018-12-31 14:25:00,332.00,332.00,332.00,332.00,0,0
2018-12-31 14:26:00,332.00,332.00,329.65,329.65,40,64080
2018-12-31 14:27:00,329.65,340.25,329.65,340.00,400,64080
2018-12-31 14:28:00,340.00,340.00,334.30,335.90,440,64080
2018-12-31 14:29:00,335.90,336.60,334.90,336.60,160,64080
2018-12-31 14:30:00,338.00,347.15,338.00,347.15,160,64280
2018-12-31 14:31:00,347.15,347.15,339.30,339.30,140,64280
2018-12-31 14:32:00,339.30,339.30,339.30,339.30,0,0
2018-12-31 14:33:00,339.30,339.30,333.00,334.65,100,64220
2018-12-31 14:34:00,333.85,333.85,328.00,328.65,260,64220
2018-12-31 14:35:00,328.65,328.65,320.65,323.05,1740,64220
2018-12-31 14:36:00,323.05,325.00,323.05,325.00,20,0
2018-12-31 14:37:00,325.00,328.40,321.65,328.40,360,63500
2018-12-31 14:38:00,328.55,328.55,322.50,325.45,500,63500
2018-12-31 14:39:00,325.45,325.45,324.00,324.00,20,63640
2018-12-31 14:40:00,324.00,324.00,314.30,320.00,640,63640
2018-12-31 14:41:00,320.00,328.95,320.00,328.95,440,63640
2018-12-31 14:42:00,328.95,328.95,327.00,327.60,520,63600
2018-12-31 14:43:00,327.60,340.70,327.60,339.00,1700,63600
2018-12-31 14:44:00,339.00,339.00,336.50,336.65,2960,63600
2018-12-31 14:45:00,336.65,336.65,332.00,335.65,1620,66560
2018-12-31 14:46:00,335.65,335.65,329.00,329.00,120,66560
2018-12-31 14:47:00,329.00,329.00,323.35,328.10,220,66560
2018-12-31 14:48:00,328.10,330.00,324.80,330.00,920,65940
2018-12-31 14:49:00,330.00,337.00,329.60,337.00,140,65940
2018-12-31 14:50:00,337.00,337.00,329.70,334.55,160,65940
2018-12-31 14:51:00,334.55,334.55,330.65,331.95,140,66500
2018-12-31 14:52:00,331.95,338.00,330.00,334.10,1560,66500
2018-12-31 14:53:00,334.10,334.10,327.90,327.90,1260,66500
2018-12-31 14:54:00,327.90,327.90,324.05,327.35,3060,67140
2018-12-31 14:55:00,327.35,327.35,323.85,327.10,580,67140
2018-12-31 14:56:00,327.10,329.00,326.00,329.00,580,67140
2018-12-31 14:57:00,329.00,329.45,327.95,328.20,360,64740
2018-12-31 14:58:00,328.20,328.20,320.00,325.70,180,64740
2018-12-31 14:59:00,325.70,325.70,320.20,324.80,240,64740
2018-12-31 15:00:00,324.80,326.10,320.00,320.00,220,65060
2018-12-31 15:01:00,327.00,333.15,325.90,333.15,120,65060
2018-12-31 15:02:00,333.15,335.30,332.60,334.95,1560,65060
2018-12-31 15:03:00,334.95,335.95,334.15,335.95,80,65420
2018-12-31 15:04:00,335.75,340.55,335.75,339.00,420,65420
2018-12-31 15:05:00,339.00,342.90,339.00,342.00,1260,65420
2018-12-31 15:06:00,342.00,342.95,336.15,336.15,2000,64800
2018-12-31 15:07:00,334.65,338.15,333.55,337.95,340,64800
2018-12-31 15:08:00,337.95,338.25,336.00,337.25,2160,64800
2018-12-31 15:09:00,337.25,337.65,333.70,337.15,240,65440
2018-12-31 15:10:00,337.15,339.00,334.40,337.00,1660,65440
2018-12-31 15:11:00,336.45,337.60,336.45,336.70,320,65440
2018-12-31 15:12:00,336.70,339.45,336.70,338.80,460,64880
2018-12-31 15:13:00,338.80,338.80,332.70,336.35,700,64880
2018-12-31 15:14:00,336.35,337.00,331.20,331.20,960,64880
2018-12-31 15:15:00,331.55,334.30,327.25,328.75,2080,64800
2018-12-31 15:16:00,328.00,328.00,325.75,327.65,760,64800
2018-12-31 15:17:00,327.65,328.25,326.65,326.65,220,64800
2018-12-31 15:18:00,326.65,331.80,326.65,331.80,1080,64060
2018-12-31 15:19:00,331.80,331.80,329.10,330.15,1520,64060
2018-12-31 15:20:00,329.80,334.95,329.05,332.00,3260,64060
2018-12-31 15:21:00,332.00,334.05,330.75,330.75,280,62980
2018-12-31 15:22:00,330.75,332.05,329.85,330.00,840,62980
2018-12-31 15:23:00,330.00,334.05,330.00,333.00,1620,62980
2018-12-31 15:24:00,333.00,333.00,331.55,331.80,280,61880
2018-12-31 15:25:00,331.80,332.80,330.95,330.95,540,61880
2018-12-31 15:26:00,330.85,330.85,328.20,328.20,1040,61880
2018-12-31 15:27:00,328.20,330.00,328.00,330.00,840,60540
2018-12-31 15:28:00,330.00,334.60,330.00,330.20,840,60540
2018-12-31 15:29:01,330.90,332.55,326.95,326.95,2380,60540
2019-01-01 09:15:00,292.15,338.55,284.40,326.35,3440,59740
2019-01-01 09:16:00,326.35,344.95,323.95,344.95,1540,59740
2019-01-01 09:17:00,344.95,347.25,336.15,336.60,1040,59740
2019-01-01 09:18:00,336.65,356.95,335.50,353.65,3920,60720
2019-01-01 09:19:00,353.65,369.70,353.65,368.05,4080,60720
2019-01-01 09:20:00,367.85,378.15,364.50,366.35,4380,60720
2019-01-01 09:21:00,365.80,370.80,359.00,359.00,440,60720
2019-01-01 09:22:00,359.00,369.15,359.00,368.95,560,61420
2019-01-01 09:23:00,368.95,377.70,368.95,375.35,300,61420
2019-01-01 09:24:00,375.35,407.40,375.35,402.70,1780,61420
2019-01-01 09:25:00,402.70,402.70,393.50,395.65,3440,61360
2019-01-01 09:26:00,398.55,407.45,398.55,400.05,280,61360
2019-01-01 09:27:00,400.05,403.80,393.85,394.15,3940,62880
2019-01-01 09:28:00,394.15,395.50,384.40,386.55,2000,62880
2019-01-01 09:29:00,386.55,394.00,386.55,394.00,980,62880
2019-01-01 09:30:00,394.00,399.30,393.20,393.20,140,66480
2019-01-01 09:31:00,393.20,393.95,388.35,393.95,240,66480
2019-01-01 09:32:00,393.95,401.75,393.95,401.35,5400,66480
2019-01-01 09:33:00,401.35,424.75,401.35,419.65,1600,66480
2019-01-01 09:34:00,419.65,419.65,409.85,414.30,1220,61680
2019-01-01 09:35:00,415.00,421.00,415.00,418.00,740,61680
2019-01-01 09:36:00,418.00,418.00,408.10,409.95,600,61680
2019-01-01 09:37:00,409.95,412.40,409.00,410.70,2100,60820
2019-01-01 09:38:00,410.70,410.70,396.70,396.70,400,60820
2019-01-01 09:39:00,396.70,407.15,396.70,407.15,40,60820
2019-01-01 09:40:00,401.30,405.00,399.90,399.90,120,59120
2019-01-01 09:41:00,399.90,399.90,396.00,396.80,100,59120
2019-01-01 09:42:00,396.80,403.00,396.80,400.75,60,59120
2019-01-01 09:43:00,400.75,406.80,400.75,406.80,120,58980
2019-01-01 09:44:00,406.80,406.80,400.00,400.00,460,58980
2019-01-01 09:45:00,400.00,400.00,394.95,394.95,40,58980
2019-01-01 09:46:00,394.95,395.90,392.65,392.65,300,59200
2019-01-01 09:47:00,392.65,392.65,392.65,392.65,0,0
2019-01-01 09:48:00,392.65,403.30,392.65,403.30,120,59200
2019-01-01 09:49:00,400.90,409.20,400.90,409.20,80,59380
2019-01-01 09:50:00,409.20,409.20,404.50,404.50,0,59380
2019-01-01 09:51:00,404.50,411.00,404.50,404.85,340,59460
2019-01-01 09:52:00,404.85,409.55,402.80,408.95,320,59460
2019-01-01 09:53:00,408.95,414.95,408.95,410.70,100,59460
2019-01-01 09:54:00,410.70,433.20,410.70,427.10,580,59460
2019-01-01 09:55:00,427.10,435.80,427.10,434.75,440,59140
2019-01-01 09:56:00,437.85,442.25,430.90,433.00,2520,59140
2019-01-01 09:57:00,433.00,433.35,425.20,425.20,980,59140
2019-01-01 09:58:00,425.20,436.60,425.20,435.00,1240,61600
2019-01-01 09:59:00,435.00,442.65,435.00,441.45,240,61600
2019-01-01 10:00:00,441.45,452.30,433.40,443.40,520,62600
2019-01-01 10:01:00,443.40,443.40,430.00,436.20,1060,62600
2019-01-01 10:02:00,436.20,437.00,430.90,431.60,1020,62600
2019-01-01 10:03:00,431.60,436.70,431.60,436.70,200,62600
2019-01-01 10:04:00,436.70,445.00,436.70,438.10,300,62680
2019-01-01 10:05:00,438.10,440.70,434.55,434.55,800,62680
2019-01-01 10:06:00,434.55,438.10,434.25,434.25,40,63420
2019-01-01 10:07:00,434.25,434.25,432.70,432.70,700,63420
2019-01-01 10:08:00,432.70,433.00,431.05,431.05,140,63420
2019-01-01 10:09:00,431.05,439.95,431.05,435.00,300,64160
2019-01-01 10:10:00,435.00,439.80,435.00,437.00,20,64160
2019-01-01 10:11:00,437.00,437.00,434.80,434.80,40,64160
2019-01-01 10:12:00,434.80,434.80,425.50,426.00,60,64160
2019-01-01 10:13:00,426.00,426.00,417.10,418.55,100,64260
2019-01-01 10:14:00,418.55,426.85,418.55,426.05,200,64260
2019-01-01 10:15:00,426.00,431.00,426.00,431.00,20,64580
2019-01-01 10:16:00,432.60,433.00,430.25,430.25,380,64580
2019-01-01 10:17:00,430.25,430.25,420.90,420.90,120,64580
2019-01-01 10:18:00,420.90,423.65,420.05,420.05,80,64580
2019-01-01 10:19:00,420.05,421.90,418.25,418.25,60,64880
2019-01-01 10:20:00,418.25,424.00,418.25,424.00,40,64880
2019-01-01 10:21:00,424.00,424.00,413.75,413.75,160,64880
2019-01-01 10:22:00,413.75,418.00,413.75,418.00,100,64960
2019-01-01 10:23:00,418.00,425.10,418.00,424.60,240,64960
2019-01-01 10:24:00,424.60,429.00,424.60,429.00,40,64980
2019-01-01 10:25:00,429.00,430.95,423.55,430.95,380,64980
2019-01-01 10:26:00,430.95,430.95,420.00,423.00,320,64980
2019-01-01 10:27:00,423.00,423.00,419.50,419.50,80,64980
2019-01-01 10:28:00,418.90,418.90,417.70,417.70,60,64940
2019-01-01 10:29:00,417.70,418.00,417.70,418.00,20,64940
2019-01-01 10:30:00,418.00,418.10,415.05,415.05,60,64940
2019-01-01 10:31:00,415.05,418.10,415.05,416.75,140,64940
2019-01-01 10:32:00,416.75,418.45,415.70,415.85,180,64940
2019-01-01 10:33:00,415.85,415.85,414.55,414.95,100,64940
2019-01-01 10:34:00,414.95,414.95,408.85,414.00,100,65000
2019-01-01 10:35:00,414.00,418.00,414.00,418.00,40,65000
2019-01-01 10:36:00,418.00,419.00,418.00,419.00,20,65000
2019-01-01 10:37:00,419.00,419.00,410.50,410.50,40,65000
2019-01-01 10:38:00,410.50,415.90,410.50,412.90,80,65000
2019-01-01 10:39:00,412.90,426.25,412.90,426.25,1100,65000
2019-01-01 10:40:00,426.25,429.00,423.70,426.20,180,64860
2019-01-01 10:41:00,430.00,430.00,419.35,421.95,120,64860
2019-01-01 10:42:00,421.95,422.10,421.95,422.10,20,64860
2019-01-01 10:43:00,422.10,423.40,420.95,420.95,100,64800
2019-01-01 10:44:00,420.95,420.95,418.10,419.30,100,64800
2019-01-01 10:45:00,419.30,423.00,415.55,415.55,80,64800
2019-01-01 10:46:00,415.55,420.00,415.55,420.00,880,64800
2019-01-01 10:47:00,420.00,420.00,418.05,418.05,140,64800
2019-01-01 10:48:00,418.05,419.20,418.05,419.20,40,64800
2019-01-01 10:49:00,419.20,425.95,419.20,425.95,60,65200
2019-01-01 10:50:00,425.95,425.95,425.95,425.95,0,0
2019-01-01 10:51:00,425.95,425.95,420.00,420.00,60,65200
2019-01-01 10:52:00,420.00,420.00,415.55,415.55,20,65260
2019-01-01 10:53:00,415.55,424.00,413.55,415.00,160,65260
2019-01-01 10:54:00,415.00,415.00,415.00,415.00,0,0
2019-01-01 10:55:00,415.00,415.80,414.15,414.15,80,65300
2019-01-01 10:56:00,414.15,414.15,411.55,413.40,80,65300
2019-01-01 10:57:00,413.40,416.65,413.40,415.30,80,65300
2019-01-01 10:58:00,415.30,416.70,415.30,416.70,40,65280
2019-01-01 10:59:00,416.70,416.70,413.85,413.85,20,65280
2019-01-01 11:00:00,413.85,420.20,411.55,411.80,300,65280
2019-01-01 11:01:00,412.95,412.95,408.55,408.55,80,65380
2019-01-01 11:02:00,408.55,408.55,396.60,396.60,140,65380
2019-01-01 11:03:00,396.60,396.60,390.45,391.80,160,65480
2019-01-01 11:04:00,391.80,396.50,391.80,396.50,260,65480
2019-01-01 11:05:00,396.50,396.50,396.50,396.50,0,0
2019-01-01 11:06:00,396.50,396.50,396.00,396.00,280,65480
2019-01-01 11:07:00,396.00,398.00,396.00,398.00,20,65360
2019-01-01 11:08:00,398.80,401.15,398.80,401.15,1100,65360
2019-01-01 11:09:00,401.15,401.15,401.15,401.15,0,0
2019-01-01 11:10:00,401.15,401.15,398.85,398.85,40,64520
2019-01-01 11:11:00,398.85,398.85,398.85,398.85,0,0
2019-01-01 11:12:00,398.85,398.85,398.85,398.85,0,0
2019-01-01 11:13:00,398.85,398.85,398.85,398.85,0,0
2019-01-01 11:14:00,398.85,398.85,386.30,387.35,360,64520
2019-01-01 11:15:00,390.00,394.05,389.55,389.55,300,64600
2019-01-01 11:16:00,389.55,392.45,389.05,389.05,200,64600
2019-01-01 11:17:00,389.05,390.95,389.00,389.00,160,64600
2019-01-01 11:18:00,389.25,393.40,389.25,393.25,80,64740
2019-01-01 11:19:00,393.25,396.00,393.00,396.00,80,64740
2019-01-01 11:20:00,396.00,398.00,395.35,398.00,1240,64740
2019-01-01 11:21:00,398.00,399.00,396.45,396.45,120,64740
2019-01-01 11:22:00,396.45,396.45,392.00,396.20,260,64200
2019-01-01 11:23:00,396.20,396.20,394.00,394.00,100,64200
2019-01-01 11:24:00,394.00,403.55,394.00,403.55,140,64200
2019-01-01 11:25:00,403.55,403.55,402.00,403.00,180,64160
2019-01-01 11:26:00,403.00,403.00,403.00,403.00,0,0
2019-01-01 11:27:00,403.00,410.35,403.00,408.90,1120,64320
2019-01-01 11:28:00,408.90,415.00,408.90,415.00,160,64320
2019-01-01 11:29:00,415.00,415.00,415.00,415.00,0,64320
2019-01-01 11:30:00,415.00,415.00,412.05,412.60,4160,67440
2019-01-01 11:31:00,412.60,412.60,409.65,409.65,1020,67440
2019-01-01 11:32:00,409.65,409.65,409.65,409.65,0,0
2019-01-01 11:33:00,409.65,409.65,409.65,409.65,0,0
2019-01-01 11:34:00,409.65,409.65,405.00,405.00,80,67780
2019-01-01 11:35:00,405.00,405.50,405.00,405.50,20,0
2019-01-01 11:36:00,405.50,405.50,405.00,405.00,80,67780
2019-01-01 11:37:00,405.00,405.00,402.55,402.55,20,67800
2019-01-01 11:38:00,402.55,402.55,401.70,401.70,80,67800
2019-01-01 11:39:00,401.70,403.95,401.70,403.95,20,67800
2019-01-01 11:40:00,403.95,403.95,403.95,403.95,0,0
2019-01-01 11:41:00,403.95,404.30,403.95,404.30,40,67720
2019-01-01 11:42:00,404.30,404.30,401.75,401.75,20,67720
2019-01-01 11:43:00,401.75,401.75,399.55,399.55,40,67740
2019-01-01 11:44:00,399.55,400.40,397.65,400.40,120,67740
2019-01-01 11:45:00,400.40,400.40,397.65,399.35,200,67840
2019-01-01 11:46:00,399.35,399.90,399.00,399.90,160,67840
2019-01-01 11:47:00,399.90,400.70,396.05,400.65,540,67840
2019-01-01 11:48:00,400.65,402.40,400.65,402.40,60,67840
2019-01-01 11:49:00,402.40,402.40,400.45,401.80,100,68100
2019-01-01 11:50:00,401.80,401.80,401.80,401.80,0,0
2019-01-01 11:51:00,401.80,401.80,401.80,401.80,0,0
2019-01-01 11:52:00,401.80,402.00,401.65,401.65,340,68240
2019-01-01 11:53:00,401.65,402.00,401.65,402.00,100,68240
2019-01-01 11:54:00,402.00,402.00,395.00,400.60,220,68440
2019-01-01 11:55:00,400.60,400.60,395.85,395.90,240,68440
2019-01-01 11:56:00,395.90,398.65,395.90,398.65,140,68440
2019-01-01 11:57:00,398.65,399.45,398.65,399.45,0,68440
2019-01-01 11:58:00,399.45,400.65,399.45,400.65,140,68360
2019-01-01 11:59:00,400.65,400.65,400.65,400.65,0,0
2019-01-01 12:00:00,400.65,400.65,400.65,400.65,0,0
2019-01-01 12:01:00,400.65,400.65,400.65,400.65,0,0
2019-01-01 12:02:00,400.65,400.65,392.55,392.55,180,68220
2019-01-01 12:03:00,392.55,393.00,390.05,393.00,360,68400
2019-01-01 12:04:00,393.00,393.00,393.00,393.00,0,0
2019-01-01 12:05:00,393.00,393.00,379.95,379.95,1580,68400
2019-01-01 12:06:00,379.95,385.00,379.95,385.00,140,68400
2019-01-01 12:07:00,385.00,389.30,385.00,389.30,180,67340
2019-01-01 12:08:00,389.30,390.40,389.30,390.40,60,67340
2019-01-01 12:09:00,390.40,393.50,390.40,393.50,100,0
2019-01-01 12:10:00,393.50,393.50,390.00,390.00,100,0
2019-01-01 12:11:00,390.00,390.95,390.00,390.05,60,67060
2019-01-01 12:12:00,390.05,392.00,389.00,390.00,580,67060
2019-01-01 12:13:00,390.00,392.70,390.00,392.70,20,67120
2019-01-01 12:14:00,392.70,392.70,392.70,392.70,0,0
2019-01-01 12:15:00,392.70,392.70,392.70,392.70,0,0
2019-01-01 12:16:00,392.70,392.70,392.70,392.70,0,0
2019-01-01 12:17:00,392.70,392.70,392.00,392.40,280,67120
2019-01-01 12:18:00,392.40,392.40,388.00,388.00,20,67220
2019-01-01 12:19:00,388.00,388.00,388.00,388.00,0,0
2019-01-01 12:20:00,388.00,388.00,388.00,388.00,0,0
2019-01-01 12:21:00,388.00,390.00,388.00,390.00,260,67220
2019-01-01 12:22:00,390.00,394.05,390.00,394.05,60,0
2019-01-01 12:23:00,394.05,394.05,394.05,394.05,0,0
2019-01-01 12:24:00,394.05,398.70,394.05,398.70,20,67220
2019-01-01 12:25:00,398.70,400.00,398.55,400.00,200,67220
2019-01-01 12:26:00,400.00,402.10,400.00,401.00,80,0
2019-01-01 12:27:00,401.00,401.00,401.00,401.00,0,0
2019-01-01 12:28:00,401.00,401.00,401.00,401.00,0,0
2019-01-01 12:29:00,401.00,412.00,401.00,412.00,80,67140
2019-01-01 12:30:00,412.00,413.95,412.00,413.95,40,67140
2019-01-01 12:31:00,413.95,418.00,413.95,418.00,100,67100
2019-01-01 12:32:00,418.00,420.00,418.00,420.00,100,67100
2019-01-01 12:33:00,420.00,420.00,417.95,417.95,40,67100
2019-01-01 12:34:00,417.95,417.95,413.55,413.55,60,67080
2019-01-01 12:35:00,413.55,413.55,410.55,410.55,40,0
2019-01-01 12:36:00,410.55,417.30,410.55,414.00,180,67080
2019-01-01 12:37:00,414.00,417.50,414.00,414.00,40,67120
2019-01-01 12:38:00,414.00,414.00,409.50,410.30,860,67120
2019-01-01 12:39:00,410.30,410.30,404.45,404.45,80,0
2019-01-01 12:40:00,404.45,406.00,404.45,406.00,20,67000
2019-01-01 12:41:00,406.00,411.00,406.00,411.00,100,0
2019-01-01 12:42:00,411.00,411.00,411.00,411.00,0,0
2019-01-01 12:43:00,411.00,411.00,411.00,411.00,0,0
2019-01-01 12:44:00,411.00,412.00,409.70,412.00,220,66960
2019-01-01 12:45:00,412.00,414.65,412.00,414.65,20,66960
2019-01-01 12:46:00,414.65,414.65,414.65,414.65,0,0
2019-01-01 12:47:00,414.65,414.65,414.65,414.65,0,0
2019-01-01 12:48:00,414.65,418.00,414.65,418.00,120,66800
2019-01-01 12:49:00,418.00,419.95,418.00,419.75,40,66720
2019-01-01 12:50:00,419.75,419.75,415.00,416.15,220,66720
2019-01-01 12:51:00,416.15,416.15,415.45,415.45,80,66720
2019-01-01 12:52:00,415.45,416.70,415.45,416.70,20,66600
2019-01-01 12:53:00,416.70,416.70,410.75,410.75,700,66600
2019-01-01 12:54:00,410.75,410.75,410.75,410.75,0,0
2019-01-01 12:55:00,410.75,410.75,410.55,410.55,0,66480
2019-01-01 12:56:00,410.55,410.55,403.75,403.75,400,66480
2019-01-01 12:57:00,403.75,414.05,403.75,414.05,20,0
2019-01-01 12:58:00,414.05,417.20,414.05,417.20,200,66680
2019-01-01 12:59:00,417.20,417.20,417.15,417.15,20,66680
2019-01-01 13:00:00,417.15,417.15,415.00,415.00,40,0
2019-01-01 13:01:00,415.00,415.00,408.05,408.05,180,66740
2019-01-01 13:02:00,408.05,408.05,408.05,408.05,0,0
2019-01-01 13:03:00,408.05,408.05,408.05,408.05,0,0
2019-01-01 13:04:00,408.05,409.75,405.70,409.75,360,66580
2019-01-01 13:05:00,409.75,410.00,409.75,410.00,20,66580
2019-01-01 13:06:00,410.00,410.00,410.00,410.00,0,0
2019-01-01 13:07:00,410.00,410.00,403.85,403.85,20,66340
2019-01-01 13:08:00,403.85,406.00,402.55,402.55,80,66340
2019-01-01 13:09:00,402.55,405.00,402.55,405.00,20,66360
2019-01-01 13:10:00,405.00,405.00,404.70,404.70,340,66360
2019-01-01 13:11:00,404.70,404.70,402.00,402.00,80,0
2019-01-01 13:12:00,402.00,402.00,402.00,402.00,0,0
2019-01-01 13:13:00,402.00,402.55,402.00,402.55,80,66320
2019-01-01 13:14:00,402.55,402.55,402.20,402.25,40,0
2019-01-01 13:15:00,402.25,402.25,402.25,402.25,0,0
2019-01-01 13:16:00,402.25,403.00,402.25,403.00,100,0
2019-01-01 13:17:00,403.00,403.00,403.00,403.00,0,0
2019-01-01 13:18:00,403.00,409.25,403.00,409.25,100,66260
2019-01-01 13:19:00,409.25,414.50,409.25,414.50,20,66260
2019-01-01 13:20:00,414.50,414.50,414.50,414.50,20,66260
2019-01-01 13:21:00,411.20,411.20,411.20,411.20,0,0
2019-01-01 13:22:00,411.20,411.20,407.00,407.00,120,66140
2019-01-01 13:23:00,407.00,414.60,407.00,414.60,40,0
2019-01-01 13:24:00,414.60,414.60,412.00,412.00,20,66140
2019-01-01 13:25:00,412.00,412.00,412.00,412.00,0,0
2019-01-01 13:26:00,412.00,412.00,412.00,412.00,0,0
2019-01-01 13:27:00,412.00,412.00,412.00,412.00,0,0
2019-01-01 13:28:00,412.00,412.00,409.10,409.10,60,66060
2019-01-01 13:29:00,409.10,409.10,402.10,402.10,80,66060
2019-01-01 13:30:00,402.10,402.10,402.10,402.10,0,0
2019-01-01 13:31:00,402.10,403.05,402.10,403.05,220,66100
2019-01-01 13:32:00,403.05,403.05,403.05,403.05,0,0
2019-01-01 13:33:00,403.05,409.00,403.05,409.00,20,66220
2019-01-01 13:34:00,409.00,421.75,409.00,421.75,280,66220
2019-01-01 13:35:00,423.95,441.25,423.95,441.25,840,66220
2019-01-01 13:36:00,442.35,446.70,442.35,446.70,160,66220
2019-01-01 13:37:00,446.70,446.70,441.40,441.40,220,66240
2019-01-01 13:38:00,441.40,466.75,441.40,458.25,1860,66240
2019-01-01 13:39:00,458.25,458.25,448.80,448.80,560,66240
2019-01-01 13:40:00,448.80,448.80,447.15,447.15,920,66240
2019-01-01 13:41:00,447.15,454.95,447.15,450.25,1180,66240
2019-01-01 13:42:00,450.25,450.25,447.15,449.65,140,66240
2019-01-01 13:43:00,445.55,446.15,442.05,442.05,780,68120
2019-01-01 13:44:00,442.05,449.75,442.05,446.25,440,68120
2019-01-01 13:45:00,446.25,446.75,444.00,444.00,120,69240
2019-01-01 13:46:00,444.00,447.35,443.45,443.45,780,69240
2019-01-01 13:47:00,443.45,448.40,443.45,443.45,320,69240
2019-01-01 13:48:00,443.00,443.80,438.20,438.20,740,70780
2019-01-01 13:49:00,438.20,440.00,436.00,436.00,100,70780
2019-01-01 13:50:00,436.00,436.00,428.00,428.00,360,70780
2019-01-01 13:51:00,427.00,434.10,427.00,434.10,100,70920
2019-01-01 13:52:00,434.10,440.00,431.30,440.00,220,70920
2019-01-01 13:53:00,440.00,440.00,436.00,439.00,60,0
2019-01-01 13:54:00,439.00,439.00,436.00,436.00,220,70920
2019-01-01 13:55:00,436.00,436.00,436.00,436.00,0,0
2019-01-01 13:56:00,436.00,442.15,436.00,442.15,100,70780
2019-01-01 13:57:00,442.15,442.15,442.15,442.15,0,0
2019-01-01 13:58:00,442.15,442.15,432.50,432.50,40,70800
2019-01-01 13:59:00,432.50,432.55,432.50,432.55,20,70800
2019-01-01 14:00:00,432.55,438.00,432.55,438.00,40,70800
2019-01-01 14:01:00,438.00,438.00,438.00,438.00,0,0
2019-01-01 14:02:00,438.00,438.00,429.15,429.15,100,70780
2019-01-01 14:03:00,429.15,429.15,423.45,423.45,240,70780
2019-01-01 14:04:00,423.45,423.90,423.45,423.90,40,70720
2019-01-01 14:05:00,423.90,424.80,423.90,424.80,20,0
2019-01-01 14:06:00,424.80,424.80,419.00,419.00,60,70580
2019-01-01 14:07:00,419.00,419.00,414.80,414.80,60,70580
2019-01-01 14:08:00,414.80,417.40,414.80,417.40,460,70580
2019-01-01 14:09:00,417.40,419.00,416.40,419.00,220,70580
2019-01-01 14:10:00,419.00,423.60,419.00,423.60,20,70420
2019-01-01 14:11:00,423.60,430.00,423.60,430.00,260,70420
2019-01-01 14:12:00,430.00,433.60,430.00,433.60,60,70420
2019-01-01 14:13:00,433.60,433.60,432.95,433.50,140,70240
2019-01-01 14:14:00,433.50,433.50,433.00,433.00,20,0
2019-01-01 14:15:00,433.00,433.00,431.40,431.40,20,0
2019-01-01 14:16:00,431.40,431.40,425.00,425.00,60,70260
2019-01-01 14:17:00,425.00,425.00,425.00,425.00,0,0
2019-01-01 14:18:00,425.00,425.00,413.55,414.85,80,70260
2019-01-01 14:19:00,414.85,415.85,413.00,413.00,140,70420
2019-01-01 14:20:00,410.50,412.10,410.00,412.10,60,70420
2019-01-01 14:21:00,412.10,417.05,412.10,417.05,280,70620
2019-01-01 14:22:00,417.05,419.00,417.05,419.00,60,70620
2019-01-01 14:23:00,419.00,419.45,419.00,419.45,20,70620
2019-01-01 14:24:00,419.45,419.45,415.00,415.00,100,70460
2019-01-01 14:25:00,415.00,415.00,415.00,415.00,0,0
2019-01-01 14:26:00,415.00,417.15,415.00,415.00,40,70460
2019-01-01 14:27:00,415.00,415.00,395.00,396.10,520,70460
2019-01-01 14:28:00,396.10,396.10,363.00,363.00,1540,70540
2019-01-01 14:29:00,363.00,363.00,308.05,308.05,12020,70540
2019-01-01 14:30:00,309.05,323.55,303.25,316.00,1680,70540
2019-01-01 14:31:00,316.00,316.00,266.30,283.15,7360,66460
2019-01-01 14:32:00,282.30,284.70,252.15,256.15,7480,66460
2019-01-01 14:33:00,258.20,288.10,256.75,288.10,7140,66460
2019-01-01 14:34:00,288.10,288.10,277.30,277.30,2040,64000
2019-01-01 14:35:00,277.30,277.30,250.10,250.10,4020,64000
2019-01-01 14:36:00,253.80,266.65,250.00,266.05,3980,65160
2019-01-01 14:37:00,266.05,272.80,265.00,268.35,1000,65160
2019-01-01 14:38:00,265.00,265.50,248.05,257.80,7180,65160
2019-01-01 14:39:00,257.75,257.75,235.85,243.70,10800,68140
2019-01-01 14:40:00,245.50,251.85,239.05,247.75,5260,68140
2019-01-01 14:41:00,247.75,253.45,244.80,251.40,4320,68140
2019-01-01 14:42:00,251.40,252.50,245.05,248.60,3600,69600
2019-01-01 14:43:00,248.60,248.60,230.00,232.25,7320,69600
2019-01-01 14:44:00,232.25,235.80,222.60,235.80,7380,69600
2019-01-01 14:45:00,234.50,234.50,220.85,226.05,6440,69780
2019-01-01 14:46:00,225.25,231.70,223.30,225.00,5340,69780
2019-01-01 14:47:00,224.15,226.05,217.95,223.80,7860,69780
2019-01-01 14:48:00,225.75,227.65,219.75,221.50,4180,75280
2019-01-01 14:49:00,221.50,221.50,206.80,208.30,13680,75280
2019-01-01 14:50:00,209.45,222.20,206.15,221.60,8480,75280
2019-01-01 14:51:00,221.60,223.15,219.90,222.00,3040,77380
2019-01-01 14:52:00,222.00,222.95,211.00,214.15,3180,77380
2019-01-01 14:53:00,214.15,226.90,214.15,226.90,3280,77380
2019-01-01 14:54:00,226.00,230.00,220.60,220.90,4760,77380
2019-01-01 14:55:00,220.90,221.90,216.60,217.40,3200,76600
2019-01-01 14:56:00,217.40,217.40,206.15,208.00,3400,76600
2019-01-01 14:57:00,208.00,212.90,208.00,208.15,5200,77340
2019-01-01 14:58:00,208.90,210.10,199.05,203.10,8240,77340
2019-01-01 14:59:00,202.80,207.45,202.80,205.40,1380,77340
2019-01-01 15:00:00,206.00,207.85,202.50,202.50,2020,77660
2019-01-01 15:01:00,204.60,214.90,202.15,213.65,5580,77660
2019-01-01 15:02:00,210.20,215.90,210.20,210.35,2620,77660
2019-01-01 15:03:00,210.35,210.75,202.10,204.10,4200,77820
2019-01-01 15:04:00,204.00,206.80,193.45,195.20,5540,77820
2019-01-01 15:05:00,193.00,195.50,188.95,190.45,9140,77820
2019-01-01 15:06:00,190.45,198.00,187.95,198.00,6620,81720
2019-01-01 15:07:00,198.00,200.00,194.75,195.25,6740,81720
2019-01-01 15:08:00,195.25,198.80,195.00,198.00,3620,81720
2019-01-01 15:09:00,198.00,199.10,185.75,186.10,6120,87800
2019-01-01 15:10:00,186.85,186.85,181.00,183.60,12700,87800
2019-01-01 15:11:00,183.60,189.55,180.70,183.00,11860,87800
2019-01-01 15:12:00,183.00,186.05,182.05,182.05,6340,98020
2019-01-01 15:13:00,182.05,186.40,180.25,186.40,1920,98020
2019-01-01 15:14:00,186.40,189.00,185.55,187.95,6460,98020
2019-01-01 15:15:00,187.95,188.35,184.80,185.25,7520,103580
2019-01-01 15:16:00,185.25,185.55,180.05,181.90,12740,103580
2019-01-01 15:17:00,181.90,182.00,175.00,177.45,9800,103580
2019-01-01 15:18:00,177.45,180.55,176.85,180.55,6800,103580
2019-01-01 15:19:00,179.40,180.00,177.60,179.05,6820,101880
2019-01-01 15:20:00,180.75,182.15,178.95,178.95,7120,101880
2019-01-01 15:21:00,178.95,179.70,175.80,175.85,9700,107400
2019-01-01 15:22:00,175.85,175.95,170.50,172.95,9500,107400
2019-01-01 15:23:00,173.00,173.00,165.50,166.65,15660,107400
2019-01-01 15:24:00,167.30,167.35,163.15,164.00,8120,113040
2019-01-01 15:25:00,164.65,167.50,164.35,166.70,14780,113040
2019-01-01 15:26:00,166.20,167.25,165.80,166.45,13000,113040
2019-01-01 15:27:00,165.45,167.60,165.45,166.10,10740,122420
2019-01-01 15:28:00,166.15,166.65,164.85,166.05,6180,122420
2019-01-01 15:29:01,166.60,169.40,164.60,169.40,9340,122420
2019-02-01 09:15:00,248.20,313.00,229.25,265.85,37360,127400
2019-02-01 09:16:00,266.85,272.15,257.40,258.95,34460,128500
2019-02-01 09:17:00,256.60,262.75,251.50,261.00,13100,128500
2019-02-01 09:18:00,261.45,261.45,247.40,247.55,15060,128500
2019-02-01 09:19:00,248.80,248.80,224.75,228.65,17920,135080
2019-02-01 09:20:00,227.00,227.00,211.60,219.85,14480,135080
2019-02-01 09:21:00,219.35,219.35,202.10,214.00,16820,135080
2019-02-01 09:22:00,214.00,226.05,214.00,221.40,11600,146180
2019-02-01 09:23:00,221.40,224.20,213.65,216.40,9000,146180
2019-02-01 09:24:00,212.55,215.40,200.50,209.40,10660,146180
2019-02-01 09:25:00,209.40,215.80,209.00,210.25,11240,154600
2019-02-01 09:26:00,210.25,211.00,194.20,204.20,10680,154600
2019-02-01 09:27:00,204.20,212.30,204.20,212.30,6360,154600
2019-02-01 09:28:00,212.00,221.00,211.15,218.30,9740,154680
2019-02-01 09:29:00,218.30,226.90,218.00,221.00,7080,154680
2019-02-01 09:30:00,224.55,225.95,220.00,220.00,6060,154680
2019-02-01 09:31:00,220.00,243.00,220.00,242.95,17300,154680
2019-02-01 09:32:00,241.65,248.85,238.20,240.45,8440,150720
2019-02-01 09:33:00,240.00,255.00,240.00,255.00,10920,150720
2019-02-01 09:34:00,254.60,258.00,245.70,247.50,3820,150720
2019-02-01 09:35:00,247.00,265.00,246.95,262.75,10080,147200
2019-02-01 09:36:00,266.60,279.40,266.60,267.85,13380,147200
2019-02-01 09:37:00,267.85,269.00,255.00,255.00,6680,148180
2019-02-01 09:38:00,255.00,261.30,251.35,261.30,2640,148180
2019-02-01 09:39:00,261.30,270.55,261.30,266.15,5760,148180
2019-02-01 09:40:00,266.15,275.00,264.00,275.00,9160,149820
2019-02-01 09:41:00,274.55,274.55,256.35,259.80,7340,149820
2019-02-01 09:42:00,260.20,260.75,246.30,247.90,10520,149820
2019-02-01 09:43:00,247.85,251.35,237.45,237.70,9100,151480
2019-02-01 09:44:00,237.75,247.05,234.00,247.05,4020,151480
2019-02-01 09:45:00,245.45,253.10,242.55,247.80,3280,151480
2019-02-01 09:46:00,247.80,253.80,247.50,247.60,3420,151480
2019-02-01 09:47:00,246.75,250.00,241.35,248.55,3420,150740
2019-02-01 09:48:00,248.55,248.55,234.10,235.55,3880,150740
2019-02-01 09:49:00,235.55,237.20,222.90,230.00,8540,154660
2019-02-01 09:50:00,230.30,230.30,225.05,230.00,4000,154660
2019-02-01 09:51:00,230.00,233.75,219.65,219.65,7880,154660
2019-02-01 09:52:00,218.25,219.75,210.80,215.60,11460,154660
2019-02-01 09:53:00,215.60,218.75,210.00,218.00,9260,154080
2019-02-01 09:54:00,216.50,217.90,209.90,216.20,6300,154080
2019-02-01 09:55:00,219.10,224.00,216.50,220.80,10280,162940
2019-02-01 09:56:00,221.30,232.25,221.30,227.50,7000,162940
2019-02-01 09:57:00,225.80,235.00,221.00,232.75,5420,162940
2019-02-01 09:58:00,229.60,232.30,222.35,224.05,3180,164020
2019-02-01 09:59:00,222.75,227.25,216.00,217.55,2280,164020
2019-02-01 10:00:00,216.60,218.10,211.30,218.10,4380,164020
2019-02-01 10:01:00,218.40,228.10,218.40,221.95,3240,164020
2019-02-01 10:02:00,221.95,231.85,221.95,224.00,2060,163080
2019-02-01 10:03:00,224.00,224.00,213.35,215.50,3840,163080
2019-02-01 10:04:00,217.45,221.60,215.00,215.20,3800,163080
2019-02-01 10:05:00,215.20,221.85,215.20,216.45,2000,161940
2019-02-01 10:06:00,215.80,221.50,215.00,219.00,2160,161940
2019-02-01 10:07:00,220.00,223.15,218.00,218.25,2040,161960
2019-02-01 10:08:00,219.95,226.00,219.40,224.55,2580,161960
2019-02-01 10:09:00,224.55,229.05,221.40,223.05,1660,161960
2019-02-01 10:10:00,223.05,224.60,216.45,216.45,1300,162200
2019-02-01 10:11:00,216.45,217.90,213.15,215.80,2360,162200
2019-02-01 10:12:00,215.80,222.00,215.20,215.20,2940,162200
2019-02-01 10:13:00,214.75,222.10,214.75,219.65,1220,163460
2019-02-01 10:14:00,219.65,222.90,217.55,219.50,1940,163460
2019-02-01 10:15:00,219.15,224.85,210.00,210.80,4160,163460
2019-02-01 10:16:00,209.20,209.20,203.05,208.00,10360,163460
2019-02-01 10:17:00,208.00,208.00,187.90,194.05,10640,161600
2019-02-01 10:18:00,195.10,195.25,166.95,171.80,22980,161600
2019-02-01 10:19:00,171.05,181.10,165.00,179.45,27520,161600
2019-02-01 10:20:00,179.60,180.00,173.35,176.15,11560,156340
2019-02-01 10:21:00,175.00,178.95,156.00,163.05,19720,156340
2019-02-01 10:22:00,161.20,168.45,159.10,168.40,15780,156340
2019-02-01 10:23:00,167.95,173.25,167.65,171.50,11260,156200
2019-02-01 10:24:00,171.50,186.80,171.50,186.80,11760,156200
2019-02-01 10:25:00,185.80,190.00,183.75,188.10,9240,156200
2019-02-01 10:26:00,188.10,191.95,180.70,185.00,11760,154760
2019-02-01 10:27:00,185.00,185.00,179.90,183.55,6320,154760
2019-02-01 10:28:00,183.15,185.50,173.35,177.55,10340,154760
2019-02-01 10:29:00,176.00,186.55,175.65,182.50,7680,153540
2019-02-01 10:30:00,180.95,186.80,180.40,185.75,10500,153540
2019-02-01 10:31:00,185.75,189.40,182.25,187.55,7280,154820
2019-02-01 10:32:00,188.70,193.95,184.85,191.95,6420,154820
2019-02-01 10:33:00,192.50,197.50,190.60,194.60,6820,154820
2019-02-01 10:34:00,195.65,202.60,191.10,191.10,8300,154820
2019-02-01 10:35:00,191.00,195.40,188.25,189.65,8700,153740
2019-02-01 10:36:00,189.55,190.90,181.30,186.95,5820,153740
2019-02-01 10:37:00,186.65,188.10,184.15,187.80,7640,154640
2019-02-01 10:38:00,187.80,198.15,187.80,198.00,7900,154640
2019-02-01 10:39:00,198.00,198.70,190.00,194.40,3380,154640
2019-02-01 10:40:00,193.80,199.50,190.70,195.70,5700,156400
2019-02-01 10:41:00,195.70,198.85,185.05,185.05,5560,156400
2019-02-01 10:42:00,185.00,190.00,185.00,187.55,2980,156400
2019-02-01 10:43:00,187.55,192.25,185.00,192.25,2760,158100
2019-02-01 10:44:00,193.55,193.55,185.00,188.30,2500,158100
2019-02-01 10:45:00,186.65,190.00,184.05,188.55,3020,158100
2019-02-01 10:46:00,186.90,194.00,186.90,191.95,6180,158100
2019-02-01 10:47:00,193.15,193.15,184.30,184.30,7600,158040
2019-02-01 10:48:00,184.80,184.80,178.05,180.00,8140,158040
2019-02-01 10:49:00,181.10,183.50,173.15,173.15,11040,161700
2019-02-01 10:50:00,173.10,180.50,172.25,176.25,6900,161700
2019-02-01 10:51:00,175.40,178.10,172.30,177.45,7280,161700
2019-02-01 10:52:00,177.75,178.30,173.85,177.30,15600,163980
2019-02-01 10:53:00,177.30,180.35,172.30,174.80,8360,163980
2019-02-01 10:54:00,174.80,179.40,174.80,179.40,4460,163980
2019-02-01 10:55:00,179.80,182.60,178.70,182.50,5720,170900
2019-02-01 10:56:00,182.00,182.00,177.55,181.30,2520,170900
2019-02-01 10:57:00,181.30,185.85,181.30,181.30,4600,170900
2019-02-01 10:58:00,179.80,182.35,177.65,178.85,2120,171920
2019-02-01 10:59:00,178.85,183.85,178.85,181.00,3820,171920
2019-02-01 11:00:00,181.00,181.15,171.85,176.45,6680,171920
2019-02-01 11:01:00,175.30,179.35,175.00,178.30,8980,173980
2019-02-01 11:02:00,179.50,183.50,179.15,182.30,5740,173980
2019-02-01 11:03:00,183.20,185.10,180.00,180.00,4600,173980
2019-02-01 11:04:00,180.55,183.30,177.95,178.50,5640,176640
2019-02-01 11:05:00,178.50,180.10,172.30,174.00,3180,176640
2019-02-01 11:06:00,174.00,174.45,164.95,164.95,11260,176640
2019-02-01 11:07:00,166.40,171.90,164.95,171.20,8780,180540
2019-02-01 11:08:00,171.20,175.00,170.50,173.40,7440,180540
2019-02-01 11:09:00,174.30,178.25,173.40,178.00,3540,180540
2019-02-01 11:10:00,178.00,182.00,178.00,180.80,2380,181140
2019-02-01 11:11:00,180.80,180.80,174.45,177.30,4740,181140
2019-02-01 11:12:00,177.85,182.40,177.85,182.40,2380,181140
2019-02-01 11:13:00,183.00,186.45,180.05,184.90,9460,187420
2019-02-01 11:14:00,184.90,186.65,182.30,186.00,4400,187420
2019-02-01 11:15:00,186.00,186.00,176.90,182.00,5780,187420
2019-02-01 11:16:00,182.00,190.00,182.00,187.00,9080,190600
2019-02-01 11:17:00,187.00,193.80,187.00,190.15,11120,190600
2019-02-01 11:18:00,190.15,194.75,184.80,184.80,10820,190600
2019-02-01 11:19:00,184.30,188.85,183.60,186.15,4660,190600
2019-02-01 11:20:00,185.80,189.35,184.65,188.40,4860,183480
2019-02-01 11:21:00,189.05,189.15,181.95,184.50,5260,183480
2019-02-01 11:22:00,184.50,184.95,182.10,184.95,1860,184820
2019-02-01 11:23:00,184.95,187.45,183.55,184.45,2080,184820
2019-02-01 11:24:00,184.40,187.80,183.00,184.05,2320,184820
2019-02-01 11:25:00,184.05,186.35,181.25,186.20,3780,184820
2019-02-01 11:26:00,186.20,186.20,183.80,186.10,1400,183220
2019-02-01 11:27:00,186.10,186.10,182.00,185.00,2060,183220
2019-02-01 11:28:00,185.00,196.65,184.10,195.25,9040,183220
2019-02-01 11:29:00,195.25,195.25,190.40,193.00,15880,183180
2019-02-01 11:30:00,193.00,193.00,188.60,189.85,11020,183180
2019-02-01 11:31:00,190.10,190.60,185.25,187.90,3300,183180
2019-02-01 11:32:00,188.65,190.75,180.00,180.00,4820,177280
2019-02-01 11:33:00,179.40,185.00,179.20,181.40,3780,177280
2019-02-01 11:34:00,181.40,185.20,181.40,185.20,1660,178760
2019-02-01 11:35:00,185.20,188.20,181.40,181.40,3460,178760
2019-02-01 11:36:00,181.40,182.40,177.40,182.40,5600,178760
2019-02-01 11:37:00,181.30,184.25,180.00,181.05,2380,179160
2019-02-01 11:38:00,181.05,181.90,176.15,181.10,8660,179160
2019-02-01 11:39:00,181.10,182.05,173.65,173.65,14220,179160
2019-02-01 11:40:00,173.55,178.15,172.05,172.05,3120,183840
2019-02-01 11:41:00,172.05,175.60,170.25,174.85,17300,183840
2019-02-01 11:42:00,174.00,177.60,172.25,176.65,4720,183840
2019-02-01 11:43:00,178.00,181.65,177.85,179.35,3140,183840
2019-02-01 11:44:00,179.35,182.00,179.35,180.30,1740,181380
2019-02-01 11:45:00,180.30,184.80,180.30,184.80,11180,181380
2019-02-01 11:46:00,186.35,189.05,184.45,185.05,3800,184600
2019-02-01 11:47:00,185.05,190.45,184.35,190.20,2820,184600
2019-02-01 11:48:00,190.65,192.00,186.60,189.95,9760,184600
2019-02-01 11:49:00,189.95,192.40,186.75,191.35,6720,184600
2019-02-01 11:50:00,192.20,197.80,187.00,187.00,7000,183720
2019-02-01 11:51:00,187.00,195.00,187.00,190.60,3160,183720
2019-02-01 11:52:00,190.60,196.95,187.30,194.05,4040,187600
2019-02-01 11:53:00,194.05,194.05,185.80,185.80,2300,187600
2019-02-01 11:54:00,185.80,190.45,185.80,188.05,1400,187600
2019-02-01 11:55:00,188.05,191.40,186.00,186.00,4020,189220
2019-02-01 11:56:00,186.00,188.25,185.00,185.00,2760,189220
2019-02-01 11:57:00,185.00,187.55,183.15,185.00,2820,189220
2019-02-01 11:58:00,185.00,185.00,178.00,180.00,10420,193420
2019-02-01 11:59:00,179.45,184.60,177.00,184.00,4240,193420
2019-02-01 12:00:00,184.00,184.00,178.00,181.10,3840,193420
2019-02-01 12:01:00,180.95,181.00,177.45,179.85,3980,193420
2019-02-01 12:02:00,179.85,184.85,179.75,181.60,1300,190780
2019-02-01 12:03:00,181.85,183.65,181.25,183.00,1280,190780
2019-02-01 12:04:00,183.00,190.95,183.00,190.95,12680,190780
2019-02-01 12:05:00,190.80,195.00,188.55,193.15,5100,188580
2019-02-01 12:06:00,194.65,194.95,187.65,193.25,6140,188580
2019-02-01 12:07:00,193.25,195.00,185.00,186.00,3740,191600
2019-02-01 12:08:00,186.00,187.65,180.15,183.00,3880,191600
2019-02-01 12:09:00,183.00,185.80,182.65,185.25,1560,191600
2019-02-01 12:10:00,185.25,190.15,183.65,188.00,2580,193600
2019-02-01 12:11:00,188.00,188.00,185.00,187.00,500,193600
2019-02-01 12:12:00,187.00,191.00,187.00,190.15,1720,193600
2019-02-01 12:13:00,190.15,190.15,185.30,185.30,2280,193800
2019-02-01 12:14:00,185.30,186.00,181.75,182.70,3120,193800
2019-02-01 12:15:00,183.15,187.80,183.15,187.35,2280,193800
2019-02-01 12:16:00,186.50,188.00,184.75,186.65,1400,193800
2019-02-01 12:17:00,186.65,188.00,185.00,186.40,2860,193640
2019-02-01 12:18:00,186.40,187.70,182.85,187.40,2240,193640
2019-02-01 12:19:00,187.60,190.25,186.25,189.90,2420,193640
2019-02-01 12:20:00,189.90,193.95,188.50,192.40,3240,193160
2019-02-01 12:21:00,192.40,239.10,192.05,232.50,45900,193160
2019-02-01 12:22:00,233.20,251.20,227.45,250.00,38460,193160
2019-02-01 12:23:00,250.50,252.50,232.70,232.70,28620,178260
2019-02-01 12:24:00,232.10,243.35,232.10,235.50,13320,178260
2019-02-01 12:25:00,235.15,238.60,224.90,225.70,15620,178260
2019-02-01 12:26:00,226.55,241.50,226.55,241.35,11080,174440
2019-02-01 12:27:00,242.85,256.80,241.05,251.10,28960,174440
2019-02-01 12:28:00,254.00,255.00,238.65,255.00,7840,174440
2019-02-01 12:29:00,254.85,261.95,249.75,256.25,16620,170360
2019-02-01 12:30:00,256.20,270.75,254.20,255.30,17960,170360
2019-02-01 12:31:00,256.40,256.70,247.25,252.00,9740,170360
2019-02-01 12:32:00,253.40,255.95,247.05,247.05,6780,158040
2019-02-01 12:33:00,247.35,250.00,239.95,240.00,11480,158040
2019-02-01 12:34:00,241.25,249.85,240.50,245.25,5320,158040
2019-02-01 12:35:00,250.00,255.00,244.55,250.00,4160,157080
2019-02-01 12:36:00,249.50,258.15,249.50,255.40,4600,157080
2019-02-01 12:37:00,256.05,259.55,248.20,252.10,2740,157080
2019-02-01 12:38:00,254.00,257.10,249.35,251.05,4160,155580
2019-02-01 12:39:00,251.05,258.40,246.70,246.70,7280,155580
2019-02-01 12:40:00,248.15,257.60,243.80,255.20,5820,155580
2019-02-01 12:41:00,255.35,256.20,246.30,252.60,2700,151720
2019-02-01 12:42:00,253.25,282.00,253.25,282.00,23540,151720
2019-02-01 12:43:00,284.00,285.95,272.00,285.35,16020,151720
2019-02-01 12:44:00,286.50,292.80,280.35,287.70,15660,143980
2019-02-01 12:45:00,288.50,335.95,288.50,328.90,42000,143980
2019-02-01 12:46:00,329.85,345.80,329.35,329.35,24200,143980
2019-02-01 12:47:00,330.30,330.40,317.75,323.60,13460,125400
2019-02-01 12:48:00,325.00,325.50,307.10,314.20,10500,125400
2019-02-01 12:49:00,314.85,325.70,312.75,324.85,11600,125400
2019-02-01 12:50:00,325.00,329.40,314.20,316.80,6440,117600
2019-02-01 12:51:00,316.80,318.30,313.00,313.55,8540,117600
2019-02-01 12:52:00,312.40,312.40,292.85,301.00,16480,121500
2019-02-01 12:53:00,303.55,315.00,303.00,311.15,6500,121500
2019-02-01 12:54:00,311.50,316.00,308.10,308.10,6620,121500
2019-02-01 12:55:00,308.05,318.45,307.90,316.85,3080,121500
2019-02-01 12:56:00,316.85,321.60,309.25,309.45,4420,118760
2019-02-01 12:57:00,308.60,312.00,297.00,298.30,5320,118760
2019-02-01 12:58:00,298.30,306.90,293.05,304.35,5940,118760
2019-02-01 12:59:00,304.35,314.60,303.05,306.70,3080,117900
2019-02-01 13:00:00,306.20,314.95,306.10,310.10,1420,117900
2019-02-01 13:01:00,308.35,311.05,301.90,311.05,5620,117900
2019-02-01 13:02:00,311.05,324.70,311.05,318.45,11880,114420
2019-02-01 13:03:00,318.45,318.45,311.60,313.00,2920,114420
2019-02-01 13:04:00,314.65,322.75,312.40,320.70,3080,114420
2019-02-01 13:05:00,320.70,322.45,304.85,310.95,3700,113760
2019-02-01 13:06:00,310.20,312.00,296.95,296.95,2940,113760
2019-02-01 13:07:00,296.95,307.00,295.15,307.00,3540,113760
2019-02-01 13:08:00,307.00,307.45,297.00,297.05,3220,111920
2019-02-01 13:09:00,297.05,309.10,295.95,308.05,3100,111920
2019-02-01 13:10:00,308.05,315.25,303.15,315.25,2940,111920
2019-02-01 13:11:00,315.25,316.40,305.00,309.95,2880,111160
2019-02-01 13:12:00,309.95,315.95,302.60,302.60,2720,111160
2019-02-01 13:13:00,302.60,308.50,297.65,308.50,8900,111160
2019-02-01 13:14:00,308.50,311.15,301.65,311.15,2580,109320
2019-02-01 13:15:00,311.15,315.00,307.90,314.20,1480,109320
2019-02-01 13:16:00,314.20,316.75,309.25,311.15,1640,109320
2019-02-01 13:17:00,310.85,316.85,304.35,316.85,2640,107500
2019-02-01 13:18:00,318.85,319.85,309.55,309.55,2860,107500
2019-02-01 13:19:00,309.65,320.00,307.65,317.40,6760,107500
2019-02-01 13:20:00,317.40,319.40,310.00,310.00,3320,106540
2019-02-01 13:21:00,310.00,334.35,310.00,334.35,5360,106540
2019-02-01 13:22:00,331.40,358.60,331.05,358.60,9680,106540
2019-02-01 13:23:00,358.15,366.85,344.20,352.60,11640,101840
2019-02-01 13:24:00,350.00,355.85,340.30,341.75,5040,101840
2019-02-01 13:25:00,341.40,346.35,338.45,343.35,3560,101840
2019-02-01 13:26:00,346.75,351.05,337.00,337.00,2800,101760
2019-02-01 13:27:00,336.30,339.50,330.00,330.95,1800,101760
2019-02-01 13:28:00,330.65,344.50,330.65,343.30,3300,101760
2019-02-01 13:29:00,343.30,345.95,340.40,340.40,2160,100640
2019-02-01 13:30:00,341.55,347.60,338.00,340.40,2700,100640
2019-02-01 13:31:00,340.40,344.80,335.15,344.25,1540,100640
2019-02-01 13:32:00,345.20,354.20,341.75,349.15,3680,98680
2019-02-01 13:33:00,349.15,357.00,347.40,347.40,4340,98680
2019-02-01 13:34:00,347.40,357.00,345.40,357.00,1660,98680
2019-02-01 13:35:00,360.00,391.95,358.55,383.85,19260,97240
2019-02-01 13:36:00,384.30,386.80,372.15,381.00,12800,97240
2019-02-01 13:37:00,376.45,376.45,365.00,370.75,4500,101020
2019-02-01 13:38:00,372.70,376.00,362.90,366.10,2820,101020
2019-02-01 13:39:00,366.10,373.05,363.65,366.30,2320,101020
2019-02-01 13:40:00,368.35,380.70,368.35,369.30,5280,101020
2019-02-01 13:41:00,369.30,372.10,360.00,371.30,3240,99320
2019-02-01 13:42:00,371.30,376.35,369.65,369.95,3940,99320
2019-02-01 13:43:00,369.95,385.00,369.95,382.40,7420,99320
2019-02-01 13:44:00,382.40,392.65,380.75,392.65,3440,89280
2019-02-01 13:45:00,391.75,422.15,391.75,412.00,8080,89280
2019-02-01 13:46:00,410.35,418.95,406.70,410.65,5740,89280
2019-02-01 13:47:00,413.35,422.45,405.00,415.00,4260,86660
2019-02-01 13:48:00,415.00,418.10,405.00,405.00,2040,86660
2019-02-01 13:49:00,405.00,410.35,392.85,408.95,5040,86660
2019-02-01 13:50:00,409.80,434.30,409.80,416.20,3640,85020
2019-02-01 13:51:00,416.20,424.15,414.90,421.00,1860,85020
2019-02-01 13:52:00,421.00,430.80,415.55,415.55,2300,85020
2019-02-01 13:53:00,415.55,415.55,395.20,397.25,3880,84120
2019-02-01 13:54:00,402.30,413.90,400.80,408.30,5300,84120
2019-02-01 13:55:00,408.30,408.30,393.45,393.45,2440,84120
2019-02-01 13:56:00,393.45,393.45,350.00,361.85,15860,82980
2019-02-01 13:57:00,361.85,376.75,360.00,374.90,3300,82980
2019-02-01 13:58:00,379.50,381.80,371.35,376.45,3820,82980
2019-02-01 13:59:00,377.70,383.35,376.05,379.45,2860,80120
2019-02-01 14:00:00,384.20,403.25,383.00,397.75,4020,80120
2019-02-01 14:01:00,397.75,400.20,393.95,397.00,2080,80120
2019-02-01 14:02:00,397.00,421.15,391.50,418.15,2540,79140
2019-02-01 14:03:00,418.15,418.15,404.10,404.10,4540,79140
2019-02-01 14:04:00,404.25,418.15,400.15,412.50,4740,79140
2019-02-01 14:05:00,412.50,417.40,403.90,404.50,3160,78760
2019-02-01 14:06:00,404.40,405.85,383.90,386.10,3360,78760
2019-02-01 14:07:00,386.10,394.00,382.95,383.05,2500,79040
2019-02-01 14:08:00,383.05,388.90,368.45,388.90,10020,79040
2019-02-01 14:09:00,386.70,396.65,384.90,385.45,2380,79040
2019-02-01 14:10:00,384.85,394.95,374.75,394.95,4920,79040
2019-02-01 14:11:00,391.95,400.80,389.60,390.85,2000,75780
2019-02-01 14:12:00,390.85,397.90,390.85,394.30,2280,75780
2019-02-01 14:13:00,395.40,395.40,380.75,380.75,1560,75940
2019-02-01 14:14:00,380.60,391.75,380.60,387.75,2720,75940
2019-02-01 14:15:00,387.75,387.75,375.00,383.70,3560,75940
2019-02-01 14:16:00,383.70,386.60,374.90,374.90,3080,76080
2019-02-01 14:17:00,374.90,393.20,374.90,392.70,3700,76080
2019-02-01 14:18:00,392.70,404.55,392.70,397.10,5160,76080
2019-02-01 14:19:00,397.85,406.15,388.20,388.20,2460,76920
2019-02-01 14:20:00,388.20,390.60,382.35,386.00,2620,76920
2019-02-01 14:21:00,385.45,396.70,385.45,396.70,960,76920
2019-02-01 14:22:00,397.30,400.10,383.30,383.95,3400,77180
2019-02-01 14:23:00,380.05,390.00,378.05,389.00,1860,77180
2019-02-01 14:24:00,389.00,395.90,386.65,388.80,840,77180
2019-02-01 14:25:00,388.80,407.80,388.80,407.00,2300,77180
2019-02-01 14:26:00,409.80,417.00,406.00,417.00,4120,76980
2019-02-01 14:27:00,415.90,417.05,404.95,406.25,2920,76980
2019-02-01 14:28:00,405.35,410.40,400.05,407.75,3480,76980
2019-02-01 14:29:00,407.75,409.15,390.20,390.20,2400,76880
2019-02-01 14:30:00,392.05,392.80,380.00,391.30,2220,76880
2019-02-01 14:31:00,390.85,394.65,388.10,388.10,4640,76880
2019-02-01 14:32:00,388.10,398.00,385.95,395.20,2460,74440
2019-02-01 14:33:00,395.20,405.90,394.45,394.45,2820,74440
2019-02-01 14:34:00,394.80,394.80,354.70,355.90,4460,74440
2019-02-01 14:35:00,355.90,355.90,340.20,347.90,10100,73680
2019-02-01 14:36:00,347.90,350.00,332.30,350.00,9800,73680
2019-02-01 14:37:00,349.45,349.45,312.55,313.80,7440,73680
2019-02-01 14:38:00,315.45,328.95,313.80,328.95,6560,69800
2019-02-01 14:39:00,331.55,331.70,305.00,305.00,14240,69800
2019-02-01 14:40:00,304.45,314.65,292.20,314.65,12400,69800
2019-02-01 14:41:00,311.20,315.30,293.25,297.80,6800,68400
2019-02-01 14:42:00,297.80,310.10,292.65,310.10,4880,68400
2019-02-01 14:43:00,311.70,314.30,304.85,307.40,3780,68400
2019-02-01 14:44:00,307.40,315.25,299.15,315.10,8120,67060
2019-02-01 14:45:00,316.20,316.20,303.90,307.10,4160,67060
2019-02-01 14:46:00,307.10,356.50,307.10,356.50,10560,69340
2019-02-01 14:47:00,357.55,370.20,352.60,365.15,6720,69340
2019-02-01 14:48:00,365.95,373.25,356.70,373.25,7460,69340
2019-02-01 14:49:00,373.25,373.25,347.15,347.15,3900,69340
2019-02-01 14:50:00,347.40,360.85,330.10,360.85,6180,69000
2019-02-01 14:51:00,355.20,355.20,343.95,343.95,1260,69000
2019-02-01 14:52:00,342.05,344.00,323.00,323.35,4900,69000
2019-02-01 14:53:00,318.45,321.65,315.85,319.95,5340,68400
2019-02-01 14:54:00,321.75,321.75,307.15,319.70,7200,68400
2019-02-01 14:55:00,316.70,316.70,299.90,311.15,8660,68400
2019-02-01 14:56:00,311.15,312.30,300.60,308.35,4440,67660
2019-02-01 14:57:00,308.35,308.35,291.15,301.75,5980,67660
2019-02-01 14:58:00,301.75,316.70,295.50,313.40,4320,68700
2019-02-01 14:59:00,315.05,315.05,300.00,310.90,6800,68700
2019-02-01 15:00:00,313.00,334.55,313.00,316.65,7080,68700
2019-02-01 15:01:00,317.25,317.30,306.55,306.55,2020,68700
2019-02-01 15:02:00,306.55,314.85,301.95,313.05,3180,68140
2019-02-01 15:03:00,315.50,316.15,305.15,313.80,1700,68140
2019-02-01 15:04:00,313.80,317.85,306.70,308.60,1960,68800
2019-02-01 15:05:00,306.50,325.25,304.20,325.00,2980,68800
2019-02-01 15:06:00,326.40,333.40,319.40,331.80,3980,68800
2019-02-01 15:07:00,329.90,337.70,325.05,337.70,1580,68800
2019-02-01 15:08:00,339.85,343.25,330.55,339.05,1380,67460
2019-02-01 15:09:00,339.05,343.05,330.85,333.55,3820,67460
2019-02-01 15:10:00,333.55,339.70,329.85,336.95,1640,67460
2019-02-01 15:11:00,336.95,356.60,336.95,338.85,7760,65740
2019-02-01 15:12:00,338.55,341.10,330.00,339.55,2240,65740
2019-02-01 15:13:00,339.55,341.60,326.90,326.90,2260,65740
2019-02-01 15:14:00,326.90,340.40,326.90,339.35,1980,65480
2019-02-01 15:15:00,340.25,349.10,331.55,349.10,3980,65480
2019-02-01 15:16:00,350.80,360.20,346.70,347.70,3780,65480
2019-02-01 15:17:00,347.70,350.00,339.15,339.15,4540,63440
2019-02-01 15:18:00,340.10,351.45,339.20,344.90,3380,63440
2019-02-01 15:19:00,345.25,345.35,337.10,338.90,2340,63440
2019-02-01 15:20:00,337.85,344.85,337.70,343.20,4000,61140
2019-02-01 15:21:00,343.00,346.35,339.80,341.80,2680,61140
2019-02-01 15:22:00,341.80,343.20,339.00,340.25,3080,61140
2019-02-01 15:23:00,341.90,348.00,339.95,346.80,1860,57060
2019-02-01 15:24:00,346.60,348.00,344.60,348.00,980,57060
2019-02-01 15:25:00,347.70,349.00,345.60,347.50,680,57060
2019-02-01 15:26:00,346.75,347.00,343.35,347.00,2460,56440
2019-02-01 15:27:00,346.55,347.00,341.40,341.40,1480,56440
2019-02-01 15:28:00,341.40,341.40,333.40,335.70,2400,56440
2019-02-01 15:29:01,336.50,338.85,335.00,338.00,4620,54860
2019-03-01 09:15:00,299.45,335.55,297.65,333.65,7100,49240
2019-03-01 09:16:00,342.65,379.85,342.65,362.85,12340,49240
2019-03-01 09:17:00,362.85,367.20,355.90,356.70,3100,49240
2019-03-01 09:18:00,356.70,362.00,347.00,347.00,2420,51020
2019-03-01 09:19:00,347.00,354.90,343.75,350.00,940,51020
2019-03-01 09:20:00,353.00,387.55,350.65,379.30,1700,51020
2019-03-01 09:21:00,382.40,389.20,372.05,389.10,2380,51140
2019-03-01 09:22:00,389.10,400.00,386.95,399.00,980,51140
2019-03-01 09:23:00,401.35,405.70,392.00,395.00,920,51140
2019-03-01 09:24:00,395.00,408.85,395.00,398.85,2320,51140
2019-03-01 09:25:00,398.85,409.65,395.45,395.45,1380,50780
2019-03-01 09:26:00,395.45,401.15,388.50,389.35,2320,50780
2019-03-01 09:27:00,392.50,406.00,392.50,393.55,400,49500
2019-03-01 09:28:00,393.55,400.35,390.60,390.60,900,49500
2019-03-01 09:29:00,390.60,405.75,387.85,405.75,1100,49500
2019-03-01 09:30:00,405.75,407.00,375.05,375.75,2060,50920
2019-03-01 09:31:00,375.75,383.60,374.10,383.60,460,50920
2019-03-01 09:32:00,383.60,384.50,378.65,384.50,820,50920
2019-03-01 09:33:00,384.50,384.50,373.45,376.50,1300,50340
2019-03-01 09:34:00,377.45,380.00,372.15,376.55,1100,50340
2019-03-01 09:35:00,376.55,376.55,367.00,370.10,800,50340
2019-03-01 09:36:00,370.10,372.75,355.00,357.90,3040,49480
2019-03-01 09:37:00,360.35,360.85,349.30,354.30,2680,49480
2019-03-01 09:38:00,354.30,354.70,339.90,339.90,2760,49480
2019-03-01 09:39:00,339.90,356.30,338.70,354.05,1060,49860
2019-03-01 09:40:00,354.05,369.30,354.05,369.30,340,49860
2019-03-01 09:41:00,369.30,369.30,355.00,355.00,13200,49860
2019-03-01 09:42:00,355.00,358.85,334.00,338.90,2540,53940
2019-03-01 09:43:00,338.90,340.00,287.00,301.15,10800,53940
2019-03-01 09:44:00,302.70,324.05,302.70,311.25,1640,53940
2019-03-01 09:45:00,311.25,316.40,303.40,311.10,4020,52560
2019-03-01 09:46:00,312.55,333.20,312.55,333.20,460,52560
2019-03-01 09:47:00,333.20,336.70,325.35,333.80,480,52560
2019-03-01 09:48:00,333.80,333.80,319.95,320.85,700,52280
2019-03-01 09:49:00,320.85,329.55,318.80,329.55,1000,52280
2019-03-01 09:50:00,329.55,345.65,329.55,345.65,2100,52280
2019-03-01 09:51:00,345.85,355.40,344.30,351.95,3460,51500
2019-03-01 09:52:00,351.95,351.95,339.00,350.00,420,51500
2019-03-01 09:53:00,350.00,353.00,344.85,346.55,320,51500
2019-03-01 09:54:00,346.55,346.55,338.90,342.80,660,51580
2019-03-01 09:55:00,342.80,359.00,342.80,359.00,1180,51580
2019-03-01 09:56:00,359.00,360.50,348.50,348.50,640,51580
2019-03-01 09:57:00,348.50,350.00,343.70,343.70,240,51600
2019-03-01 09:58:00,343.70,346.05,329.40,332.60,2860,51600
2019-03-01 09:59:00,332.60,347.00,332.60,340.10,420,51600
2019-03-01 10:00:00,339.35,339.35,328.05,334.30,1440,51340
2019-03-01 10:01:00,334.30,334.30,325.25,325.25,620,51340
2019-03-01 10:02:00,325.25,339.50,325.25,339.50,680,51340
2019-03-01 10:03:00,339.50,339.50,322.10,327.00,340,51040
2019-03-01 10:04:00,334.20,336.00,330.00,332.15,520,51040
2019-03-01 10:05:00,332.15,344.05,332.15,340.80,520,51040
2019-03-01 10:06:00,340.80,349.00,340.80,342.75,320,51080
2019-03-01 10:07:00,342.75,344.50,335.85,337.75,240,51080
2019-03-01 10:08:00,337.75,338.55,331.90,338.55,380,51080
2019-03-01 10:09:00,333.00,333.95,332.55,332.75,1260,51580
2019-03-01 10:10:00,332.75,340.30,332.75,338.40,3040,51580
2019-03-01 10:11:00,338.00,338.00,320.25,323.40,1480,51580
2019-03-01 10:12:00,323.40,328.70,323.40,328.70,100,51580
2019-03-01 10:13:00,328.70,332.45,325.95,326.05,100,49160
2019-03-01 10:14:00,326.05,328.95,323.55,328.80,500,49160
2019-03-01 10:15:00,328.80,332.00,327.80,331.10,160,49040
2019-03-01 10:16:00,331.10,340.00,330.10,330.10,960,49040
2019-03-01 10:17:00,330.10,330.10,315.00,315.00,1820,49040
2019-03-01 10:18:00,314.40,318.30,311.00,317.15,4460,47980
2019-03-01 10:19:00,317.15,323.00,317.15,322.80,500,47980
2019-03-01 10:20:00,322.80,322.80,307.15,311.65,1280,47980
2019-03-01 10:21:00,311.30,322.80,309.75,320.85,940,45660
2019-03-01 10:22:00,320.85,329.05,320.85,328.00,900,45660
2019-03-01 10:23:00,328.00,330.25,325.90,325.90,140,45660
2019-03-01 10:24:00,325.90,329.60,321.95,321.95,340,45300
2019-03-01 10:25:00,321.95,325.10,321.95,325.10,120,45300
2019-03-01 10:26:00,325.10,328.90,325.10,328.90,80,45300
2019-03-01 10:27:00,328.90,328.90,319.70,322.15,500,45300
2019-03-01 10:28:00,322.15,330.70,321.80,330.70,200,45300
2019-03-01 10:29:00,330.70,336.00,330.70,335.05,280,45300
2019-03-01 10:30:00,335.05,335.05,326.05,326.05,640,45300
2019-03-01 10:31:00,326.05,337.35,326.05,337.35,240,45140
2019-03-01 10:32:00,337.35,350.00,337.35,340.20,740,45140
2019-03-01 10:33:00,340.20,350.15,340.20,350.15,240,44720
2019-03-01 10:34:00,353.00,357.35,353.00,357.35,120,44720
2019-03-01 10:35:00,357.35,360.00,353.50,358.40,920,44720
2019-03-01 10:36:00,358.40,366.60,357.60,359.85,240,43940
2019-03-01 10:37:00,359.85,364.00,353.05,353.05,280,43940
2019-03-01 10:38:00,353.05,361.85,353.05,360.35,120,43940
2019-03-01 10:39:00,360.35,381.85,358.30,381.85,960,43940
2019-03-01 10:40:00,380.00,391.80,377.15,391.80,560,43720
2019-03-01 10:41:00,390.00,390.05,378.00,378.05,740,43720
2019-03-01 10:42:00,378.05,389.75,375.75,389.75,80,43060
2019-03-01 10:43:00,389.95,396.95,384.40,386.10,460,43060
2019-03-01 10:44:00,386.10,389.90,384.95,384.95,140,43060
2019-03-01 10:45:00,384.95,413.00,384.95,406.75,1660,43180
2019-03-01 10:46:00,406.75,408.80,399.40,408.80,640,43180
2019-03-01 10:47:00,408.80,408.80,393.00,394.45,5900,43180
2019-03-01 10:48:00,392.00,395.00,392.00,393.00,380,43480
2019-03-01 10:49:00,393.00,394.70,388.00,390.00,1960,43480
2019-03-01 10:50:00,405.00,424.20,405.00,407.30,1460,43480
2019-03-01 10:51:00,407.30,408.75,399.60,408.75,1560,43480
2019-03-01 10:52:00,408.75,417.95,404.40,412.25,3660,42980
2019-03-01 10:53:00,412.25,420.00,407.40,407.40,3760,42980
2019-03-01 10:54:00,407.40,407.40,399.55,402.70,1020,46220
2019-03-01 10:55:00,402.70,409.75,398.00,404.60,120,46220
2019-03-01 10:56:00,404.60,405.00,395.00,405.00,600,46220
2019-03-01 10:57:00,405.00,410.00,400.00,402.40,560,46240
2019-03-01 10:58:00,402.40,402.40,396.65,397.65,40,46240
2019-03-01 10:59:00,397.65,398.45,392.00,393.65,400,46240
2019-03-01 11:00:00,392.70,405.00,392.70,405.00,540,46240
2019-03-01 11:01:00,405.00,405.00,392.70,392.70,2240,46180
2019-03-01 11:02:00,392.80,392.80,367.15,377.05,1200,46180
2019-03-01 11:03:00,377.05,379.95,377.00,377.00,400,46180
2019-03-01 11:04:00,377.00,386.75,377.00,379.00,3600,46020
2019-03-01 11:05:00,379.00,385.50,379.00,379.30,11200,46020
2019-03-01 11:06:00,379.30,381.90,378.15,381.50,100,46020
2019-03-01 11:07:00,381.50,385.70,379.20,381.00,260,43040
2019-03-01 11:08:00,381.00,398.00,381.00,398.00,880,43040
2019-03-01 11:09:00,398.00,398.00,384.00,384.00,200,43040
2019-03-01 11:10:00,384.00,390.00,384.00,390.00,0,0
2019-03-01 11:11:00,390.00,390.00,390.00,390.00,20,0
2019-03-01 11:12:00,390.00,390.00,384.00,384.00,220,41260
2019-03-01 11:13:00,384.00,392.35,384.00,392.35,120,41260
2019-03-01 11:14:00,392.35,397.65,391.85,394.55,320,41260
2019-03-01 11:15:00,394.55,412.00,391.50,412.00,620,40020
2019-03-01 11:16:00,412.00,412.00,403.60,403.60,360,40020
2019-03-01 11:17:00,403.60,408.00,403.60,405.00,1040,40020
2019-03-01 11:18:00,408.35,408.35,400.00,402.75,900,40560
2019-03-01 11:19:00,402.75,413.20,399.95,399.95,3900,40560
2019-03-01 11:20:00,398.00,400.95,395.00,395.00,480,40560
2019-03-01 11:21:00,395.00,395.00,390.80,394.25,1480,41160
2019-03-01 11:22:00,394.25,399.90,392.55,399.85,620,41160
2019-03-01 11:23:00,399.85,404.80,397.60,403.35,520,41160
2019-03-01 11:24:00,402.80,409.00,398.70,406.10,1920,39200
2019-03-01 11:25:00,398.85,400.05,398.15,398.15,80,39200
2019-03-01 11:26:00,398.15,398.15,395.00,396.55,180,39200
2019-03-01 11:27:00,396.55,397.20,396.55,397.20,100,39200
2019-03-01 11:28:00,397.20,406.70,397.20,406.70,100,36620
2019-03-01 11:29:00,406.70,413.00,405.30,405.30,3300,36620
2019-03-01 11:30:00,405.30,413.65,400.10,402.10,600,37100
2019-03-01 11:31:00,402.10,408.60,396.20,408.60,440,37100
2019-03-01 11:32:00,408.60,445.00,404.65,436.85,4760,37100
2019-03-01 11:33:00,436.85,439.75,425.00,435.80,2720,37100
2019-03-01 11:34:00,434.75,434.75,425.00,425.00,460,36920
2019-03-01 11:35:00,425.00,434.85,425.00,426.05,640,36920
2019-03-01 11:36:00,426.05,454.85,426.05,453.30,1720,35560
2019-03-01 11:37:00,453.30,453.30,440.10,446.50,540,35560
2019-03-01 11:38:00,446.50,451.00,435.00,435.00,1440,35560
2019-03-01 11:39:00,435.00,449.90,435.00,448.00,300,36840
2019-03-01 11:40:00,448.00,466.75,448.00,460.00,1220,36840
2019-03-01 11:41:00,460.00,460.00,447.25,447.25,320,36840
2019-03-01 11:42:00,447.25,454.40,445.90,451.35,960,37180
2019-03-01 11:43:00,451.35,475.00,451.35,465.00,740,37180
2019-03-01 11:44:00,465.00,465.00,461.60,463.05,140,37180
2019-03-01 11:45:00,463.05,475.10,463.05,463.80,860,37060
2019-03-01 11:46:00,466.30,469.10,464.30,466.35,620,37060
2019-03-01 11:47:00,466.35,466.35,457.20,461.20,260,37060
2019-03-01 11:48:00,461.20,461.20,445.05,447.50,2640,37480
2019-03-01 11:49:00,447.50,454.90,447.50,453.90,520,37480
2019-03-01 11:50:00,453.90,457.20,451.65,451.70,160,37480
2019-03-01 11:51:00,451.70,451.70,449.00,449.90,160,38040
2019-03-01 11:52:00,445.00,455.00,441.70,451.50,420,38040
2019-03-01 11:53:00,451.50,465.85,451.50,465.85,480,38040
2019-03-01 11:54:00,464.25,470.00,456.75,458.00,80,37720
2019-03-01 11:55:00,458.00,458.00,455.05,455.05,20,37720
2019-03-01 11:56:00,455.05,465.70,455.05,459.30,480,37720
2019-03-01 11:57:00,459.30,459.30,458.80,458.80,40,37720
2019-03-01 11:58:00,458.80,460.45,458.80,460.45,60,37960
2019-03-01 11:59:00,460.45,460.45,453.80,453.80,300,37960
2019-03-01 12:00:00,453.80,454.95,452.00,452.00,300,37960
2019-03-01 12:01:00,452.00,452.00,431.50,434.35,840,37960
2019-03-01 12:02:00,434.35,440.80,432.75,437.30,320,37960
2019-03-01 12:03:00,435.40,435.40,435.40,435.40,1000,38200
2019-03-01 12:04:00,435.40,439.70,435.40,439.70,40,38200
2019-03-01 12:05:00,439.70,455.10,439.70,450.15,160,38200
2019-03-01 12:06:00,450.15,450.15,450.15,450.15,0,0
2019-03-01 12:07:00,450.15,450.15,442.90,442.90,280,38500
2019-03-01 12:08:00,442.90,449.00,442.90,449.00,120,38500
2019-03-01 12:09:00,449.00,449.00,441.25,441.25,40,38500
2019-03-01 12:10:00,441.25,446.20,440.00,440.45,380,38460
2019-03-01 12:11:00,440.45,441.80,436.00,438.85,360,38460
2019-03-01 12:12:00,444.00,444.00,437.50,437.50,40,38460
2019-03-01 12:13:00,437.05,437.65,429.15,431.35,320,37980
2019-03-01 12:14:00,431.35,444.00,431.35,444.00,160,37980
2019-03-01 12:15:00,444.00,455.00,444.00,455.00,140,37980
2019-03-01 12:16:00,455.00,462.20,449.15,449.15,520,37720
2019-03-01 12:17:00,449.15,449.15,449.00,449.00,20,37720
2019-03-01 12:18:00,449.00,450.95,440.00,450.95,160,37780
2019-03-01 12:19:00,450.40,455.00,444.80,444.80,240,37780
2019-03-01 12:20:00,442.10,450.80,442.10,446.50,740,37780
2019-03-01 12:21:00,446.50,450.00,446.25,450.00,180,38140
2019-03-01 12:22:00,454.20,454.20,454.20,454.20,0,0
2019-03-01 12:23:00,454.20,475.75,454.20,470.00,780,38140
2019-03-01 12:24:00,470.00,473.55,463.40,463.40,180,38080
2019-03-01 12:25:00,463.40,496.60,463.40,484.50,2520,38080
2019-03-01 12:26:00,485.00,485.00,472.00,472.00,1680,38080
2019-03-01 12:27:00,472.00,477.35,472.00,477.35,220,38080
2019-03-01 12:28:00,477.35,478.15,471.60,471.60,160,37740
2019-03-01 12:29:00,471.60,474.55,471.60,474.55,20,0
2019-03-01 12:30:00,474.55,478.10,460.00,460.00,180,37800
2019-03-01 12:31:00,460.00,461.50,452.15,456.30,220,37800
2019-03-01 12:32:00,456.30,456.30,450.00,450.00,160,37800
2019-03-01 12:33:00,450.00,450.10,444.90,450.05,540,37800
2019-03-01 12:34:00,450.05,451.40,444.20,451.40,200,37580
2019-03-01 12:35:00,452.15,452.15,422.40,426.30,2440,37580
2019-03-01 12:36:00,427.80,434.45,413.95,413.95,1140,37580
2019-03-01 12:37:00,413.95,422.15,413.95,422.15,80,35800
2019-03-01 12:38:00,422.15,429.00,422.15,429.00,320,35800
2019-03-01 12:39:00,429.00,446.75,429.00,446.30,340,35680
2019-03-01 12:40:00,446.30,446.30,433.25,439.00,160,35680
2019-03-01 12:41:00,439.00,439.40,432.65,432.65,220,35680
2019-03-01 12:42:00,432.65,441.00,432.65,440.00,340,35680
2019-03-01 12:43:00,440.00,441.00,440.00,441.00,220,35680
2019-03-01 12:44:00,441.00,441.00,441.00,441.00,0,0
2019-03-01 12:45:00,441.00,441.00,430.20,433.65,80,36060
2019-03-01 12:46:00,433.65,438.50,433.65,438.50,40,36060
2019-03-01 12:47:00,438.50,455.55,438.50,454.45,220,36060
2019-03-01 12:48:00,454.45,457.00,453.15,453.15,700,36220
2019-03-01 12:49:00,453.15,470.00,453.15,463.00,780,36220
2019-03-01 12:50:00,463.00,466.85,458.30,458.30,140,36220
2019-03-01 12:51:00,458.30,460.00,455.00,460.00,80,36220
2019-03-01 12:52:00,460.00,462.90,450.00,458.80,200,36300
2019-03-01 12:53:00,458.80,463.00,458.80,463.00,60,36300
2019-03-01 12:54:00,463.00,466.85,463.00,464.95,180,36360
2019-03-01 12:55:00,464.95,464.95,458.90,458.90,160,0
2019-03-01 12:56:00,458.90,458.90,455.00,457.00,900,36360
2019-03-01 12:57:00,457.00,458.05,457.00,458.05,20,36360
2019-03-01 12:58:00,458.05,462.00,451.45,461.85,280,36360
2019-03-01 12:59:00,462.00,462.00,462.00,462.00,0,0
2019-03-01 13:00:00,462.00,462.00,441.25,441.65,1080,36180
2019-03-01 13:01:00,445.10,447.40,433.00,434.00,340,36180
2019-03-01 13:02:00,434.00,442.00,434.00,435.35,20,36180
2019-03-01 13:03:00,435.35,444.95,435.35,444.95,60,36180
2019-03-01 13:04:00,444.95,446.05,444.50,446.05,240,35060
2019-03-01 13:05:00,446.05,446.05,446.05,446.05,0,0
2019-03-01 13:06:00,446.05,446.05,434.20,440.00,80,35280
2019-03-01 13:07:00,440.00,440.00,428.40,428.40,340,35280
2019-03-01 13:08:00,428.40,428.40,412.75,415.80,460,35280
2019-03-01 13:09:00,415.80,415.80,398.15,398.15,1820,34100
2019-03-01 13:10:00,398.15,411.65,388.10,394.65,620,34100
2019-03-01 13:11:00,397.50,414.15,397.50,412.40,760,34100
2019-03-01 13:12:00,412.40,420.65,412.40,415.00,100,33820
2019-03-01 13:13:00,415.00,422.50,412.50,413.40,80,33820
2019-03-01 13:14:00,413.40,419.00,413.40,415.90,160,33820
2019-03-01 13:15:00,415.90,420.15,410.70,420.15,320,33660
2019-03-01 13:16:00,420.15,430.05,420.15,430.05,160,33660
2019-03-01 13:17:00,430.05,430.05,424.60,424.85,180,33660
2019-03-01 13:18:00,424.85,424.85,416.90,424.05,220,33660
2019-03-01 13:19:00,424.05,424.05,418.55,418.55,120,33480
2019-03-01 13:20:00,418.55,418.55,398.20,398.20,300,33480
2019-03-01 13:21:00,398.20,410.70,394.55,408.00,320,33380
2019-03-01 13:22:00,408.00,414.90,400.00,405.55,240,33380
2019-03-01 13:23:00,405.55,411.10,400.25,400.25,160,33380
2019-03-01 13:24:00,400.25,402.60,397.00,402.60,160,0
2019-03-01 13:25:00,402.60,428.60,402.60,425.90,120,33260
2019-03-01 13:26:00,425.90,425.90,415.55,418.00,100,33260
2019-03-01 13:27:00,418.00,425.15,416.75,425.15,420,33260
2019-03-01 13:28:00,425.15,425.15,425.15,425.15,0,0
2019-03-01 13:29:00,425.15,430.00,415.65,430.00,180,33360
2019-03-01 13:30:00,430.00,454.60,428.40,448.30,460,33360
2019-03-01 13:31:00,449.00,469.25,448.70,459.10,1060,33200
2019-03-01 13:32:00,462.25,462.25,445.20,448.35,200,33200
2019-03-01 13:33:00,451.70,455.30,442.55,442.55,200,33200
2019-03-01 13:34:00,446.75,450.00,446.75,450.00,100,0
2019-03-01 13:35:00,450.00,460.00,448.55,451.55,2500,33040
2019-03-01 13:36:00,452.60,477.20,452.60,473.50,2200,34740
2019-03-01 13:37:00,473.50,490.55,468.40,487.05,760,34740
2019-03-01 13:38:00,490.00,511.75,490.00,503.55,2500,34740
2019-03-01 13:39:00,503.55,503.55,485.75,485.75,60,34740
2019-03-01 13:40:00,485.75,494.65,482.65,492.15,740,34540
2019-03-01 13:41:00,490.65,502.50,490.65,494.50,700,34540
2019-03-01 13:42:00,498.35,527.30,498.35,519.05,3220,34180
2019-03-01 13:43:00,517.95,542.80,508.15,508.15,6340,34180
2019-03-01 13:44:00,508.15,508.15,496.90,501.70,600,34180
2019-03-01 13:45:00,501.70,512.15,501.70,507.90,680,34380
2019-03-01 13:46:00,509.45,520.15,509.45,514.25,600,34380
2019-03-01 13:47:00,511.20,524.55,511.20,517.85,540,34380
2019-03-01 13:48:00,517.85,524.75,517.35,520.35,200,34380
2019-03-01 13:49:00,520.35,531.00,512.00,520.00,1380,34080
2019-03-01 13:50:00,520.00,524.15,518.25,518.25,80,34080
2019-03-01 13:51:00,518.25,518.25,493.30,503.50,800,34080
2019-03-01 13:52:00,503.50,508.60,502.80,502.80,180,33280
2019-03-01 13:53:00,502.80,505.00,496.00,501.80,440,33280
2019-03-01 13:54:00,501.80,501.80,486.55,493.65,280,32620
2019-03-01 13:55:00,493.65,498.60,492.05,496.55,80,32620
2019-03-01 13:56:00,496.55,500.00,496.55,500.00,160,32620
2019-03-01 13:57:00,500.00,500.00,481.20,481.20,420,32340
2019-03-01 13:58:00,481.20,487.15,462.00,466.00,980,32340
2019-03-01 13:59:00,466.00,466.00,451.50,460.00,1540,32340
2019-03-01 14:00:00,460.00,468.40,445.60,445.80,1140,31760
2019-03-01 14:01:00,445.80,470.00,445.80,470.00,260,31760
2019-03-01 14:02:00,470.00,470.00,461.05,465.30,500,31760
2019-03-01 14:03:00,465.30,472.35,465.30,470.00,300,31960
2019-03-01 14:04:00,470.00,472.60,467.15,472.60,140,31960
2019-03-01 14:05:00,472.60,475.00,469.85,474.30,340,31960
2019-03-01 14:06:00,474.30,497.00,474.30,490.15,660,32360
2019-03-01 14:07:00,490.15,490.15,484.45,485.45,140,32360
2019-03-01 14:08:00,485.45,495.20,485.45,493.35,640,32360
2019-03-01 14:09:00,492.40,492.40,487.25,487.25,320,32360
2019-03-01 14:10:00,487.25,508.50,487.25,499.55,920,32360
2019-03-01 14:11:00,499.55,509.65,496.25,509.65,240,32360
2019-03-01 14:12:00,509.65,517.40,506.60,508.45,780,31560
2019-03-01 14:13:00,508.45,511.50,508.40,509.00,560,31560
2019-03-01 14:14:00,509.00,511.35,501.25,501.25,360,31560
2019-03-01 14:15:00,501.25,501.25,484.85,485.60,160,31600
2019-03-01 14:16:00,490.20,491.40,490.20,491.40,20,31600
2019-03-01 14:17:00,491.40,493.55,486.00,493.55,300,31600
2019-03-01 14:18:00,493.55,510.20,493.55,505.00,260,31600
2019-03-01 14:19:00,505.00,505.00,483.55,483.55,820,31520
2019-03-01 14:20:00,488.25,491.55,488.25,491.00,60,31520
2019-03-01 14:21:00,487.15,495.00,485.10,485.10,80,31520
2019-03-01 14:22:00,485.10,503.85,485.10,502.35,120,30780
2019-03-01 14:23:00,502.35,502.35,495.40,499.35,180,30780
2019-03-01 14:24:00,499.35,518.15,497.50,518.15,200,30520
2019-03-01 14:25:00,518.15,518.15,511.70,515.15,400,30520
2019-03-01 14:26:00,515.15,520.45,505.55,505.55,220,30520
2019-03-01 14:27:00,505.55,505.55,500.00,502.35,160,30520
2019-03-01 14:28:00,502.35,507.85,497.00,497.10,460,30360
2019-03-01 14:29:00,497.10,499.80,494.65,499.80,80,30360
2019-03-01 14:30:00,501.25,501.25,485.80,485.80,400,30360
2019-03-01 14:31:00,485.80,505.00,485.80,504.15,80,29960
2019-03-01 14:32:00,504.15,504.15,493.15,499.00,220,29960
2019-03-01 14:33:00,499.00,499.00,488.80,492.45,80,29620
2019-03-01 14:34:00,492.45,492.45,467.35,468.85,940,29620
2019-03-01 14:35:00,468.85,471.90,460.15,471.55,1220,29620
2019-03-01 14:36:00,471.55,489.65,471.55,489.65,280,28860
2019-03-01 14:37:00,489.65,489.65,489.65,489.65,0,0
2019-03-01 14:38:00,489.65,489.65,466.00,469.20,300,28860
2019-03-01 14:39:00,469.20,479.90,469.20,479.90,100,28860
2019-03-01 14:40:00,479.90,497.00,479.90,497.00,280,28800
2019-03-01 14:41:00,494.65,504.00,493.40,502.00,260,28800
2019-03-01 14:42:00,502.00,502.00,502.00,502.00,0,28480
2019-03-01 14:43:00,489.15,497.95,489.15,497.95,400,28480
2019-03-01 14:44:00,497.95,502.35,485.00,502.35,520,28480
2019-03-01 14:45:00,502.35,515.40,501.50,512.00,860,28540
2019-03-01 14:46:00,512.00,512.60,505.00,505.00,380,28540
2019-03-01 14:47:00,502.50,506.85,501.40,501.40,140,28540
2019-03-01 14:48:00,501.40,501.40,494.15,496.80,260,28140
2019-03-01 14:49:00,496.80,496.80,486.00,492.70,300,28140
2019-03-01 14:50:00,492.70,492.70,478.10,487.20,1380,28140
2019-03-01 14:51:00,487.20,490.10,480.00,490.10,500,28140
2019-03-01 14:52:00,490.10,490.85,482.05,482.05,560,27540
2019-03-01 14:53:00,482.05,488.10,482.00,488.05,200,27540
2019-03-01 14:54:00,488.05,504.00,488.05,504.00,940,26900
2019-03-01 14:55:00,504.00,508.00,502.95,507.25,280,26900
2019-03-01 14:56:00,507.25,507.25,494.60,504.65,100,26900
2019-03-01 14:57:00,504.65,505.50,499.35,505.50,140,26900
2019-03-01 14:58:00,505.50,505.50,480.35,484.90,3480,26560
2019-03-01 14:59:00,484.90,494.35,481.40,494.35,360,26560
2019-03-01 15:00:00,494.35,511.70,494.35,495.85,560,25780
2019-03-01 15:01:00,495.85,510.00,495.85,510.00,240,25780
2019-03-01 15:02:00,510.00,510.00,501.40,504.20,860,25780
2019-03-01 15:03:00,504.20,509.05,503.10,508.15,740,25380
2019-03-01 15:04:00,508.15,508.15,497.00,503.00,2760,25380
2019-03-01 15:05:00,503.00,505.00,499.25,505.00,260,25380
2019-03-01 15:06:00,505.00,518.40,505.00,518.40,680,24860
2019-03-01 15:07:00,519.80,533.80,519.80,528.85,1160,24860
2019-03-01 15:08:00,528.85,528.85,518.45,522.95,660,24860
2019-03-01 15:09:00,522.95,524.15,517.55,524.15,1040,23300
2019-03-01 15:10:00,524.15,524.15,519.30,519.30,100,23300
2019-03-01 15:11:00,520.00,520.45,517.20,520.00,5020,23300
2019-03-01 15:12:00,520.00,522.00,515.05,517.95,3740,20300
2019-03-01 15:13:00,518.05,520.60,515.00,515.00,2340,20300
2019-03-01 15:14:00,515.00,518.00,514.30,514.30,1380,20300
2019-03-01 15:15:00,514.30,525.85,514.30,525.85,2160,16580
2019-03-01 15:16:00,525.85,527.75,523.00,527.75,1220,16580
2019-03-01 15:17:00,527.75,540.00,524.20,535.15,2200,16580
2019-03-01 15:18:00,535.15,535.15,526.15,528.20,400,12360
2019-03-01 15:19:00,528.20,528.20,522.00,527.00,520,12360
2019-03-01 15:20:00,526.65,530.95,524.45,529.00,1240,12360
2019-03-01 15:21:00,529.00,529.00,525.15,527.60,420,10620
2019-03-01 15:22:00,527.60,527.60,521.50,521.50,560,10620
2019-03-01 15:23:00,525.00,526.10,524.25,525.05,620,10620
2019-03-01 15:24:00,523.05,524.60,520.85,520.85,480,7440
2019-03-01 15:25:00,520.85,520.85,515.05,515.05,2480,7440
2019-03-01 15:26:00,515.05,517.40,514.90,516.70,720,7440
2019-03-01 15:27:00,515.70,515.70,510.00,510.00,1360,3440
2019-03-01 15:28:00,510.00,512.40,510.00,512.05,240,3440
2019-03-01 15:29:01,509.15,510.35,507.05,509.90,4120,3440
