date,open,high,low,close,volume,oi
2020-04-17 09:24:00,170.00,170.00,163.15,163.15,100,0
2020-04-17 09:25:00,160.00,160.00,160.00,160.00,120,0
2020-04-17 09:26:00,158.45,159.15,158.45,159.15,100,200
2020-04-17 09:27:00,156.35,156.35,146.10,146.10,200,200
2020-04-17 09:28:00,149.00,152.05,149.00,151.80,280,200
2020-04-17 09:29:00,152.00,154.30,152.00,153.40,220,560
2020-04-17 09:30:00,157.00,167.25,157.00,167.25,240,560
2020-04-17 09:31:00,159.00,159.90,150.00,150.00,280,560
2020-04-17 09:32:00,152.85,152.85,150.70,152.60,80,600
2020-04-17 09:33:00,149.65,150.20,146.85,149.20,280,600
2020-04-17 09:34:00,150.20,151.00,150.20,151.00,40,600
2020-04-17 09:35:00,148.85,149.55,145.00,145.00,120,1020
2020-04-17 09:36:00,147.95,148.50,141.85,148.50,100,1020
2020-04-17 09:37:00,149.00,149.00,145.00,145.00,640,1020
2020-04-17 09:38:00,147.40,147.40,147.40,147.40,20,1060
2020-04-17 09:39:00,147.40,147.40,143.85,143.85,40,1060
2020-04-17 09:40:00,144.65,151.30,144.65,151.30,120,1060
2020-04-17 09:41:00,150.90,150.90,144.30,145.65,80,880
2020-04-17 09:42:00,143.75,143.75,138.80,142.45,180,880
2020-04-17 09:43:00,140.30,142.55,140.30,141.50,80,880
2020-04-17 09:44:00,144.35,144.35,144.00,144.00,40,1020
2020-04-17 09:45:00,139.70,145.40,139.70,145.40,40,1020
2020-04-17 09:48:00,157.40,157.95,153.70,153.70,60,1020
2020-04-17 09:49:00,155.20,159.00,151.85,158.05,1540,1020
2020-04-17 09:50:00,155.95,159.60,154.55,155.00,240,2100
2020-04-17 09:51:00,154.00,157.50,154.00,157.50,140,2100
2020-04-17 09:52:00,152.60,152.60,152.30,152.30,40,2100
2020-04-17 09:53:00,154.15,154.15,152.00,152.00,820,2100
2020-04-17 09:54:00,146.30,151.80,146.30,151.00,500,2100
2020-04-17 09:55:00,148.20,148.20,134.20,139.15,960,2100
2020-04-17 09:56:00,135.80,137.35,125.00,130.75,500,2040
2020-04-17 09:57:00,141.10,141.10,133.40,139.75,780,2040
2020-04-17 09:58:00,137.30,138.30,137.30,138.30,40,2040
2020-04-17 09:59:00,137.30,140.00,137.30,140.00,280,1660
2020-04-17 10:00:00,138.75,142.80,138.50,141.00,220,1660
2020-04-17 10:01:00,143.95,145.15,141.10,141.10,80,1660
2020-04-17 10:02:00,142.90,149.65,138.25,149.65,140,1740
2020-04-17 10:03:00,147.75,147.75,141.05,141.95,620,1740
2020-04-17 10:04:00,140.00,140.00,140.00,140.00,20,1740
2020-04-17 10:05:00,140.80,144.50,140.80,144.50,120,2160
2020-04-17 10:06:00,142.75,142.75,142.75,142.75,100,2160
2020-04-17 10:07:00,140.00,143.95,136.00,136.00,160,2160
2020-04-17 10:09:00,136.00,136.00,127.25,129.65,180,2300
2020-04-17 10:10:00,132.00,132.00,123.00,128.00,220,2300
2020-04-17 10:11:00,125.00,125.00,119.15,124.00,160,2360
2020-04-17 10:12:00,111.50,118.10,111.50,118.10,160,2360
2020-04-17 10:13:00,116.45,116.45,105.00,105.95,660,2360
2020-04-17 10:14:00,111.10,116.45,110.50,116.45,280,2560
2020-04-17 10:15:00,118.10,122.50,116.70,118.70,1220,2560
2020-04-17 10:16:00,119.75,121.80,119.40,121.80,300,2560
2020-04-17 10:17:00,117.25,117.25,117.15,117.15,60,3360
2020-04-17 10:18:00,118.85,119.60,118.60,118.60,60,3360
2020-04-17 10:19:00,132.00,136.60,128.00,133.85,420,3360
2020-04-17 10:20:00,130.40,134.90,130.40,132.30,180,2520
2020-04-17 10:21:00,135.20,144.60,135.00,141.30,600,2520
2020-04-17 10:22:00,140.15,140.15,126.95,126.95,220,2520
2020-04-17 10:23:00,127.95,127.95,121.00,126.95,460,2800
2020-04-17 10:24:00,121.75,126.75,121.75,123.05,140,2800
2020-04-17 10:25:00,120.00,121.35,117.95,121.35,100,2800
2020-04-17 10:26:00,118.65,118.65,115.90,115.90,120,2860
2020-04-17 10:27:00,113.45,119.55,111.05,118.35,580,2860
2020-04-17 10:28:00,115.70,118.35,110.00,110.00,300,2860
2020-04-17 10:29:00,110.00,111.85,102.75,102.75,460,3200
2020-04-17 10:30:00,102.10,112.00,97.40,112.00,820,3200
2020-04-17 10:31:00,110.55,112.05,107.05,112.05,140,3200
2020-04-17 10:32:00,107.60,110.25,107.60,109.05,120,3200
2020-04-17 10:33:00,110.55,110.55,90.85,96.00,800,3100
2020-04-17 10:34:00,95.90,97.55,92.45,96.00,400,3100
2020-04-17 10:35:00,90.05,94.05,85.15,90.80,1400,3180
2020-04-17 10:36:00,88.55,91.90,85.05,90.05,340,3180
2020-04-17 10:37:00,87.25,94.45,85.00,94.45,680,3180
2020-04-17 10:38:00,88.25,100.00,88.25,91.15,200,3300
2020-04-17 10:39:00,96.70,99.65,96.70,99.65,300,3300
2020-04-17 10:40:00,99.00,100.75,95.95,96.05,140,3300
2020-04-17 10:41:00,100.40,107.70,100.40,107.70,340,3420
2020-04-17 10:42:00,110.00,118.75,107.05,109.80,300,3420
2020-04-17 10:43:00,111.85,112.55,100.90,101.60,600,3420
2020-04-17 10:44:00,103.60,103.60,96.30,100.00,240,3620
2020-04-17 10:45:00,96.35,98.90,91.05,96.10,440,3620
2020-04-17 10:46:00,96.10,96.10,90.15,90.15,100,3620
2020-04-17 10:47:00,89.10,89.10,89.00,89.00,100,3540
2020-04-17 10:48:00,92.15,92.15,82.35,85.20,1060,3540
2020-04-17 10:49:00,82.45,83.95,82.45,83.95,100,3540
2020-04-17 10:50:00,80.00,81.15,72.30,79.20,680,4000
2020-04-17 10:51:00,78.00,99.60,71.15,71.15,620,4000
2020-04-17 10:52:00,76.60,76.60,72.90,74.25,280,4000
2020-04-17 10:53:00,76.80,80.90,76.80,80.75,200,3840
2020-04-17 10:54:00,81.00,81.55,79.90,80.65,200,3840
2020-04-17 10:55:00,81.15,83.85,81.15,83.10,260,3840
2020-04-17 10:56:00,84.30,84.30,81.05,81.05,120,3620
2020-04-17 10:57:00,82.00,84.10,81.80,82.55,400,3620
2020-04-17 10:58:00,82.20,82.20,74.80,75.60,360,3620
2020-04-17 10:59:00,75.25,75.50,75.25,75.40,80,3660
2020-04-17 11:00:00,75.15,80.95,75.15,80.95,340,3660
2020-04-17 11:01:00,78.90,78.90,77.80,77.80,100,3660
2020-04-17 11:02:00,78.85,79.45,76.60,76.60,200,3560
2020-04-17 11:03:00,76.10,77.45,73.65,74.25,380,3560
2020-04-17 11:04:00,73.15,73.15,70.00,70.25,340,3560
2020-04-17 11:05:00,70.90,72.25,70.90,70.90,300,3660
2020-04-17 11:06:00,70.00,70.00,66.50,68.15,640,3660
2020-04-17 11:07:00,69.35,70.00,69.35,70.00,80,3660
2020-04-17 11:08:00,65.70,67.85,63.40,66.80,440,3660
2020-04-17 11:09:00,69.55,70.25,67.45,69.00,540,3660
2020-04-17 11:10:00,69.55,72.00,67.50,72.00,1200,3660
2020-04-17 11:11:00,73.05,85.00,73.05,84.15,1800,4300
2020-04-17 11:12:00,83.40,83.40,79.40,80.40,540,4300
2020-04-17 11:13:00,80.40,80.45,76.60,76.60,480,4300
2020-04-17 11:14:00,77.25,80.00,77.25,80.00,200,5000
2020-04-17 11:15:00,78.75,86.75,78.75,85.00,860,5000
2020-04-17 11:16:00,86.00,86.00,83.05,84.20,580,5000
2020-04-17 11:17:00,82.45,84.80,82.45,83.55,220,5080
2020-04-17 11:18:00,84.75,93.55,84.75,91.30,320,5080
2020-04-17 11:19:00,90.25,92.00,88.00,92.00,580,5080
2020-04-17 11:20:00,93.30,94.80,90.00,93.35,1060,4980
2020-04-17 11:21:00,88.20,90.10,88.00,90.10,360,4980
2020-04-17 11:22:00,90.10,92.00,88.00,88.00,260,4980
2020-04-17 11:23:00,87.65,87.65,82.70,83.60,620,5180
2020-04-17 11:24:00,85.10,85.10,79.05,79.05,420,5180
2020-04-17 11:25:00,79.60,81.75,79.60,79.70,660,5180
2020-04-17 11:26:00,78.15,79.55,76.80,76.95,380,5480
2020-04-17 11:27:00,76.50,76.50,70.60,71.55,200,5480
2020-04-17 11:28:00,71.95,74.60,71.95,73.75,80,5480
2020-04-17 11:29:00,74.85,74.85,70.00,70.00,180,5340
2020-04-17 11:30:00,68.70,72.50,68.70,72.50,220,5340
2020-04-17 11:31:00,71.50,72.30,69.55,69.55,260,5340
2020-04-17 11:32:00,68.40,68.40,66.90,67.20,320,5560
2020-04-17 11:33:00,65.45,65.45,62.15,62.20,360,5560
2020-04-17 11:34:00,62.10,63.00,58.00,58.00,1080,5560
2020-04-17 11:35:00,59.20,64.00,59.20,62.95,300,5620
2020-04-17 11:36:00,63.50,63.50,60.40,61.00,360,5620
2020-04-17 11:37:00,59.70,63.25,59.70,61.65,220,5620
2020-04-17 11:38:00,60.40,60.45,57.50,59.10,600,5720
2020-04-17 11:39:00,56.80,58.15,54.75,54.75,240,5720
2020-04-17 11:40:00,55.80,57.85,55.50,57.70,600,5720
2020-04-17 11:41:00,57.65,60.00,57.65,60.00,560,5660
2020-04-17 11:42:00,59.50,62.40,59.50,62.00,340,5660
2020-04-17 11:43:00,63.65,65.30,63.65,65.30,60,5660
2020-04-17 11:44:00,63.25,64.15,60.40,60.40,260,6040
2020-04-17 11:45:00,58.35,58.35,55.60,55.85,420,6040
2020-04-17 11:46:00,57.50,57.50,54.25,55.40,520,6040
2020-04-17 11:47:00,54.50,54.55,53.55,54.40,500,6040
2020-04-17 11:48:00,55.10,56.45,55.00,55.00,280,5980
2020-04-17 11:49:00,55.35,56.25,52.95,52.95,480,5980
2020-04-17 11:50:00,54.00,54.00,49.65,49.65,540,6280
2020-04-17 11:51:00,50.85,52.15,50.60,50.80,260,6280
2020-04-17 11:52:00,52.15,54.10,51.05,54.10,600,6280
2020-04-17 11:53:00,55.60,55.60,54.95,55.60,320,6280
2020-04-17 11:54:00,54.10,54.10,53.75,53.75,300,6240
2020-04-17 11:55:00,57.70,58.65,56.80,56.80,340,6240
2020-04-17 11:56:00,55.10,55.10,54.30,54.30,60,6100
2020-04-17 11:57:00,53.05,53.75,50.05,51.60,480,6100
2020-04-17 11:58:00,50.65,51.95,50.00,50.00,120,6100
2020-04-17 11:59:00,51.55,51.55,48.45,48.65,340,6520
2020-04-17 12:00:00,48.65,48.65,46.80,48.10,360,6520
2020-04-17 12:01:00,49.25,49.25,49.25,49.25,20,6520
2020-04-17 12:02:00,45.80,47.55,45.80,46.30,220,6500
2020-04-17 12:03:00,45.10,45.20,42.75,44.35,260,6500
2020-04-17 12:04:00,44.00,45.40,44.00,45.40,240,6500
2020-04-17 12:05:00,46.90,48.15,46.90,47.65,180,6120
2020-04-17 12:06:00,47.25,47.25,45.50,45.50,240,6120
2020-04-17 12:07:00,45.20,47.70,44.65,47.70,80,6120
2020-04-17 12:09:00,48.00,48.00,48.00,48.00,200,6020
2020-04-17 12:10:00,49.40,51.35,49.40,51.35,1200,6020
2020-04-17 12:11:00,52.10,57.55,52.10,56.55,980,6940
2020-04-17 12:12:00,53.85,54.70,53.85,53.95,160,6940
2020-04-17 12:13:00,55.20,55.85,55.20,55.85,120,6940
2020-04-17 12:14:00,55.80,57.15,55.80,56.35,100,6940
2020-04-17 12:15:00,54.00,54.00,54.00,54.00,20,6980
2020-04-17 12:16:00,52.60,54.15,52.60,54.15,60,6980
2020-04-17 12:17:00,54.10,54.95,53.50,53.95,800,7480
2020-04-17 12:18:00,54.25,54.25,54.25,54.25,60,7480
2020-04-17 12:19:00,54.25,56.85,54.25,56.85,2300,7480
2020-04-17 12:20:00,56.25,57.40,56.25,57.40,60,7480
2020-04-17 12:21:00,59.25,60.35,55.90,55.90,920,9280
2020-04-17 12:22:00,55.55,56.15,55.50,55.50,140,9280
2020-04-17 12:23:00,55.65,56.45,54.30,55.00,1160,8120
2020-04-17 12:24:00,55.20,55.25,52.15,53.40,340,8120
2020-04-17 12:25:00,52.20,52.75,52.20,52.65,520,8120
2020-04-17 12:26:00,52.50,54.00,52.50,52.60,100,8100
2020-04-17 12:27:00,52.40,55.90,52.40,55.90,240,8100
2020-04-17 12:28:00,56.30,56.80,56.30,56.80,100,8100
2020-04-17 12:29:00,55.55,55.55,53.10,53.30,200,7760
2020-04-17 12:30:00,52.05,52.05,52.05,52.05,20,7760
2020-04-17 12:31:00,53.20,53.20,52.15,52.95,80,7760
2020-04-17 12:32:00,51.65,52.30,49.95,49.95,240,7700
2020-04-17 12:33:00,47.85,50.00,47.50,50.00,220,7700
2020-04-17 12:34:00,49.25,50.10,47.40,49.15,240,7700
2020-04-17 12:35:00,49.80,50.00,49.25,50.00,360,7840
2020-04-17 12:36:00,48.85,49.20,47.55,47.65,500,7840
2020-04-17 12:39:00,51.40,51.40,50.00,50.00,260,7360
2020-04-17 12:40:00,49.25,49.25,49.25,49.25,100,7360
2020-04-17 12:42:00,48.45,48.45,48.45,48.45,20,7280
2020-04-17 12:43:00,50.00,50.00,50.00,50.00,40,7280
2020-04-17 12:45:00,52.90,53.25,52.45,52.45,300,7360
2020-04-17 12:46:00,54.25,54.25,53.85,53.85,40,7360
2020-04-17 12:48:00,53.30,53.85,53.00,53.75,500,7440
2020-04-17 12:49:00,54.00,54.15,53.90,53.95,140,7440
2020-04-17 12:50:00,53.25,53.25,51.75,51.75,640,7260
2020-04-17 12:51:00,50.00,55.00,50.00,53.50,640,7260
2020-04-17 12:52:00,54.15,54.15,51.50,51.85,380,7260
2020-04-17 12:53:00,52.80,56.85,52.80,56.60,340,7260
2020-04-17 12:54:00,56.45,59.70,54.75,59.70,220,7260
2020-04-17 12:55:00,59.60,59.60,56.35,58.00,560,7260
2020-04-17 12:56:00,59.45,61.80,59.25,60.35,740,7140
2020-04-17 12:57:00,61.00,62.80,57.20,57.20,1240,7140
2020-04-17 12:58:00,60.00,60.00,56.55,56.65,460,7140
2020-04-17 12:59:00,57.15,58.85,57.15,58.85,80,7140
2020-04-17 13:01:00,53.85,55.45,53.85,53.90,140,7020
2020-04-17 13:02:00,54.00,54.00,52.25,52.25,260,6820
2020-04-17 13:03:00,52.25,52.25,51.40,51.40,40,6820
2020-04-17 13:04:00,53.85,54.10,53.85,54.05,100,6820
2020-04-17 13:05:00,51.45,51.45,51.45,51.45,20,6820
2020-04-17 13:06:00,51.40,51.45,49.95,49.95,840,6900
2020-04-17 13:07:00,49.40,51.10,49.40,50.10,280,6900
2020-04-17 13:08:00,50.90,50.90,50.00,50.05,280,6980
2020-04-17 13:09:00,49.85,49.85,49.85,49.85,40,6980
2020-04-17 13:10:00,49.80,50.25,49.00,49.35,180,6980
2020-04-17 13:11:00,50.05,50.15,50.05,50.15,80,6980
2020-04-17 13:12:00,50.00,50.00,46.00,47.60,160,7040
2020-04-17 13:13:00,46.10,46.20,40.65,41.00,980,7040
2020-04-17 13:14:00,39.95,43.40,39.95,42.50,780,7040
2020-04-17 13:15:00,41.90,41.90,38.00,40.60,860,7180
2020-04-17 13:16:00,40.40,42.50,39.70,42.50,640,7180
2020-04-17 13:17:00,40.90,41.20,40.75,41.10,120,6880
2020-04-17 13:18:00,42.50,43.95,42.50,43.95,60,6880
2020-04-17 13:19:00,44.95,44.95,44.95,44.95,20,6880
2020-04-17 13:20:00,44.35,44.35,42.80,42.80,60,6880
2020-04-17 13:21:00,42.50,45.65,42.50,45.65,340,6840
2020-04-17 13:22:00,47.40,47.40,43.50,45.75,820,6840
2020-04-17 13:23:00,47.50,47.55,46.40,46.90,560,6940
2020-04-17 13:24:00,46.50,46.50,45.70,46.35,120,6940
2020-04-17 13:25:00,45.80,46.00,44.50,45.25,320,6940
2020-04-17 13:26:00,46.60,48.60,46.60,47.25,1200,6940
2020-04-17 13:27:00,47.35,50.00,47.25,47.25,520,7140
2020-04-17 13:28:00,47.45,48.90,47.45,48.05,200,7140
2020-04-17 13:29:00,47.90,48.35,46.45,46.95,300,7140
2020-04-17 13:30:00,47.60,48.00,46.00,46.00,360,7360
2020-04-17 13:31:00,48.00,48.30,48.00,48.20,460,7360
2020-04-17 13:32:00,48.45,49.95,47.80,49.05,140,7360
2020-04-17 13:33:00,49.70,49.70,48.10,48.10,40,7340
2020-04-17 13:34:00,49.00,49.00,47.35,47.35,180,7340
2020-04-17 13:35:00,46.00,48.80,45.00,45.00,100,7280
2020-04-17 13:36:00,43.90,45.20,43.90,44.30,420,7280
2020-04-17 13:37:00,44.70,46.20,44.20,44.45,340,7280
2020-04-17 13:38:00,43.40,44.80,43.40,43.75,80,7280
2020-04-17 13:39:00,46.35,49.00,45.75,49.00,180,6980
2020-04-17 13:40:00,48.65,51.30,48.45,48.45,1300,6980
2020-04-17 13:41:00,48.55,48.60,47.20,47.90,620,7380
2020-04-17 13:42:00,46.55,46.55,46.55,46.55,60,7380
2020-04-17 13:43:00,49.00,49.15,48.50,49.15,80,7380
2020-04-17 13:44:00,45.40,46.95,45.00,46.95,360,7380
2020-04-17 13:45:00,45.50,46.10,45.00,45.65,200,7080
2020-04-17 13:46:00,47.00,47.00,47.00,47.00,40,7080
2020-04-17 13:47:00,48.00,49.50,48.00,48.55,440,7080
2020-04-17 13:48:00,49.70,51.90,49.65,51.15,540,6940
2020-04-17 13:49:00,51.20,51.20,50.15,50.40,80,6940
2020-04-17 13:50:00,50.90,54.30,50.60,52.50,460,6940
2020-04-17 13:51:00,54.00,54.00,51.90,51.90,340,7100
2020-04-17 13:52:00,52.10,52.70,51.00,52.70,1220,7100
2020-04-17 13:53:00,53.40,53.40,51.00,51.00,280,7100
2020-04-17 13:54:00,51.60,52.40,51.60,52.40,600,8000
2020-04-17 13:55:00,51.00,51.55,50.45,50.45,380,8000
2020-04-17 13:56:00,51.15,52.45,50.15,52.45,840,8000
2020-04-17 13:57:00,52.00,52.05,49.45,52.05,660,8180
2020-04-17 13:58:00,52.00,56.70,51.70,55.00,900,8180
2020-04-17 13:59:00,56.15,56.90,55.70,55.70,1520,8180
2020-04-17 14:00:00,56.40,57.00,53.10,54.10,400,8140
2020-04-17 14:01:00,51.10,51.10,49.65,50.20,820,8140
2020-04-17 14:02:00,51.00,52.95,49.80,52.95,1020,8140
2020-04-17 14:03:00,53.85,56.80,53.85,55.00,320,7680
2020-04-17 14:04:00,55.30,55.30,54.25,54.35,140,7680
2020-04-17 14:05:00,55.00,55.00,52.30,52.30,800,7680
2020-04-17 14:06:00,54.90,63.10,54.00,60.95,1720,8140
2020-04-17 14:07:00,61.25,63.25,60.00,62.75,1780,8140
2020-04-17 14:08:00,63.55,68.40,63.55,65.90,1660,8140
2020-04-17 14:09:00,65.35,65.65,60.80,61.90,700,8440
2020-04-17 14:10:00,62.85,62.85,59.20,60.40,400,8440
2020-04-17 14:11:00,64.00,65.30,62.75,63.55,1560,8440
2020-04-17 14:12:00,63.00,63.00,58.95,59.90,940,8100
2020-04-17 14:13:00,59.40,59.40,56.90,58.20,1180,8100
2020-04-17 14:14:00,58.50,58.80,57.00,57.00,140,8100
2020-04-17 14:15:00,60.00,62.65,60.00,60.00,1460,8320
2020-04-17 14:16:00,59.00,59.35,56.95,56.95,420,8320
2020-04-17 14:17:00,55.10,55.30,52.85,52.85,480,8320
2020-04-17 14:18:00,52.80,56.75,52.00,56.75,240,8080
2020-04-17 14:19:00,56.75,57.00,56.75,57.00,180,8080
2020-04-17 14:20:00,58.45,62.60,58.35,61.85,1080,8080
2020-04-17 14:21:00,61.05,66.15,61.05,66.00,1380,8260
2020-04-17 14:22:00,64.50,66.25,62.45,63.75,1180,8260
2020-04-17 14:23:00,63.90,67.10,63.00,65.45,920,8260
2020-04-17 14:24:00,64.85,64.85,62.95,63.45,500,9240
2020-04-17 14:25:00,65.00,70.60,65.00,67.00,2020,9240
2020-04-17 14:26:00,66.75,68.00,65.00,68.00,540,9240
2020-04-17 14:27:00,65.05,65.75,62.00,65.75,840,9260
2020-04-17 14:28:00,64.00,64.20,60.05,62.00,5200,9260
2020-04-17 14:29:00,64.00,65.85,62.95,64.55,3700,9260
2020-04-17 14:30:00,64.15,64.20,61.15,63.50,2980,14220
2020-04-17 14:31:00,63.85,72.25,63.85,70.25,1040,14220
2020-04-17 14:32:00,71.15,72.00,68.20,68.20,1200,14220
2020-04-17 14:33:00,66.60,69.60,66.60,69.15,720,16100
2020-04-17 14:34:00,69.15,70.05,66.65,66.65,400,16100
2020-04-17 14:35:00,67.50,70.50,67.50,69.30,900,16100
2020-04-17 14:36:00,70.20,70.90,68.30,68.30,660,13380
2020-04-17 14:37:00,69.30,69.30,66.70,68.40,340,13380
2020-04-17 14:38:00,68.40,68.40,61.15,62.45,960,0
2020-04-17 14:39:00,62.65,64.00,61.40,61.40,1100,13140
2020-04-17 14:40:00,64.10,68.50,62.80,67.30,700,13140
2020-04-17 14:41:00,67.55,75.10,67.55,72.40,960,13140
2020-04-17 14:42:00,71.55,73.60,71.00,71.10,560,13520
2020-04-17 14:43:00,72.30,73.85,70.25,70.45,1220,13520
2020-04-17 14:44:00,72.00,73.00,67.75,67.75,320,13520
2020-04-17 14:45:00,68.35,73.00,68.35,72.00,1480,12980
2020-04-17 14:46:00,71.90,77.05,71.90,75.05,1700,12980
2020-04-17 14:47:00,75.80,77.00,74.00,76.50,1020,12980
2020-04-17 14:48:00,75.20,76.00,73.00,74.00,900,12980
2020-04-17 14:49:00,74.00,75.35,70.80,74.50,1320,12980
2020-04-17 14:50:00,74.90,83.50,74.90,80.05,1080,12980
2020-04-17 14:51:00,82.00,82.00,75.50,79.05,1120,11860
2020-04-17 14:52:00,81.70,82.00,77.20,77.20,340,11860
2020-04-17 14:53:00,76.00,79.85,75.35,79.85,880,11860
2020-04-17 14:54:00,77.60,78.90,76.95,78.90,160,11940
2020-04-17 14:55:00,77.45,78.80,76.00,77.85,300,11940
2020-04-17 14:56:00,77.20,82.00,77.15,79.95,1220,11940
2020-04-17 14:57:00,80.60,86.00,79.70,86.00,680,12320
2020-04-17 14:58:00,86.45,90.20,83.60,88.70,1420,12320
2020-04-17 14:59:00,88.10,93.55,86.45,92.70,1560,12320
2020-04-17 15:00:00,92.80,94.30,88.70,94.30,1740,13100
2020-04-17 15:01:00,94.50,102.80,94.35,102.80,2200,13100
2020-04-17 15:02:00,102.95,105.00,100.15,105.00,1140,13100
2020-04-17 15:03:00,105.00,105.70,102.80,103.00,860,13780
2020-04-17 15:04:00,102.10,102.10,99.05,100.25,1120,13780
2020-04-17 15:05:00,101.35,108.80,99.05,108.80,2240,13780
2020-04-17 15:06:00,112.85,128.75,111.70,128.00,3060,13800
2020-04-17 15:07:00,130.30,133.70,124.00,133.70,2980,13800
2020-04-17 15:08:00,135.90,149.90,134.35,142.55,3160,13800
2020-04-17 15:09:00,141.45,152.05,134.80,151.05,4960,14560
2020-04-17 15:10:00,150.00,164.40,150.00,161.45,3620,14560
2020-04-17 15:11:00,169.95,176.20,160.35,160.35,4180,14560
2020-04-17 15:12:00,162.90,175.00,158.00,158.00,5400,15660
2020-04-17 15:13:00,152.00,163.85,132.80,153.40,4660,15660
2020-04-17 15:14:00,153.50,169.75,152.60,162.25,2800,15660
2020-04-17 15:15:00,164.15,174.00,161.80,162.55,3960,14540
2020-04-17 15:16:00,162.35,162.35,150.85,154.15,1700,14540
2020-04-17 15:17:00,155.85,155.85,145.80,145.80,2380,14540
2020-04-17 15:18:00,145.00,158.50,145.00,158.40,1620,16700
2020-04-17 15:19:00,159.35,161.30,155.20,158.30,1980,16700
2020-04-17 15:20:00,157.95,161.50,149.95,151.45,4280,16700
2020-04-17 15:21:00,151.50,165.90,149.50,164.20,5320,15480
2020-04-17 15:22:00,164.40,167.50,163.10,165.50,1420,15480
2020-04-17 15:23:00,165.70,166.85,160.05,163.40,2800,15480
2020-04-17 15:24:00,165.00,169.00,156.20,158.00,3380,13180
2020-04-17 15:25:00,156.00,162.25,154.80,161.60,1320,13180
2020-04-17 15:26:00,161.45,161.45,157.40,158.70,600,13180
2020-04-17 15:27:00,158.15,160.45,157.25,160.45,1040,13260
2020-04-17 15:28:00,155.75,155.75,148.25,155.00,700,13260
2020-04-17 15:29:01,155.00,160.00,100.00,155.00,680,13260
2020-04-20 09:15:00,160.00,200.00,105.65,131.75,1020,12540
2020-04-20 09:16:00,131.25,134.90,108.25,119.80,2320,0
2020-04-20 09:17:00,119.25,134.10,115.00,129.35,6760,12920
2020-04-20 09:18:00,124.00,128.50,120.70,122.70,2980,12920
2020-04-20 09:19:00,122.05,126.00,115.90,124.70,3200,12920
2020-04-20 09:20:00,126.50,126.50,111.15,114.85,3880,17040
2020-04-20 09:21:00,116.50,119.05,109.65,115.65,14080,17040
2020-04-20 09:22:00,117.70,136.20,113.45,136.20,3520,17040
2020-04-20 09:23:00,134.90,138.05,128.85,130.35,3880,19840
2020-04-20 09:24:00,128.05,141.60,128.05,138.55,2800,19840
2020-04-20 09:25:00,138.75,148.65,137.60,138.65,2740,19840
2020-04-20 09:26:00,140.00,163.25,140.00,157.75,2760,20080
2020-04-20 09:27:00,158.25,159.15,146.45,147.70,3580,20080
2020-04-20 09:28:00,146.95,146.95,137.75,145.35,1620,20080
2020-04-20 09:29:00,141.35,147.00,138.10,144.10,1680,21080
2020-04-20 09:30:00,144.00,149.55,134.00,134.75,5320,21080
2020-04-20 09:31:00,134.95,134.95,121.85,124.00,2660,21080
2020-04-20 09:32:00,123.10,123.10,110.45,112.75,4240,22480
2020-04-20 09:33:00,113.25,125.00,113.25,125.00,4220,22480
2020-04-20 09:34:00,120.60,122.20,113.60,118.15,4200,22480
2020-04-20 09:35:00,118.05,118.05,108.15,110.45,3640,21860
2020-04-20 09:36:00,109.15,116.75,109.15,114.80,2420,21860
2020-04-20 09:37:00,114.50,120.60,110.10,110.10,3580,21860
2020-04-20 09:38:00,106.25,107.00,98.50,99.35,4500,22260
2020-04-20 09:39:00,100.65,100.65,92.10,97.10,1860,22260
2020-04-20 09:40:00,93.75,109.00,93.75,108.80,2900,22260
2020-04-20 09:41:00,111.00,113.65,103.65,105.70,3880,22220
2020-04-20 09:42:00,104.45,105.00,98.75,101.65,3180,22220
2020-04-20 09:43:00,101.40,108.95,101.40,107.20,780,22220
2020-04-20 09:44:00,106.00,106.00,100.00,100.05,1540,24100
2020-04-20 09:45:00,92.40,96.40,90.00,94.75,2980,24100
2020-04-20 09:46:00,95.65,101.35,94.70,100.00,4160,24100
2020-04-20 09:47:00,100.70,105.70,100.00,102.85,1840,24740
2020-04-20 09:48:00,102.25,102.25,95.00,95.60,1940,24740
2020-04-20 09:49:00,95.15,101.80,93.15,100.55,1920,24740
2020-04-20 09:50:00,100.45,107.00,100.45,105.00,3000,24900
2020-04-20 09:51:00,103.00,109.50,101.85,109.50,2000,24900
2020-04-20 09:52:00,109.50,111.00,104.15,110.00,3080,24900
2020-04-20 09:54:00,115.00,115.00,105.10,105.10,1740,26300
2020-04-20 09:55:00,105.10,105.10,94.95,96.95,3400,26300
2020-04-20 09:56:00,96.10,102.15,96.10,98.35,2840,25840
2020-04-20 09:57:00,98.00,99.00,95.85,95.85,1680,25840
2020-04-20 09:58:00,96.00,99.05,91.40,98.45,1420,25840
2020-04-20 09:59:00,99.85,101.20,93.05,95.00,2100,25800
2020-04-20 10:00:00,93.05,99.10,93.00,97.75,1620,25800
2020-04-20 10:01:00,97.00,102.65,97.00,100.90,2180,25800
2020-04-20 10:02:00,102.00,105.95,100.55,104.00,1480,26040
2020-04-20 10:03:00,104.00,108.80,103.20,105.35,2260,26040
2020-04-20 10:04:00,105.15,108.40,100.75,104.65,1340,26040
2020-04-20 10:05:00,105.00,105.00,97.60,97.60,700,26060
2020-04-20 10:06:00,99.45,100.05,97.15,100.00,1860,26060
2020-04-20 10:07:00,100.00,105.00,100.00,103.15,1480,26060
2020-04-20 10:08:00,104.55,104.55,101.50,101.50,1540,26380
2020-04-20 10:09:00,101.55,104.00,99.40,101.15,1080,26380
2020-04-20 10:10:00,102.75,102.75,95.15,96.05,1080,26380
2020-04-20 10:11:00,95.15,97.15,92.00,95.35,2220,26840
2020-04-20 10:12:00,96.15,98.00,93.90,95.25,1200,26840
2020-04-20 10:13:00,93.10,95.70,92.00,93.60,1480,26840
2020-04-20 10:14:00,93.65,98.90,92.00,97.75,740,26600
2020-04-20 10:15:00,96.35,100.00,95.25,98.55,1380,26600
2020-04-20 10:16:00,97.00,97.00,86.40,89.50,2380,26600
2020-04-20 10:17:00,89.75,94.30,89.75,92.60,1380,26900
2020-04-20 10:18:00,93.15,93.80,91.15,91.15,860,26900
2020-04-20 10:19:00,90.55,93.70,90.55,92.00,2700,26900
2020-04-20 10:20:00,93.65,96.25,92.80,93.25,800,27620
2020-04-20 10:21:00,93.85,97.80,93.85,96.95,660,27620
2020-04-20 10:22:00,96.30,98.55,93.00,93.30,940,27620
2020-04-20 10:23:00,95.00,95.75,92.05,92.75,560,27820
2020-04-20 10:24:00,93.25,95.40,90.35,92.60,1460,27820
2020-04-20 10:25:00,91.80,98.25,91.80,98.25,1180,27820
2020-04-20 10:26:00,99.00,110.00,96.55,106.75,3480,28520
2020-04-20 10:27:00,105.95,106.05,98.50,98.50,2080,28520
2020-04-20 10:28:00,96.05,106.05,96.05,103.90,1560,28520
2020-04-20 10:29:00,105.10,119.85,105.10,119.85,3240,26560
2020-04-20 10:30:00,120.00,124.75,113.95,113.95,4780,26560
2020-04-20 10:31:00,114.30,127.20,112.20,125.95,2360,26560
2020-04-20 10:32:00,127.05,127.05,120.00,125.00,2820,24720
2020-04-20 10:33:00,124.00,142.05,124.00,133.20,5700,24720
2020-04-20 10:34:00,131.85,136.45,124.15,124.25,4040,24720
2020-04-20 10:35:00,127.05,128.55,116.80,122.20,3560,24580
2020-04-20 10:36:00,119.80,124.70,118.90,123.95,900,24580
2020-04-20 10:37:00,126.00,130.00,122.10,123.95,3180,24580
2020-04-20 10:38:00,123.30,125.40,119.70,123.15,2140,25140
2020-04-20 10:39:00,123.35,123.35,116.80,117.60,1360,25140
2020-04-20 10:40:00,116.25,123.65,115.55,121.65,1440,25140
2020-04-20 10:41:00,123.70,129.00,123.60,127.35,1560,26120
2020-04-20 10:42:00,129.80,131.15,125.25,125.70,1180,26120
2020-04-20 10:43:00,125.25,130.40,124.00,125.05,5380,26120
2020-04-20 10:44:00,124.35,125.50,120.70,120.70,3420,26100
2020-04-20 10:45:00,120.00,120.65,115.45,116.60,4320,26100
2020-04-20 10:46:00,116.55,123.10,115.55,122.05,2940,26100
2020-04-20 10:47:00,120.90,122.65,116.65,117.60,1460,24740
2020-04-20 10:48:00,117.05,122.70,117.05,120.65,1540,24740
2020-04-20 10:49:00,121.15,124.00,118.55,122.55,960,24740
2020-04-20 10:50:00,123.55,126.40,120.00,121.10,2260,25200
2020-04-20 10:51:00,120.05,121.10,114.70,117.20,3360,25200
2020-04-20 10:52:00,117.30,121.00,116.20,120.40,1080,25200
2020-04-20 10:53:00,121.25,124.50,118.85,123.75,1640,25480
2020-04-20 10:54:00,123.75,124.65,119.95,119.95,2300,25480
2020-04-20 10:55:00,120.10,125.00,120.10,124.80,2700,25480
2020-04-20 10:56:00,125.00,134.15,125.00,128.35,3620,26080
2020-04-20 10:57:00,129.15,129.40,123.15,123.15,840,26080
2020-04-20 10:58:00,124.40,127.35,121.15,127.05,1900,26080
2020-04-20 10:59:00,124.75,127.20,122.10,123.00,1440,27180
2020-04-20 11:00:00,125.20,134.60,125.20,129.90,2620,27180
2020-04-20 11:01:00,129.70,131.05,127.95,128.00,1360,27180
2020-04-20 11:02:00,126.05,127.85,121.75,126.90,1400,27480
2020-04-20 11:03:00,128.00,131.00,124.95,125.35,1100,27480
2020-04-20 11:04:00,124.30,126.05,122.95,124.10,520,27480
2020-04-20 11:05:00,125.45,131.05,124.00,124.00,1080,27580
2020-04-20 11:06:00,125.05,125.05,119.30,120.60,1800,27580
2020-04-20 11:07:00,120.25,121.65,110.00,111.20,1980,27580
2020-04-20 11:08:00,113.10,115.65,110.00,110.00,1740,26940
2020-04-20 11:09:00,110.10,113.40,105.85,107.00,4380,26940
2020-04-20 11:10:00,107.40,113.75,105.75,113.30,2400,26940
2020-04-20 11:11:00,113.75,117.20,113.30,116.45,560,25900
2020-04-20 11:12:00,116.90,118.00,115.05,117.40,880,25900
2020-04-20 11:13:00,117.95,118.25,112.85,113.30,920,25900
2020-04-20 11:14:00,112.55,114.90,112.50,112.70,420,25020
2020-04-20 11:15:00,111.00,111.05,101.60,102.40,3500,25020
2020-04-20 11:16:00,102.60,106.70,101.55,105.30,2720,25020
2020-04-20 11:17:00,104.00,105.60,97.40,99.20,1460,25200
2020-04-20 11:18:00,100.00,102.00,99.00,101.25,1940,25200
2020-04-20 11:19:00,100.05,100.90,98.00,98.45,900,25200
2020-04-20 11:20:00,99.90,100.50,98.00,99.70,1480,24740
2020-04-20 11:21:00,100.65,105.35,99.50,103.05,1860,24740
2020-04-20 11:22:00,103.05,103.95,98.05,98.55,3060,24740
2020-04-20 11:23:00,97.90,98.20,92.30,93.55,2200,24860
2020-04-20 11:24:00,93.50,97.95,92.05,92.95,3620,24860
2020-04-20 11:25:00,93.85,96.00,91.00,95.85,2620,24860
2020-04-20 11:26:00,95.25,96.00,93.00,95.85,680,26120
2020-04-20 11:27:00,94.50,96.60,94.00,94.25,3080,26120
2020-04-20 11:28:00,93.85,99.00,93.85,98.05,420,26120
2020-04-20 11:29:00,99.20,100.00,93.95,94.65,2960,26580
2020-04-20 11:30:00,93.75,95.00,88.75,95.00,3980,26580
2020-04-20 11:31:00,94.80,96.00,90.80,91.05,2800,26580
2020-04-20 11:32:00,92.35,94.00,90.00,90.00,1840,25020
2020-04-20 11:33:00,91.20,91.95,84.65,87.20,2200,25020
2020-04-20 11:34:00,85.90,89.95,83.00,86.45,2760,25020
2020-04-20 11:35:00,84.85,87.00,79.35,86.45,8100,25160
2020-04-20 11:36:00,86.25,86.60,80.50,83.40,1980,25160
2020-04-20 11:37:00,83.95,89.95,83.50,87.65,2040,25160
2020-04-20 11:38:00,88.50,90.90,86.95,90.60,1260,25260
2020-04-20 11:39:00,90.25,93.30,88.85,93.00,2940,25260
2020-04-20 11:40:00,92.55,96.65,91.95,95.00,3020,25260
2020-04-20 11:41:00,96.10,98.00,92.40,92.70,2060,25100
2020-04-20 11:42:00,93.20,97.40,92.80,93.50,1020,25100
2020-04-20 11:43:00,93.65,93.65,88.00,88.40,1660,25100
2020-04-20 11:44:00,90.00,91.70,88.80,90.75,1160,24940
2020-04-20 11:45:00,88.70,93.00,85.80,93.00,1020,24940
2020-04-20 11:46:00,92.65,95.95,91.35,93.80,2160,24940
2020-04-20 11:47:00,92.40,97.95,92.40,93.90,640,25540
2020-04-20 11:48:00,94.15,96.20,91.20,92.45,1500,25540
2020-04-20 11:49:00,94.75,96.15,93.15,96.15,660,25540
2020-04-20 11:50:00,95.50,98.40,95.30,95.80,1080,24860
2020-04-20 11:51:00,95.00,96.85,91.60,95.00,1260,24860
2020-04-20 11:52:00,95.10,101.40,95.10,96.40,2980,24860
2020-04-20 11:53:00,98.90,101.40,98.90,99.85,440,25020
2020-04-20 11:54:00,99.40,106.30,99.05,105.45,1460,25020
2020-04-20 11:55:00,106.30,106.30,99.40,100.00,1920,25020
2020-04-20 11:56:00,100.00,100.50,95.80,97.65,2360,26020
2020-04-20 11:57:00,97.10,100.65,96.65,100.65,300,26020
2020-04-20 11:58:00,99.50,99.50,96.25,97.80,560,26020
2020-04-20 11:59:00,97.95,99.60,97.25,99.30,500,26920
2020-04-20 12:00:00,99.40,102.00,95.05,95.75,680,26920
2020-04-20 12:01:00,95.85,96.05,92.00,92.00,620,26920
2020-04-20 12:02:00,92.35,95.05,92.35,93.10,880,27120
2020-04-20 12:03:00,92.95,93.80,91.00,92.00,1300,27120
2020-04-20 12:04:00,91.65,94.60,91.65,94.60,400,27120
2020-04-20 12:05:00,94.35,97.30,94.35,96.90,800,26960
2020-04-20 12:06:00,96.55,101.10,96.55,98.65,2180,26960
2020-04-20 12:07:00,97.80,104.65,97.80,102.95,1240,26960
2020-04-20 12:08:00,101.20,103.15,100.00,101.75,2380,28820
2020-04-20 12:09:00,100.65,100.75,97.05,98.10,780,28820
2020-04-20 12:10:00,98.45,101.75,97.30,99.75,800,28820
2020-04-20 12:11:00,99.45,101.10,97.50,98.30,1200,29380
2020-04-20 12:12:00,98.95,102.95,98.95,102.00,240,29380
2020-04-20 12:13:00,101.55,101.55,99.45,100.60,1020,29380
2020-04-20 12:14:00,102.00,104.00,101.80,101.80,1680,29240
2020-04-20 12:15:00,101.70,102.40,99.00,99.00,1040,29240
2020-04-20 12:16:00,99.85,100.10,94.45,95.10,2020,29240
2020-04-20 12:17:00,96.90,97.35,95.25,97.35,260,28920
2020-04-20 12:18:00,99.55,102.05,98.10,102.00,380,28920
2020-04-20 12:19:00,100.70,102.90,100.40,100.95,360,28920
2020-04-20 12:20:00,102.00,103.75,100.75,103.75,920,28860
2020-04-20 12:21:00,101.95,104.00,101.60,103.75,1360,28860
2020-04-20 12:22:00,103.45,103.45,98.85,102.15,1380,28860
2020-04-20 12:23:00,103.40,106.70,102.70,106.70,940,28480
2020-04-20 12:24:00,106.55,106.55,102.25,105.05,820,28480
2020-04-20 12:25:00,106.95,112.10,104.90,104.90,2080,28480
2020-04-20 12:26:00,104.75,106.50,102.50,103.65,960,27860
2020-04-20 12:27:00,103.90,106.10,103.15,103.15,1500,27860
2020-04-20 12:28:00,103.15,108.00,103.15,107.75,780,27860
2020-04-20 12:29:00,107.75,107.75,103.15,106.55,240,28560
2020-04-20 12:31:00,113.75,116.10,110.00,110.65,1860,28560
2020-04-20 12:32:00,110.40,110.40,106.00,106.30,740,29300
2020-04-20 12:33:00,104.70,104.70,100.10,101.80,2500,29300
2020-04-20 12:34:00,103.20,105.55,102.00,102.00,1420,29300
2020-04-20 12:35:00,102.00,102.00,96.35,97.80,3820,27400
2020-04-20 12:36:00,98.70,99.80,91.00,92.65,2960,27400
2020-04-20 12:37:00,92.95,95.65,92.95,95.65,2420,27400
2020-04-20 12:38:00,95.65,98.90,94.70,96.45,1260,26980
2020-04-20 12:39:00,97.45,99.70,95.80,96.40,2240,26980
2020-04-20 12:40:00,97.95,98.95,94.95,98.80,2080,26980
2020-04-20 12:41:00,99.00,100.60,95.40,96.60,1960,26760
2020-04-20 12:42:00,96.95,96.95,92.25,92.45,1260,26760
2020-04-20 12:43:00,93.00,94.15,90.00,93.45,2540,26760
2020-04-20 12:44:00,93.45,95.05,91.70,95.00,1680,27840
2020-04-20 12:45:00,91.50,92.10,90.30,91.80,1080,27840
2020-04-20 12:46:00,92.50,93.65,91.10,92.85,4340,27840
2020-04-20 12:47:00,93.65,98.00,91.85,98.00,1520,29100
2020-04-20 12:48:00,96.90,98.75,95.00,95.95,700,29100
2020-04-20 12:49:00,94.85,98.90,94.30,94.90,900,29100
2020-04-20 12:50:00,93.30,96.25,92.00,95.35,2400,30120
2020-04-20 12:51:00,95.50,97.30,94.40,97.30,1220,30120
2020-04-20 12:52:00,97.10,101.20,96.30,100.55,1300,30120
2020-04-20 12:53:00,97.70,100.00,97.25,100.00,1440,30320
2020-04-20 12:54:00,99.15,104.90,99.15,102.75,2320,30320
2020-04-20 12:55:00,103.70,103.90,100.90,103.90,980,30320
2020-04-20 12:56:00,104.00,105.40,100.00,100.05,1920,30320
2020-04-20 12:57:00,99.55,101.95,99.00,99.10,1060,30900
2020-04-20 12:58:00,97.95,97.95,95.00,97.90,400,30900
2020-04-20 12:59:00,98.65,98.85,94.95,94.95,1020,30480
2020-04-20 13:00:00,94.95,99.30,94.90,99.30,300,30480
2020-04-20 13:01:00,100.00,102.80,98.55,101.50,1060,30480
2020-04-20 13:02:00,99.95,105.95,99.95,105.00,1720,30600
2020-04-20 13:03:00,105.00,105.60,101.35,104.75,1760,30600
2020-04-20 13:04:00,103.80,103.80,101.00,101.70,1120,30600
2020-04-20 13:05:00,100.50,104.00,98.05,104.00,2600,31480
2020-04-20 13:06:00,103.00,103.50,99.20,100.10,860,31480
2020-04-20 13:07:00,103.50,104.00,102.00,103.90,1440,31480
2020-04-20 13:08:00,102.35,105.00,102.35,104.00,1440,31480
2020-04-20 13:09:00,104.95,104.95,100.00,101.00,760,30560
2020-04-20 13:10:00,103.75,103.75,101.05,101.15,1140,30560
2020-04-20 13:11:00,101.65,101.65,99.35,100.30,500,30560
2020-04-20 13:12:00,102.80,106.00,102.80,106.00,1180,30120
2020-04-20 13:13:00,106.00,108.95,105.10,106.20,1780,30120
2020-04-20 13:14:00,106.55,106.65,103.15,105.05,980,30000
2020-04-20 13:15:00,105.00,107.30,103.75,103.75,500,30000
2020-04-20 13:16:00,104.55,110.00,104.55,107.80,1900,30000
2020-04-20 13:17:00,109.20,109.20,105.00,105.60,600,30000
2020-04-20 13:18:00,104.00,104.50,99.00,99.10,1540,30240
2020-04-20 13:19:00,100.00,104.50,99.00,101.15,820,30240
2020-04-20 13:20:00,102.00,102.00,100.70,101.15,560,30240
2020-04-20 13:21:00,102.80,102.80,100.80,102.10,300,31280
2020-04-20 13:22:00,102.70,106.50,102.70,105.30,520,31280
2020-04-20 13:23:00,105.65,120.35,105.45,115.25,7480,31280
2020-04-20 13:24:00,114.15,119.40,114.15,118.95,2160,30940
2020-04-20 13:25:00,116.90,118.25,110.75,110.75,2040,30940
2020-04-20 13:26:00,112.00,116.85,111.45,115.35,1380,30940
2020-04-20 13:27:00,113.40,115.65,112.75,112.75,760,29780
2020-04-20 13:28:00,111.25,113.95,108.35,113.95,1560,29780
2020-04-20 13:29:00,113.25,116.60,111.00,116.60,600,29780
2020-04-20 13:30:00,116.75,117.00,110.00,110.65,700,29700
2020-04-20 13:31:00,112.70,112.70,106.60,106.90,1040,29700
2020-04-20 13:32:00,107.80,111.25,107.80,110.25,920,29700
2020-04-20 13:33:00,110.00,112.70,108.55,112.70,1440,30280
2020-04-20 13:34:00,112.00,113.55,110.00,112.10,960,30280
2020-04-20 13:35:00,110.35,110.35,104.90,108.50,2520,30280
2020-04-20 13:36:00,107.70,108.00,101.15,103.30,1080,31880
2020-04-20 13:37:00,102.00,103.35,98.05,101.80,2340,31880
2020-04-20 13:38:00,102.20,102.70,99.50,101.05,760,31880
2020-04-20 13:39:00,101.10,101.75,98.00,101.65,440,31980
2020-04-20 13:40:00,102.25,103.30,97.50,97.50,820,31980
2020-04-20 13:41:00,97.10,102.65,97.10,99.50,1640,31980
2020-04-20 13:42:00,99.50,101.55,99.15,99.95,380,31900
2020-04-20 13:43:00,102.10,102.10,100.65,102.00,540,31900
2020-04-20 13:44:00,102.50,103.50,101.50,102.90,960,31900
2020-04-20 13:45:00,105.00,109.25,104.05,107.70,1500,32060
2020-04-20 13:46:00,109.70,114.35,109.10,111.30,1440,32060
2020-04-20 13:47:00,110.50,111.95,109.80,109.90,540,32060
2020-04-20 13:48:00,110.05,113.95,108.70,109.90,1740,32080
2020-04-20 13:49:00,111.90,113.00,108.55,109.70,840,32080
2020-04-20 13:50:00,110.00,115.15,109.00,113.20,2860,32080
2020-04-20 13:51:00,113.25,113.30,106.00,106.50,1580,30440
2020-04-20 13:52:00,107.10,110.10,107.00,109.55,340,30440
2020-04-20 13:53:00,108.30,108.35,101.75,102.25,1440,30440
2020-04-20 13:54:00,102.35,102.35,99.00,99.45,1280,30700
2020-04-20 13:55:00,99.95,99.95,92.25,95.05,6820,30700
2020-04-20 13:56:00,95.00,95.30,90.00,92.10,2160,30700
2020-04-20 13:57:00,92.40,97.00,90.00,96.05,2420,31960
2020-04-20 13:58:00,96.05,97.00,95.00,97.00,600,31960
2020-04-20 13:59:00,97.00,97.00,92.65,94.00,960,31960
2020-04-20 14:00:00,93.00,96.00,93.00,96.00,900,31980
2020-04-20 14:01:00,98.00,100.75,96.50,99.75,340,31980
2020-04-20 14:02:00,99.80,99.80,96.60,98.20,1160,31980
2020-04-20 14:03:00,96.65,96.65,95.00,96.35,840,32400
2020-04-20 14:04:00,98.65,98.90,97.90,98.90,280,32400
2020-04-20 14:05:00,99.70,103.00,99.70,101.75,2540,32400
2020-04-20 14:06:00,102.00,103.30,98.95,101.40,1040,33040
2020-04-20 14:07:00,98.50,102.00,97.40,100.75,620,33040
2020-04-20 14:08:00,100.65,104.25,100.00,103.35,3800,33040
2020-04-20 14:09:00,103.35,104.25,100.00,100.00,560,33040
2020-04-20 14:10:00,100.00,101.65,99.00,101.65,600,33040
2020-04-20 14:11:00,104.00,104.05,100.80,100.80,1080,33040
2020-04-20 14:12:00,102.40,106.00,102.20,104.60,1380,32840
2020-04-20 14:13:00,104.90,107.70,104.65,105.95,1180,32840
2020-04-20 14:14:00,104.20,105.00,102.00,102.40,660,32840
2020-04-20 14:15:00,102.95,105.40,102.05,105.00,520,32980
2020-04-20 14:16:00,106.00,107.95,105.40,105.40,1640,32980
2020-04-20 14:17:00,105.00,112.25,104.35,109.50,3320,32980
2020-04-20 14:18:00,109.80,122.10,109.80,117.95,9340,29840
2020-04-20 14:19:00,118.60,119.80,112.75,113.00,4120,29840
2020-04-20 14:20:00,111.35,121.20,111.35,119.80,5420,29840
2020-04-20 14:21:00,120.80,134.90,120.80,128.75,12460,29160
2020-04-20 14:22:00,127.70,130.10,121.95,121.95,4200,29160
2020-04-20 14:23:00,122.35,125.85,117.95,120.00,4160,29160
2020-04-20 14:24:00,121.35,121.35,114.75,116.00,2920,31200
2020-04-20 14:25:00,116.50,123.90,116.50,122.15,1560,31200
2020-04-20 14:26:00,122.45,126.25,122.15,124.00,2780,31200
2020-04-20 14:27:00,125.00,128.85,123.95,127.35,2700,30740
2020-04-20 14:28:00,127.00,129.95,124.15,126.35,2440,30740
2020-04-20 14:29:00,125.40,134.70,122.25,129.90,4600,30740
2020-04-20 14:30:00,130.60,143.30,130.60,136.40,7680,30120
2020-04-20 14:31:00,136.50,137.10,124.85,125.00,4640,30120
2020-04-20 14:32:00,125.00,125.20,115.00,120.85,3820,30120
2020-04-20 14:33:00,120.05,128.00,119.75,123.45,3380,29420
2020-04-20 14:34:00,124.00,124.90,120.05,122.45,1000,29420
2020-04-20 14:35:00,121.75,125.55,119.05,119.90,1920,29420
2020-04-20 14:36:00,120.45,120.45,108.50,110.55,5120,28740
2020-04-20 14:37:00,110.25,115.50,110.25,115.30,1760,28740
2020-04-20 14:38:00,115.15,121.40,114.30,120.80,1500,28740
2020-04-20 14:39:00,121.25,123.30,118.05,119.55,2700,28320
2020-04-20 14:40:00,118.45,122.30,118.20,119.85,700,28320
2020-04-20 14:41:00,115.35,117.00,113.00,115.00,1980,28320
2020-04-20 14:42:00,115.15,115.15,104.00,104.00,2340,28840
2020-04-20 14:43:00,105.15,111.40,103.00,111.35,1880,28840
2020-04-20 14:44:00,110.45,113.95,110.00,110.50,1340,28840
2020-04-20 14:45:00,110.35,111.85,102.00,102.00,2520,28580
2020-04-20 14:46:00,102.00,103.00,97.85,99.90,6320,28580
2020-04-20 14:47:00,99.20,100.30,92.85,92.85,3280,28580
2020-04-20 14:48:00,93.20,94.10,89.10,89.10,3580,30580
2020-04-20 14:49:00,89.15,92.00,84.70,84.70,3140,30580
2020-04-20 14:50:00,83.80,84.05,73.60,79.45,7700,30580
2020-04-20 14:51:00,79.80,88.50,78.75,86.25,6220,29280
2020-04-20 14:52:00,85.50,91.55,85.50,86.00,7420,29280
2020-04-20 14:53:00,86.00,89.35,82.70,85.00,6720,29280
2020-04-20 14:54:00,85.10,86.00,81.40,82.40,3040,25720
2020-04-20 14:55:00,82.25,84.80,78.65,78.65,6380,25720
2020-04-20 14:56:00,79.35,84.25,76.15,82.25,7460,25720
2020-04-20 14:57:00,84.35,87.20,82.25,86.20,4920,27320
2020-04-20 14:58:00,86.60,90.60,86.05,86.20,2840,27320
2020-04-20 14:59:00,85.15,87.55,81.70,83.80,4840,27320
2020-04-20 15:00:00,83.65,85.40,80.50,82.65,3080,28400
2020-04-20 15:01:00,84.00,89.50,83.90,85.85,1920,28400
2020-04-20 15:02:00,85.30,88.90,84.05,88.30,800,28400
2020-04-20 15:03:00,89.70,89.70,84.95,86.90,1100,29060
2020-04-20 15:04:00,85.95,88.20,82.65,82.65,1640,29060
2020-04-20 15:05:00,83.90,83.90,78.55,80.35,1620,29060
2020-04-20 15:06:00,80.30,81.40,79.00,80.20,1560,28460
2020-04-20 15:07:00,81.20,81.70,79.25,79.25,640,28460
2020-04-20 15:08:00,78.50,78.50,70.00,71.70,3300,28460
2020-04-20 15:09:00,72.70,72.70,67.00,68.65,6280,28720
2020-04-20 15:10:00,67.45,72.75,67.00,72.75,6720,28720
2020-04-20 15:11:00,73.40,73.50,70.05,72.45,6140,28720
2020-04-20 15:12:00,72.40,73.75,70.80,73.75,3280,32760
2020-04-20 15:13:00,74.15,78.30,73.50,77.55,2280,32760
2020-04-20 15:14:00,77.80,79.95,76.35,79.70,2700,32760
2020-04-20 15:15:00,79.65,87.60,79.65,87.60,7480,32320
2020-04-20 15:16:00,87.30,88.70,80.85,83.30,2820,32320
2020-04-20 15:17:00,83.00,86.80,82.95,84.55,680,32320
2020-04-20 15:18:00,84.30,87.40,81.95,83.85,1620,30420
2020-04-20 15:19:00,84.20,84.75,78.45,81.50,1920,30420
2020-04-20 15:20:00,82.40,84.40,82.40,84.00,760,30420
2020-04-20 15:21:00,84.50,84.50,80.70,80.75,4520,29000
2020-04-20 15:22:00,80.60,82.10,80.05,80.45,2220,29000
2020-04-20 15:23:00,80.25,81.15,77.90,79.80,1320,29000
2020-04-20 15:24:00,79.25,79.95,78.15,78.15,1000,27920
2020-04-20 15:25:00,79.05,79.85,76.85,77.80,1720,27920
2020-04-20 15:26:00,77.90,77.90,75.00,75.00,1280,27920
2020-04-20 15:27:00,74.00,75.35,72.40,72.40,2680,26800
2020-04-20 15:28:00,73.40,73.40,69.45,70.40,2060,26800
2020-04-20 15:29:01,70.40,72.05,68.40,68.80,4960,26800
2020-04-21 09:15:00,30.10,30.10,16.65,18.70,4020,25520
2020-04-21 09:16:00,19.15,25.20,18.05,22.10,5440,25520
2020-04-21 09:17:00,22.00,27.65,22.00,23.65,2580,28080
2020-04-21 09:18:00,22.00,24.30,21.05,23.10,1140,28080
2020-04-21 09:19:00,21.05,24.30,21.05,24.10,2880,28080
2020-04-21 09:20:00,23.00,24.60,22.40,22.55,6700,27880
2020-04-21 09:21:00,22.45,22.70,20.65,21.25,4020,27880
2020-04-21 09:22:00,20.10,20.80,19.35,20.15,2200,27880
2020-04-21 09:23:00,20.50,22.05,19.95,20.40,6600,29580
2020-04-21 09:24:00,20.50,21.50,20.00,21.45,2260,29580
2020-04-21 09:25:00,21.30,22.05,20.60,21.85,1420,29580
2020-04-21 09:26:00,21.70,22.25,21.30,21.55,1940,28300
2020-04-21 09:27:00,21.40,21.50,19.70,19.85,1320,28300
2020-04-21 09:28:00,20.10,21.50,20.10,21.15,5280,28300
2020-04-21 09:29:00,21.55,21.60,20.75,20.85,1100,24580
2020-04-21 09:30:00,20.95,21.45,20.40,20.65,1300,24580
2020-04-21 09:31:00,20.50,21.10,20.35,20.65,760,24580
2020-04-21 09:32:00,20.40,21.80,20.25,21.00,6140,24280
2020-04-21 09:33:00,21.60,21.85,20.00,21.45,2020,24280
2020-04-21 09:34:00,21.45,21.60,20.85,21.10,2460,24280
2020-04-21 09:35:00,20.85,22.35,20.85,22.20,1980,23740
2020-04-21 09:36:00,22.50,23.95,22.45,23.25,1240,23740
2020-04-21 09:37:00,23.00,23.40,22.30,23.05,1760,23740
2020-04-21 09:38:00,23.10,23.50,21.35,21.55,2080,24080
2020-04-21 09:39:00,21.55,21.95,21.10,21.60,1500,24080
2020-04-21 09:40:00,21.30,21.40,20.15,21.10,1980,24080
2020-04-21 09:41:00,21.00,21.75,21.00,21.35,2080,25380
2020-04-21 09:42:00,21.30,21.80,21.10,21.55,3560,25380
2020-04-21 09:43:00,21.40,22.05,20.95,21.95,1080,25380
2020-04-21 09:44:00,21.60,21.75,21.05,21.35,1480,26980
2020-04-21 09:45:00,21.00,21.10,19.80,20.10,2000,26980
2020-04-21 09:46:00,20.00,20.35,19.00,19.15,2260,26980
2020-04-21 09:47:00,19.20,19.75,19.20,19.55,1180,27020
2020-04-21 09:48:00,19.25,20.30,19.25,20.30,2260,27020
2020-04-21 09:49:00,19.90,21.00,19.90,20.65,1900,27020
2020-04-21 09:50:00,20.30,20.75,20.25,20.30,960,25120
2020-04-21 09:51:00,20.25,20.80,19.85,19.90,940,25120
2020-04-21 09:52:00,20.15,20.65,20.15,20.65,760,25120
2020-04-21 09:53:00,20.65,20.90,20.45,20.45,800,24860
2020-04-21 09:54:00,20.65,20.85,20.40,20.50,560,24860
2020-04-21 09:55:00,20.70,20.70,20.20,20.50,400,24860
2020-04-21 09:56:00,20.40,20.75,20.25,20.45,320,24920
2020-04-21 09:57:00,20.70,21.40,20.65,21.25,4560,24920
2020-04-21 09:58:00,21.10,21.10,20.50,20.65,500,24920
2020-04-21 09:59:00,20.80,21.40,20.55,21.30,1120,25420
2020-04-21 10:00:00,20.90,22.50,20.90,21.95,1060,25420
2020-04-21 10:01:00,21.80,21.80,21.10,21.15,520,25420
2020-04-21 10:02:00,21.30,21.30,20.90,21.20,140,25700
2020-04-21 10:03:00,21.10,21.10,20.50,21.00,260,25700
2020-04-21 10:04:00,20.80,20.85,20.35,20.55,340,25700
2020-04-21 10:05:00,20.00,20.45,20.00,20.45,360,24740
2020-04-21 10:06:00,20.90,20.90,20.15,20.15,880,24740
2020-04-21 10:07:00,19.65,19.70,19.25,19.25,920,24740
2020-04-21 10:08:00,19.20,19.20,18.80,18.90,2000,24740
2020-04-21 10:09:00,19.00,19.15,18.75,19.10,540,24740
2020-04-21 10:10:00,18.95,19.75,18.75,19.20,820,24740
2020-04-21 10:11:00,19.05,19.95,19.05,19.60,1000,25600
2020-04-21 10:12:00,19.55,19.85,19.40,19.85,400,25600
2020-04-21 10:13:00,19.30,19.75,19.30,19.60,280,25600
2020-04-21 10:14:00,19.25,19.70,19.10,19.10,860,25900
2020-04-21 10:15:00,19.20,19.20,18.50,18.60,1240,25900
2020-04-21 10:16:00,18.55,19.00,18.05,18.50,860,25900
2020-04-21 10:17:00,18.60,18.75,18.40,18.45,260,25900
2020-04-21 10:18:00,18.85,19.00,18.50,18.70,2540,26340
2020-04-21 10:19:00,18.85,18.90,18.60,18.90,1500,26340
2020-04-21 10:20:00,19.15,19.60,18.80,19.60,900,26220
2020-04-21 10:21:00,19.45,19.80,18.95,19.25,560,26220
2020-04-21 10:22:00,19.30,19.45,19.10,19.40,540,26220
2020-04-21 10:23:00,18.65,19.35,18.60,19.25,2880,27080
2020-04-21 10:24:00,18.75,19.30,18.75,19.20,560,27080
2020-04-21 10:25:00,19.05,19.05,18.30,18.40,740,27080
2020-04-21 10:26:00,18.40,19.00,18.40,18.55,380,27440
2020-04-21 10:27:00,18.65,18.95,18.55,18.55,620,27440
2020-04-21 10:28:00,18.95,19.00,18.50,18.95,320,27440
2020-04-21 10:29:00,18.90,18.90,18.15,18.15,400,27820
2020-04-21 10:30:00,18.00,18.00,17.90,17.90,1800,27820
2020-04-21 10:31:00,17.70,18.30,17.70,18.00,400,27820
2020-04-21 10:32:00,17.70,17.90,17.15,17.35,760,28580
2020-04-21 10:33:00,16.90,17.55,16.90,17.55,660,28580
2020-04-21 10:34:00,17.30,17.60,17.30,17.60,680,28580
2020-04-21 10:35:00,17.60,17.85,17.35,17.65,400,28280
2020-04-21 10:36:00,17.45,17.70,17.05,17.30,1720,28280
2020-04-21 10:37:00,17.50,17.50,17.20,17.20,240,28280
2020-04-21 10:38:00,17.65,17.65,17.20,17.35,700,28300
2020-04-21 10:39:00,17.30,17.55,17.30,17.35,440,28300
2020-04-21 10:40:00,16.80,17.40,16.45,16.55,1900,28300
2020-04-21 10:41:00,16.55,16.80,16.05,16.35,920,27940
2020-04-21 10:42:00,16.35,16.55,16.35,16.45,300,27940
2020-04-21 10:43:00,16.60,16.60,16.35,16.35,1300,27940
2020-04-21 10:44:00,16.45,16.90,16.45,16.65,400,27700
2020-04-21 10:45:00,16.80,16.80,16.55,16.55,120,27700
2020-04-21 10:46:00,16.95,16.95,16.45,16.45,80,27700
2020-04-21 10:47:00,16.90,17.80,16.90,17.70,260,27620
2020-04-21 10:48:00,17.85,18.10,17.75,18.00,140,27620
2020-04-21 10:49:00,17.85,17.85,17.70,17.85,340,27620
2020-04-21 10:50:00,17.80,18.35,17.80,18.25,660,27120
2020-04-21 10:51:00,18.35,18.50,18.05,18.20,640,27120
2020-04-21 10:52:00,18.20,18.25,17.95,18.20,540,27120
2020-04-21 10:53:00,18.05,18.20,18.00,18.15,200,27080
2020-04-21 10:54:00,18.20,18.30,18.05,18.30,340,27080
2020-04-21 10:55:00,18.30,18.45,17.75,18.00,540,27080
2020-04-21 10:56:00,17.90,17.90,17.70,17.70,60,27080
2020-04-21 10:57:00,17.45,17.80,17.45,17.65,120,27260
2020-04-21 10:58:00,17.55,17.85,17.10,17.30,500,27260
2020-04-21 10:59:00,17.35,17.45,17.25,17.45,160,27020
2020-04-21 11:00:00,17.25,17.25,17.10,17.25,200,27020
2020-04-21 11:01:00,17.00,17.15,16.80,17.10,320,27020
2020-04-21 11:02:00,17.05,17.20,17.00,17.20,160,27120
2020-04-21 11:03:00,17.25,17.45,17.20,17.45,180,27120
2020-04-21 11:04:00,17.55,17.90,17.55,17.75,340,27120
2020-04-21 11:05:00,18.05,18.05,17.20,17.60,440,26840
2020-04-21 11:06:00,17.55,17.60,16.90,16.90,180,26840
2020-04-21 11:07:00,17.20,17.20,17.20,17.20,20,26840
2020-04-21 11:08:00,17.15,17.15,16.70,16.70,40,26540
2020-04-21 11:09:00,16.65,16.65,16.55,16.60,260,26540
2020-04-21 11:10:00,16.65,16.75,16.45,16.65,160,26540
2020-04-21 11:11:00,16.60,16.65,16.15,16.45,1260,26400
2020-04-21 11:12:00,16.70,16.70,16.30,16.45,380,26400
2020-04-21 11:13:00,16.40,16.40,16.20,16.20,900,26400
2020-04-21 11:14:00,16.30,16.75,16.20,16.35,480,26500
2020-04-21 11:15:00,16.00,16.25,15.95,16.00,400,26500
2020-04-21 11:16:00,15.80,15.85,15.65,15.85,80,26500
2020-04-21 11:17:00,15.85,16.25,15.75,15.75,740,26660
2020-04-21 11:18:00,15.65,15.95,15.65,15.95,60,26660
2020-04-21 11:19:00,15.65,15.65,15.65,15.65,220,26660
2020-04-21 11:20:00,15.65,15.95,15.55,15.95,220,26960
2020-04-21 11:21:00,16.00,16.00,16.00,16.00,100,26960
2020-04-21 11:22:00,15.85,15.85,15.85,15.85,200,26960
2020-04-21 11:23:00,15.70,16.05,15.70,16.05,200,26540
2020-04-21 11:24:00,16.00,16.20,15.80,16.05,660,26540
2020-04-21 11:25:00,15.85,16.05,15.80,16.05,200,26540
2020-04-21 11:26:00,16.05,16.05,15.85,15.95,220,26240
2020-04-21 11:27:00,15.70,16.00,15.25,15.80,960,26240
2020-04-21 11:28:00,15.85,15.85,15.45,15.45,680,26240
2020-04-21 11:29:00,15.45,15.45,15.20,15.20,440,26240
2020-04-21 11:30:00,15.00,15.20,14.75,15.05,2220,26240
2020-04-21 11:31:00,15.10,15.85,15.00,15.40,1040,26240
2020-04-21 11:32:00,15.65,15.65,15.25,15.65,660,27020
2020-04-21 11:33:00,15.25,15.25,15.20,15.20,60,27020
2020-04-21 11:34:00,15.05,15.60,14.80,15.10,700,27020
2020-04-21 11:35:00,15.05,15.25,14.80,14.80,560,26340
2020-04-21 11:36:00,14.90,15.20,14.65,14.65,540,26340
2020-04-21 11:37:00,14.65,14.65,14.20,14.20,200,26340
2020-04-21 11:38:00,14.20,14.65,13.95,14.20,1220,25360
2020-04-21 11:39:00,14.15,14.15,14.00,14.00,220,25360
2020-04-21 11:40:00,14.10,14.35,14.05,14.10,140,25360
2020-04-21 11:41:00,14.30,14.30,14.00,14.05,160,25500
2020-04-21 11:42:00,14.20,14.35,14.05,14.30,160,25500
2020-04-21 11:43:00,14.30,14.30,14.30,14.30,60,25500
2020-04-21 11:44:00,14.20,14.40,14.20,14.35,160,25460
2020-04-21 11:45:00,14.25,14.40,13.90,14.25,1160,25460
2020-04-21 11:46:00,14.25,14.65,14.05,14.30,1100,25460
2020-04-21 11:47:00,14.55,14.65,14.40,14.40,420,24940
2020-04-21 11:48:00,14.60,14.85,14.45,14.75,820,24940
2020-04-21 11:49:00,14.95,14.95,14.60,14.85,1280,24940
2020-04-21 11:50:00,15.00,15.35,14.95,15.05,1320,23640
2020-04-21 11:51:00,15.45,16.15,15.45,16.15,440,23640
2020-04-21 11:52:00,15.85,15.85,14.85,14.85,820,23640
2020-04-21 11:53:00,14.95,15.70,14.95,15.25,440,23040
2020-04-21 11:54:00,15.35,15.85,15.25,15.70,340,23040
2020-04-21 11:55:00,15.75,16.35,15.60,16.15,1280,23040
2020-04-21 11:56:00,16.35,16.45,15.80,16.20,740,22580
2020-04-21 11:57:00,15.75,15.85,15.40,15.55,460,22580
2020-04-21 11:58:00,15.75,16.00,15.60,15.65,400,22580
2020-04-21 11:59:00,15.95,16.00,15.70,15.95,140,22320
2020-04-21 12:00:00,15.95,16.60,15.90,16.60,320,22320
2020-04-21 12:01:00,16.40,16.75,16.20,16.20,520,22320
2020-04-21 12:02:00,16.70,17.00,16.05,16.45,1320,22060
2020-04-21 12:03:00,16.50,17.05,16.25,16.30,1960,22060
2020-04-21 12:04:00,16.30,16.70,16.00,16.20,2740,22060
2020-04-21 12:05:00,16.20,16.20,15.55,15.60,200,22060
2020-04-21 12:06:00,15.55,15.70,15.55,15.60,340,23780
2020-04-21 12:07:00,15.35,15.70,15.15,15.15,2000,23780
2020-04-21 12:08:00,15.15,15.30,14.80,15.10,2020,22460
2020-04-21 12:09:00,14.90,15.15,14.80,14.80,500,22460
2020-04-21 12:10:00,14.80,15.00,14.80,14.80,480,22460
2020-04-21 12:11:00,14.45,14.85,14.45,14.80,320,22460
2020-04-21 12:12:00,14.80,14.80,14.20,14.75,920,22720
2020-04-21 12:13:00,14.65,14.80,14.60,14.75,320,22720
2020-04-21 12:14:00,14.85,14.90,14.70,14.70,180,22720
2020-04-21 12:15:00,14.85,15.20,14.75,15.00,300,22320
2020-04-21 12:16:00,15.00,15.00,14.90,14.90,40,22320
2020-04-21 12:17:00,15.30,15.45,15.25,15.40,380,22220
2020-04-21 12:18:00,15.30,15.30,14.30,14.50,1060,22220
2020-04-21 12:19:00,14.40,14.55,14.40,14.55,140,22220
2020-04-21 12:20:00,14.35,14.60,14.35,14.60,400,21860
2020-04-21 12:21:00,14.65,14.65,14.65,14.65,80,21860
2020-04-21 12:22:00,14.45,14.45,14.45,14.45,60,21860
2020-04-21 12:23:00,14.55,14.55,14.30,14.30,280,21940
2020-04-21 12:24:00,14.65,14.65,14.20,14.20,240,21940
2020-04-21 12:25:00,14.10,14.10,13.40,13.60,1000,21940
2020-04-21 12:26:00,13.45,13.50,12.90,13.15,1560,21820
2020-04-21 12:27:00,12.95,13.40,12.40,12.75,3620,21820
2020-04-21 12:28:00,12.85,13.00,12.40,12.65,1100,21820
2020-04-21 12:29:00,12.65,13.10,12.60,13.10,1560,21280
2020-04-21 12:30:00,12.85,13.40,12.15,12.75,2260,21280
2020-04-21 12:31:00,12.70,12.85,12.55,12.55,580,21280
2020-04-21 12:32:00,12.60,12.70,12.00,12.25,4380,22120
2020-04-21 12:33:00,12.05,12.40,11.70,11.80,6220,22120
2020-04-21 12:34:00,11.95,12.55,11.90,12.10,3240,22120
2020-04-21 12:35:00,12.35,12.50,12.15,12.45,1140,24540
2020-04-21 12:36:00,12.45,12.80,12.35,12.65,660,24540
2020-04-21 12:37:00,12.60,12.65,12.30,12.45,1260,24540
2020-04-21 12:38:00,12.40,12.55,12.00,12.15,540,24060
2020-04-21 12:39:00,12.05,12.45,11.90,11.90,860,24060
2020-04-21 12:40:00,11.95,12.15,11.90,11.90,700,24060
2020-04-21 12:41:00,12.05,12.30,11.80,12.25,780,23940
2020-04-21 12:42:00,12.10,12.45,12.00,12.00,640,23940
2020-04-21 12:43:00,11.90,12.40,11.90,12.20,480,23940
2020-04-21 12:44:00,12.30,12.35,11.75,12.10,1760,22940
2020-04-21 12:45:00,12.05,12.20,11.85,12.15,1080,22940
2020-04-21 12:46:00,12.20,12.20,12.00,12.15,560,22940
2020-04-21 12:47:00,11.75,11.85,11.50,11.55,700,22900
2020-04-21 12:48:00,11.50,11.65,11.15,11.30,2020,22900
2020-04-21 12:49:00,11.25,11.25,10.45,10.85,1320,22900
2020-04-21 12:50:00,11.00,11.00,10.45,10.85,720,22700
2020-04-21 12:51:00,10.85,11.15,10.85,11.15,380,22700
2020-04-21 12:52:00,10.90,11.15,10.90,11.15,540,22700
2020-04-21 12:53:00,11.05,11.20,10.75,11.00,920,22840
2020-04-21 12:54:00,10.90,11.05,10.60,10.75,780,22840
2020-04-21 12:55:00,10.85,11.00,10.60,10.75,1420,22840
2020-04-21 12:56:00,10.75,11.05,10.70,11.05,520,22920
2020-04-21 12:57:00,11.15,11.20,10.70,10.80,1080,22920
2020-04-21 12:58:00,11.00,11.00,10.80,11.00,1080,22920
2020-04-21 12:59:00,10.90,11.45,10.70,11.30,1840,22680
2020-04-21 13:00:00,11.20,11.40,11.00,11.40,700,22680
2020-04-21 13:01:00,11.25,11.75,11.25,11.75,460,22680
2020-04-21 13:02:00,11.65,12.15,11.65,11.75,700,22720
2020-04-21 13:03:00,11.85,11.95,11.55,11.65,520,22720
2020-04-21 13:04:00,11.55,11.65,11.10,11.55,960,22720
2020-04-21 13:05:00,11.80,11.80,11.35,11.55,1260,22360
2020-04-21 13:06:00,11.55,11.60,11.35,11.60,180,22360
2020-04-21 13:07:00,11.70,11.70,11.50,11.55,420,22360
2020-04-21 13:08:00,11.50,11.50,11.15,11.25,780,22820
2020-04-21 13:09:00,11.40,11.60,11.20,11.40,640,22820
2020-04-21 13:10:00,11.40,11.65,11.35,11.35,980,22820
2020-04-21 13:11:00,11.60,11.70,11.25,11.50,980,22260
2020-04-21 13:12:00,11.45,11.75,11.45,11.70,340,22260
2020-04-21 13:13:00,11.90,12.00,11.50,11.70,1080,22260
2020-04-21 13:14:00,11.70,11.85,11.55,11.70,460,22460
2020-04-21 13:15:00,11.80,11.80,11.50,11.50,360,22460
2020-04-21 13:16:00,11.60,11.75,11.25,11.30,980,22460
2020-04-21 13:17:00,11.50,11.55,11.25,11.30,380,22580
2020-04-21 13:18:00,11.50,11.50,11.20,11.25,260,22580
2020-04-21 13:19:00,11.40,11.40,11.15,11.15,200,22580
2020-04-21 13:20:00,11.00,11.30,10.60,10.95,1920,22260
2020-04-21 13:21:00,11.00,11.15,10.20,10.85,1020,22260
2020-04-21 13:22:00,10.85,10.95,10.65,10.65,400,22260
2020-04-21 13:23:00,10.70,10.75,10.65,10.70,560,22260
2020-04-21 13:24:00,10.65,10.85,10.65,10.75,220,22160
2020-04-21 13:25:00,10.75,10.95,10.45,10.80,1300,22160
2020-04-21 13:26:00,10.75,10.85,10.60,10.85,280,22160
2020-04-21 13:27:00,10.75,10.85,10.60,10.65,400,22440
2020-04-21 13:28:00,10.80,11.15,10.65,10.80,560,22440
2020-04-21 13:29:00,10.85,10.95,10.75,10.75,420,22440
2020-04-21 13:30:00,11.10,11.10,10.75,11.00,200,21580
2020-04-21 13:31:00,10.85,11.40,10.85,11.40,700,21580
2020-04-21 13:32:00,11.40,11.50,11.20,11.40,220,21700
2020-04-21 13:33:00,11.60,11.60,11.40,11.40,480,21700
2020-04-21 13:34:00,11.45,11.65,11.40,11.55,820,21700
2020-04-21 13:35:00,11.65,12.45,11.65,12.30,840,21700
2020-04-21 13:36:00,12.50,12.50,11.75,11.75,2120,21240
2020-04-21 13:37:00,11.95,11.95,11.65,11.80,440,21240
2020-04-21 13:38:00,11.85,11.85,11.35,11.75,720,21240
2020-04-21 13:39:00,11.80,11.80,11.40,11.60,420,22400
2020-04-21 13:40:00,11.70,12.20,11.65,12.20,1360,22400
2020-04-21 13:41:00,12.30,12.30,11.85,11.90,480,22400
2020-04-21 13:42:00,11.90,11.90,11.75,11.75,1220,23300
2020-04-21 13:43:00,11.60,12.00,11.55,11.60,1040,23300
2020-04-21 13:44:00,11.70,11.70,11.30,11.30,840,23300
2020-04-21 13:45:00,11.10,11.25,10.95,11.15,2320,22060
2020-04-21 13:46:00,11.10,11.20,10.95,10.95,460,22060
2020-04-21 13:47:00,11.05,11.25,11.05,11.20,960,22060
2020-04-21 13:48:00,11.35,11.55,11.25,11.55,660,22100
2020-04-21 13:49:00,11.60,11.65,11.25,11.40,1100,22100
2020-04-21 13:50:00,11.40,11.80,11.30,11.65,760,22100
2020-04-21 13:51:00,11.65,11.70,11.25,11.35,680,22320
2020-04-21 13:52:00,11.30,11.50,11.20,11.20,120,22320
2020-04-21 13:53:00,11.10,11.35,11.10,11.10,760,22320
2020-04-21 13:54:00,11.10,11.60,10.90,11.40,1440,22140
2020-04-21 13:55:00,11.30,11.60,11.30,11.60,240,22140
2020-04-21 13:56:00,11.60,11.75,11.30,11.75,1800,22140
2020-04-21 13:57:00,11.95,11.95,11.75,11.75,400,21720
2020-04-21 13:58:00,11.90,11.95,11.50,11.65,1520,21720
2020-04-21 13:59:00,11.55,12.05,11.50,11.95,1560,21720
2020-04-21 14:00:00,11.90,11.90,11.35,11.70,1000,22340
2020-04-21 14:01:00,11.65,11.70,11.50,11.50,640,22340
2020-04-21 14:02:00,11.55,11.75,11.35,11.45,1160,22340
2020-04-21 14:03:00,11.45,11.50,11.45,11.50,120,21960
2020-04-21 14:04:00,11.45,11.70,11.35,11.65,460,21960
2020-04-21 14:05:00,11.65,12.10,11.65,12.10,960,21960
2020-04-21 14:06:00,12.10,12.35,12.00,12.30,1180,22080
2020-04-21 14:07:00,12.20,12.20,11.90,11.90,820,22080
2020-04-21 14:08:00,11.95,12.20,11.95,11.95,340,22080
2020-04-21 14:09:00,11.85,12.25,11.80,12.20,680,22420
2020-04-21 14:10:00,12.35,12.35,12.00,12.05,700,22420
2020-04-21 14:11:00,12.10,12.25,12.00,12.25,260,22420
2020-04-21 14:12:00,12.05,12.20,11.95,11.95,300,22340
2020-04-21 14:13:00,11.95,12.10,11.65,11.65,740,22340
2020-04-21 14:14:00,11.85,12.05,11.55,11.70,1220,22340
2020-04-21 14:15:00,11.50,11.95,11.50,11.80,740,22480
2020-04-21 14:16:00,11.80,12.50,11.65,12.20,720,22480
2020-04-21 14:17:00,12.30,12.95,12.30,12.40,2340,22480
2020-04-21 14:18:00,12.45,13.40,12.45,13.30,1660,21900
2020-04-21 14:19:00,13.35,13.85,12.95,13.05,2460,21900
2020-04-21 14:20:00,12.80,13.25,12.65,12.65,1140,21900
2020-04-21 14:21:00,12.75,12.90,12.30,12.60,1660,23120
2020-04-21 14:22:00,12.80,12.85,11.90,12.00,1780,23120
2020-04-21 14:23:00,11.85,12.40,11.85,12.00,720,23120
2020-04-21 14:24:00,11.85,12.50,11.85,12.30,2040,23120
2020-04-21 14:25:00,12.60,13.15,12.45,12.45,1540,23120
2020-04-21 14:26:00,12.50,13.05,12.40,12.40,1940,23120
2020-04-21 14:27:00,12.70,12.95,12.35,12.65,1240,21560
2020-04-21 14:28:00,12.55,12.55,12.15,12.15,500,21560
2020-04-21 14:29:00,12.50,13.30,12.35,12.90,2220,21560
2020-04-21 14:30:00,13.25,13.25,12.85,12.95,860,21420
2020-04-21 14:31:00,13.00,14.15,12.95,13.80,1740,21420
2020-04-21 14:32:00,13.35,13.90,13.35,13.40,1280,21420
2020-04-21 14:33:00,13.50,14.90,13.25,14.35,2260,21940
2020-04-21 14:34:00,14.70,14.70,13.90,14.60,2640,21940
2020-04-21 14:35:00,14.40,14.50,13.45,13.50,1040,21940
2020-04-21 14:36:00,13.65,13.75,12.20,12.50,2480,21880
2020-04-21 14:37:00,12.45,12.50,11.80,12.25,1400,21880
2020-04-21 14:38:00,12.40,13.05,11.90,12.10,2920,21880
2020-04-21 14:39:00,12.30,13.00,12.30,12.70,900,21360
2020-04-21 14:40:00,12.40,12.95,12.30,12.35,1220,21360
2020-04-21 14:41:00,12.45,12.50,12.00,12.15,1420,21360
2020-04-21 14:42:00,12.05,12.35,11.80,11.95,1440,21600
2020-04-21 14:43:00,12.00,12.30,11.40,11.65,2700,21600
2020-04-21 14:44:00,11.50,11.55,11.10,11.35,1960,21600
2020-04-21 14:45:00,11.10,11.20,10.75,10.95,1780,21280
2020-04-21 14:46:00,10.95,11.30,10.55,11.15,3260,21280
2020-04-21 14:47:00,11.25,11.30,10.70,10.95,1480,21280
2020-04-21 14:48:00,10.75,10.95,10.65,10.85,340,21400
2020-04-21 14:49:00,10.85,11.15,10.75,11.05,1500,21400
2020-04-21 14:50:00,11.00,11.40,10.75,11.00,740,21400
2020-04-21 14:51:00,11.05,11.80,11.05,11.35,2220,22060
2020-04-21 14:52:00,11.35,11.95,11.20,11.80,2340,22060
2020-04-21 14:53:00,11.55,11.60,11.30,11.50,840,22060
2020-04-21 14:54:00,11.15,11.15,10.90,10.90,480,21940
2020-04-21 14:55:00,10.75,10.80,10.65,10.70,260,21940
2020-04-21 14:56:00,10.65,10.85,10.50,10.65,760,21940
2020-04-21 14:57:00,10.65,10.80,10.55,10.55,740,21840
2020-04-21 14:58:00,10.60,10.90,10.60,10.90,1200,21840
2020-04-21 14:59:00,10.90,11.00,10.75,10.80,780,21840
2020-04-21 15:00:00,11.15,11.60,10.60,11.25,4800,22240
2020-04-21 15:01:00,11.35,11.45,10.70,10.95,1960,22240
2020-04-21 15:02:00,11.05,11.20,10.75,11.00,680,22240
2020-04-21 15:03:00,10.70,11.30,10.70,11.20,1460,21960
2020-04-21 15:04:00,11.35,11.50,10.95,11.35,1000,21960
2020-04-21 15:05:00,11.35,11.75,11.30,11.65,1400,21960
2020-04-21 15:06:00,11.55,11.65,11.05,11.35,2120,21820
2020-04-21 15:07:00,11.75,11.75,11.20,11.20,1040,21820
2020-04-21 15:08:00,11.15,11.25,10.85,11.00,1420,21820
2020-04-21 15:09:00,10.75,11.30,10.75,11.20,2120,21900
2020-04-21 15:10:00,10.95,11.05,10.95,11.05,180,21900
2020-04-21 15:11:00,11.10,11.15,10.75,11.00,2020,21900
2020-04-21 15:12:00,11.20,11.20,11.00,11.00,960,21720
2020-04-21 15:13:00,10.85,11.00,10.75,10.75,1020,21720
2020-04-21 15:14:00,10.60,10.75,10.40,10.45,2120,21720
2020-04-21 15:15:00,10.45,10.55,10.35,10.45,1920,21880
2020-04-21 15:16:00,10.45,10.65,10.45,10.60,1060,21880
2020-04-21 15:17:00,10.50,10.55,10.30,10.30,1620,21880
2020-04-21 15:18:00,10.35,10.40,10.30,10.40,740,21840
2020-04-21 15:19:00,10.40,10.90,10.40,10.90,580,21840
2020-04-21 15:20:00,10.85,11.05,10.70,10.70,1580,21840
2020-04-21 15:21:00,10.80,10.80,10.35,10.65,1620,22480
2020-04-21 15:22:00,10.60,10.75,10.60,10.65,900,22480
2020-04-21 15:23:00,10.85,11.05,10.80,11.00,860,22480
2020-04-21 15:24:00,11.05,11.30,11.00,11.25,1540,23300
2020-04-21 15:25:00,11.20,11.40,11.20,11.40,900,23300
2020-04-21 15:26:00,11.40,11.40,11.20,11.35,520,23300
2020-04-21 15:27:00,11.35,11.60,11.25,11.60,3060,22320
2020-04-21 15:28:00,11.65,11.70,11.10,11.50,1340,22320
2020-04-21 15:29:01,11.50,11.55,10.05,11.55,2660,22320
2020-04-22 09:15:00,5.30,7.95,4.75,6.35,580,18740
2020-04-22 09:16:00,5.95,5.95,4.90,5.30,1360,18740
2020-04-22 09:17:00,5.30,5.65,5.10,5.60,1600,19000
2020-04-22 09:18:00,5.55,6.80,5.55,6.55,740,19000
2020-04-22 09:19:00,6.75,6.75,6.00,6.20,2060,19000
2020-04-22 09:20:00,6.35,6.35,5.40,5.50,540,19060
2020-04-22 09:21:00,5.75,5.75,5.50,5.65,420,19060
2020-04-22 09:22:00,5.55,5.60,5.50,5.50,420,19060
2020-04-22 09:23:00,5.35,5.35,5.10,5.35,380,19120
2020-04-22 09:24:00,5.30,5.30,5.00,5.00,320,19120
2020-04-22 09:25:00,5.25,5.60,5.10,5.50,620,19120
2020-04-22 09:26:00,5.60,5.65,5.20,5.25,600,19560
2020-04-22 09:27:00,5.20,5.65,5.15,5.65,360,19560
2020-04-22 09:28:00,5.35,5.35,5.35,5.35,40,19560
2020-04-22 09:30:00,4.70,4.75,4.55,4.65,540,19520
2020-04-22 09:31:00,4.70,4.85,4.60,4.85,680,19520
2020-04-22 09:32:00,5.00,5.00,5.00,5.00,160,19440
2020-04-22 09:33:00,4.55,4.55,4.40,4.50,380,19440
2020-04-22 09:34:00,4.70,4.70,4.70,4.70,20,19440
2020-04-22 09:35:00,4.05,4.75,4.05,4.75,180,19340
2020-04-22 09:36:00,4.75,4.75,4.30,4.30,120,19340
2020-04-22 09:37:00,4.25,4.25,4.25,4.25,100,19340
2020-04-22 09:38:00,4.20,4.80,4.20,4.50,440,18740
2020-04-22 09:39:00,4.50,4.50,4.40,4.40,180,18740
2020-04-22 09:40:00,3.70,4.40,3.70,4.00,200,18740
2020-04-22 09:41:00,3.85,3.85,3.85,3.85,20,18580
2020-04-22 09:43:00,3.70,4.40,3.70,4.20,1100,18580
2020-04-22 09:44:00,4.20,4.20,3.70,3.70,160,18260
2020-04-22 09:45:00,4.10,4.10,3.70,4.10,60,18260
2020-04-22 09:47:00,3.70,4.00,3.60,3.95,800,18000
2020-04-22 09:48:00,4.00,4.00,3.80,4.00,300,18000
2020-04-22 09:49:00,3.95,4.00,3.95,4.00,160,18000
2020-04-22 09:50:00,4.00,4.00,4.00,4.00,160,18000
2020-04-22 09:51:00,4.00,4.00,4.00,4.00,20,17260
2020-04-22 09:53:00,3.55,3.55,3.40,3.40,40,17240
2020-04-22 09:54:00,3.80,3.80,3.80,3.80,20,17240
2020-04-22 09:55:00,4.35,4.35,3.65,3.65,780,17240
2020-04-22 09:56:00,4.35,4.35,4.35,4.35,40,16820
2020-04-22 09:58:00,3.55,3.55,3.55,3.55,20,16820
2020-04-22 09:59:00,3.60,3.60,3.60,3.60,20,16840
2020-04-22 10:01:00,4.25,4.25,4.25,4.25,20,0
2020-04-22 10:04:00,4.25,4.25,4.25,4.25,100,16840
2020-04-22 10:05:00,4.05,4.05,4.00,4.00,220,16580
2020-04-22 10:06:00,4.00,4.25,4.00,4.25,240,16580
2020-04-22 10:07:00,3.90,3.90,3.90,3.90,100,16580
2020-04-22 10:10:00,3.90,3.90,3.90,3.90,40,16460
2020-04-22 10:14:00,3.90,3.90,3.90,3.90,120,16500
2020-04-22 10:16:00,4.05,4.05,4.05,4.05,40,16500
2020-04-22 10:20:00,3.80,3.80,3.80,3.80,60,16580
2020-04-22 10:21:00,4.05,4.05,4.05,4.05,20,16580
2020-04-22 10:22:00,3.80,3.80,3.80,3.80,660,16580
2020-04-22 10:23:00,4.10,4.10,3.85,3.85,100,15860
2020-04-22 10:27:00,4.25,4.25,4.25,4.25,160,15840
2020-04-22 10:28:00,4.00,4.00,4.00,4.00,100,15840
2020-04-22 10:30:00,4.30,4.45,4.30,4.45,100,16000
2020-04-22 10:31:00,4.65,4.65,4.65,4.65,100,16000
2020-04-22 10:34:00,4.30,4.30,4.15,4.15,100,16160
2020-04-22 10:35:00,4.55,5.20,4.55,4.95,2100,16920
2020-04-22 10:36:00,5.30,6.00,5.20,6.00,920,16920
2020-04-22 10:37:00,5.55,5.55,5.55,5.55,60,16920
2020-04-22 10:38:00,5.65,5.75,5.25,5.25,520,16900
2020-04-22 10:39:00,5.30,5.45,5.10,5.45,1820,16900
2020-04-22 10:40:00,5.30,5.65,5.20,5.60,660,16900
2020-04-22 10:41:00,5.95,6.45,5.90,6.25,1260,16160
2020-04-22 10:42:00,6.25,6.25,6.25,6.25,20,16160
2020-04-22 10:43:00,5.90,6.05,5.90,6.00,180,16160
2020-04-22 10:44:00,6.10,6.10,5.80,5.95,640,15820
2020-04-22 10:45:00,5.80,6.35,5.80,6.25,280,15820
2020-04-22 10:46:00,5.75,5.90,5.55,5.85,340,15820
2020-04-22 10:47:00,5.65,5.75,5.60,5.75,180,15860
2020-04-22 10:48:00,5.80,5.80,5.35,5.50,80,15860
2020-04-22 10:49:00,5.50,5.70,5.30,5.70,420,15860
2020-04-22 10:50:00,5.65,5.65,5.50,5.50,140,15680
2020-04-22 10:51:00,5.65,5.70,5.65,5.65,120,15680
2020-04-22 10:52:00,5.50,5.50,5.35,5.35,100,15680
2020-04-22 10:53:00,5.30,5.30,4.80,4.80,60,15560
2020-04-22 10:54:00,4.95,4.95,4.95,4.95,20,15560
2020-04-22 10:55:00,4.70,4.70,4.70,4.70,20,15560
2020-04-22 10:56:00,4.90,4.90,4.90,4.90,40,15600
2020-04-22 10:57:00,5.20,5.20,5.20,5.20,200,15600
2020-04-22 10:58:00,4.85,4.85,4.85,4.85,60,15600
2020-04-22 11:00:00,5.30,5.45,5.30,5.45,200,15680
2020-04-22 11:01:00,5.40,5.40,5.40,5.40,40,15680
2020-04-22 11:03:00,5.25,5.25,5.25,5.25,360,15740
2020-04-22 11:05:00,5.55,5.55,5.55,5.55,20,15740
2020-04-22 11:06:00,5.80,5.80,5.80,5.80,20,15720
2020-04-22 11:07:00,5.30,5.30,5.30,5.30,300,15720
2020-04-22 11:08:00,5.60,5.70,5.25,5.70,460,15440
2020-04-22 11:09:00,5.65,5.65,5.65,5.65,200,15440
2020-04-22 11:12:00,5.90,5.90,5.60,5.60,160,15340
2020-04-22 11:13:00,5.60,5.60,5.60,5.60,120,15340
2020-04-22 11:14:00,5.85,6.05,5.70,6.05,440,15260
2020-04-22 11:15:00,6.50,6.60,6.20,6.60,140,15260
2020-04-22 11:16:00,6.10,6.80,6.10,6.70,1300,15260
2020-04-22 11:17:00,6.70,6.70,6.05,6.15,320,16200
2020-04-22 11:18:00,6.55,6.70,6.10,6.10,580,16200
2020-04-22 11:19:00,6.25,6.45,6.20,6.20,140,16200
2020-04-22 11:20:00,6.50,6.55,6.20,6.55,420,16220
2020-04-22 11:21:00,6.20,6.25,5.70,5.85,880,16220
2020-04-22 11:22:00,5.95,6.05,5.75,5.75,760,16220
2020-04-22 11:23:00,5.60,5.60,5.40,5.40,180,16400
2020-04-22 11:24:00,5.20,5.50,5.20,5.25,260,16400
2020-04-22 11:25:00,5.25,5.25,3.30,4.90,1260,16400
2020-04-22 11:27:00,4.50,4.90,4.50,4.90,40,16920
2020-04-22 11:28:00,3.40,3.40,3.40,3.40,100,16920
2020-04-22 11:29:00,4.50,4.50,4.50,4.50,120,16920
2020-04-22 11:31:00,4.95,4.95,4.95,4.95,20,16000
2020-04-22 11:32:00,6.25,6.25,4.35,4.35,220,16000
2020-04-22 11:34:00,3.75,3.75,3.75,3.75,20,16180
2020-04-22 11:35:00,4.35,4.35,3.60,3.60,240,16140
2020-04-22 11:36:00,3.60,4.00,3.60,4.00,160,16140
2020-04-22 11:37:00,4.20,4.30,4.15,4.15,380,16140
2020-04-22 11:38:00,4.25,4.30,4.25,4.30,220,16140
2020-04-22 11:39:00,4.65,4.65,4.65,4.65,40,16380
2020-04-22 11:41:00,4.70,4.70,4.70,4.70,20,16380
2020-04-22 11:42:00,4.80,4.80,4.80,4.80,80,16400
2020-04-22 11:44:00,4.70,4.80,4.70,4.80,40,15860
2020-04-22 11:46:00,4.80,4.80,4.80,4.80,180,15860
2020-04-22 11:48:00,5.00,5.00,5.00,5.00,40,15860
2020-04-22 11:49:00,5.00,5.00,5.00,5.00,40,15860
2020-04-22 11:50:00,4.70,4.70,4.30,4.65,260,15860
2020-04-22 11:51:00,4.60,4.60,4.60,4.60,80,15900
2020-04-22 11:52:00,4.45,4.55,4.30,4.30,1100,15900
2020-04-22 11:53:00,4.60,4.65,4.60,4.65,40,15360
2020-04-22 12:01:00,4.40,4.40,4.30,4.30,80,15260
2020-04-22 12:05:00,4.55,4.55,4.55,4.55,40,15200
2020-04-22 12:06:00,4.60,4.60,4.60,4.60,200,15200
2020-04-22 12:07:00,4.70,4.70,4.70,4.70,20,15200
2020-04-22 12:08:00,4.90,4.95,4.60,4.60,260,15300
2020-04-22 12:09:00,4.75,4.75,4.60,4.60,60,15300
2020-04-22 12:10:00,4.60,4.60,4.60,4.60,360,15300
2020-04-22 12:11:00,4.10,4.10,4.10,4.10,40,15300
2020-04-22 12:15:00,4.10,4.10,4.05,4.05,120,15680
2020-04-22 12:16:00,4.05,4.05,4.05,4.05,20,15680
2020-04-22 12:21:00,4.10,4.10,4.10,4.10,20,15660
2020-04-22 12:22:00,4.40,4.40,4.40,4.40,40,15660
2020-04-22 12:24:00,4.15,4.15,4.15,4.15,20,15600
2020-04-22 12:27:00,4.50,4.50,4.50,4.50,240,15600
2020-04-22 12:28:00,3.90,3.90,3.90,3.90,140,15600
2020-04-22 12:43:00,3.70,3.70,3.70,3.70,20,15460
2020-04-22 12:45:00,4.00,4.00,4.00,4.00,60,15440
2020-04-22 12:48:00,4.05,4.05,4.05,4.05,20,15500
2020-04-22 12:49:00,4.00,4.00,4.00,4.00,40,15500
2020-04-22 12:50:00,4.00,4.00,4.00,4.00,20,15480
2020-04-22 13:00:00,4.55,4.55,4.55,4.55,20,15460
2020-04-22 13:01:00,4.65,4.65,4.65,4.65,40,15460
2020-04-22 13:02:00,4.70,4.70,4.65,4.65,620,15480
2020-04-22 13:03:00,4.70,4.70,4.70,4.70,260,15480
2020-04-22 13:04:00,4.80,4.80,4.80,4.80,20,15480
2020-04-22 13:09:00,4.05,4.05,4.05,4.05,20,15480
2020-04-22 13:10:00,4.05,4.05,4.05,4.05,80,15480
2020-04-22 13:11:00,4.00,4.05,4.00,4.05,180,15480
2020-04-22 13:12:00,4.50,4.60,4.50,4.60,100,14960
2020-04-22 13:13:00,4.60,4.60,4.60,4.60,80,14960
2020-04-22 13:18:00,3.45,4.00,3.45,4.00,40,14820
2020-04-22 13:19:00,4.00,4.00,4.00,4.00,20,14820
2020-04-22 13:21:00,3.55,3.55,3.55,3.55,20,14820
2020-04-22 13:30:00,3.45,3.50,3.45,3.50,240,14760
2020-04-22 13:31:00,3.45,4.00,3.45,4.00,160,14760
2020-04-22 13:34:00,3.45,3.45,3.45,3.45,100,14760
2020-04-22 13:35:00,3.70,3.70,3.70,3.70,100,14760
2020-04-22 13:37:00,3.75,3.85,3.75,3.85,40,14760
2020-04-22 13:38:00,3.65,3.75,3.65,3.75,140,14760
2020-04-22 13:39:00,4.00,4.00,4.00,4.00,40,14660
2020-04-22 13:40:00,3.85,3.90,3.85,3.90,40,14660
2020-04-22 13:43:00,3.85,3.85,3.85,3.85,20,14640
2020-04-22 13:47:00,3.85,3.85,3.80,3.80,80,14480
2020-04-22 13:48:00,3.80,3.80,3.80,3.80,80,14280
2020-04-22 13:50:00,4.05,4.30,4.05,4.30,220,14280
2020-04-22 13:52:00,3.85,4.00,3.85,4.00,100,14200
2020-04-22 13:53:00,4.15,4.25,3.20,4.25,1660,14200
2020-04-22 13:54:00,4.20,4.20,4.20,4.20,200,14220
2020-04-22 13:55:00,4.20,4.20,4.20,4.20,340,14220
2020-04-22 13:56:00,4.20,4.60,4.00,4.00,600,14220
2020-04-22 13:57:00,3.60,3.60,3.60,3.60,20,13820
2020-04-22 14:10:00,4.60,4.60,4.10,4.40,420,13700
2020-04-22 14:11:00,3.25,3.25,3.25,3.25,40,13700
2020-04-22 14:15:00,4.95,5.25,4.95,5.25,520,13260
2020-04-22 14:16:00,5.15,5.15,5.15,5.15,60,13260
2020-04-22 14:17:00,5.15,5.15,5.05,5.15,660,13260
2020-04-22 14:18:00,5.20,5.20,5.20,5.20,80,12740
2020-04-22 14:19:00,5.25,5.25,5.25,5.25,20,12740
2020-04-22 14:20:00,5.05,5.45,5.05,5.10,2240,12740
2020-04-22 14:21:00,5.05,5.30,5.05,5.30,220,14760
2020-04-22 14:22:00,5.30,5.30,5.15,5.20,420,14760
2020-04-22 14:23:00,5.00,5.00,5.00,5.00,120,14760
2020-04-22 14:24:00,6.35,6.35,5.10,5.25,520,14740
2020-04-22 14:25:00,5.00,5.05,5.00,5.00,300,14740
2020-04-22 14:26:00,5.00,5.00,5.00,5.00,1620,14740
2020-04-22 14:27:00,4.70,5.00,4.70,5.00,180,16300
2020-04-22 14:29:00,4.65,4.65,4.65,4.65,100,16300
2020-04-22 14:30:00,4.95,4.95,3.70,3.70,120,16200
2020-04-22 14:32:00,4.95,5.00,4.95,5.00,60,16200
2020-04-22 14:33:00,4.90,5.00,4.90,5.00,500,16120
2020-04-22 14:34:00,5.00,5.00,4.00,4.00,580,16120
2020-04-22 14:36:00,4.25,4.25,4.25,4.25,100,16120
2020-04-22 14:39:00,4.25,4.25,4.25,4.25,60,16500
2020-04-22 14:43:00,4.50,5.50,4.25,5.50,540,16440
2020-04-22 14:45:00,4.95,4.95,4.95,4.95,20,15560
2020-04-22 14:46:00,4.00,4.00,4.00,4.00,20,15560
2020-04-22 14:49:00,5.35,5.35,4.65,4.65,220,15560
2020-04-22 14:53:00,4.65,4.65,4.45,4.45,100,15540
2020-04-22 14:54:00,4.05,4.05,4.05,4.05,20,15460
2020-04-22 14:56:00,4.65,4.65,4.65,4.65,60,15460
2020-04-22 14:58:00,4.60,4.60,4.60,4.60,20,15460
2020-04-22 15:00:00,4.10,4.10,4.10,4.10,20,15300
2020-04-22 15:01:00,4.10,4.15,4.00,4.15,260,15300
2020-04-22 15:02:00,4.00,4.00,4.00,4.00,380,15300
2020-04-22 15:03:00,4.00,4.00,3.75,4.00,220,15040
2020-04-22 15:04:00,3.75,4.00,3.75,4.00,60,15040
2020-04-22 15:05:00,3.65,3.65,3.55,3.55,40,15040
2020-04-22 15:07:00,3.15,4.00,3.15,4.00,980,14960
2020-04-22 15:08:00,4.00,4.00,3.65,3.65,40,14960
2020-04-22 15:09:00,3.50,3.60,3.15,3.50,220,14860
2020-04-22 15:10:00,3.45,3.65,3.45,3.65,60,14860
2020-04-22 15:11:00,4.00,4.00,4.00,4.00,80,14860
2020-04-22 15:13:00,3.25,3.25,3.25,3.25,120,14880
2020-04-22 15:15:00,3.55,3.55,3.55,3.55,40,14660
2020-04-22 15:16:00,3.45,3.45,3.20,3.20,40,14660
2020-04-22 15:20:00,3.65,3.65,3.65,3.65,20,14720
2020-04-22 15:21:00,3.30,3.30,3.30,3.30,300,14720
2020-04-22 15:22:00,3.45,3.45,3.40,3.40,860,14660
2020-04-22 15:23:00,3.40,3.40,3.40,3.40,660,14660
2020-04-22 15:24:00,3.20,3.20,3.20,3.20,20,16180
2020-04-22 15:25:00,3.20,3.20,3.20,3.20,20,16180
2020-04-22 15:26:00,3.20,3.20,3.20,3.20,20,16180
2020-04-22 15:27:00,3.15,3.35,3.10,3.15,380,15620
2020-04-22 15:28:00,3.40,3.40,3.40,3.40,80,15620
2020-04-22 15:29:01,3.45,3.45,3.35,3.35,420,15620
2020-04-23 09:16:00,0.70,0.70,0.70,0.70,20,14060
2020-04-23 09:17:00,0.65,0.65,0.65,0.65,380,14060
2020-04-23 09:18:00,0.70,0.70,0.70,0.70,40,14060
2020-04-23 09:20:00,0.70,0.70,0.70,0.70,380,14040
2020-04-23 09:23:00,0.90,0.95,0.90,0.95,220,14240
2020-04-23 09:24:00,0.95,0.95,0.95,0.95,260,14240
2020-04-23 09:25:00,1.00,1.00,1.00,1.00,60,14240
2020-04-23 09:28:00,0.75,0.75,0.75,0.75,40,14380
2020-04-23 09:30:00,0.90,0.90,0.90,0.90,100,14360
2020-04-23 09:31:00,0.70,0.70,0.70,0.70,520,14360
2020-04-23 09:33:00,0.70,0.70,0.70,0.70,1120,14380
2020-04-23 09:34:00,0.70,0.70,0.70,0.70,60,14380
2020-04-23 09:35:00,0.65,0.70,0.65,0.70,340,14600
2020-04-23 09:36:00,0.70,0.70,0.70,0.70,80,14600
2020-04-23 09:37:00,0.70,0.70,0.70,0.70,40,14600
2020-04-23 09:39:00,0.70,0.70,0.65,0.65,320,14640
2020-04-23 09:41:00,0.70,0.70,0.70,0.70,60,14740
2020-04-23 09:42:00,0.50,0.50,0.50,0.50,20,14740
2020-04-23 09:44:00,0.55,0.55,0.55,0.55,20,14720
2020-04-23 09:53:00,0.55,0.55,0.55,0.55,20,14700
2020-04-23 09:54:00,0.55,0.70,0.55,0.70,80,14680
2020-04-23 09:55:00,0.70,0.70,0.70,0.70,20,14680
2020-04-23 09:56:00,0.70,0.70,0.70,0.70,20,14660
2020-04-23 10:06:00,0.50,0.50,0.50,0.50,160,14640
2020-04-23 10:07:00,0.60,0.60,0.60,0.60,200,14640
2020-04-23 10:08:00,0.60,0.85,0.60,0.85,100,14500
2020-04-23 10:09:00,0.50,0.50,0.50,0.50,120,14500
2020-04-23 10:13:00,0.50,0.50,0.50,0.50,140,14320
2020-04-23 10:15:00,0.50,0.50,0.50,0.50,20,14180
2020-04-23 10:16:00,0.50,0.50,0.50,0.50,20,14180
2020-04-23 10:17:00,0.50,0.50,0.50,0.50,40,14140
2020-04-23 10:23:00,0.55,0.55,0.55,0.55,20,14100
2020-04-23 10:25:00,0.55,0.55,0.55,0.55,60,14100
2020-04-23 10:26:00,0.50,0.50,0.50,0.50,40,14060
2020-04-23 10:40:00,0.50,0.50,0.50,0.50,20,14040
2020-04-23 10:45:00,0.75,0.75,0.75,0.75,160,14040
2020-04-23 10:57:00,0.65,0.65,0.65,0.65,200,14180
2020-04-23 11:08:00,0.55,0.55,0.55,0.55,200,14380
2020-04-23 11:09:00,0.55,0.55,0.55,0.55,20,14180
2020-04-23 11:10:00,0.55,0.55,0.50,0.50,2100,14180
2020-04-23 11:13:00,0.50,0.50,0.50,0.50,40,12780
2020-04-23 11:15:00,0.50,0.50,0.50,0.50,300,12780
2020-04-23 11:17:00,0.50,0.50,0.50,0.50,60,12980
2020-04-23 11:19:00,0.50,0.50,0.50,0.50,100,12980
2020-04-23 11:24:00,0.65,0.65,0.65,0.65,40,12980
2020-04-23 11:26:00,0.20,0.20,0.20,0.20,1000,12980
2020-04-23 11:27:00,0.25,0.25,0.25,0.25,240,12360
2020-04-23 11:28:00,0.30,0.30,0.30,0.30,20,12360
2020-04-23 11:30:00,0.35,0.35,0.35,0.35,20,12140
2020-04-23 11:34:00,0.40,0.40,0.40,0.40,360,12120
2020-04-23 11:36:00,0.40,0.40,0.40,0.40,40,11760
2020-04-23 11:40:00,0.50,0.55,0.50,0.55,740,11740
2020-04-23 11:41:00,0.50,0.50,0.50,0.50,20,11740
2020-04-23 11:43:00,0.60,0.60,0.60,0.60,40,11700
2020-04-23 11:46:00,0.60,0.60,0.60,0.60,20,11700
2020-04-23 11:47:00,0.65,0.65,0.65,0.65,20,11700
2020-04-23 11:48:00,0.65,0.65,0.65,0.65,20,11680
2020-04-23 12:00:00,0.55,0.55,0.55,0.55,20,11680
2020-04-23 12:01:00,0.65,0.65,0.65,0.65,20,11680
2020-04-23 12:19:00,0.25,0.25,0.25,0.25,20,11680
2020-04-23 12:35:00,0.40,0.40,0.40,0.40,40,11680
2020-04-23 12:37:00,0.30,0.30,0.30,0.30,20,11720
2020-04-23 12:39:00,0.45,0.45,0.45,0.45,20,11720
2020-04-23 12:44:00,0.55,0.55,0.55,0.55,40,11720
2020-04-23 12:47:00,0.30,0.30,0.30,0.30,20,11700
2020-04-23 12:58:00,0.45,0.45,0.45,0.45,240,11700
2020-04-23 12:59:00,0.30,0.30,0.30,0.30,40,11700
2020-04-23 13:02:00,0.35,0.35,0.35,0.35,20,11600
2020-04-23 13:07:00,0.30,0.30,0.30,0.30,80,11620
2020-04-23 13:10:00,0.30,0.30,0.30,0.30,1700,11620
2020-04-23 13:14:00,0.30,0.30,0.30,0.30,20,12380
2020-04-23 13:21:00,0.30,0.30,0.30,0.30,20,12360
2020-04-23 13:25:00,0.25,0.25,0.25,0.25,800,12360
2020-04-23 13:26:00,0.30,0.30,0.30,0.30,240,12360
2020-04-23 13:28:00,0.30,0.30,0.30,0.30,80,11560
2020-04-23 13:30:00,0.30,0.30,0.30,0.30,40,11560
2020-04-23 13:35:00,0.25,0.25,0.25,0.25,180,11560
2020-04-23 13:36:00,0.25,0.25,0.25,0.25,20,11560
2020-04-23 13:44:00,0.20,0.25,0.20,0.25,380,11540
2020-04-23 13:45:00,0.25,0.25,0.25,0.25,120,11520
2020-04-23 13:48:00,0.25,0.25,0.15,0.15,60,11520
2020-04-23 13:49:00,0.15,0.15,0.15,0.15,240,11520
2020-04-23 13:54:00,0.15,0.15,0.15,0.15,20,11520
2020-04-23 14:14:00,0.05,0.05,0.05,0.05,80,11500
2020-04-23 14:21:00,0.05,0.05,0.05,0.05,160,11420
2020-04-23 14:31:00,0.05,0.05,0.05,0.05,20,11260
2020-04-23 14:42:00,0.05,0.05,0.05,0.05,20,11240
2020-04-23 14:48:00,0.05,0.05,0.05,0.05,20,11220
2020-04-23 14:52:00,0.05,0.05,0.05,0.05,220,11200
2020-04-23 14:58:00,0.05,0.05,0.05,0.05,140,10980
2020-04-23 15:03:00,0.05,0.05,0.05,0.05,20,10840
2020-04-23 15:04:00,0.05,0.05,0.05,0.05,20,10840
2020-04-23 15:09:00,0.25,0.25,0.25,0.25,80,10800
2020-04-23 15:12:00,0.20,0.20,0.20,0.20,80,10800
2020-04-23 15:16:00,0.20,0.20,0.20,0.20,20,10720
2020-04-23 15:19:00,0.10,0.10,0.10,0.10,20,10720
2020-04-23 15:21:00,0.10,0.10,0.05,0.05,180,10640
2020-04-23 15:25:00,0.20,0.20,0.20,0.20,100,10520
