date,open,high,low,close,volume,oi
2020-09-04 11:50:00,204.90,204.90,204.90,204.90,75,0
2020-09-04 12:00:00,200.00,200.00,200.00,200.00,75,75
2020-09-04 12:21:00,185.00,185.00,185.00,185.00,375,150
2020-09-04 13:12:00,206.80,206.80,204.05,204.05,150,525
2020-09-04 13:23:00,218.60,218.60,218.60,218.60,75,675
2020-09-04 13:24:00,214.00,214.00,214.00,214.00,75,0
2020-09-04 13:32:00,202.40,202.40,195.00,195.00,225,675
2020-09-04 13:33:00,191.60,191.60,191.60,191.60,75,900
2020-09-04 13:47:00,180.00,180.00,180.00,180.00,150,900
2020-09-04 13:48:00,175.00,175.00,175.00,175.00,75,1050
2020-09-04 13:50:00,175.00,175.00,175.00,175.00,150,1050
2020-09-04 13:55:00,170.00,170.00,170.00,170.00,225,975
2020-09-04 13:57:00,162.15,165.25,162.15,165.25,150,1200
2020-09-04 14:11:00,165.00,165.00,165.00,165.00,75,1125
2020-09-04 14:20:00,165.00,165.00,165.00,165.00,75,1200
2020-09-04 14:21:00,163.00,163.00,163.00,163.00,75,1275
2020-09-04 14:23:00,162.80,162.80,162.80,162.80,75,1275
2020-09-04 14:24:00,160.10,160.10,160.10,160.10,75,1275
2020-09-04 14:32:00,159.00,159.00,159.00,159.00,75,1275
2020-09-04 14:46:00,168.00,168.00,168.00,168.00,75,1350
2020-09-04 14:48:00,165.00,165.00,165.00,165.00,75,1425
2020-09-04 14:49:00,156.30,168.80,156.30,168.80,150,1425
2020-09-04 14:50:00,166.65,166.65,166.65,166.65,75,1425
2020-09-04 14:52:00,167.20,170.00,167.20,170.00,150,1500
2020-09-04 14:54:00,166.00,166.00,166.00,166.00,75,1500
2020-09-04 14:55:00,170.00,170.00,170.00,170.00,75,1500
2020-09-04 14:57:00,176.00,176.00,176.00,176.00,150,1650
2020-09-04 15:00:00,197.75,197.75,197.75,197.75,75,1650
2020-09-04 15:01:00,196.30,196.30,196.30,196.30,75,1650
2020-09-04 15:02:00,193.15,193.15,193.15,193.15,675,1650
2020-09-04 15:05:00,185.50,190.00,172.90,172.90,225,2325
2020-09-04 15:06:00,197.55,197.55,197.55,197.55,300,2400
2020-09-04 15:08:00,194.00,202.60,194.00,202.60,450,2400
2020-09-04 15:09:00,202.55,202.55,195.35,198.15,525,3000
2020-09-04 15:10:00,192.50,192.50,192.45,192.45,300,3000
2020-09-04 15:12:00,193.25,193.80,193.25,193.80,150,3150
2020-09-04 15:13:00,198.00,198.00,192.00,192.00,375,3150
2020-09-04 15:14:00,186.20,189.50,186.20,188.75,300,3150
2020-09-04 15:15:00,190.00,192.70,186.00,192.70,300,3375
2020-09-04 15:16:00,186.00,186.00,186.00,186.00,225,3375
2020-09-04 15:17:00,185.00,185.00,185.00,185.00,75,3375
2020-09-04 15:18:00,184.00,184.00,184.00,184.00,75,3375
2020-09-04 15:20:00,182.00,182.00,182.00,182.00,75,3525
2020-09-04 15:21:00,180.10,180.10,180.10,180.10,75,3525
2020-09-04 15:22:00,180.00,188.00,180.00,188.00,1050,3600
2020-09-04 15:23:00,181.50,181.50,181.50,181.50,150,3600
2020-09-04 15:24:00,188.00,188.00,188.00,188.00,75,3600
2020-09-04 15:26:00,187.50,187.50,182.00,187.50,225,3225
2020-09-04 15:27:00,185.00,187.00,185.00,187.00,150,3300
2020-09-04 15:28:00,181.00,181.00,181.00,181.00,75,3300
2020-09-04 15:29:01,188.00,188.00,180.00,188.00,525,3300
2020-04-13 09:15:00,189.50,189.50,125.10,149.00,4050,3450
2020-04-13 09:16:00,157.00,157.00,140.00,140.05,3675,3450
2020-04-13 09:17:00,140.00,145.00,135.00,145.00,1050,7650
2020-04-13 09:18:00,145.70,159.30,141.55,156.75,2700,7650
2020-04-13 09:19:00,156.05,175.90,156.05,169.70,8625,7650
2020-04-13 09:20:00,167.35,167.35,154.45,154.45,7350,12675
2020-04-13 09:21:00,154.55,158.05,151.80,155.40,6150,12675
2020-04-13 09:22:00,155.00,155.00,145.00,148.75,5025,12675
2020-04-13 09:23:00,146.30,146.95,138.00,138.00,5925,19050
2020-04-13 09:24:00,138.00,140.90,131.60,132.90,3075,19050
2020-04-13 09:25:00,131.65,132.60,123.60,127.05,4200,19050
2020-04-13 09:26:00,127.40,135.70,127.40,132.65,2550,17850
2020-04-13 09:27:00,133.35,133.35,122.40,123.45,2325,17850
2020-04-13 09:28:00,121.45,123.50,118.75,121.35,3075,17850
2020-04-13 09:29:00,121.70,126.05,119.05,119.05,3675,18675
2020-04-13 09:30:00,116.55,116.55,111.00,112.35,2025,18675
2020-04-13 09:31:00,111.20,117.20,109.55,109.55,3675,18675
2020-04-13 09:32:00,109.65,113.50,109.65,110.60,4200,21150
2020-04-13 09:33:00,111.50,114.60,107.25,108.60,4575,21150
2020-04-13 09:34:00,108.20,108.20,102.50,104.00,3075,21150
2020-04-13 09:35:00,103.10,106.80,100.35,106.25,4275,24075
2020-04-13 09:36:00,105.75,108.65,102.50,102.50,1725,24075
2020-04-13 09:37:00,102.70,105.25,100.00,105.25,2250,24075
2020-04-13 09:38:00,106.00,108.10,103.35,103.35,2175,24075
2020-04-13 09:39:00,106.00,106.00,101.05,102.35,900,24075
2020-04-13 09:40:00,102.10,107.30,102.10,105.10,2175,24075
2020-04-13 09:41:00,105.05,107.05,103.55,107.05,1650,25425
2020-04-13 09:42:00,106.95,112.40,105.70,110.35,2850,25425
2020-04-13 09:43:00,108.75,110.40,103.50,105.85,1200,25425
2020-04-13 09:44:00,103.95,103.95,94.65,95.00,2550,27075
2020-04-13 09:45:00,95.40,98.05,95.25,98.05,1725,27075
2020-04-13 09:46:00,98.60,101.85,97.00,98.35,2250,27075
2020-04-13 09:47:00,98.85,101.00,98.85,101.00,3150,28350
2020-04-13 09:48:00,101.50,102.50,99.60,102.00,2775,28350
2020-04-13 09:49:00,103.40,105.00,101.15,101.60,2850,28350
2020-04-13 09:50:00,100.35,102.00,98.00,99.55,3375,30000
2020-04-13 09:51:00,99.75,106.95,99.75,105.65,4425,30000
2020-04-13 09:52:00,106.50,106.55,102.50,104.20,2850,30000
2020-04-13 09:53:00,105.25,105.70,99.90,99.90,2325,30225
2020-04-13 09:54:00,99.00,99.00,94.10,94.10,2775,30225
2020-04-13 09:55:00,94.10,97.50,94.00,97.00,975,30225
2020-04-13 09:56:00,97.00,98.90,95.95,98.55,1875,34050
2020-04-13 09:57:00,98.90,100.20,96.60,96.85,2775,34050
2020-04-13 09:58:00,96.35,97.45,95.25,95.60,2625,34050
2020-04-13 09:59:00,97.00,100.10,96.55,100.10,1275,34425
2020-04-13 10:00:00,100.75,100.75,95.90,97.60,4425,34425
2020-04-13 10:01:00,97.15,97.50,95.50,96.45,3600,34425
2020-04-13 10:02:00,96.60,96.65,95.00,96.35,2250,36450
2020-04-13 10:03:00,96.60,97.30,94.80,97.00,1875,36450
2020-04-13 10:04:00,97.25,100.60,97.00,99.50,3750,36450
2020-04-13 10:05:00,99.35,105.25,99.35,105.25,5175,36600
2020-04-13 10:06:00,105.00,105.00,100.60,100.60,4575,36600
2020-04-13 10:07:00,102.25,105.35,102.25,105.05,3000,36600
2020-04-13 10:08:00,103.05,111.00,103.05,109.70,5025,38175
2020-04-13 10:09:00,108.05,110.65,105.00,105.00,2400,38175
2020-04-13 10:10:00,105.25,108.00,105.00,108.00,7050,38175
2020-04-13 10:11:00,108.40,110.00,107.00,107.90,1575,37575
2020-04-13 10:12:00,107.70,107.70,103.20,103.20,2100,37575
2020-04-13 10:13:00,102.15,104.00,98.70,99.15,3375,37575
2020-04-13 10:14:00,98.60,100.60,97.50,100.30,1350,37050
2020-04-13 10:15:00,99.85,99.85,97.50,99.15,1575,37050
2020-04-13 10:16:00,99.00,103.15,98.00,103.00,1500,37050
2020-04-13 10:17:00,105.00,105.65,101.95,102.20,2175,37350
2020-04-13 10:18:00,101.80,103.55,101.50,102.15,2175,37350
2020-04-13 10:19:00,101.60,101.60,96.75,97.00,2475,37350
2020-04-13 10:20:00,97.25,97.35,94.00,95.75,5775,39600
2020-04-13 10:21:00,97.00,97.00,95.50,96.05,2175,39600
2020-04-13 10:22:00,95.30,100.20,95.30,98.40,3525,39600
2020-04-13 10:23:00,98.30,99.65,96.65,99.00,4425,40275
2020-04-13 10:24:00,97.35,97.35,95.50,96.75,1575,40275
2020-04-13 10:25:00,97.00,101.00,96.75,101.00,1800,40275
2020-04-13 10:26:00,101.10,102.95,99.55,102.95,1725,42825
2020-04-13 10:27:00,102.95,103.90,102.60,102.70,1800,42825
2020-04-13 10:28:00,103.75,103.75,100.85,101.25,1350,42825
2020-04-13 10:29:00,101.80,103.20,99.80,99.80,1875,42675
2020-04-13 10:30:00,100.00,100.00,96.95,96.95,2325,42675
2020-04-13 10:31:00,97.80,100.90,97.80,100.85,525,42675
2020-04-13 10:32:00,99.15,102.95,99.15,100.75,4425,43950
2020-04-13 10:33:00,101.15,103.60,100.60,103.30,2175,43950
2020-04-13 10:34:00,103.20,104.00,101.65,101.65,675,43950
2020-04-13 10:35:00,102.80,106.05,102.60,102.60,2475,46575
2020-04-13 10:36:00,104.45,106.00,103.15,106.00,4050,46575
2020-04-13 10:37:00,105.05,106.95,103.85,104.40,4125,46575
2020-04-13 10:38:00,105.00,106.60,103.25,103.25,2925,46650
2020-04-13 10:39:00,103.95,111.50,103.75,111.50,5850,46650
2020-04-13 10:40:00,111.50,118.90,111.50,112.00,12825,46650
2020-04-13 10:41:00,113.15,121.20,113.15,121.20,6900,50175
2020-04-13 10:42:00,123.00,128.55,120.00,120.20,14025,50175
2020-04-13 10:43:00,120.00,124.20,118.90,120.20,5100,50175
2020-04-13 10:44:00,120.00,121.65,117.00,120.25,4425,50400
2020-04-13 10:45:00,119.75,125.65,119.55,124.10,5400,50400
2020-04-13 10:46:00,123.65,126.00,119.00,119.00,3825,50400
2020-04-13 10:47:00,119.00,119.00,112.95,114.00,4875,50175
2020-04-13 10:48:00,114.65,116.95,113.65,116.95,3150,50175
2020-04-13 10:49:00,116.20,116.85,115.25,116.45,750,50175
2020-04-13 10:50:00,117.40,122.55,117.40,121.40,2250,48225
2020-04-13 10:51:00,120.75,120.75,115.65,116.50,2250,48225
2020-04-13 10:52:00,115.90,118.95,115.90,118.85,1275,48225
2020-04-13 10:53:00,118.75,123.40,118.75,120.30,2550,47925
2020-04-13 10:54:00,120.95,121.00,118.60,120.00,1275,47925
2020-04-13 10:55:00,120.55,120.55,117.15,120.05,1875,47925
2020-04-13 10:56:00,119.65,120.95,118.15,119.30,1500,47400
2020-04-13 10:57:00,120.00,120.95,117.50,120.25,2700,47400
2020-04-13 10:58:00,119.05,119.05,112.75,113.30,1875,47400
2020-04-13 10:59:00,113.20,114.00,106.65,108.00,10350,47250
2020-04-13 11:00:00,108.20,108.20,103.45,105.15,3375,47250
2020-04-13 11:01:00,105.00,108.35,105.00,105.50,2625,47250
2020-04-13 11:02:00,103.30,104.25,101.00,103.95,2175,45450
2020-04-13 11:03:00,103.45,107.00,103.45,107.00,2025,45450
2020-04-13 11:04:00,108.35,110.05,106.10,107.80,3000,45450
2020-04-13 11:05:00,107.80,115.25,107.55,113.20,1575,46650
2020-04-13 11:06:00,113.80,115.00,112.00,112.00,1350,46650
2020-04-13 11:07:00,112.10,114.00,112.00,112.00,1200,46650
2020-04-13 11:08:00,112.25,113.75,111.80,113.75,750,46725
2020-04-13 11:09:00,115.50,116.80,113.90,113.90,1350,46725
2020-04-13 11:10:00,114.15,118.05,114.15,118.05,675,46725
2020-04-13 11:11:00,118.00,123.20,117.75,119.05,1875,46650
2020-04-13 11:12:00,120.30,122.65,119.30,119.90,1650,46650
2020-04-13 11:13:00,119.00,120.50,118.65,118.75,1200,46650
2020-04-13 11:14:00,119.70,121.70,119.50,121.70,1500,48000
2020-04-13 11:15:00,124.00,133.70,124.00,126.45,11325,48000
2020-04-13 11:16:00,128.20,135.80,127.90,133.25,4350,48000
2020-04-13 11:17:00,132.30,133.00,128.05,130.20,3675,46800
2020-04-13 11:18:00,130.20,132.90,127.25,127.25,2400,46800
2020-04-13 11:19:00,126.20,128.60,124.85,127.30,3300,46800
2020-04-13 11:20:00,127.00,131.00,125.70,130.90,6075,48825
2020-04-13 11:21:00,129.35,130.20,125.00,125.00,2250,48825
2020-04-13 11:22:00,125.00,130.50,125.00,129.60,1275,48825
2020-04-13 11:23:00,126.50,126.60,126.20,126.60,600,47550
2020-04-13 11:24:00,128.00,132.00,127.75,131.20,2625,47550
2020-04-13 11:25:00,126.45,127.15,116.15,119.45,7725,47550
2020-04-13 11:26:00,118.65,118.65,113.50,115.50,3075,45600
2020-04-13 11:27:00,114.25,117.50,112.10,116.50,2100,45600
2020-04-13 11:28:00,116.45,117.85,115.30,116.45,1725,45600
2020-04-13 11:29:00,119.40,119.40,115.00,115.75,1500,46125
2020-04-13 11:30:00,114.75,116.20,114.00,114.00,2025,46125
2020-04-13 11:31:00,114.40,114.40,110.95,112.35,2400,46125
2020-04-13 11:32:00,113.00,116.00,110.55,116.00,1500,46650
2020-04-13 11:33:00,115.75,120.55,115.75,118.10,3150,46650
2020-04-13 11:34:00,119.70,122.25,119.45,121.50,3075,46650
2020-04-13 11:35:00,120.40,127.95,120.05,126.65,3300,47775
2020-04-13 11:36:00,128.80,140.00,127.10,137.25,11025,47775
2020-04-13 11:37:00,138.00,138.00,131.70,134.30,3375,47775
2020-04-13 11:38:00,133.95,136.50,132.70,133.05,6975,49650
2020-04-13 11:39:00,133.10,144.30,133.10,142.25,8475,49650
2020-04-13 11:40:00,142.90,153.30,142.90,145.05,13350,49650
2020-04-13 11:41:00,145.70,154.50,145.70,151.80,7425,52575
2020-04-13 11:42:00,150.00,154.25,149.00,149.15,6900,52575
2020-04-13 11:43:00,148.50,150.15,144.20,148.95,5475,52575
2020-04-13 11:44:00,150.00,150.00,145.00,148.00,2550,52125
2020-04-13 11:45:00,146.35,156.40,146.35,154.00,7875,52125
2020-04-13 11:46:00,156.20,164.10,155.60,163.75,6825,52125
2020-04-13 11:47:00,164.50,179.80,164.50,177.35,12075,48975
2020-04-13 11:48:00,178.00,178.20,168.30,168.30,8100,48975
2020-04-13 11:49:00,168.00,170.15,165.35,168.70,5100,48975
2020-04-13 11:50:00,168.65,168.65,157.80,164.50,4575,52950
2020-04-13 11:51:00,164.50,173.40,164.50,171.60,3225,52950
2020-04-13 11:52:00,170.00,170.00,164.25,166.80,2025,52950
2020-04-13 11:53:00,164.00,164.50,156.85,156.85,2850,53775
2020-04-13 11:54:00,156.30,157.20,150.00,156.55,6750,53775
2020-04-13 11:55:00,154.95,159.25,154.95,159.25,975,53775
2020-04-13 11:56:00,159.60,163.75,158.00,159.10,1425,51075
2020-04-13 11:57:00,159.30,159.30,155.05,155.55,2475,51075
2020-04-13 11:58:00,155.00,155.00,148.70,149.30,2325,51075
2020-04-13 11:59:00,151.00,151.00,142.20,145.15,2700,50700
2020-04-13 12:00:00,146.40,146.40,139.35,143.40,3825,50700
2020-04-13 12:01:00,146.00,152.40,146.00,149.85,3000,50700
2020-04-13 12:02:00,148.10,149.80,146.10,146.10,2625,50775
2020-04-13 12:03:00,145.60,147.25,143.70,147.25,750,50775
2020-04-13 12:04:00,146.10,146.70,135.05,136.35,2925,50775
2020-04-13 12:05:00,135.70,140.15,135.30,140.10,2475,48675
2020-04-13 12:06:00,140.85,146.10,140.85,143.10,1650,48675
2020-04-13 12:07:00,146.00,150.00,144.65,149.65,1950,48675
2020-04-13 12:08:00,148.20,150.95,148.20,150.00,2550,48675
2020-04-13 12:09:00,148.00,150.50,142.60,150.50,2925,48675
2020-04-13 12:10:00,153.75,158.55,153.00,154.10,3750,48675
2020-04-13 12:11:00,152.30,154.20,150.60,151.70,1425,47400
2020-04-13 12:12:00,152.00,157.05,152.00,156.20,2625,47400
2020-04-13 12:13:00,155.00,155.80,149.20,151.85,2400,47400
2020-04-13 12:14:00,153.20,153.20,149.00,151.20,1800,49725
2020-04-13 12:15:00,152.90,154.75,151.55,154.30,1575,49725
2020-04-13 12:16:00,153.00,153.55,149.75,152.40,600,49725
2020-04-13 12:17:00,151.25,152.55,148.40,148.40,2175,51525
2020-04-13 12:18:00,148.00,148.15,141.40,141.40,2475,51525
2020-04-13 12:19:00,143.00,145.00,141.55,145.00,3075,51525
2020-04-13 12:20:00,145.85,150.90,145.85,148.90,2850,51300
2020-04-13 12:21:00,148.10,151.40,147.90,150.50,1500,51300
2020-04-13 12:22:00,151.05,153.25,149.55,150.75,2550,51300
2020-04-13 12:23:00,149.10,151.20,148.40,151.20,900,52650
2020-04-13 12:24:00,148.65,149.15,142.00,143.35,1650,52650
2020-04-13 12:25:00,142.65,146.00,136.95,137.65,5700,52650
2020-04-13 12:26:00,138.75,138.75,129.75,132.00,6900,50775
2020-04-13 12:27:00,131.55,135.20,131.55,132.60,2550,50775
2020-04-13 12:28:00,132.95,138.45,132.95,133.00,4275,50775
2020-04-13 12:29:00,134.90,135.00,128.00,128.70,2850,54150
2020-04-13 12:30:00,129.25,132.40,128.30,131.75,2250,54150
2020-04-13 12:31:00,127.60,130.75,126.90,130.00,1275,54150
2020-04-13 12:32:00,129.25,133.60,129.25,133.60,750,53550
2020-04-13 12:33:00,133.80,134.15,129.90,130.90,1650,53550
2020-04-13 12:34:00,130.80,132.95,130.00,132.50,2250,53550
2020-04-13 12:35:00,134.75,136.60,133.00,134.60,3675,54225
2020-04-13 12:36:00,133.25,133.40,131.20,132.45,1500,54225
2020-04-13 12:37:00,131.20,134.05,131.20,132.90,1125,54225
2020-04-13 12:38:00,133.75,137.00,133.75,136.80,2925,56250
2020-04-13 12:39:00,135.90,136.15,133.25,135.30,1350,56250
2020-04-13 12:40:00,136.00,143.10,136.00,141.95,2325,56250
2020-04-13 12:41:00,139.90,141.90,138.00,140.00,1050,56250
2020-04-13 12:42:00,141.05,141.05,137.20,137.50,1350,55875
2020-04-13 12:43:00,141.00,141.00,138.60,138.90,750,55875
2020-04-13 12:44:00,138.90,138.90,135.00,136.30,1350,56775
2020-04-13 12:45:00,133.20,133.20,125.80,129.30,3525,56775
2020-04-13 12:46:00,128.45,128.45,123.50,126.15,2775,56775
2020-04-13 12:47:00,127.75,131.40,127.75,130.00,2625,56325
2020-04-13 12:48:00,129.65,133.35,128.25,133.35,2325,56325
2020-04-13 12:49:00,134.00,140.25,133.20,137.00,2850,56325
2020-04-13 12:50:00,136.90,143.25,136.90,140.00,3225,56325
2020-04-13 12:51:00,141.50,143.40,140.70,140.70,2025,56325
2020-04-13 12:52:00,139.20,139.20,136.75,136.75,2700,56325
2020-04-13 12:53:00,136.50,140.15,135.30,140.15,2325,54450
2020-04-13 12:54:00,141.60,141.60,136.95,136.95,1650,54450
2020-04-13 12:55:00,134.15,134.20,130.85,130.85,1425,54450
2020-04-13 12:56:00,131.65,133.30,131.65,132.90,525,53100
2020-04-13 12:57:00,132.90,136.70,132.00,132.30,1800,53100
2020-04-13 12:58:00,130.85,131.15,127.85,131.00,2175,53100
2020-04-13 12:59:00,126.90,131.25,126.90,131.25,375,53550
2020-04-13 13:00:00,130.20,130.20,126.75,127.10,375,53550
2020-04-13 13:01:00,127.75,128.50,126.10,126.70,1125,53550
2020-04-13 13:02:00,126.00,133.70,126.00,133.70,1650,53550
2020-04-13 13:03:00,134.45,134.45,130.00,133.70,975,53925
2020-04-13 13:04:00,135.00,136.75,133.30,134.45,3150,53925
2020-04-13 13:05:00,133.90,136.05,131.20,136.05,2475,55950
2020-04-13 13:06:00,135.75,140.85,135.00,140.85,3075,55950
2020-04-13 13:07:00,140.15,142.05,137.85,138.15,3000,55950
2020-04-13 13:08:00,138.20,138.20,134.70,135.60,2325,55950
2020-04-13 13:09:00,136.35,136.35,131.80,132.00,3750,58575
2020-04-13 13:10:00,131.90,131.90,127.00,127.65,4800,58575
2020-04-13 13:11:00,126.80,127.35,124.20,124.45,5400,58575
2020-04-13 13:12:00,122.00,122.00,114.95,117.10,11850,61125
2020-04-13 13:13:00,115.40,118.40,115.00,116.00,4950,61125
2020-04-13 13:14:00,115.50,118.45,115.00,115.00,9300,66000
2020-04-13 13:15:00,113.80,113.80,107.35,112.35,9750,66000
2020-04-13 13:16:00,112.10,114.90,108.05,114.90,3300,66000
2020-04-13 13:17:00,115.00,115.00,109.55,113.75,3825,66000
2020-04-13 13:18:00,116.00,117.95,113.75,113.75,4800,62025
2020-04-13 13:19:00,112.90,113.05,106.55,107.10,4275,62025
2020-04-13 13:20:00,107.20,108.65,101.25,103.95,4425,62025
2020-04-13 13:21:00,106.50,110.00,106.35,109.90,2925,60900
2020-04-13 13:22:00,107.95,107.95,103.70,107.30,1350,60900
2020-04-13 13:23:00,107.25,107.25,103.00,106.00,2775,62925
2020-04-13 13:24:00,104.65,104.65,101.00,101.60,3600,62925
2020-04-13 13:25:00,101.60,101.60,97.95,101.00,4800,62925
2020-04-13 13:26:00,101.05,101.45,98.00,99.30,4425,61050
2020-04-13 13:27:00,100.25,100.25,97.95,100.00,1575,61050
2020-04-13 13:28:00,102.00,104.30,100.90,103.00,3600,61050
2020-04-13 13:29:00,103.90,106.95,103.65,106.00,6375,61050
2020-04-13 13:30:00,105.50,110.70,105.40,106.25,7800,62250
2020-04-13 13:31:00,107.00,107.75,103.90,104.10,2475,62250
2020-04-13 13:32:00,105.05,105.05,103.00,103.65,2550,62250
2020-04-13 13:33:00,102.25,102.45,99.30,102.45,1725,60825
2020-04-13 13:34:00,102.10,102.10,99.50,101.40,1125,60825
2020-04-13 13:35:00,101.15,101.15,95.70,99.00,4350,60825
2020-04-13 13:36:00,99.15,100.10,97.45,97.45,1350,61725
2020-04-13 13:37:00,97.40,100.10,97.30,97.30,3375,61725
2020-04-13 13:38:00,97.00,100.45,96.35,100.45,3750,61725
2020-04-13 13:39:00,100.00,100.00,96.20,97.85,1425,62325
2020-04-13 13:40:00,98.05,100.15,96.60,100.15,1800,62325
2020-04-13 13:41:00,100.80,105.60,100.65,102.45,5850,62325
2020-04-13 13:42:00,104.95,106.60,104.65,105.00,3450,63075
2020-04-13 13:43:00,104.05,104.05,101.75,102.05,2925,63075
2020-04-13 13:44:00,103.05,107.10,101.55,106.50,5475,63075
2020-04-13 13:45:00,106.75,116.10,106.50,112.20,13575,64125
2020-04-13 13:46:00,110.70,111.45,107.75,107.75,2550,64125
2020-04-13 13:47:00,108.00,111.30,104.20,104.50,9450,64125
2020-04-13 13:48:00,104.90,106.60,103.00,104.25,5025,67275
2020-04-13 13:49:00,104.65,108.55,104.45,108.55,1800,67275
2020-04-13 13:50:00,108.55,108.55,101.50,101.50,4200,67275
2020-04-13 13:51:00,102.35,104.55,101.10,104.05,3150,68475
2020-04-13 13:52:00,103.75,104.75,100.00,100.20,10575,68475
2020-04-13 13:53:00,102.45,106.85,102.45,105.70,2550,68475
2020-04-13 13:54:00,105.75,108.25,105.00,108.25,3900,69600
2020-04-13 13:55:00,108.55,108.55,105.00,106.60,1650,69600
2020-04-13 13:56:00,107.60,107.60,105.55,106.55,2250,69600
2020-04-13 13:57:00,105.20,106.50,105.00,106.50,2325,68550
2020-04-13 13:58:00,105.70,110.35,105.00,110.35,3900,68550
2020-04-13 13:59:00,111.00,111.25,107.00,107.00,1500,68550
2020-04-13 14:00:00,107.00,108.90,106.30,108.25,4275,69825
2020-04-13 14:01:00,110.00,114.20,109.30,110.50,8550,69825
2020-04-13 14:02:00,110.00,110.00,106.65,107.40,3300,69825
2020-04-13 14:03:00,106.45,106.45,104.25,105.50,2775,70950
2020-04-13 14:04:00,105.65,105.65,100.70,100.70,5400,70950
2020-04-13 14:05:00,101.20,102.75,100.80,102.05,2250,70950
2020-04-13 14:06:00,104.65,106.30,104.05,104.60,1425,70500
2020-04-13 14:07:00,105.45,109.60,105.45,109.00,4425,70500
2020-04-13 14:08:00,108.00,108.10,104.00,104.00,3450,70500
2020-04-13 14:09:00,103.65,104.95,99.40,99.40,5775,72600
2020-04-13 14:10:00,99.40,99.40,89.45,91.95,21675,72600
2020-04-13 14:11:00,90.65,93.65,90.60,93.55,6300,72600
2020-04-13 14:12:00,93.40,96.00,92.65,95.50,3675,73200
2020-04-13 14:13:00,94.95,96.40,92.95,92.95,3600,73200
2020-04-13 14:14:00,93.60,95.00,92.95,92.95,1275,73200
2020-04-13 14:15:00,92.60,92.95,88.10,88.65,7200,74625
2020-04-13 14:16:00,88.10,91.10,88.10,91.10,2325,74625
2020-04-13 14:17:00,92.75,94.85,92.50,93.50,6450,74625
2020-04-13 14:18:00,95.00,95.00,92.00,93.95,2400,76575
2020-04-13 14:19:00,94.80,99.00,94.80,98.20,4800,76575
2020-04-13 14:20:00,98.15,98.15,94.45,95.60,3825,76575
2020-04-13 14:21:00,94.60,96.45,92.75,94.65,2775,77775
2020-04-13 14:22:00,94.00,96.20,94.00,95.95,1875,77775
2020-04-13 14:23:00,96.00,96.00,92.65,94.05,4800,77775
2020-04-13 14:24:00,95.55,98.00,95.55,96.95,2175,77250
2020-04-13 14:25:00,97.10,100.70,97.10,99.95,4125,77250
2020-04-13 14:26:00,99.35,99.35,95.45,95.75,2400,77250
2020-04-13 14:27:00,96.00,98.00,96.00,98.00,375,77475
2020-04-13 14:28:00,99.40,104.15,98.00,103.30,3525,77475
2020-04-13 14:29:00,103.75,105.75,102.15,102.15,7875,77475
2020-04-13 14:30:00,102.00,117.20,101.25,117.10,17250,75750
2020-04-13 14:31:00,117.70,119.85,110.85,112.00,11100,75750
2020-04-13 14:32:00,113.40,115.20,110.70,114.40,5400,75750
2020-04-13 14:33:00,114.40,122.00,114.40,115.55,7800,71625
2020-04-13 14:34:00,116.65,117.20,112.90,114.10,3975,71625
2020-04-13 14:35:00,115.15,117.00,108.45,108.45,6750,71625
2020-04-13 14:36:00,109.45,110.25,102.35,102.75,7725,69300
2020-04-13 14:37:00,106.95,108.00,105.50,108.00,3300,69300
2020-04-13 14:38:00,109.65,117.00,109.65,112.55,7050,69300
2020-04-13 14:39:00,113.45,113.45,108.95,111.60,2325,68250
2020-04-13 14:40:00,111.75,113.60,108.00,109.40,6300,68250
2020-04-13 14:41:00,109.00,114.70,109.00,113.75,2700,68250
2020-04-13 14:42:00,115.00,118.40,115.00,115.75,5325,68100
2020-04-13 14:43:00,116.95,117.90,112.90,115.95,4875,68100
2020-04-13 14:44:00,118.00,123.30,118.00,122.60,11025,68100
2020-04-13 14:45:00,123.80,133.45,122.75,131.55,34200,65100
2020-04-13 14:46:00,129.05,130.45,125.25,127.45,5850,65100
2020-04-13 14:47:00,126.60,130.15,124.60,125.40,5250,65100
2020-04-13 14:48:00,123.40,123.45,117.45,118.50,12675,75225
2020-04-13 14:49:00,121.00,126.20,120.45,123.65,4725,75225
2020-04-13 14:50:00,125.80,125.80,117.10,118.60,5325,75225
2020-04-13 14:51:00,118.00,118.00,113.35,115.70,8325,75225
2020-04-13 14:52:00,115.00,115.25,112.00,114.65,5850,75225
2020-04-13 14:53:00,114.65,116.15,113.40,113.40,5700,75225
2020-04-13 14:54:00,113.40,114.45,112.00,112.70,1650,78300
2020-04-13 14:55:00,111.00,112.35,106.90,112.35,21750,78300
2020-04-13 14:56:00,112.65,114.80,112.50,113.75,1650,78300
2020-04-13 14:57:00,114.55,122.80,114.55,120.00,11550,70575
2020-04-13 14:58:00,120.00,120.00,117.35,118.00,1425,70575
2020-04-13 14:59:00,117.60,120.30,117.60,118.45,4200,70575
2020-04-13 15:00:00,115.50,115.80,107.65,107.65,8400,74850
2020-04-13 15:01:00,108.60,112.40,107.75,112.20,4350,74850
2020-04-13 15:02:00,111.45,118.90,111.45,115.40,5850,74850
2020-04-13 15:03:00,115.75,116.70,114.00,115.35,4950,73200
2020-04-13 15:04:00,116.00,116.60,114.00,114.20,1350,73200
2020-04-13 15:05:00,114.00,118.50,114.00,116.90,4950,73200
2020-04-13 15:06:00,117.70,118.95,114.45,114.45,1275,68100
2020-04-13 15:07:00,115.00,116.90,115.00,115.15,1500,68100
2020-04-13 15:08:00,114.90,114.90,110.05,110.40,4425,68100
2020-04-13 15:09:00,110.00,114.05,109.50,113.55,5250,64875
2020-04-13 15:10:00,113.30,114.60,112.35,114.35,3525,64875
2020-04-13 15:11:00,113.60,116.30,113.60,115.25,1650,64875
2020-04-13 15:12:00,115.25,117.15,113.85,115.95,3675,62325
2020-04-13 15:13:00,115.95,115.95,113.85,113.85,900,62325
2020-04-13 15:14:00,113.60,115.55,113.55,114.90,900,62325
2020-04-13 15:15:00,114.25,115.60,113.85,115.50,2325,59700
2020-04-13 15:16:00,115.20,115.20,113.75,113.75,1875,59700
2020-04-13 15:17:00,115.00,115.00,113.00,114.15,3900,59700
2020-04-13 15:18:00,115.00,115.00,113.90,114.15,1650,60375
2020-04-13 15:19:00,115.00,115.45,114.00,115.45,3750,60375
2020-04-13 15:20:00,115.85,116.75,114.05,115.10,6075,60375
2020-04-13 15:21:00,114.40,115.50,114.40,115.00,2100,55500
2020-04-13 15:22:00,115.00,115.50,112.75,114.05,1575,55500
2020-04-13 15:23:00,113.25,113.95,113.10,113.50,1200,55500
2020-04-13 15:24:00,114.00,114.95,113.80,114.75,2175,53925
2020-04-13 15:25:00,114.80,114.80,112.80,114.00,2925,53925
2020-04-13 15:26:00,114.05,114.50,112.45,113.00,2775,53925
2020-04-13 15:27:00,113.00,113.45,112.20,113.45,3600,50100
2020-04-13 15:28:00,113.50,114.50,112.55,114.00,2400,50100
2020-04-13 15:29:01,112.00,114.00,110.00,110.00,3225,50100
2020-04-15 09:15:00,205.00,205.00,133.20,139.05,32700,41550
2020-04-15 09:16:00,139.20,139.20,122.25,131.25,17025,41550
2020-04-15 09:17:00,130.50,143.80,129.65,141.35,17325,48150
2020-04-15 09:18:00,140.35,148.00,140.35,145.70,13350,48150
2020-04-15 09:19:00,145.05,147.30,139.15,142.15,13350,48150
2020-04-15 09:20:00,141.50,150.95,140.00,150.95,9675,58500
2020-04-15 09:21:00,151.00,153.85,146.20,147.00,14400,58500
2020-04-15 09:22:00,147.55,148.65,138.95,142.55,14625,58500
2020-04-15 09:23:00,143.15,145.00,134.45,138.20,15975,65400
2020-04-15 09:24:00,139.45,144.00,135.90,139.35,8850,65400
2020-04-15 09:25:00,139.50,149.95,139.50,147.05,15975,65400
2020-04-15 09:26:00,147.75,148.15,145.00,147.80,10725,74025
2020-04-15 09:27:00,147.25,151.15,143.45,143.60,12375,74025
2020-04-15 09:28:00,143.70,143.70,129.25,129.60,17325,74025
2020-04-15 09:29:00,130.80,131.10,121.80,124.95,25725,80700
2020-04-15 09:30:00,124.95,133.10,124.00,124.00,32850,80700
2020-04-15 09:31:00,124.55,126.25,118.40,124.05,26925,80700
2020-04-15 09:32:00,123.55,126.60,121.15,125.95,18150,92700
2020-04-15 09:33:00,126.15,134.95,125.70,134.25,18525,92700
2020-04-15 09:34:00,135.35,136.05,130.00,130.00,12750,92700
2020-04-15 09:35:00,130.40,135.00,129.55,132.10,23175,97725
2020-04-15 09:36:00,131.05,133.25,125.10,133.25,9975,97725
2020-04-15 09:37:00,133.80,138.30,132.95,137.40,24300,97725
2020-04-15 09:38:00,138.40,140.50,133.95,140.00,23625,108000
2020-04-15 09:39:00,140.95,145.30,138.50,145.00,23850,108000
2020-04-15 09:40:00,146.00,146.00,138.55,139.65,26925,108000
2020-04-15 09:41:00,138.40,140.15,133.65,137.95,17775,114225
2020-04-15 09:42:00,138.05,138.05,134.35,136.10,11925,114225
2020-04-15 09:43:00,135.70,139.85,135.00,138.60,6750,114225
2020-04-15 09:44:00,139.65,139.65,133.25,137.00,9975,121575
2020-04-15 09:45:00,136.50,144.55,134.60,143.55,16800,121575
2020-04-15 09:46:00,143.00,143.10,138.25,142.00,13575,121575
2020-04-15 09:47:00,141.20,144.90,140.00,140.55,10050,124500
2020-04-15 09:48:00,141.65,151.70,140.55,148.55,27450,124500
2020-04-15 09:49:00,150.50,162.30,149.30,155.00,32250,124500
2020-04-15 09:50:00,153.70,160.00,151.80,153.70,14850,116925
2020-04-15 09:51:00,152.05,158.10,152.05,156.35,16800,116925
2020-04-15 09:52:00,157.00,167.95,152.90,165.00,26100,116925
2020-04-15 09:53:00,166.30,173.65,163.90,168.70,28500,108150
2020-04-15 09:54:00,168.25,174.45,168.25,172.75,13200,108150
2020-04-15 09:55:00,171.75,181.30,171.75,173.55,18675,108150
2020-04-15 09:56:00,175.35,175.35,164.05,167.95,26325,107400
2020-04-15 09:57:00,168.05,173.10,166.55,171.55,5550,107400
2020-04-15 09:58:00,173.00,176.25,171.60,173.10,4425,107400
2020-04-15 09:59:00,176.00,179.80,173.15,179.05,7500,108000
2020-04-15 10:00:00,178.55,185.85,178.55,181.90,27075,108000
2020-04-15 10:01:00,181.55,181.75,174.00,177.55,11550,108000
2020-04-15 10:02:00,177.35,188.65,177.35,187.10,13575,99825
2020-04-15 10:03:00,186.55,186.55,179.50,183.25,8325,99825
2020-04-15 10:04:00,183.25,187.75,183.00,183.00,8775,99825
2020-04-15 10:05:00,185.00,186.45,174.55,174.75,11475,92625
2020-04-15 10:06:00,174.80,178.05,170.60,178.05,6150,92625
2020-04-15 10:07:00,178.15,179.30,173.35,176.35,5250,92625
2020-04-15 10:08:00,173.55,177.80,172.85,175.60,3825,92175
2020-04-15 10:09:00,174.60,183.75,174.60,182.00,2925,92175
2020-04-15 10:10:00,183.75,183.75,173.00,175.00,5625,92175
2020-04-15 10:11:00,175.50,180.40,174.70,175.10,2325,87075
2020-04-15 10:12:00,174.10,180.65,173.65,179.85,2325,87075
2020-04-15 10:13:00,180.65,186.65,180.65,185.75,5475,87075
2020-04-15 10:14:00,185.00,185.00,181.45,182.75,4350,90375
2020-04-15 10:15:00,183.00,192.65,183.00,188.20,15150,90375
2020-04-15 10:16:00,188.55,191.35,183.85,186.20,5550,90375
2020-04-15 10:17:00,186.90,188.60,183.20,185.30,4875,87075
2020-04-15 10:18:00,184.05,185.10,173.80,175.70,7125,87075
2020-04-15 10:19:00,176.80,178.95,176.00,177.40,3225,87075
2020-04-15 10:20:00,176.15,176.15,167.30,170.00,8325,83325
2020-04-15 10:21:00,169.70,173.60,169.70,172.50,1875,83325
2020-04-15 10:22:00,171.65,171.65,165.00,168.60,3975,83325
2020-04-15 10:23:00,169.10,176.00,168.35,175.15,2325,82350
2020-04-15 10:24:00,174.95,178.90,173.75,178.25,1800,82350
2020-04-15 10:25:00,175.00,175.90,171.70,173.45,1575,82350
2020-04-15 10:26:00,176.75,181.90,176.75,177.45,2400,83250
2020-04-15 10:27:00,179.25,183.45,179.25,180.45,3225,83250
2020-04-15 10:28:00,180.15,181.80,178.85,179.90,3900,83250
2020-04-15 10:29:00,179.05,183.75,179.05,183.75,2025,82425
2020-04-15 10:30:00,185.00,186.65,180.60,184.95,6225,82425
2020-04-15 10:31:00,183.60,183.60,174.40,175.90,3000,82425
2020-04-15 10:32:00,175.80,182.65,175.80,177.00,2025,82500
2020-04-15 10:33:00,178.20,179.90,177.30,178.00,1050,82500
2020-04-15 10:34:00,178.25,178.50,176.20,178.50,1950,82500
2020-04-15 10:35:00,178.25,178.25,171.00,171.65,2250,83400
2020-04-15 10:36:00,170.45,179.50,170.45,176.65,3375,83400
2020-04-15 10:37:00,176.55,178.30,173.65,174.00,1800,83400
2020-04-15 10:38:00,174.35,174.35,170.00,170.55,2550,83850
2020-04-15 10:39:00,171.25,177.55,171.15,176.45,1500,83850
2020-04-15 10:40:00,176.00,179.45,174.55,174.55,1875,83850
2020-04-15 10:41:00,175.20,175.60,172.00,174.90,2850,83775
2020-04-15 10:42:00,175.95,179.25,175.95,178.70,3600,83775
2020-04-15 10:43:00,177.00,181.00,177.00,180.20,2550,83775
2020-04-15 10:44:00,178.90,181.85,176.45,181.85,1125,82725
2020-04-15 10:45:00,180.55,182.00,177.45,180.00,1350,82725
2020-04-15 10:46:00,179.00,191.65,177.50,185.85,6900,82725
2020-04-15 10:47:00,186.10,186.70,182.00,183.80,1575,82725
2020-04-15 10:48:00,183.30,185.00,181.55,185.00,2175,82725
2020-04-15 10:49:00,187.00,191.50,183.15,187.90,3525,82725
2020-04-15 10:50:00,186.10,187.20,183.15,183.15,1800,81450
2020-04-15 10:51:00,182.15,182.25,179.60,179.95,2475,81450
2020-04-15 10:52:00,181.65,182.00,178.15,178.15,1725,81450
2020-04-15 10:53:00,178.15,180.00,172.45,175.10,5925,80625
2020-04-15 10:54:00,175.95,177.40,175.00,176.00,1425,80625
2020-04-15 10:55:00,172.00,176.00,169.55,173.90,3750,80625
2020-04-15 10:56:00,175.00,177.00,172.30,172.30,2400,84150
2020-04-15 10:57:00,171.95,172.15,162.10,162.10,5925,84150
2020-04-15 10:58:00,164.15,167.00,163.65,167.00,1875,84150
2020-04-15 10:59:00,166.55,169.00,163.50,164.95,2325,84225
2020-04-15 11:00:00,164.75,164.75,144.05,151.65,24750,84225
2020-04-15 11:01:00,151.80,156.95,151.25,154.45,7425,84225
2020-04-15 11:02:00,156.15,156.15,153.30,155.85,2175,75450
2020-04-15 11:03:00,156.10,162.00,156.10,160.00,3075,75450
2020-04-15 11:04:00,160.95,166.20,160.10,164.05,2250,75450
2020-04-15 11:05:00,160.00,163.10,158.20,163.10,1650,74700
2020-04-15 11:06:00,162.15,162.25,159.75,161.70,2475,74700
2020-04-15 11:07:00,160.00,162.90,160.00,162.20,1425,74700
2020-04-15 11:08:00,162.00,166.30,161.15,165.00,2475,75600
2020-04-15 11:09:00,166.00,166.00,161.20,165.00,1200,75600
2020-04-15 11:10:00,164.00,165.00,162.80,163.50,450,75600
2020-04-15 11:11:00,161.70,162.60,161.40,162.60,450,75525
2020-04-15 11:12:00,160.00,168.40,160.00,168.40,5100,75525
2020-04-15 11:13:00,167.45,167.55,165.90,167.15,1725,75525
2020-04-15 11:14:00,166.10,167.00,162.85,165.40,1950,77625
2020-04-15 11:15:00,163.80,166.00,162.10,166.00,2400,77625
2020-04-15 11:16:00,166.15,173.00,164.65,173.00,3075,77625
2020-04-15 11:17:00,171.70,171.95,167.35,167.50,3300,77475
2020-04-15 11:18:00,167.10,171.15,166.20,171.15,3300,77475
2020-04-15 11:19:00,172.00,172.00,167.70,167.70,1050,77475
2020-04-15 11:20:00,166.00,168.10,165.00,168.00,375,77325
2020-04-15 11:21:00,166.95,167.95,160.00,160.00,3600,77325
2020-04-15 11:22:00,159.85,164.00,159.75,162.10,1500,77325
2020-04-15 11:23:00,160.80,163.90,160.00,160.00,4125,77625
2020-04-15 11:24:00,162.60,162.60,159.55,159.55,2175,77625
2020-04-15 11:25:00,160.00,161.10,153.60,156.00,2400,77625
2020-04-15 11:26:00,154.95,159.05,150.15,159.05,5475,78150
2020-04-15 11:27:00,158.20,158.20,154.00,154.65,1200,78150
2020-04-15 11:28:00,154.00,159.35,154.00,156.25,1875,78150
2020-04-15 11:29:00,156.05,156.85,152.45,156.85,1275,76350
2020-04-15 11:30:00,158.00,160.00,157.60,157.60,975,76350
2020-04-15 11:31:00,159.80,160.00,156.45,157.55,3825,76350
2020-04-15 11:32:00,158.70,158.70,154.00,154.00,2925,76275
2020-04-15 11:33:00,154.25,154.60,148.60,153.10,3675,76275
2020-04-15 11:34:00,152.40,158.90,151.50,158.90,6525,76275
2020-04-15 11:35:00,160.55,161.00,158.60,159.20,2475,76875
2020-04-15 11:36:00,161.30,161.30,158.90,160.65,1500,76875
2020-04-15 11:37:00,159.90,166.05,159.90,166.05,2700,76875
2020-04-15 11:38:00,165.00,167.30,165.00,166.00,2700,75225
2020-04-15 11:39:00,165.00,165.90,162.60,165.90,1950,75225
2020-04-15 11:40:00,166.85,168.90,166.55,167.85,1575,75225
2020-04-15 11:41:00,166.00,166.05,163.55,165.45,675,75075
2020-04-15 11:42:00,158.35,163.35,158.35,161.00,2025,75075
2020-04-15 11:43:00,160.15,161.55,153.70,153.70,1800,75075
2020-04-15 11:44:00,153.45,155.80,148.30,150.65,4650,75075
2020-04-15 11:45:00,150.85,152.00,148.60,151.00,3825,75075
2020-04-15 11:46:00,150.40,150.40,145.50,150.00,6150,75075
2020-04-15 11:47:00,151.90,152.85,145.00,145.00,3375,75300
2020-04-15 11:48:00,140.70,143.55,135.45,140.70,10350,75300
2020-04-15 11:49:00,142.80,143.00,137.05,137.05,4875,75300
2020-04-15 11:50:00,137.70,137.75,132.00,133.65,6975,76350
2020-04-15 11:51:00,133.95,140.55,133.05,138.60,6150,76350
2020-04-15 11:52:00,138.00,138.70,133.15,137.45,4275,76350
2020-04-15 11:53:00,138.50,140.50,133.95,140.50,4125,78525
2020-04-15 11:54:00,139.95,143.00,137.40,139.95,5700,78525
2020-04-15 11:55:00,139.95,139.95,134.75,135.10,3675,78525
2020-04-15 11:56:00,136.10,137.00,129.10,130.20,7875,76725
2020-04-15 11:57:00,129.70,137.10,129.60,133.40,9150,76725
2020-04-15 11:58:00,134.00,137.45,133.20,134.75,6825,76725
2020-04-15 11:59:00,134.50,144.40,134.50,141.90,6000,77025
2020-04-15 12:00:00,138.65,140.55,137.90,140.10,2100,77025
2020-04-15 12:01:00,138.45,141.00,138.45,140.00,1650,77025
2020-04-15 12:02:00,141.35,145.45,140.75,140.85,3000,78075
2020-04-15 12:03:00,140.60,140.60,135.80,136.05,2850,78075
2020-04-15 12:04:00,136.65,136.65,134.80,135.75,2550,78075
2020-04-15 12:05:00,135.20,140.00,135.20,139.05,825,77700
2020-04-15 12:06:00,138.35,142.75,138.10,140.00,2175,77700
2020-04-15 12:07:00,142.50,142.50,138.95,139.00,2025,77700
2020-04-15 12:08:00,138.65,142.90,138.65,142.20,1275,79500
2020-04-15 12:09:00,142.00,143.00,140.00,140.00,1425,79500
2020-04-15 12:10:00,141.90,145.00,140.00,145.00,4875,79500
2020-04-15 12:11:00,142.85,149.00,142.85,145.60,4050,80550
2020-04-15 12:12:00,145.50,146.10,144.10,146.00,2775,80550
2020-04-15 12:13:00,142.20,147.00,142.20,147.00,3225,80550
2020-04-15 12:14:00,146.95,155.75,146.95,153.70,14325,80475
2020-04-15 12:15:00,154.35,160.75,154.35,159.40,17025,80475
2020-04-15 12:16:00,160.00,160.00,155.15,156.70,6000,80475
2020-04-15 12:17:00,159.50,159.50,156.30,156.75,1650,73275
2020-04-15 12:18:00,157.85,164.20,157.85,161.85,3225,73275
2020-04-15 12:19:00,159.95,161.80,157.60,157.60,5100,73275
2020-04-15 12:20:00,157.25,160.95,157.25,160.20,2025,74625
2020-04-15 12:21:00,161.30,161.85,157.10,157.10,1050,74625
2020-04-15 12:22:00,156.55,158.15,152.20,157.00,4575,74625
2020-04-15 12:23:00,155.65,156.80,153.95,155.05,1350,73875
2020-04-15 12:24:00,155.00,157.95,154.45,157.00,1125,73875
2020-04-15 12:25:00,157.65,157.65,151.70,151.70,2550,73875
2020-04-15 12:26:00,153.00,157.65,153.00,157.00,3525,73725
2020-04-15 12:27:00,154.20,155.15,151.30,151.30,1275,73725
2020-04-15 12:28:00,151.05,153.05,149.35,149.95,2400,73725
2020-04-15 12:29:00,149.55,152.95,149.15,149.95,3150,74250
2020-04-15 12:30:00,150.10,150.10,144.00,144.00,3375,74250
2020-04-15 12:31:00,143.00,143.00,139.00,142.65,6525,74250
2020-04-15 12:32:00,144.10,146.00,141.30,145.65,1650,70575
2020-04-15 12:33:00,145.85,146.40,141.35,145.60,4650,70575
2020-04-15 12:34:00,145.35,149.00,143.45,143.45,1800,70575
2020-04-15 12:35:00,144.45,149.75,144.45,147.60,1125,70050
2020-04-15 12:36:00,147.40,149.00,147.00,147.90,2925,70050
2020-04-15 12:37:00,148.75,155.00,148.60,150.90,2475,70050
2020-04-15 12:38:00,151.85,151.85,147.45,147.45,1800,71625
2020-04-15 12:39:00,146.80,146.80,143.15,146.25,1875,71625
2020-04-15 12:40:00,145.45,151.95,145.45,151.95,1425,71625
2020-04-15 12:41:00,150.70,150.70,147.00,147.40,975,72450
2020-04-15 12:42:00,146.25,146.25,145.00,145.30,300,72450
2020-04-15 12:43:00,144.85,147.25,144.85,147.20,2475,72450
2020-04-15 12:44:00,146.60,151.00,146.60,150.00,975,74025
2020-04-15 12:45:00,147.45,147.55,142.75,146.60,1875,74025
2020-04-15 12:46:00,143.70,143.70,136.80,137.30,2775,74025
2020-04-15 12:47:00,135.00,139.65,132.40,136.50,4050,72075
2020-04-15 12:48:00,136.25,138.95,136.25,138.00,4050,72075
2020-04-15 12:49:00,135.00,137.55,134.00,135.60,1950,72075
2020-04-15 12:50:00,134.60,137.55,131.30,132.25,3750,73725
2020-04-15 12:51:00,131.00,131.20,123.65,127.65,10725,73725
2020-04-15 12:52:00,126.85,128.10,123.65,124.75,6975,73725
2020-04-15 12:53:00,125.90,128.00,125.00,127.75,3225,76875
2020-04-15 12:54:00,128.00,128.15,123.00,123.00,3075,76875
2020-04-15 12:55:00,123.70,128.00,122.50,127.30,7350,76875
2020-04-15 12:56:00,127.25,129.00,124.80,125.55,9900,80100
2020-04-15 12:57:00,125.55,128.00,124.85,125.70,5250,80100
2020-04-15 12:58:00,126.00,130.00,126.00,128.35,5175,80100
2020-04-15 12:59:00,129.70,129.70,125.00,127.15,5475,83550
2020-04-15 13:00:00,126.00,126.00,122.00,123.90,6525,83550
2020-04-15 13:01:00,123.00,124.00,120.10,121.15,4875,83550
2020-04-15 13:02:00,120.50,129.65,120.50,128.85,7275,82275
2020-04-15 13:03:00,126.65,127.75,124.65,127.15,5775,82275
2020-04-15 13:04:00,126.90,127.30,122.05,122.05,2700,82275
2020-04-15 13:05:00,122.50,125.40,116.90,117.20,16500,86475
2020-04-15 13:06:00,118.05,120.35,113.65,115.60,12000,86475
2020-04-15 13:07:00,116.20,119.50,115.40,118.80,6300,86475
2020-04-15 13:08:00,118.70,121.95,116.00,121.55,5700,88725
2020-04-15 13:09:00,120.70,123.80,119.60,123.80,9000,88725
2020-04-15 13:10:00,122.45,126.10,120.35,121.55,11925,88725
2020-04-15 13:11:00,122.00,122.25,115.75,116.50,4650,88725
2020-04-15 13:12:00,116.00,118.25,113.20,118.25,7050,93450
2020-04-15 13:13:00,117.50,117.60,113.65,114.65,8775,93450
2020-04-15 13:14:00,116.40,119.40,113.55,114.80,6075,97875
2020-04-15 13:15:00,115.00,115.90,109.00,109.70,19500,97875
2020-04-15 13:16:00,109.60,109.60,101.35,103.65,22275,97875
2020-04-15 13:17:00,103.75,106.50,100.15,101.30,14775,94050
2020-04-15 13:18:00,102.50,105.50,99.15,99.15,16200,94050
2020-04-15 13:19:00,99.00,104.10,98.55,103.10,6075,94050
2020-04-15 13:20:00,103.00,109.05,103.00,108.90,15150,100200
2020-04-15 13:21:00,108.80,108.80,100.85,102.10,12825,100200
2020-04-15 13:22:00,102.45,103.05,95.30,95.75,9750,100200
2020-04-15 13:23:00,95.75,95.80,92.15,93.50,17550,108975
2020-04-15 13:24:00,93.85,96.90,88.70,90.00,19575,108975
2020-04-15 13:25:00,89.05,91.00,86.45,91.00,20475,108975
2020-04-15 13:26:00,89.80,96.15,89.80,95.75,24225,121425
2020-04-15 13:27:00,95.70,95.70,92.20,95.20,12150,121425
2020-04-15 13:28:00,95.15,100.00,93.35,100.00,14325,121425
2020-04-15 13:29:00,100.00,100.00,91.45,91.45,14550,129150
2020-04-15 13:30:00,91.75,93.00,89.20,92.55,15975,129150
2020-04-15 13:31:00,93.00,97.80,92.70,97.25,19875,129150
2020-04-15 13:32:00,97.60,104.75,96.25,101.85,28875,125100
2020-04-15 13:33:00,102.40,103.00,99.25,102.45,13350,125100
2020-04-15 13:34:00,101.20,103.00,99.10,102.55,18150,125100
2020-04-15 13:35:00,102.45,106.40,100.85,102.10,21600,132300
2020-04-15 13:36:00,102.35,102.35,98.05,100.70,8775,132300
2020-04-15 13:37:00,100.50,100.50,94.00,94.00,7425,132300
2020-04-15 13:38:00,95.20,97.25,93.60,94.50,4125,131700
2020-04-15 13:39:00,94.70,98.00,94.60,96.55,8925,131700
2020-04-15 13:40:00,95.80,96.95,95.00,95.00,3600,131700
2020-04-15 13:41:00,95.00,99.00,95.00,99.00,4725,132450
2020-04-15 13:42:00,97.35,98.05,96.00,96.45,5475,132450
2020-04-15 13:43:00,95.40,95.80,89.25,93.00,15075,132450
2020-04-15 13:44:00,92.80,92.80,83.20,84.70,21675,135600
2020-04-15 13:45:00,83.70,83.70,72.70,77.00,58500,135600
2020-04-15 13:46:00,77.20,78.45,71.55,73.80,28050,135600
2020-04-15 13:47:00,72.45,72.70,69.80,71.95,18600,142575
2020-04-15 13:48:00,72.00,72.00,63.65,66.90,44400,142575
2020-04-15 13:49:00,68.05,68.35,65.80,67.90,25800,142575
2020-04-15 13:50:00,68.35,71.40,68.00,69.20,23700,149550
2020-04-15 13:51:00,69.60,72.00,68.85,69.65,16125,149550
2020-04-15 13:52:00,69.90,73.70,69.90,71.45,13200,149550
2020-04-15 13:53:00,72.05,72.50,69.95,70.35,11925,150225
2020-04-15 13:54:00,70.75,71.35,66.60,67.55,17625,150225
2020-04-15 13:55:00,69.75,73.85,68.95,73.30,12900,150225
2020-04-15 13:56:00,72.50,73.30,68.85,69.00,10050,150225
2020-04-15 13:57:00,70.00,72.45,69.15,72.45,16800,152025
2020-04-15 13:58:00,72.60,72.60,64.40,65.40,21375,152025
2020-04-15 13:59:00,65.65,65.65,57.50,58.45,34725,152025
2020-04-15 14:00:00,58.05,59.15,56.35,56.95,18375,151125
2020-04-15 14:01:00,57.40,57.60,50.40,51.95,20925,151125
2020-04-15 14:02:00,52.30,53.65,49.55,53.10,28875,151125
2020-04-15 14:03:00,53.35,54.90,52.10,54.60,16500,150825
2020-04-15 14:04:00,54.75,55.00,52.40,53.30,16800,150825
2020-04-15 14:05:00,53.30,53.30,47.45,49.10,37500,150825
2020-04-15 14:06:00,49.45,51.35,47.20,48.15,38175,152700
2020-04-15 14:07:00,47.55,50.25,45.65,49.95,28650,152700
2020-04-15 14:08:00,50.10,51.25,46.20,46.20,12675,152700
2020-04-15 14:09:00,46.80,47.50,41.65,41.65,36900,155250
2020-04-15 14:10:00,42.40,42.40,34.25,34.90,52425,155250
2020-04-15 14:11:00,34.70,36.35,32.85,36.05,44925,155250
2020-04-15 14:12:00,36.00,39.80,36.00,39.65,27075,162450
2020-04-15 14:13:00,40.05,40.05,35.60,35.60,15675,162450
2020-04-15 14:14:00,35.30,35.30,30.45,32.55,27600,162450
2020-04-15 14:15:00,32.00,32.40,28.30,29.70,60375,165525
2020-04-15 14:16:00,30.05,30.70,24.55,26.70,35100,165525
2020-04-15 14:17:00,26.00,27.15,23.90,24.65,45525,165525
2020-04-15 14:18:00,24.70,26.40,23.90,26.25,36000,169725
2020-04-15 14:19:00,26.00,28.05,25.60,26.85,30975,169725
2020-04-15 14:20:00,26.80,27.45,25.80,27.30,18975,169725
2020-04-15 14:21:00,27.20,27.40,24.00,24.00,32475,169575
2020-04-15 14:22:00,24.30,26.55,21.20,25.45,39225,169575
2020-04-15 14:23:00,25.30,25.45,22.35,25.45,26625,169575
2020-04-15 14:24:00,25.70,25.70,23.45,25.65,12900,170775
2020-04-15 14:25:00,26.05,28.00,24.90,26.85,38775,170775
2020-04-15 14:26:00,27.10,31.40,26.15,30.75,36675,170775
2020-04-15 14:27:00,30.25,30.60,27.25,29.40,23175,161925
2020-04-15 14:28:00,29.30,31.55,28.45,31.30,14175,161925
2020-04-15 14:29:00,31.00,32.90,30.15,32.90,27600,161925
2020-04-15 14:30:00,32.35,32.65,29.45,30.35,22875,166800
2020-04-15 14:31:00,30.30,30.70,26.50,29.50,16875,166800
2020-04-15 14:32:00,29.30,29.95,26.50,26.75,24825,166800
2020-04-15 14:33:00,26.55,29.50,26.10,29.50,12900,162600
2020-04-15 14:34:00,29.60,30.55,28.25,29.75,20325,162600
2020-04-15 14:35:00,29.80,30.05,27.60,27.65,21975,162600
2020-04-15 14:36:00,27.65,28.75,26.95,27.75,11325,164325
2020-04-15 14:37:00,27.05,28.50,26.80,27.05,8250,164325
2020-04-15 14:38:00,27.40,29.45,27.35,28.65,22275,164325
2020-04-15 14:39:00,28.75,33.75,27.95,30.50,62550,161550
2020-04-15 14:40:00,30.70,31.95,29.00,31.15,18525,161550
2020-04-15 14:41:00,31.00,32.15,27.60,27.65,14625,161550
2020-04-15 14:42:00,28.00,28.25,26.10,26.55,14325,171675
2020-04-15 14:43:00,27.30,28.80,27.00,27.85,16500,171675
2020-04-15 14:44:00,27.55,29.40,27.55,29.00,11400,171675
2020-04-15 14:45:00,28.85,29.25,27.20,27.80,12450,173625
2020-04-15 14:46:00,27.95,30.00,27.50,29.20,17100,173625
2020-04-15 14:47:00,28.50,30.10,27.40,27.65,12975,173625
2020-04-15 14:48:00,27.30,29.90,27.20,29.25,20325,178200
2020-04-15 14:49:00,29.10,29.40,27.30,28.10,16125,178200
2020-04-15 14:50:00,27.60,28.55,24.45,26.20,42975,178200
2020-04-15 14:51:00,26.20,27.70,25.70,27.35,14775,178350
2020-04-15 14:52:00,27.45,27.60,24.95,25.35,8850,178350
2020-04-15 14:53:00,25.55,25.55,22.45,23.30,26550,178350
2020-04-15 14:54:00,23.30,23.50,21.90,23.15,31200,182925
2020-04-15 14:55:00,23.05,23.40,21.85,22.40,22050,182925
2020-04-15 14:56:00,21.80,24.25,21.65,22.75,22125,182925
2020-04-15 14:57:00,22.75,25.85,22.75,25.75,21750,175575
2020-04-15 14:58:00,26.05,26.55,24.25,25.25,20775,175575
2020-04-15 14:59:00,25.50,25.85,24.55,25.85,14850,175575
2020-04-15 15:00:00,25.45,26.35,22.15,24.30,17250,168750
2020-04-15 15:01:00,24.10,25.45,23.05,24.45,15000,168750
2020-04-15 15:02:00,24.75,25.00,23.80,24.60,6825,168750
2020-04-15 15:03:00,24.45,25.90,22.75,25.75,17850,167250
2020-04-15 15:04:00,25.40,26.10,24.00,25.20,21225,167250
2020-04-15 15:05:00,25.25,26.45,24.60,26.20,14400,167250
2020-04-15 15:06:00,26.30,26.35,24.00,24.00,8775,161775
2020-04-15 15:07:00,23.70,24.15,22.90,22.90,14325,161775
2020-04-15 15:08:00,23.20,25.65,22.90,24.95,15525,161775
2020-04-15 15:09:00,24.65,24.90,24.00,24.45,9825,163650
2020-04-15 15:10:00,24.25,25.70,24.25,25.15,26400,163650
2020-04-15 15:11:00,25.15,25.45,23.75,23.90,14025,0
2020-04-15 15:12:00,23.75,25.05,23.60,25.05,16875,165750
2020-04-15 15:13:00,25.20,25.60,24.40,24.90,15375,165750
2020-04-15 15:14:00,25.10,25.65,25.10,25.50,6075,165750
2020-04-15 15:15:00,25.50,26.20,25.00,25.95,13575,161550
2020-04-15 15:16:00,26.45,27.25,25.00,25.00,25275,161550
2020-04-15 15:17:00,25.40,26.90,25.30,26.00,14550,161550
2020-04-15 15:18:00,25.30,26.00,25.30,25.70,5025,162600
2020-04-15 15:19:00,25.90,26.45,25.50,25.95,14850,162600
2020-04-15 15:20:00,26.25,27.55,25.95,27.00,12000,162600
2020-04-15 15:21:00,27.60,27.60,26.55,26.70,28950,158100
2020-04-15 15:22:00,26.75,26.80,25.00,25.00,20775,158100
2020-04-15 15:23:00,25.40,25.40,24.40,24.40,8625,158100
2020-04-15 15:24:00,24.70,24.75,24.20,24.60,5775,146550
2020-04-15 15:25:00,24.35,24.40,23.55,24.25,16500,146550
2020-04-15 15:26:00,24.40,25.20,24.20,25.05,13200,146550
2020-04-15 15:27:00,25.10,25.35,25.00,25.05,11100,147150
2020-04-15 15:28:00,25.20,25.30,25.00,25.15,9750,147150
2020-04-15 15:29:01,25.15,26.00,25.00,26.00,11550,147150
2020-04-16 09:15:00,6.85,9.05,1.35,3.00,90825,134550
2020-04-16 09:16:00,3.10,3.80,2.80,3.75,53550,134550
2020-04-16 09:17:00,3.60,4.55,3.45,4.10,73650,153150
2020-04-16 09:18:00,4.00,4.00,2.60,2.75,61275,153150
2020-04-16 09:19:00,2.70,2.70,2.05,2.05,59325,153150
2020-04-16 09:20:00,2.00,2.10,1.75,2.10,36000,165150
2020-04-16 09:21:00,2.10,2.25,2.00,2.15,25050,165150
2020-04-16 09:22:00,2.10,2.25,2.05,2.20,18825,165150
2020-04-16 09:23:00,2.20,2.50,2.15,2.40,28875,179400
2020-04-16 09:24:00,2.40,2.65,2.25,2.30,33750,179400
2020-04-16 09:25:00,2.30,2.65,2.25,2.50,28725,179400
2020-04-16 09:26:00,2.45,2.60,2.20,2.35,38400,201375
2020-04-16 09:27:00,2.35,2.75,2.35,2.60,9825,201375
2020-04-16 09:28:00,2.55,2.70,2.50,2.60,13350,201375
2020-04-16 09:29:00,2.55,2.60,2.40,2.40,18525,202350
2020-04-16 09:30:00,2.35,2.35,2.20,2.20,21975,202350
2020-04-16 09:31:00,2.25,2.30,2.10,2.25,20175,202350
2020-04-16 09:32:00,2.30,2.45,2.20,2.40,14100,213225
2020-04-16 09:33:00,2.40,2.50,2.20,2.35,39975,213225
2020-04-16 09:34:00,2.40,2.65,2.25,2.35,54150,213225
2020-04-16 09:35:00,2.35,2.90,2.30,2.85,33225,232050
2020-04-16 09:36:00,2.75,3.20,2.50,3.15,39600,232050
2020-04-16 09:37:00,3.25,3.55,2.65,2.70,46575,232050
2020-04-16 09:38:00,2.70,3.05,2.55,2.95,16725,254325
2020-04-16 09:39:00,2.95,5.20,2.95,5.10,124050,254325
2020-04-16 09:40:00,5.25,9.15,4.35,8.25,116100,254325
2020-04-16 09:41:00,8.30,13.40,8.20,11.85,134025,245850
2020-04-16 09:42:00,11.40,12.55,8.00,8.85,93825,245850
2020-04-16 09:43:00,9.20,10.05,6.70,6.85,74700,245850
2020-04-16 09:44:00,6.65,7.35,6.25,6.80,56625,251625
2020-04-16 09:45:00,6.75,8.35,6.75,7.25,47400,251625
2020-04-16 09:46:00,7.45,9.10,7.45,9.05,47175,251625
2020-04-16 09:47:00,8.90,9.05,7.50,8.15,56625,285225
2020-04-16 09:48:00,8.10,8.10,5.00,5.15,68100,285225
2020-04-16 09:49:00,5.30,5.30,4.20,4.30,73950,285225
2020-04-16 09:50:00,4.30,4.30,3.40,4.05,52125,279300
2020-04-16 09:51:00,4.20,4.30,3.20,3.50,53400,279300
2020-04-16 09:52:00,3.50,3.55,3.05,3.25,65100,279300
2020-04-16 09:53:00,3.10,3.15,2.70,2.90,51300,279150
2020-04-16 09:54:00,3.15,3.45,3.00,3.20,41175,279150
2020-04-16 09:55:00,3.15,4.15,3.10,4.15,35025,279150
2020-04-16 09:56:00,4.05,4.60,3.80,3.95,53100,290625
2020-04-16 09:57:00,3.85,4.05,3.55,3.55,27225,290625
2020-04-16 09:58:00,3.50,3.75,3.20,3.75,40350,290625
2020-04-16 09:59:00,3.70,3.75,3.20,3.30,49125,305100
2020-04-16 10:00:00,3.30,3.30,2.55,2.55,48600,305100
2020-04-16 10:01:00,2.55,3.00,2.50,2.65,38325,305100
2020-04-16 10:02:00,2.65,2.95,2.65,2.85,38175,330975
2020-04-16 10:03:00,2.90,3.15,2.60,2.90,32700,330975
2020-04-16 10:04:00,2.90,2.90,2.60,2.65,20475,330975
2020-04-16 10:05:00,2.70,2.90,2.60,2.60,32850,350025
2020-04-16 10:06:00,2.65,2.80,2.50,2.70,32100,350025
2020-04-16 10:07:00,2.70,3.30,2.65,3.10,44400,350025
2020-04-16 10:08:00,3.10,3.85,3.05,3.35,53700,347250
2020-04-16 10:09:00,3.35,4.25,3.35,3.80,41400,347250
2020-04-16 10:10:00,3.85,4.35,3.65,3.90,23700,347250
2020-04-16 10:11:00,3.90,3.95,3.35,3.60,24750,359175
2020-04-16 10:12:00,3.70,3.75,3.20,3.35,11100,359175
2020-04-16 10:13:00,3.40,3.75,3.30,3.30,18075,359175
2020-04-16 10:14:00,3.35,3.75,3.35,3.60,9225,365025
2020-04-16 10:15:00,3.55,4.95,3.55,4.85,57900,365025
2020-04-16 10:16:00,4.80,5.50,4.20,5.00,46950,365025
2020-04-16 10:17:00,4.90,5.05,4.25,4.55,29625,364575
2020-04-16 10:18:00,4.50,4.65,4.10,4.35,28200,364575
2020-04-16 10:19:00,4.30,4.55,3.90,4.50,27225,364575
2020-04-16 10:20:00,4.55,4.95,4.45,4.60,26700,375825
2020-04-16 10:21:00,4.50,5.50,4.50,5.25,27825,375825
2020-04-16 10:22:00,5.35,5.35,4.55,4.70,22725,375825
2020-04-16 10:23:00,4.85,5.45,4.55,5.20,38700,383925
2020-04-16 10:24:00,5.15,5.65,4.80,5.40,73575,383925
2020-04-16 10:25:00,5.30,5.35,4.55,4.95,55950,383925
2020-04-16 10:26:00,5.00,5.15,4.55,4.55,37125,422400
2020-04-16 10:27:00,4.60,4.95,4.50,4.50,23400,422400
2020-04-16 10:28:00,4.40,4.45,3.90,4.20,40950,422400
2020-04-16 10:29:00,4.15,4.95,4.00,4.95,30375,430275
2020-04-16 10:30:00,4.80,5.35,4.70,4.95,57075,430275
2020-04-16 10:31:00,5.10,6.15,5.05,5.75,52350,430275
2020-04-16 10:32:00,5.75,5.75,4.60,4.65,39900,440250
2020-04-16 10:33:00,4.70,4.75,3.70,3.70,42000,440250
2020-04-16 10:34:00,3.80,4.15,3.40,3.45,59250,440250
2020-04-16 10:35:00,3.50,3.70,2.95,3.25,38550,445275
2020-04-16 10:36:00,3.25,3.35,2.85,3.20,39150,445275
2020-04-16 10:37:00,3.20,3.20,2.80,3.00,30900,445275
2020-04-16 10:38:00,3.00,3.45,2.85,3.30,26625,455100
2020-04-16 10:39:00,3.35,3.40,3.10,3.15,15375,455100
2020-04-16 10:40:00,3.20,3.60,3.15,3.35,26025,455100
2020-04-16 10:41:00,3.30,3.60,3.15,3.25,15600,456375
2020-04-16 10:42:00,3.35,3.55,3.10,3.20,18675,456375
2020-04-16 10:43:00,3.25,3.25,2.85,3.05,20925,456375
2020-04-16 10:44:00,3.00,3.10,2.80,2.95,36450,477075
2020-04-16 10:45:00,2.95,3.10,2.80,2.85,29400,477075
2020-04-16 10:46:00,2.95,3.25,2.90,3.05,23925,477075
2020-04-16 10:47:00,3.15,3.30,2.95,3.05,23400,483150
2020-04-16 10:48:00,3.10,3.10,2.75,2.75,14625,483150
2020-04-16 10:49:00,2.70,3.00,2.65,2.90,19950,483150
2020-04-16 10:50:00,2.85,3.15,2.85,2.85,17400,486975
2020-04-16 10:51:00,2.95,2.95,2.70,2.70,14700,486975
2020-04-16 10:52:00,2.70,2.85,2.50,2.85,39075,486975
2020-04-16 10:53:00,3.00,3.00,2.85,2.95,11925,497400
2020-04-16 10:54:00,2.90,3.30,2.90,2.95,47325,497400
2020-04-16 10:55:00,3.05,3.45,3.00,3.05,31050,497400
2020-04-16 10:56:00,3.00,3.20,2.90,2.90,17325,496275
2020-04-16 10:57:00,2.85,3.35,2.80,3.30,19725,496275
2020-04-16 10:58:00,3.35,3.90,3.15,3.50,21975,496275
2020-04-16 10:59:00,3.45,4.20,3.30,3.85,36975,501675
2020-04-16 11:00:00,3.90,4.05,3.45,3.75,29700,501675
2020-04-16 11:01:00,3.70,4.20,3.55,3.55,21300,501675
2020-04-16 11:02:00,3.55,3.65,3.20,3.40,22800,509100
2020-04-16 11:03:00,3.50,3.50,3.15,3.50,19275,509100
2020-04-16 11:04:00,3.50,3.90,3.25,3.25,17400,509100
2020-04-16 11:05:00,3.30,3.75,3.30,3.45,8775,516525
2020-04-16 11:06:00,3.45,3.45,2.95,2.95,15675,516525
2020-04-16 11:07:00,3.05,3.55,3.05,3.30,12750,516525
2020-04-16 11:08:00,3.30,3.55,3.15,3.55,6300,518250
2020-04-16 11:09:00,3.55,3.60,3.20,3.20,7875,518250
2020-04-16 11:10:00,3.15,3.15,2.80,2.90,23700,518250
2020-04-16 11:11:00,2.85,3.50,2.85,3.50,20925,528150
2020-04-16 11:12:00,3.50,4.15,3.45,3.65,71475,528150
2020-04-16 11:13:00,3.90,4.05,3.60,3.95,39750,528150
2020-04-16 11:14:00,3.95,4.10,3.55,3.80,31200,536775
2020-04-16 11:15:00,3.95,5.80,3.95,5.10,131625,536775
2020-04-16 11:16:00,5.10,5.65,4.65,5.35,75150,536775
2020-04-16 11:17:00,5.35,5.75,4.45,4.70,57675,544725
2020-04-16 11:18:00,4.80,5.10,4.00,4.05,47475,544725
2020-04-16 11:19:00,4.10,4.50,3.80,3.90,32250,544725
2020-04-16 11:20:00,3.85,4.60,3.75,4.40,29550,544125
2020-04-16 11:21:00,4.50,4.50,4.10,4.25,18975,544125
2020-04-16 11:22:00,4.35,4.50,3.90,4.10,21000,544125
2020-04-16 11:23:00,4.10,4.65,3.95,4.30,34500,548250
2020-04-16 11:24:00,4.40,5.60,4.35,5.05,72975,548250
2020-04-16 11:25:00,5.05,5.40,4.50,4.85,58050,548250
2020-04-16 11:26:00,4.85,5.00,4.15,4.35,52425,556050
2020-04-16 11:27:00,4.55,5.10,4.35,4.80,25725,556050
2020-04-16 11:28:00,4.85,5.90,4.50,5.90,85050,556050
2020-04-16 11:29:00,5.65,7.15,5.40,5.65,133875,543900
2020-04-16 11:30:00,5.70,7.65,5.70,6.30,88950,543900
2020-04-16 11:31:00,6.50,6.55,4.30,4.35,90375,543900
2020-04-16 11:32:00,4.60,5.50,4.55,4.70,50925,575475
2020-04-16 11:33:00,4.75,4.85,4.10,4.85,70575,575475
2020-04-16 11:34:00,4.70,5.05,4.20,4.30,33000,575475
2020-04-16 11:35:00,4.40,5.20,4.40,4.70,27300,580950
2020-04-16 11:36:00,4.50,4.50,3.40,3.40,90075,580950
2020-04-16 11:37:00,3.25,3.90,3.15,3.60,65700,580950
2020-04-16 11:38:00,3.50,4.30,3.40,4.05,53400,574425
2020-04-16 11:39:00,4.15,4.45,3.80,4.45,23925,574425
2020-04-16 11:40:00,4.45,4.65,4.05,4.15,27975,574425
2020-04-16 11:41:00,4.40,5.00,4.05,4.10,38550,596025
2020-04-16 11:42:00,4.05,4.25,3.75,4.05,50850,596025
2020-04-16 11:43:00,4.00,4.95,4.00,4.40,37575,596025
2020-04-16 11:44:00,4.30,4.70,4.10,4.60,34200,601275
2020-04-16 11:45:00,4.60,4.60,4.05,4.40,29025,601275
2020-04-16 11:46:00,4.40,4.40,3.70,3.95,28050,601275
2020-04-16 11:47:00,4.10,4.10,3.60,4.00,24375,605775
2020-04-16 11:48:00,3.90,4.05,3.65,3.85,23475,605775
2020-04-16 11:49:00,3.90,4.00,3.60,3.85,19725,605775
2020-04-16 11:50:00,3.90,4.10,3.60,3.75,39900,607875
2020-04-16 11:51:00,3.75,3.75,3.15,3.15,36525,607875
2020-04-16 11:52:00,3.20,3.40,2.75,3.30,64950,607875
2020-04-16 11:53:00,3.25,3.30,3.00,3.15,29025,595800
2020-04-16 11:54:00,3.15,3.15,2.50,2.90,60000,595800
2020-04-16 11:55:00,2.90,3.20,2.75,3.00,45825,595800
2020-04-16 11:56:00,2.95,3.40,2.85,3.35,28950,607650
2020-04-16 11:57:00,3.40,3.90,3.30,3.60,31725,607650
2020-04-16 11:58:00,3.65,4.30,3.65,4.20,36075,607650
2020-04-16 11:59:00,4.05,4.15,3.65,4.05,30975,612375
2020-04-16 12:00:00,4.00,4.05,3.65,3.85,46875,612375
2020-04-16 12:01:00,4.10,5.20,4.10,4.80,85200,612375
2020-04-16 12:02:00,4.80,5.25,4.40,5.10,60225,635550
2020-04-16 12:03:00,5.10,5.10,4.45,4.85,40350,635550
2020-04-16 12:04:00,4.95,4.95,4.15,4.30,24675,635550
2020-04-16 12:05:00,4.40,4.40,3.70,4.00,31050,635775
2020-04-16 12:06:00,4.00,4.25,3.75,4.25,20925,635775
2020-04-16 12:07:00,4.20,4.20,3.60,3.90,15675,635775
2020-04-16 12:08:00,3.85,3.85,3.40,3.65,16050,630225
2020-04-16 12:09:00,3.75,4.10,3.60,4.05,33375,630225
2020-04-16 12:10:00,4.05,4.50,3.90,4.00,44850,630225
2020-04-16 12:11:00,3.95,5.20,3.95,4.80,140550,657000
2020-04-16 12:12:00,4.60,4.60,4.00,4.00,77025,657000
2020-04-16 12:13:00,4.10,4.60,3.90,4.10,62100,657000
2020-04-16 12:14:00,4.05,4.80,4.05,4.80,57225,650400
2020-04-16 12:15:00,4.85,5.50,4.25,4.45,134100,650400
2020-04-16 12:16:00,4.50,4.70,4.00,4.00,59925,650400
2020-04-16 12:17:00,3.95,4.30,3.55,3.85,81450,669600
2020-04-16 12:18:00,3.80,4.30,3.75,4.20,43875,669600
2020-04-16 12:19:00,4.30,4.65,3.95,4.00,41175,669600
2020-04-16 12:20:00,4.10,4.10,3.05,3.45,117750,678300
2020-04-16 12:21:00,3.40,3.90,3.35,3.85,24000,678300
2020-04-16 12:22:00,3.90,4.30,3.90,4.30,48825,678300
2020-04-16 12:23:00,4.25,4.30,3.70,3.90,35400,671250
2020-04-16 12:24:00,4.00,4.70,4.00,4.60,51900,671250
2020-04-16 12:25:00,4.60,4.70,3.85,4.15,48975,671250
2020-04-16 12:26:00,4.20,4.40,3.80,4.00,37275,672150
2020-04-16 12:27:00,3.85,4.00,3.45,3.70,55425,672150
2020-04-16 12:28:00,3.70,3.95,3.40,3.85,63600,672150
2020-04-16 12:29:00,3.80,4.10,3.55,3.90,57600,696450
2020-04-16 12:30:00,4.00,4.50,3.90,4.00,49875,696450
2020-04-16 12:31:00,4.15,4.15,3.45,3.80,55350,696450
2020-04-16 12:32:00,3.75,4.25,3.75,4.20,35250,701925
2020-04-16 12:33:00,4.15,4.75,3.75,3.80,76425,701925
2020-04-16 12:34:00,3.65,3.70,3.15,3.25,129000,701925
2020-04-16 12:35:00,3.30,3.95,3.20,3.20,68550,705450
2020-04-16 12:36:00,3.35,3.35,2.60,3.20,106500,705450
2020-04-16 12:37:00,3.10,3.15,2.55,2.65,73050,705450
2020-04-16 12:38:00,2.70,3.00,2.35,2.55,66675,742875
2020-04-16 12:39:00,2.55,2.90,2.45,2.45,68325,742875
2020-04-16 12:40:00,2.50,2.85,2.45,2.65,84600,742875
2020-04-16 12:41:00,2.75,3.00,2.60,2.90,45150,764100
2020-04-16 12:42:00,3.00,3.00,2.55,2.75,48225,764100
2020-04-16 12:43:00,2.70,2.70,2.20,2.20,56100,764100
2020-04-16 12:44:00,2.10,2.10,1.85,1.85,115350,775275
2020-04-16 12:45:00,1.75,1.90,1.55,1.65,97875,775275
2020-04-16 12:46:00,1.60,1.70,1.55,1.60,102375,775275
2020-04-16 12:47:00,1.60,1.70,1.40,1.45,85725,742875
2020-04-16 12:48:00,1.50,1.55,1.20,1.25,92100,742875
2020-04-16 12:49:00,1.25,1.50,1.25,1.40,64875,742875
2020-04-16 12:50:00,1.40,1.75,1.40,1.75,57675,714375
2020-04-16 12:51:00,1.80,1.90,1.60,1.75,66300,714375
2020-04-16 12:52:00,1.70,1.90,1.65,1.70,25050,714375
2020-04-16 12:53:00,1.70,1.90,1.65,1.75,31875,723000
2020-04-16 12:54:00,1.75,2.10,1.65,1.90,78975,723000
2020-04-16 12:55:00,2.00,2.50,1.90,2.15,87075,723000
2020-04-16 12:56:00,2.10,2.15,1.75,1.75,50475,727050
2020-04-16 12:57:00,1.85,1.95,1.65,1.90,44625,727050
2020-04-16 12:58:00,1.90,1.95,1.65,1.85,37650,727050
2020-04-16 12:59:00,1.90,2.30,1.90,2.15,49650,745575
2020-04-16 13:00:00,2.20,2.65,2.10,2.45,71100,745575
2020-04-16 13:01:00,2.55,3.15,2.30,3.15,96375,745575
2020-04-16 13:02:00,3.10,3.30,2.45,2.55,66975,727875
2020-04-16 13:03:00,2.60,3.05,2.60,2.85,57075,727875
2020-04-16 13:04:00,2.80,3.05,2.20,2.35,63825,727875
2020-04-16 13:05:00,2.35,2.75,2.25,2.65,59250,754425
2020-04-16 13:06:00,2.60,3.00,2.50,2.50,66900,754425
2020-04-16 13:07:00,2.60,2.60,2.20,2.20,44700,754425
2020-04-16 13:08:00,2.35,2.40,1.95,2.35,56475,760800
2020-04-16 13:09:00,2.45,2.70,2.30,2.40,52425,760800
2020-04-16 13:10:00,2.35,2.50,1.95,2.10,41100,760800
2020-04-16 13:11:00,2.05,2.10,1.70,1.80,83025,773550
2020-04-16 13:12:00,1.75,1.85,1.55,1.80,98475,773550
2020-04-16 13:13:00,1.70,2.40,1.70,2.40,68700,773550
2020-04-16 13:14:00,2.30,2.45,2.10,2.15,34200,785925
2020-04-16 13:15:00,2.20,2.50,2.10,2.10,63300,785925
2020-04-16 13:16:00,2.15,2.15,1.70,1.90,83925,785925
2020-04-16 13:17:00,1.90,1.95,1.55,1.90,57825,810450
2020-04-16 13:18:00,1.95,2.10,1.85,1.90,67500,810450
2020-04-16 13:19:00,1.80,2.20,1.80,1.85,37350,810450
2020-04-16 13:20:00,1.95,2.30,1.90,2.05,37725,817050
2020-04-16 13:21:00,2.05,2.10,1.85,2.00,49200,817050
2020-04-16 13:22:00,2.00,2.25,2.00,2.15,31875,817050
2020-04-16 13:23:00,2.20,2.20,1.95,2.05,41100,833025
2020-04-16 13:24:00,2.05,2.40,1.95,2.05,54900,833025
2020-04-16 13:25:00,2.05,2.50,2.00,2.35,25950,833025
2020-04-16 13:26:00,2.30,2.55,2.10,2.45,42300,828600
2020-04-16 13:27:00,2.50,2.50,2.15,2.20,45525,828600
2020-04-16 13:28:00,2.25,2.35,2.10,2.15,36075,828600
2020-04-16 13:29:00,2.20,2.35,2.10,2.25,27525,823275
2020-04-16 13:30:00,2.30,2.30,1.90,2.00,48675,823275
2020-04-16 13:31:00,2.10,2.15,1.80,1.85,39600,823275
2020-04-16 13:32:00,1.80,2.15,1.75,2.00,42450,825000
2020-04-16 13:33:00,2.00,2.25,2.00,2.05,56625,825000
2020-04-16 13:34:00,2.15,2.15,1.70,1.75,51525,825000
2020-04-16 13:35:00,1.75,1.90,1.70,1.90,43575,846975
2020-04-16 13:36:00,2.00,2.30,1.85,2.25,72975,846975
2020-04-16 13:37:00,2.30,2.30,2.00,2.20,49800,846975
2020-04-16 13:38:00,2.10,2.65,2.05,2.25,99225,846975
2020-04-16 13:39:00,2.20,2.35,1.95,2.10,66750,867150
2020-04-16 13:40:00,2.15,2.25,2.00,2.20,60300,867150
2020-04-16 13:41:00,2.10,2.30,2.00,2.15,44850,867150
2020-04-16 13:42:00,2.15,2.30,1.95,2.00,45225,890475
2020-04-16 13:43:00,2.00,2.10,1.75,2.00,60000,890475
2020-04-16 13:44:00,1.90,2.00,1.80,1.80,82350,890475
2020-04-16 13:45:00,1.80,1.80,1.50,1.70,68550,889125
2020-04-16 13:46:00,1.70,1.75,1.50,1.75,58800,889125
2020-04-16 13:47:00,1.70,1.85,1.65,1.65,33600,889125
2020-04-16 13:48:00,1.70,1.75,1.55,1.55,41550,913575
2020-04-16 13:49:00,1.55,1.60,1.25,1.30,70800,913575
2020-04-16 13:50:00,1.40,1.50,1.25,1.25,94875,913575
2020-04-16 13:51:00,1.30,1.40,1.15,1.30,99900,931650
2020-04-16 13:52:00,1.30,1.30,1.10,1.25,132975,931650
2020-04-16 13:53:00,1.25,1.50,1.25,1.50,68700,931650
2020-04-16 13:54:00,1.45,1.70,1.40,1.45,63225,933675
2020-04-16 13:55:00,1.40,1.45,1.20,1.25,41400,933675
2020-04-16 13:56:00,1.20,1.35,1.15,1.30,62775,933675
2020-04-16 13:57:00,1.30,1.50,1.30,1.30,55275,963450
2020-04-16 13:58:00,1.30,1.30,1.20,1.25,42900,963450
2020-04-16 13:59:00,1.25,1.30,1.00,1.05,86325,963450
2020-04-16 14:00:00,1.05,1.20,0.90,0.95,99150,975750
2020-04-16 14:01:00,0.95,1.00,0.80,0.90,63900,975750
2020-04-16 14:02:00,0.90,1.00,0.85,0.95,64875,975750
2020-04-16 14:03:00,0.95,0.95,0.85,0.95,42000,994200
2020-04-16 14:04:00,0.95,1.10,0.90,0.95,31725,994200
2020-04-16 14:05:00,1.00,1.00,0.90,0.90,33600,994200
2020-04-16 14:06:00,0.90,0.95,0.80,0.90,31650,998325
2020-04-16 14:07:00,0.90,0.95,0.80,0.85,32775,998325
2020-04-16 14:08:00,0.90,0.90,0.80,0.80,32700,998325
2020-04-16 14:09:00,0.80,0.85,0.70,0.85,45075,1009575
2020-04-16 14:10:00,0.80,0.80,0.65,0.70,53025,1009575
2020-04-16 14:11:00,0.70,0.75,0.65,0.65,34275,1009575
2020-04-16 14:12:00,0.65,0.80,0.65,0.80,36150,1010850
2020-04-16 14:13:00,0.80,0.80,0.70,0.80,15225,1010850
2020-04-16 14:14:00,0.80,0.80,0.75,0.75,18225,1010850
2020-04-16 14:15:00,0.75,1.15,0.75,1.15,58875,999450
2020-04-16 14:16:00,1.15,1.60,1.15,1.25,130650,999450
2020-04-16 14:17:00,1.20,1.55,1.20,1.25,98100,999450
2020-04-16 14:18:00,1.30,1.35,1.10,1.25,60450,1012725
2020-04-16 14:19:00,1.30,1.30,1.00,1.00,67275,1012725
2020-04-16 14:20:00,1.05,1.15,0.75,0.85,75000,1012725
2020-04-16 14:21:00,0.85,1.10,0.85,0.95,36450,1027200
2020-04-16 14:22:00,0.95,0.95,0.85,0.85,27975,1027200
2020-04-16 14:23:00,0.85,0.90,0.75,0.80,68850,1027200
2020-04-16 14:24:00,0.80,0.85,0.70,0.70,35475,1029675
2020-04-16 14:25:00,0.75,0.90,0.70,0.85,67500,1029675
2020-04-16 14:26:00,0.95,1.30,0.90,1.25,117600,1029675
2020-04-16 14:27:00,1.30,1.70,1.00,1.15,227475,1027425
2020-04-16 14:28:00,1.20,1.25,1.05,1.05,84375,1027425
2020-04-16 14:29:00,1.05,1.20,0.95,1.10,119850,1027425
2020-04-16 14:30:00,1.05,1.05,0.80,0.85,93000,1008525
2020-04-16 14:31:00,0.85,0.95,0.75,0.85,54225,1008525
2020-04-16 14:32:00,0.80,0.85,0.70,0.75,44025,1008525
2020-04-16 14:33:00,0.75,0.75,0.55,0.60,77100,1018800
2020-04-16 14:34:00,0.55,0.60,0.50,0.60,82575,1018800
2020-04-16 14:35:00,0.60,0.65,0.50,0.50,94200,1018800
2020-04-16 14:36:00,0.55,0.55,0.45,0.50,67500,985500
2020-04-16 14:37:00,0.50,0.55,0.45,0.50,61425,985500
2020-04-16 14:38:00,0.50,0.65,0.45,0.60,54825,985500
2020-04-16 14:39:00,0.55,0.55,0.50,0.50,36900,976800
2020-04-16 14:40:00,0.45,0.50,0.45,0.45,56325,976800
2020-04-16 14:41:00,0.50,0.50,0.40,0.45,50925,976800
2020-04-16 14:42:00,0.45,0.45,0.35,0.40,61275,978975
2020-04-16 14:43:00,0.40,0.45,0.35,0.40,89550,978975
2020-04-16 14:44:00,0.40,0.40,0.35,0.35,39600,978975
2020-04-16 14:45:00,0.35,0.35,0.30,0.35,44250,877425
2020-04-16 14:46:00,0.35,0.40,0.30,0.30,61575,877425
2020-04-16 14:47:00,0.35,0.40,0.25,0.30,52950,877425
2020-04-16 14:48:00,0.30,0.30,0.20,0.20,56025,821175
2020-04-16 14:49:00,0.20,0.25,0.20,0.20,36600,821175
2020-04-16 14:50:00,0.25,0.25,0.15,0.20,93375,821175
2020-04-16 14:51:00,0.20,0.30,0.20,0.20,21000,783600
2020-04-16 14:52:00,0.20,0.25,0.20,0.20,29700,783600
2020-04-16 14:53:00,0.20,0.25,0.20,0.20,15225,783600
2020-04-16 14:54:00,0.20,0.25,0.20,0.25,7125,779175
2020-04-16 14:55:00,0.20,0.25,0.20,0.20,15825,779175
2020-04-16 14:56:00,0.20,0.25,0.15,0.15,72450,779175
2020-04-16 14:57:00,0.15,0.20,0.15,0.20,59850,744300
2020-04-16 14:58:00,0.15,0.25,0.15,0.20,61050,744300
2020-04-16 14:59:00,0.20,0.20,0.10,0.10,37500,744300
2020-04-16 15:00:00,0.10,0.20,0.10,0.10,51000,689550
2020-04-16 15:01:00,0.10,0.20,0.10,0.10,60225,689550
2020-04-16 15:02:00,0.15,0.15,0.10,0.10,49425,689550
2020-04-16 15:03:00,0.10,0.15,0.10,0.10,26700,618450
2020-04-16 15:04:00,0.10,0.15,0.10,0.15,15000,618450
2020-04-16 15:05:00,0.15,0.15,0.10,0.10,3225,618450
2020-04-16 15:06:00,0.15,0.15,0.10,0.10,23475,595950
2020-04-16 15:07:00,0.10,0.15,0.05,0.05,45675,595950
2020-04-16 15:08:00,0.05,0.10,0.05,0.05,10650,595950
2020-04-16 15:09:00,0.10,0.10,0.05,0.05,5775,577350
2020-04-16 15:10:00,0.10,0.10,0.05,0.05,29625,577350
2020-04-16 15:11:00,0.05,0.10,0.05,0.05,41100,577350
2020-04-16 15:12:00,0.05,0.10,0.05,0.10,30675,547800
2020-04-16 15:13:00,0.10,0.10,0.10,0.10,7050,547800
2020-04-16 15:14:00,0.10,0.10,0.05,0.05,375,547800
2020-04-16 15:15:00,0.05,0.10,0.05,0.05,7725,534300
2020-04-16 15:16:00,0.05,0.10,0.05,0.10,4050,534300
2020-04-16 15:17:00,0.05,0.10,0.05,0.05,6825,534300
2020-04-16 15:18:00,0.05,0.05,0.05,0.05,15300,516525
2020-04-16 15:19:00,0.05,0.05,0.05,0.05,1050,516525
2020-04-16 15:20:00,0.05,0.05,0.05,0.05,2700,516525
2020-04-16 15:21:00,0.05,0.05,0.05,0.05,9600,507525
2020-04-16 15:22:00,0.05,0.10,0.05,0.05,14025,507525
2020-04-16 15:23:00,0.05,0.05,0.05,0.05,2025,507525
2020-04-16 15:24:00,0.05,0.05,0.05,0.05,1200,493800
2020-04-16 15:25:00,0.05,0.05,0.05,0.05,20700,493800
2020-04-16 15:27:00,0.05,0.05,0.05,0.05,3075,473025
2020-04-16 15:28:00,0.05,0.05,0.05,0.05,5625,473025
2020-04-16 15:29:01,0.05,0.05,0.05,0.05,1500,473025
