date,open,high,low,close,volume,oi
2018-04-09 13:32:00,8.90,8.90,8.90,8.90,0,0
2018-04-09 13:33:00,8.90,8.90,8.90,8.90,0,0
2018-04-09 13:35:00,8.90,8.90,8.90,8.90,0,0
2018-04-09 14:11:00,8.90,8.90,8.90,8.90,0,0
2018-04-09 14:13:00,8.90,8.90,8.90,8.90,0,0
2018-04-09 14:20:00,8.90,8.90,8.90,8.90,0,0
2018-04-09 14:21:00,10.25,10.25,10.25,10.25,0,160
2018-04-09 14:26:00,10.25,10.25,10.25,10.25,0,0
2018-04-09 14:27:00,10.25,10.25,10.25,10.25,0,0
2018-04-09 14:29:00,10.75,10.75,10.75,10.75,0,360
2018-04-09 14:30:00,10.75,10.75,10.75,10.75,0,400
2018-04-09 14:34:00,10.80,10.80,10.80,10.80,0,480
2018-04-09 14:39:00,10.80,10.80,10.80,10.80,0,0
2018-04-09 14:45:00,10.80,10.80,10.80,10.80,0,0
2018-04-09 14:48:00,10.80,10.80,10.80,10.80,0,0
2018-04-09 14:50:00,10.80,10.80,10.80,10.80,0,0
2018-04-09 15:04:00,10.80,10.80,10.80,10.80,0,0
2018-04-09 15:10:00,10.80,10.80,10.80,10.80,0,0
2018-04-09 15:14:00,10.80,10.80,10.80,10.80,0,0
2018-05-09 09:53:00,18.20,18.20,18.20,18.20,0,520
2018-05-09 09:54:00,18.20,18.20,18.20,18.20,0,0
2018-05-09 09:55:00,18.20,18.20,18.20,18.20,0,0
2018-05-09 09:56:00,18.20,18.20,18.20,18.20,0,0
2018-05-09 09:57:00,18.20,18.20,18.20,18.20,0,0
2018-05-09 09:58:00,18.20,18.20,18.20,18.20,0,0
2018-05-09 09:59:00,18.20,18.20,18.20,18.20,0,0
2018-05-09 10:00:00,18.20,18.20,18.20,18.20,0,0
2018-05-09 10:01:00,18.20,18.20,18.20,18.20,0,0
2018-05-09 10:02:00,18.20,18.20,18.20,18.20,0,0
2018-05-09 10:03:00,18.20,18.20,18.20,18.20,0,0
2018-05-09 10:05:00,18.20,18.20,18.20,18.20,0,0
2018-05-09 10:06:00,18.20,18.20,18.20,18.20,0,0
2018-05-09 10:07:00,18.20,18.20,18.20,18.20,0,0
2018-05-09 10:08:00,18.20,18.20,18.20,18.20,0,0
2018-05-09 10:09:00,18.20,18.20,18.20,18.20,0,0
2018-05-09 10:10:00,18.20,18.20,18.20,18.20,0,0
2018-05-09 10:11:00,18.20,18.20,18.20,18.20,0,0
2018-05-09 10:12:00,18.20,18.20,18.20,18.20,0,0
2018-05-09 10:13:00,18.20,18.20,18.20,18.20,0,0
2018-05-09 10:14:00,18.20,18.20,18.20,18.20,0,0
2018-05-09 10:15:00,18.20,18.20,18.20,18.20,0,0
2018-05-09 10:16:00,18.20,18.20,18.20,18.20,0,0
2018-05-09 10:17:00,18.20,18.20,18.20,18.20,0,0
2018-05-09 10:18:00,18.20,18.20,18.20,18.20,0,0
2018-05-09 10:19:00,18.20,18.20,18.20,18.20,0,0
2018-05-09 10:20:00,18.20,18.20,18.20,18.20,0,0
2018-05-09 10:21:00,18.20,18.20,12.50,12.50,0,520
2018-05-09 10:22:00,12.50,12.50,12.50,12.50,0,0
2018-05-09 10:23:00,12.50,12.50,12.50,12.50,0,0
2018-05-09 10:24:00,12.50,12.50,12.50,12.50,0,0
2018-05-09 10:25:00,12.50,12.50,12.50,12.50,0,0
2018-05-09 10:26:00,12.50,12.50,12.50,12.50,0,0
2018-05-09 10:27:00,12.50,12.50,12.50,12.50,0,0
2018-05-09 10:28:00,12.50,12.50,12.50,12.50,0,0
2018-05-09 10:29:00,12.50,12.50,12.50,12.50,0,0
2018-05-09 10:30:00,12.50,12.50,12.50,12.50,0,0
2018-05-09 10:31:00,12.50,12.50,12.50,12.50,0,0
2018-05-09 10:32:00,12.50,12.50,12.50,12.50,0,0
2018-05-09 10:33:00,12.50,12.50,12.50,12.50,0,0
2018-05-09 10:34:00,12.50,12.50,12.50,12.50,0,0
2018-05-09 10:35:00,12.50,12.50,12.50,12.50,0,0
2018-05-09 10:36:00,12.50,12.50,12.50,12.50,0,0
2018-05-09 10:37:00,12.50,12.50,12.50,12.50,0,0
2018-05-09 10:38:00,12.50,12.50,12.50,12.50,0,0
2018-05-09 10:39:00,12.50,12.50,11.25,11.25,80,560
2018-05-09 10:40:00,11.25,11.25,11.25,11.25,0,0
2018-05-09 10:41:00,11.25,11.25,11.25,11.25,0,0
2018-05-09 10:42:00,11.25,11.25,11.25,11.25,0,0
2018-05-09 10:43:00,11.25,11.25,11.25,11.25,0,0
2018-05-09 10:44:00,11.25,11.25,11.25,11.25,0,0
2018-05-09 10:45:00,11.25,11.25,11.25,11.25,0,0
2018-05-09 10:46:00,11.25,11.25,11.25,11.25,0,0
2018-05-09 10:47:00,11.25,11.25,11.25,11.25,0,0
2018-05-09 10:48:00,11.25,11.25,11.25,11.25,0,0
2018-05-09 10:49:00,11.25,11.25,11.25,11.25,0,0
2018-05-09 10:50:00,11.25,11.25,11.25,11.25,0,0
2018-05-09 10:51:00,11.25,11.25,11.25,11.25,0,0
2018-05-09 10:52:00,11.25,11.25,11.25,11.25,0,0
2018-05-09 10:53:00,11.25,11.25,11.25,11.25,0,0
2018-05-09 10:54:00,11.25,11.25,11.25,11.25,0,0
2018-05-09 10:55:00,11.25,11.25,11.25,11.25,0,0
2018-05-09 10:56:00,11.25,11.25,11.25,11.25,0,0
2018-05-09 10:57:00,11.25,11.25,11.25,11.25,0,0
2018-05-09 10:58:00,11.25,11.25,11.25,11.25,0,0
2018-05-09 10:59:00,11.25,11.25,11.25,11.25,0,0
2018-05-09 11:00:00,11.25,11.25,11.25,11.25,0,0
2018-05-09 11:01:00,11.25,11.25,11.25,11.25,0,0
2018-05-09 11:02:00,11.25,11.25,11.25,11.25,0,0
2018-05-09 11:03:00,11.25,11.25,11.25,11.25,0,0
2018-05-09 11:04:00,11.25,11.25,11.25,11.25,0,0
2018-05-09 11:05:00,11.25,11.25,11.25,11.25,0,0
2018-05-09 11:06:00,11.25,11.25,11.25,11.25,0,0
2018-05-09 11:07:00,11.25,11.25,11.25,11.25,0,0
2018-05-09 11:08:00,11.25,11.25,11.25,11.25,0,0
2018-05-09 11:09:00,11.25,11.25,11.25,11.25,0,0
2018-05-09 11:10:00,11.25,11.25,11.25,11.25,0,0
2018-05-09 11:11:00,11.25,11.25,11.25,11.25,0,0
2018-05-09 11:12:00,11.25,11.25,11.25,11.25,40,640
2018-05-09 11:13:00,11.25,11.25,11.25,11.25,40,640
2018-05-09 11:14:00,11.25,11.25,11.25,11.25,0,0
2018-05-09 11:15:00,11.25,11.25,11.25,11.25,0,0
2018-05-09 11:16:00,11.25,13.00,11.25,13.00,80,720
2018-05-09 11:17:00,13.00,13.00,13.00,13.00,0,0
2018-05-09 11:18:00,13.00,13.00,13.00,13.00,0,0
2018-05-09 11:19:00,13.00,13.00,12.00,12.00,40,720
2018-05-09 11:20:00,12.00,12.00,12.00,12.00,0,0
2018-05-09 11:21:00,12.00,12.00,12.00,12.00,0,0
2018-05-09 11:22:00,12.00,12.00,12.00,12.00,0,0
2018-05-09 11:23:00,12.00,12.00,12.00,12.00,0,0
2018-05-09 11:24:00,12.00,12.00,12.00,12.00,0,0
2018-05-09 11:25:00,12.00,12.00,12.00,12.00,0,0
2018-05-09 11:26:00,12.00,12.00,12.00,12.00,0,0
2018-05-09 11:27:00,12.00,12.00,12.00,12.00,0,0
2018-05-09 11:28:00,12.00,12.00,12.00,12.00,0,0
2018-05-09 11:29:00,12.00,12.00,12.00,12.00,0,0
2018-05-09 11:30:00,12.00,12.00,12.00,12.00,0,0
2018-05-09 11:31:00,12.00,12.00,12.00,12.00,0,0
2018-05-09 11:32:00,12.00,18.00,12.00,18.00,40,760
2018-05-09 11:33:00,18.00,18.00,18.00,18.00,0,0
2018-05-09 11:34:00,18.00,18.00,18.00,18.00,0,0
2018-05-09 11:35:00,18.00,18.00,18.00,18.00,0,0
2018-05-09 11:36:00,18.00,18.00,18.00,18.00,0,0
2018-05-09 11:37:00,18.00,18.00,18.00,18.00,0,0
2018-05-09 11:38:00,18.00,18.00,18.00,18.00,0,800
2018-05-09 11:39:00,18.00,18.00,18.00,18.00,0,0
2018-05-09 11:40:00,18.00,18.00,18.00,18.00,0,0
2018-05-09 11:41:00,18.00,18.00,18.00,18.00,0,0
2018-05-09 11:42:00,18.00,18.00,18.00,18.00,0,0
2018-05-09 11:43:00,18.00,18.00,18.00,18.00,0,0
2018-05-09 11:44:00,18.00,18.00,18.00,18.00,0,0
2018-05-09 11:45:00,18.00,18.00,18.00,18.00,0,0
2018-05-09 11:46:00,18.00,18.00,18.00,18.00,0,0
2018-05-09 11:47:00,18.00,18.00,18.00,18.00,0,0
2018-05-09 11:48:00,18.00,18.00,18.00,18.00,0,0
2018-05-09 11:49:00,18.00,18.00,18.00,18.00,0,0
2018-05-09 11:50:00,18.00,18.00,18.00,18.00,0,0
2018-05-09 11:51:00,18.00,18.00,18.00,18.00,0,0
2018-05-09 11:52:00,18.00,18.00,18.00,18.00,0,0
2018-05-09 11:53:00,18.00,18.00,18.00,18.00,0,0
2018-05-09 11:54:00,18.00,18.00,18.00,18.00,0,0
2018-05-09 11:55:00,18.00,18.00,18.00,18.00,0,0
2018-05-09 11:56:00,18.00,18.00,18.00,18.00,0,0
2018-05-09 11:57:00,18.00,18.00,18.00,18.00,0,0
2018-05-09 11:58:00,18.00,18.00,18.00,18.00,0,0
2018-05-09 11:59:00,18.00,18.00,18.00,18.00,0,0
2018-05-09 12:00:00,18.00,18.00,18.00,18.00,0,0
2018-05-09 12:01:00,18.00,18.00,18.00,18.00,0,0
2018-05-09 12:02:00,18.00,18.00,18.00,18.00,0,0
2018-05-09 12:03:00,18.00,18.00,18.00,18.00,0,0
2018-05-09 12:04:00,18.00,18.00,18.00,18.00,0,0
2018-05-09 12:05:00,18.00,18.00,18.00,18.00,0,0
2018-05-09 12:06:00,18.00,18.00,18.00,18.00,0,0
2018-05-09 12:08:00,18.00,18.00,18.00,18.00,0,0
2018-05-09 12:09:00,18.00,18.00,18.00,18.00,0,0
2018-05-09 12:10:00,18.00,18.00,18.00,18.00,0,0
2018-05-09 12:11:00,18.00,18.00,18.00,18.00,0,0
2018-05-09 12:12:00,18.00,18.00,18.00,18.00,0,0
2018-05-09 12:13:00,18.00,18.00,18.00,18.00,0,0
2018-05-09 12:14:00,18.00,18.00,18.00,18.00,0,0
2018-05-09 12:15:00,18.00,18.00,18.00,18.00,0,0
2018-05-09 12:16:00,18.00,18.00,18.00,18.00,0,0
2018-05-09 12:17:00,18.00,18.00,18.00,18.00,0,0
2018-05-09 12:18:00,18.00,18.00,18.00,18.00,0,0
2018-05-09 12:19:00,18.00,18.00,18.00,18.00,0,0
2018-05-09 12:20:00,18.00,18.00,18.00,18.00,0,0
2018-05-09 12:21:00,18.00,18.00,18.00,18.00,0,0
2018-05-09 12:22:00,18.00,18.00,18.00,18.00,0,0
2018-05-09 12:23:00,18.00,18.00,18.00,18.00,0,0
2018-05-09 12:24:00,18.00,18.00,18.00,18.00,0,0
2018-05-09 12:25:00,18.00,18.00,18.00,18.00,0,0
2018-05-09 12:26:00,18.00,18.10,18.00,18.10,40,800
2018-05-09 12:27:00,18.10,18.10,18.10,18.10,0,0
2018-05-09 12:28:00,18.10,18.10,18.10,18.10,0,0
2018-05-09 12:29:00,18.10,18.10,18.10,18.10,0,0
2018-05-09 12:30:00,18.10,18.10,18.10,18.10,0,0
2018-05-09 12:31:00,18.10,18.10,18.10,18.10,0,0
2018-05-09 12:32:00,18.10,18.10,18.10,18.10,0,0
2018-05-09 12:33:00,18.10,18.10,18.00,18.00,40,0
2018-05-09 12:34:00,18.00,18.00,18.00,18.00,0,0
2018-05-09 12:35:00,18.00,18.00,18.00,18.00,0,0
2018-05-09 12:36:00,18.00,18.00,18.00,18.00,0,0
2018-05-09 12:37:00,18.00,18.00,18.00,18.00,0,0
2018-05-09 12:38:00,18.00,18.00,18.00,18.00,0,800
2018-05-09 12:39:00,18.00,18.00,18.00,18.00,0,0
2018-05-09 12:40:00,18.00,22.45,18.00,21.35,160,880
2018-05-09 12:41:00,21.35,21.35,21.35,21.35,0,0
2018-05-09 12:42:00,21.35,21.35,21.35,21.35,0,0
2018-05-09 12:43:00,21.35,21.35,16.05,16.05,80,880
2018-05-09 12:44:00,16.05,16.05,16.05,16.05,0,0
2018-05-09 12:45:00,16.05,16.05,16.05,16.05,0,0
2018-05-09 12:46:00,16.05,16.05,16.05,16.05,0,0
2018-05-09 12:47:00,16.05,16.05,16.05,16.05,0,0
2018-05-09 12:48:00,16.05,16.05,16.05,16.05,0,0
2018-05-09 12:49:00,16.05,16.05,16.05,16.05,0,0
2018-05-09 12:50:00,16.05,16.05,16.05,16.05,0,0
2018-05-09 12:51:00,16.05,16.05,16.05,16.05,0,0
2018-05-09 12:52:00,16.05,16.05,16.05,16.05,0,0
2018-05-09 12:53:00,16.05,24.95,16.05,24.00,160,1040
2018-05-09 12:54:00,24.00,24.00,24.00,24.00,0,0
2018-05-09 12:55:00,24.00,24.00,24.00,24.00,0,0
2018-05-09 12:56:00,24.00,24.00,24.00,24.00,0,0
2018-05-09 12:57:00,24.00,24.00,24.00,24.00,0,0
2018-05-09 12:58:00,24.00,24.00,24.00,24.00,0,0
2018-05-09 12:59:00,24.00,24.00,24.00,24.00,0,0
2018-05-09 13:00:00,24.00,24.00,24.00,24.00,0,0
2018-05-09 13:01:00,24.00,24.00,24.00,24.00,0,0
2018-05-09 13:02:00,24.00,24.00,24.00,24.00,0,0
2018-05-09 13:03:00,24.00,24.00,24.00,24.00,0,0
2018-05-09 13:04:00,24.00,24.00,24.00,24.00,0,0
2018-05-09 13:05:00,24.00,24.00,23.95,23.95,40,1120
2018-05-09 13:06:00,23.95,23.95,23.95,23.95,0,0
2018-05-09 13:07:00,23.95,23.95,23.95,23.95,0,0
2018-05-09 13:08:00,23.95,23.95,23.95,23.95,0,0
2018-05-09 13:09:00,23.95,23.95,23.95,23.95,0,0
2018-05-09 13:10:00,23.95,23.95,23.95,23.95,0,0
2018-05-09 13:11:00,23.95,23.95,23.95,23.95,0,0
2018-05-09 13:12:00,23.95,23.95,23.95,23.95,0,0
2018-05-09 13:13:00,23.95,23.95,23.95,23.95,0,0
2018-05-09 13:14:00,23.95,23.95,23.95,23.95,0,0
2018-05-09 13:15:00,23.95,23.95,23.95,23.95,0,0
2018-05-09 13:16:00,23.95,23.95,23.95,23.95,0,0
2018-05-09 13:17:00,23.95,23.95,23.95,23.95,0,0
2018-05-09 13:18:00,23.95,23.95,23.95,23.95,0,0
2018-05-09 13:19:00,23.95,23.95,23.95,23.95,0,0
2018-05-09 13:20:00,23.95,23.95,23.95,23.95,0,0
2018-05-09 13:21:00,23.95,23.95,23.95,23.95,0,0
2018-05-09 13:22:00,23.95,23.95,23.95,23.95,0,0
2018-05-09 13:23:00,23.95,23.95,23.95,23.95,0,0
2018-05-09 13:24:00,23.95,23.95,23.95,23.95,0,0
2018-05-09 13:25:00,23.95,23.95,23.95,23.95,0,0
2018-05-09 13:26:00,23.95,23.95,23.95,23.95,0,0
2018-05-09 13:27:00,23.95,23.95,23.95,23.95,0,0
2018-05-09 13:28:00,23.95,23.95,23.95,23.95,0,0
2018-05-09 13:29:00,23.95,23.95,23.95,23.95,0,0
2018-05-09 13:30:00,23.95,23.95,23.95,23.95,0,0
2018-05-09 13:31:00,23.95,23.95,23.95,23.95,0,0
2018-05-09 13:32:00,23.95,23.95,23.95,23.95,0,0
2018-05-09 13:33:00,23.95,23.95,23.95,23.95,0,0
2018-05-09 13:34:00,23.95,23.95,23.95,23.95,0,0
2018-05-09 13:35:00,23.95,23.95,23.95,23.95,0,0
2018-05-09 13:36:00,23.95,23.95,23.95,23.95,0,0
2018-05-09 13:37:00,23.95,23.95,23.95,23.95,0,0
2018-05-09 13:38:00,23.95,23.95,23.95,23.95,0,1120
2018-05-09 13:39:00,23.95,23.95,23.95,23.95,0,0
2018-05-09 13:40:00,23.95,23.95,23.95,23.95,0,0
2018-05-09 13:41:00,24.90,24.90,24.90,24.90,0,1120
2018-05-09 13:42:00,24.90,24.90,24.90,24.90,0,0
2018-05-09 13:43:00,24.90,24.90,24.90,24.90,0,0
2018-05-09 13:44:00,24.90,24.90,24.90,24.90,0,0
2018-05-09 13:45:00,24.90,24.90,24.90,24.90,0,0
2018-05-09 13:46:00,24.90,25.00,24.90,25.00,200,1120
2018-05-09 13:47:00,25.00,25.00,25.00,25.00,0,0
2018-05-09 13:48:00,25.00,25.00,25.00,25.00,0,0
2018-05-09 13:49:00,25.00,25.00,25.00,25.00,0,0
2018-05-09 13:50:00,25.00,25.00,25.00,25.00,0,0
2018-05-09 13:51:00,25.00,25.00,25.00,25.00,0,0
2018-05-09 13:52:00,25.00,25.00,25.00,25.00,0,0
2018-05-09 13:53:00,25.00,29.95,25.00,25.05,80,1280
2018-05-09 13:54:00,25.05,25.10,25.05,25.10,160,1280
2018-05-09 13:55:00,25.10,25.10,25.05,25.05,240,1280
2018-05-09 13:56:00,25.05,25.05,25.05,25.05,0,0
2018-05-09 13:57:00,25.05,25.05,25.05,25.05,0,0
2018-05-09 13:58:00,25.05,25.05,25.05,25.05,0,0
2018-05-09 13:59:00,25.05,25.05,25.05,25.05,0,0
2018-05-09 14:00:00,25.05,25.05,25.05,25.05,0,0
2018-05-09 14:01:00,25.05,25.05,25.05,25.05,0,0
2018-05-09 14:02:00,25.05,25.05,25.05,25.05,0,0
2018-05-09 14:03:00,25.05,25.05,25.05,25.05,0,0
2018-05-09 14:04:00,25.05,28.00,25.05,26.00,760,1760
2018-05-09 14:05:00,26.00,26.00,25.00,25.95,360,1760
2018-05-09 14:06:00,25.95,25.95,25.95,25.95,80,1760
2018-05-09 14:07:00,25.95,25.95,25.00,25.00,480,1760
2018-05-09 14:08:00,25.00,25.00,25.00,25.00,0,0
2018-05-09 14:09:00,25.00,25.00,25.00,25.00,0,0
2018-05-09 14:10:00,25.00,25.00,25.00,25.00,0,0
2018-05-09 14:11:00,25.00,25.00,25.00,25.00,0,0
2018-05-09 14:12:00,25.00,25.00,25.00,25.00,0,0
2018-05-09 14:13:00,25.00,25.00,25.00,25.00,0,0
2018-05-09 14:14:00,25.00,25.00,25.00,25.00,0,0
2018-05-09 14:15:00,25.00,25.00,25.00,25.00,0,0
2018-05-09 14:16:00,25.00,25.25,25.00,25.25,40,2280
2018-05-09 14:17:00,25.25,25.25,25.25,25.25,0,0
2018-05-09 14:18:00,25.25,25.25,25.25,25.25,0,0
2018-05-09 14:19:00,25.25,25.25,25.25,25.25,0,0
2018-05-09 14:20:00,25.25,25.25,25.25,25.25,0,0
2018-05-09 14:21:00,25.25,25.25,25.25,25.25,0,0
2018-05-09 14:22:00,25.25,25.25,18.10,18.10,80,2280
2018-05-09 14:23:00,18.10,18.10,18.10,18.10,0,0
2018-05-09 14:24:00,18.10,20.50,18.10,20.00,320,2360
2018-05-09 14:25:00,20.00,20.00,20.00,20.00,0,0
2018-05-09 14:26:00,20.00,20.00,20.00,20.00,0,0
2018-05-09 14:27:00,20.00,20.00,20.00,20.00,0,0
2018-05-09 14:28:00,20.00,20.00,20.00,20.00,0,0
2018-05-09 14:29:00,20.00,20.00,20.00,20.00,0,0
2018-05-09 14:30:00,20.00,20.00,20.00,20.00,0,0
2018-05-09 14:31:00,20.00,20.00,20.00,20.00,0,0
2018-05-09 14:32:00,20.00,20.00,20.00,20.00,0,0
2018-05-09 14:33:00,20.00,20.00,15.15,15.15,40,2640
2018-05-09 14:34:00,15.15,15.15,15.15,15.15,0,0
2018-05-09 14:35:00,15.15,15.15,14.10,14.10,800,2600
2018-05-09 14:36:00,14.10,16.00,14.10,16.00,80,2600
2018-05-09 14:37:00,16.00,19.65,16.00,19.65,480,2600
2018-05-09 14:38:00,19.65,19.65,19.50,19.50,240,2360
2018-05-09 14:39:00,19.50,19.50,19.50,19.50,0,0
2018-05-09 14:40:00,18.05,18.05,18.05,18.05,440,2360
2018-05-09 14:41:00,18.05,18.05,18.05,18.05,0,2040
2018-05-09 14:42:00,19.00,19.00,17.15,17.15,280,2040
2018-05-09 14:43:00,17.15,17.15,15.10,15.15,360,2040
2018-05-09 14:44:00,15.15,15.15,15.10,15.10,80,1960
2018-05-09 14:45:00,15.10,15.10,14.15,14.15,120,1960
2018-05-09 14:46:00,14.15,14.15,14.15,14.15,0,0
2018-05-09 14:47:00,14.15,14.15,14.15,14.15,0,0
2018-05-09 14:48:00,14.15,14.15,14.15,14.15,0,0
2018-05-09 14:49:00,14.15,17.00,14.15,17.00,240,2040
2018-05-09 14:50:00,17.00,17.00,17.00,17.00,0,0
2018-05-09 14:51:00,17.00,17.00,17.00,17.00,0,0
2018-05-09 14:52:00,17.00,17.00,17.00,17.00,0,0
2018-05-09 14:53:00,17.00,17.00,17.00,17.00,0,0
2018-05-09 14:54:00,17.00,17.00,17.00,17.00,0,0
2018-05-09 14:55:00,17.00,17.00,17.00,17.00,0,0
2018-05-09 14:56:00,17.00,17.00,17.00,17.00,0,0
2018-05-09 14:57:00,17.00,17.00,17.00,17.00,0,0
2018-05-09 14:58:00,17.00,17.00,15.50,15.50,480,1960
2018-05-09 14:59:00,15.50,15.50,15.50,15.50,0,0
2018-05-09 15:00:00,15.50,15.50,15.50,15.50,0,0
2018-05-09 15:01:00,15.50,15.50,15.50,15.50,0,0
2018-05-09 15:02:00,15.50,15.50,15.50,15.50,0,0
2018-05-09 15:03:00,15.50,19.95,15.50,19.00,80,2440
2018-05-09 15:04:00,19.00,19.00,16.60,16.60,80,2440
2018-05-09 15:05:00,16.60,17.15,15.00,15.00,280,2480
2018-05-09 15:06:00,15.00,15.00,14.80,14.80,200,2480
2018-05-09 15:07:00,14.80,14.80,14.80,14.80,0,0
2018-05-09 15:08:00,14.80,14.80,14.80,14.80,0,0
2018-05-09 15:09:00,14.80,14.80,14.80,14.80,0,0
2018-05-09 15:10:00,14.80,14.80,14.80,14.80,0,0
2018-05-09 15:11:00,14.80,14.80,14.80,14.80,0,0
2018-05-09 15:12:00,14.80,14.80,13.05,13.05,120,2600
2018-05-09 15:13:00,13.05,13.05,13.05,13.05,80,2640
2018-05-09 15:14:00,13.05,13.05,13.05,13.05,0,0
2018-05-09 15:15:00,13.05,13.05,13.05,13.05,0,0
2018-05-09 15:16:00,13.05,13.05,13.05,13.05,0,0
2018-05-09 15:17:00,13.05,13.05,13.05,13.05,0,0
2018-05-09 15:18:00,13.05,13.05,11.05,11.05,40,2640
2018-05-09 15:19:00,11.05,11.05,11.05,11.05,0,0
2018-05-09 15:20:00,11.05,11.05,11.05,11.05,0,0
2018-05-09 15:21:00,11.05,11.05,11.05,11.05,0,0
2018-05-09 15:22:00,11.05,11.05,11.05,11.05,0,0
2018-05-09 15:23:00,11.05,11.05,11.05,11.05,0,0
2018-05-09 15:24:00,11.05,11.05,11.05,11.05,0,0
2018-05-09 15:25:00,11.05,11.05,11.05,11.05,0,0
2018-05-09 15:26:00,11.05,11.05,11.05,11.05,0,0
2018-05-09 15:27:00,11.05,11.05,11.05,11.05,0,0
2018-05-09 15:28:00,11.05,13.75,11.05,11.10,480,2640
2018-05-09 15:29:01,11.10,11.10,11.10,11.10,40,2480
2018-06-09 09:17:00,10.10,10.10,10.10,10.10,40,2480
2018-06-09 09:18:00,10.10,10.10,9.50,9.50,120,2480
2018-06-09 09:19:00,9.50,11.00,9.50,11.00,40,2480
2018-06-09 09:20:00,11.00,11.00,9.65,9.65,80,2560
2018-06-09 09:21:00,9.65,11.00,9.65,11.00,40,2560
2018-06-09 09:22:00,11.00,11.00,10.85,11.00,640,2560
2018-06-09 09:23:00,11.00,14.50,11.00,12.00,80,3200
2018-06-09 09:24:00,12.00,12.00,12.00,12.00,0,0
2018-06-09 09:25:00,12.00,15.00,12.00,15.00,120,3200
2018-06-09 09:26:00,15.00,15.00,15.00,15.00,0,0
2018-06-09 09:27:00,15.00,15.00,15.00,15.00,0,0
2018-06-09 09:28:00,15.00,15.00,15.00,15.00,0,0
2018-06-09 09:29:00,15.00,15.00,15.00,15.00,0,0
2018-06-09 09:30:00,15.00,15.00,15.00,15.00,0,0
2018-06-09 09:31:00,15.00,15.00,15.00,15.00,0,0
2018-06-09 09:32:00,15.00,15.00,14.75,14.75,40,0
2018-06-09 09:33:00,14.75,15.00,14.75,15.00,1040,3120
2018-06-09 09:34:00,15.00,19.00,14.00,14.00,80,3120
2018-06-09 09:35:00,14.00,14.05,14.00,14.00,120,4120
2018-06-09 09:36:00,14.00,14.30,14.00,14.05,160,4120
2018-06-09 09:37:00,14.05,14.05,12.75,12.75,640,4120
2018-06-09 09:38:00,12.75,12.75,12.75,12.75,0,0
2018-06-09 09:39:00,12.75,12.75,11.00,11.00,80,4760
2018-06-09 09:40:00,11.00,11.00,10.10,10.25,1400,4760
2018-06-09 09:41:00,10.25,10.30,10.25,10.30,680,0
2018-06-09 09:42:00,10.30,10.50,10.30,10.50,360,5080
2018-06-09 09:43:00,10.50,10.50,10.00,10.20,160,5080
2018-06-09 09:44:00,10.20,10.20,10.20,10.20,0,0
2018-06-09 09:45:00,10.20,10.20,8.55,8.55,160,6200
2018-06-09 09:46:00,8.55,8.55,8.55,8.55,80,6200
2018-06-09 09:47:00,8.55,9.10,8.55,9.10,320,6560
2018-06-09 09:48:00,9.10,9.10,8.55,8.55,960,6560
2018-06-09 09:49:00,8.55,8.55,8.55,8.55,0,0
2018-06-09 09:50:00,8.55,9.90,8.55,9.80,80,6560
2018-06-09 09:51:00,9.80,9.80,8.70,8.70,120,6480
2018-06-09 09:52:00,9.05,9.95,9.05,9.95,200,6480
2018-06-09 09:53:00,9.95,9.95,9.05,9.05,200,6640
2018-06-09 09:54:00,9.05,9.15,8.70,8.70,360,6640
2018-06-09 09:55:00,8.70,9.05,8.70,8.70,1040,6640
2018-06-09 09:56:00,8.60,9.45,8.60,8.70,520,7560
2018-06-09 09:57:00,8.70,8.70,8.70,8.70,160,7560
2018-06-09 09:58:00,9.00,9.05,9.00,9.05,560,7560
2018-06-09 09:59:00,9.05,9.05,9.05,9.05,200,8640
2018-06-09 10:00:00,9.70,9.70,9.00,9.00,920,8640
2018-06-09 10:01:00,9.00,9.00,9.00,9.00,80,8640
2018-06-09 10:02:00,9.00,9.00,9.00,9.00,80,8640
2018-06-09 10:03:00,9.00,9.60,9.00,9.00,440,9520
2018-06-09 10:04:00,9.00,9.00,9.00,9.00,120,9520
2018-06-09 10:05:00,9.00,9.45,9.00,9.45,120,9880
2018-06-09 10:06:00,9.20,9.20,9.00,9.00,280,9880
2018-06-09 10:07:00,9.00,9.05,9.00,9.00,280,9880
2018-06-09 10:08:00,9.00,9.40,9.00,9.40,120,9880
2018-06-09 10:09:00,9.40,9.40,9.00,9.05,480,10080
2018-06-09 10:10:00,9.00,9.00,9.00,9.00,280,10080
2018-06-09 10:11:00,9.00,9.25,9.00,9.25,520,10120
2018-06-09 10:12:00,9.25,9.25,9.25,9.25,640,10120
2018-06-09 10:13:00,9.25,9.50,9.25,9.50,320,10120
2018-06-09 10:14:00,9.50,9.50,9.40,9.40,240,10480
2018-06-09 10:15:00,9.40,9.70,9.40,9.70,600,10480
2018-06-09 10:16:00,9.70,9.75,9.25,9.25,80,10480
2018-06-09 10:17:00,9.25,9.25,9.25,9.25,0,0
2018-06-09 10:18:00,9.25,9.25,9.05,9.05,360,10960
2018-06-09 10:19:00,9.05,9.05,9.05,9.05,0,0
2018-06-09 10:20:00,9.05,9.05,9.05,9.05,0,0
2018-06-09 10:21:00,9.05,9.05,9.05,9.05,0,0
2018-06-09 10:22:00,9.05,9.05,9.05,9.05,0,0
2018-06-09 10:23:00,9.05,9.05,9.05,9.05,0,0
2018-06-09 10:24:00,9.05,9.15,9.05,9.15,40,11560
2018-06-09 10:25:00,9.15,10.85,9.15,10.50,480,11560
2018-06-09 10:26:00,10.50,10.50,9.50,9.70,1120,11960
2018-06-09 10:27:00,9.70,9.90,9.50,9.50,2920,11960
2018-06-09 10:28:00,9.50,9.50,9.50,9.50,280,11960
2018-06-09 10:29:00,9.50,9.50,9.50,9.50,0,0
2018-06-09 10:30:00,9.50,9.50,9.50,9.50,0,0
2018-06-09 10:31:00,9.50,9.50,9.50,9.50,40,16120
2018-06-09 10:32:00,9.50,9.80,9.50,9.80,80,16120
2018-06-09 10:33:00,9.80,9.80,9.80,9.80,0,0
2018-06-09 10:34:00,9.80,9.80,9.75,9.75,40,16120
2018-06-09 10:35:00,9.75,9.75,9.20,9.70,200,16120
2018-06-09 10:36:00,9.20,9.20,9.20,9.20,0,16120
2018-06-09 10:37:00,9.20,9.80,9.20,9.80,160,16120
2018-06-09 10:38:00,9.80,10.00,9.50,9.50,2120,16120
2018-06-09 10:39:00,9.50,9.50,9.10,9.20,720,16120
2018-06-09 10:40:00,9.20,9.45,9.20,9.45,40,16120
2018-06-09 10:41:00,9.45,9.45,9.00,9.00,120,20560
2018-06-09 10:42:00,9.00,9.00,9.00,9.00,0,0
2018-06-09 10:43:00,9.00,9.00,9.00,9.00,0,0
2018-06-09 10:44:00,9.00,9.00,9.00,9.00,0,0
2018-06-09 10:45:00,9.00,9.00,9.00,9.00,0,0
2018-06-09 10:46:00,9.00,9.00,8.75,9.00,280,20560
2018-06-09 10:47:00,9.00,9.00,9.00,9.00,120,20720
2018-06-09 10:48:00,9.00,9.00,9.00,9.00,160,20720
2018-06-09 10:49:00,9.00,9.45,9.00,9.45,80,20720
2018-06-09 10:50:00,9.45,9.45,9.45,9.45,0,0
2018-06-09 10:51:00,9.45,9.45,9.40,9.40,40,20720
2018-06-09 10:52:00,9.40,9.40,9.40,9.40,0,0
2018-06-09 10:53:00,9.40,9.40,9.40,9.40,0,0
2018-06-09 10:54:00,9.45,9.45,9.40,9.40,80,20720
2018-06-09 10:55:00,9.40,9.40,9.00,9.00,80,20720
2018-06-09 10:56:00,9.00,9.00,9.00,9.00,40,0
2018-06-09 10:57:00,9.00,9.00,9.00,9.00,120,20960
2018-06-09 10:58:00,9.00,9.00,9.00,9.00,0,0
2018-06-09 10:59:00,9.00,9.00,8.75,8.75,160,20960
2018-06-09 11:00:00,8.75,8.75,8.75,8.75,0,0
2018-06-09 11:01:00,8.75,9.05,8.75,9.00,200,20920
2018-06-09 11:02:00,9.00,9.00,9.00,9.00,40,21000
2018-06-09 11:03:00,9.00,9.00,8.75,8.75,1000,21000
2018-06-09 11:04:00,8.75,9.00,8.75,9.00,80,21000
2018-06-09 11:05:00,9.00,9.00,8.35,8.35,0,21000
2018-06-09 11:06:00,8.35,9.45,8.35,9.45,760,22920
2018-06-09 11:07:00,9.45,9.45,9.45,9.45,0,0
2018-06-09 11:08:00,9.45,9.45,9.40,9.40,160,22920
2018-06-09 11:09:00,9.40,9.40,9.40,9.40,0,0
2018-06-09 11:10:00,9.40,9.40,9.40,9.40,0,0
2018-06-09 11:11:00,9.40,9.40,9.40,9.40,0,0
2018-06-09 11:12:00,9.40,9.40,9.40,9.40,0,0
2018-06-09 11:13:00,9.40,9.40,9.40,9.40,0,0
2018-06-09 11:14:00,9.40,9.45,9.40,9.45,40,23120
2018-06-09 11:15:00,9.45,9.45,9.45,9.45,0,0
2018-06-09 11:16:00,9.45,9.45,8.45,8.45,40,0
2018-06-09 11:17:00,8.45,8.45,8.45,8.45,0,0
2018-06-09 11:18:00,8.45,8.45,8.45,8.45,0,0
2018-06-09 11:19:00,8.45,8.45,8.45,8.45,0,0
2018-06-09 11:20:00,8.45,9.45,8.45,9.45,80,23120
2018-06-09 11:21:00,9.45,9.45,9.45,9.45,80,23120
2018-06-09 11:22:00,9.45,9.45,9.45,9.45,120,23120
2018-06-09 11:23:00,9.45,9.45,9.45,9.45,0,0
2018-06-09 11:24:00,9.45,9.50,8.40,8.40,160,23120
2018-06-09 11:25:00,8.40,9.95,8.40,9.95,440,23120
2018-06-09 11:26:00,9.95,9.95,9.95,9.95,0,0
2018-06-09 11:27:00,9.95,9.95,9.95,9.95,240,23200
2018-06-09 11:28:00,9.95,9.95,9.95,9.95,0,0
2018-06-09 11:29:00,9.70,9.85,9.70,9.80,160,23200
2018-06-09 11:30:00,9.80,9.80,9.70,9.70,80,0
2018-06-09 11:31:00,9.70,9.70,9.70,9.70,0,0
2018-06-09 11:32:00,9.70,9.70,9.05,9.10,320,23200
2018-06-09 11:33:00,9.10,9.10,9.00,9.00,200,23200
2018-06-09 11:34:00,9.00,9.00,9.00,9.00,0,0
2018-06-09 11:35:00,9.00,9.00,9.00,9.00,0,0
2018-06-09 11:36:00,9.00,9.00,9.00,9.00,0,0
2018-06-09 11:37:00,9.00,9.00,9.00,9.00,0,0
2018-06-09 11:38:00,9.00,9.00,9.00,9.00,0,0
2018-06-09 11:39:00,9.00,9.30,9.00,9.30,200,0
2018-06-09 11:40:00,9.30,9.30,9.30,9.30,200,23240
2018-06-09 11:41:00,9.30,10.00,9.30,10.00,200,23360
2018-06-09 11:42:00,10.00,10.85,9.10,9.10,920,23360
2018-06-09 11:43:00,9.10,10.50,9.10,10.50,200,23360
2018-06-09 11:44:00,10.50,10.50,9.20,10.40,400,23600
2018-06-09 11:45:00,10.40,10.90,10.40,10.90,200,23600
2018-06-09 11:46:00,10.90,11.40,9.25,11.00,520,23600
2018-06-09 11:47:00,11.00,11.00,10.95,10.95,80,23480
2018-06-09 11:48:00,10.95,10.95,10.95,10.95,0,0
2018-06-09 11:49:00,10.95,10.95,10.95,10.95,0,0
2018-06-09 11:50:00,10.95,10.95,10.95,10.95,0,0
2018-06-09 11:51:00,10.95,11.00,10.95,11.00,40,23480
2018-06-09 11:52:00,11.00,11.00,11.00,11.00,0,0
2018-06-09 11:53:00,11.00,11.00,11.00,11.00,0,0
2018-06-09 11:54:00,11.00,11.00,11.00,11.00,40,23520
2018-06-09 11:55:00,11.00,11.00,11.00,11.00,0,0
2018-06-09 11:56:00,11.00,11.00,11.00,11.00,0,0
2018-06-09 11:57:00,11.00,11.35,11.00,11.35,40,0
2018-06-09 11:58:00,11.35,11.35,11.35,11.35,0,0
2018-06-09 11:59:00,11.35,11.35,11.35,11.35,0,0
2018-06-09 12:00:00,11.35,11.35,10.00,10.00,40,23560
2018-06-09 12:01:00,10.00,10.00,10.00,10.00,0,0
2018-06-09 12:02:00,10.00,10.30,10.00,10.30,80,23560
2018-06-09 12:03:00,10.30,10.30,10.30,10.30,0,0
2018-06-09 12:04:00,10.30,10.70,10.30,10.70,80,23560
2018-06-09 12:05:00,10.70,10.70,10.20,10.20,40,0
2018-06-09 12:06:00,10.20,10.20,10.20,10.20,0,0
2018-06-09 12:07:00,10.20,10.20,10.20,10.20,0,0
2018-06-09 12:08:00,10.20,10.20,10.20,10.20,0,0
2018-06-09 12:09:00,10.20,10.20,10.20,10.20,0,0
2018-06-09 12:10:00,10.20,11.35,10.20,11.35,40,23600
2018-06-09 12:11:00,11.35,11.40,11.35,11.40,160,23600
2018-06-09 12:12:00,11.40,11.40,10.15,10.15,200,23560
2018-06-09 12:13:00,10.15,10.15,10.15,10.15,0,0
2018-06-09 12:14:00,10.15,11.40,10.15,11.40,40,23560
2018-06-09 12:15:00,11.40,11.40,9.20,9.20,1240,23680
2018-06-09 12:16:00,9.20,10.45,9.20,10.00,640,23680
2018-06-09 12:17:00,10.00,10.00,9.50,9.50,680,24320
2018-06-09 12:18:00,9.50,9.90,9.50,9.90,680,24320
2018-06-09 12:19:00,9.90,9.90,9.50,9.50,400,0
2018-06-09 12:20:00,9.50,10.00,9.50,10.00,0,24680
2018-06-09 12:21:00,10.00,10.00,10.00,10.00,0,0
2018-06-09 12:22:00,10.00,10.00,10.00,10.00,0,0
2018-06-09 12:23:00,10.00,10.00,9.50,10.00,400,24720
2018-06-09 12:24:00,10.00,10.00,9.50,9.50,160,24720
2018-06-09 12:25:00,9.50,9.50,9.30,9.30,200,24720
2018-06-09 12:26:00,9.30,9.95,9.30,9.95,280,24720
2018-06-09 12:27:00,9.95,9.95,9.95,9.95,0,0
2018-06-09 12:28:00,9.95,9.95,9.95,9.95,0,0
2018-06-09 12:29:00,9.95,9.95,9.90,9.90,40,25040
2018-06-09 12:30:00,9.95,10.00,9.95,10.00,160,25040
2018-06-09 12:31:00,10.00,10.00,9.50,10.00,80,25040
2018-06-09 12:32:00,10.00,10.00,10.00,10.00,0,0
2018-06-09 12:33:00,10.00,10.00,10.00,10.00,0,0
2018-06-09 12:34:00,10.00,10.00,10.00,10.00,0,0
2018-06-09 12:35:00,10.00,10.20,10.00,10.20,40,24840
2018-06-09 12:36:00,10.20,10.50,10.20,10.50,160,24880
2018-06-09 12:37:00,10.50,10.50,10.50,10.50,0,0
2018-06-09 12:38:00,10.50,10.50,10.50,10.50,40,0
2018-06-09 12:39:00,10.50,12.50,10.50,12.50,80,24920
2018-06-09 12:40:00,12.50,12.50,12.45,12.50,240,24920
2018-06-09 12:41:00,12.50,13.60,11.55,12.70,440,25160
2018-06-09 12:42:00,12.70,13.05,12.50,12.50,720,25160
2018-06-09 12:43:00,12.50,12.50,12.50,12.50,0,0
2018-06-09 12:44:00,12.50,13.10,12.50,13.00,680,25160
2018-06-09 12:45:00,13.00,13.85,13.00,13.85,40,25120
2018-06-09 12:46:00,13.85,13.85,13.85,13.85,0,0
2018-06-09 12:47:00,13.85,13.85,12.20,12.20,120,25120
2018-06-09 12:48:00,12.20,13.50,12.20,13.30,2080,25080
2018-06-09 12:49:00,13.30,13.30,12.20,12.20,40,25080
2018-06-09 12:50:00,12.20,13.00,12.15,12.95,1680,25080
2018-06-09 12:51:00,12.95,13.00,12.00,12.00,280,23560
2018-06-09 12:52:00,12.00,12.00,12.00,12.00,0,0
2018-06-09 12:53:00,12.00,12.00,12.00,12.00,440,23560
2018-06-09 12:54:00,12.00,12.00,11.15,11.15,40,23320
2018-06-09 12:55:00,11.15,11.15,11.15,11.15,0,0
2018-06-09 12:56:00,11.15,11.15,11.15,11.15,40,23320
2018-06-09 12:57:00,11.15,11.15,11.15,11.15,0,0
2018-06-09 12:58:00,11.15,11.15,11.15,11.15,0,0
2018-06-09 12:59:00,11.15,15.05,11.15,15.05,240,23320
2018-06-09 13:00:00,15.05,15.05,15.05,15.05,0,0
2018-06-09 13:01:00,15.00,15.00,15.00,15.00,0,23320
2018-06-09 13:02:00,15.00,15.00,14.95,14.95,0,23320
2018-06-09 13:03:00,14.95,14.95,14.95,14.95,0,0
2018-06-09 13:04:00,14.95,14.95,13.05,13.05,40,23400
2018-06-09 13:05:00,13.05,13.05,13.05,13.05,0,0
2018-06-09 13:06:00,13.05,13.05,13.05,13.05,200,23400
2018-06-09 13:07:00,13.00,13.00,13.00,13.00,120,23400
2018-06-09 13:08:00,13.00,13.00,13.00,13.00,0,0
2018-06-09 13:09:00,13.00,13.00,13.00,13.00,0,0
2018-06-09 13:10:00,13.00,13.00,13.00,13.00,0,0
2018-06-09 13:11:00,13.00,13.00,13.00,13.00,0,0
2018-06-09 13:12:00,13.00,13.00,12.80,12.80,120,22920
2018-06-09 13:13:00,12.80,12.80,12.80,12.80,0,0
2018-06-09 13:14:00,12.80,13.00,12.25,12.25,40,22880
2018-06-09 13:15:00,12.25,12.35,12.10,12.10,560,22880
2018-06-09 13:16:00,12.10,12.50,11.00,12.50,520,22880
2018-06-09 13:17:00,12.50,13.00,12.50,13.00,160,22880
2018-06-09 13:18:00,13.00,13.00,13.00,13.00,0,0
2018-06-09 13:19:00,13.00,13.00,13.00,13.00,0,0
2018-06-09 13:20:00,13.00,13.00,12.10,12.15,360,22880
2018-06-09 13:21:00,12.10,12.50,11.80,11.80,1440,22640
2018-06-09 13:22:00,11.80,11.80,11.80,11.80,0,0
2018-06-09 13:23:00,11.80,11.80,11.80,11.80,0,0
2018-06-09 13:24:00,11.80,11.80,11.80,11.80,0,0
2018-06-09 13:25:00,11.80,12.45,11.80,12.45,40,22280
2018-06-09 13:26:00,12.45,12.50,12.45,12.50,120,22280
2018-06-09 13:27:00,12.50,12.50,12.50,12.50,0,0
2018-06-09 13:28:00,12.50,12.50,12.50,12.50,0,0
2018-06-09 13:29:00,12.50,12.50,12.50,12.50,0,0
2018-06-09 13:30:00,12.50,12.50,12.50,12.50,0,0
2018-06-09 13:31:00,12.50,12.50,12.50,12.50,80,0
2018-06-09 13:32:00,12.50,12.50,12.50,12.50,0,0
2018-06-09 13:33:00,12.50,12.50,12.50,12.50,0,0
2018-06-09 13:34:00,12.50,12.50,12.50,12.50,0,0
2018-06-09 13:35:00,12.50,12.50,12.50,12.50,0,0
2018-06-09 13:36:00,12.50,12.50,12.50,12.50,0,0
2018-06-09 13:37:00,12.50,12.50,12.05,12.05,120,22280
2018-06-09 13:38:00,12.05,12.05,12.05,12.05,240,22240
2018-06-09 13:39:00,12.05,13.00,12.05,13.00,0,22240
2018-06-09 13:40:00,13.00,14.00,13.00,14.00,40,22240
2018-06-09 13:41:00,12.00,14.00,12.00,12.50,560,22320
2018-06-09 13:42:00,12.50,12.50,12.20,12.20,1080,22320
2018-06-09 13:43:00,12.05,12.10,12.00,12.00,440,22320
2018-06-09 13:44:00,12.00,12.00,11.00,11.00,1080,22320
2018-06-09 13:45:00,11.00,11.00,9.10,9.10,2240,23520
2018-06-09 13:46:00,9.10,9.10,8.50,8.50,400,23520
2018-06-09 13:47:00,8.50,9.80,8.50,9.80,40,25600
2018-06-09 13:48:00,9.80,9.80,9.80,9.80,0,25600
2018-06-09 13:49:00,9.80,9.90,9.80,9.90,40,25600
2018-06-09 13:50:00,9.90,9.90,9.15,9.15,120,25600
2018-06-09 13:51:00,9.15,9.90,9.15,9.90,400,25680
2018-06-09 13:52:00,9.90,9.90,9.90,9.90,0,0
2018-06-09 13:53:00,9.90,9.90,9.50,9.50,120,25400
2018-06-09 13:54:00,9.50,9.85,9.25,9.85,1080,25400
2018-06-09 13:55:00,9.85,9.90,9.50,9.90,120,25400
2018-06-09 13:56:00,9.90,9.90,9.90,9.90,0,0
2018-06-09 13:57:00,9.90,9.90,9.80,9.80,400,26160
2018-06-09 13:58:00,9.80,10.00,9.80,10.00,360,26160
2018-06-09 13:59:00,10.00,10.50,10.00,10.50,800,26160
2018-06-09 14:00:00,10.50,11.05,10.50,11.05,640,25920
2018-06-09 14:01:00,11.05,11.05,10.90,11.00,1160,25920
2018-06-09 14:02:00,11.00,11.00,10.45,10.45,200,25920
2018-06-09 14:03:00,10.45,11.50,10.45,11.50,520,25240
2018-06-09 14:04:00,11.50,11.50,10.65,10.65,480,25240
2018-06-09 14:05:00,10.65,11.40,10.65,11.40,0,25240
2018-06-09 14:06:00,11.40,11.40,10.30,10.30,2240,26040
2018-06-09 14:07:00,10.30,10.95,10.30,10.90,160,26040
2018-06-09 14:08:00,10.90,11.35,10.50,10.50,440,26040
2018-06-09 14:09:00,10.50,10.50,10.05,10.05,480,27440
2018-06-09 14:10:00,10.05,10.10,9.70,9.70,80,27440
2018-06-09 14:11:00,9.70,9.70,9.70,9.70,240,27440
2018-06-09 14:12:00,9.70,9.70,9.70,9.70,200,28080
2018-06-09 14:13:00,9.70,10.00,9.70,10.00,40,28080
2018-06-09 14:14:00,10.00,10.00,10.00,10.00,0,0
2018-06-09 14:15:00,10.00,10.05,9.20,9.20,1240,28280
2018-06-09 14:16:00,9.20,9.60,9.20,9.20,280,28280
2018-06-09 14:17:00,9.10,9.10,8.50,8.50,440,28280
2018-06-09 14:18:00,8.50,9.35,8.50,9.35,80,29600
2018-06-09 14:19:00,9.35,9.35,9.35,9.35,0,0
2018-06-09 14:20:00,9.35,9.45,9.35,9.45,520,29600
2018-06-09 14:21:00,9.45,9.50,9.40,9.50,680,29600
2018-06-09 14:22:00,9.50,9.50,9.50,9.50,0,0
2018-06-09 14:23:00,9.50,9.50,9.50,9.50,0,0
2018-06-09 14:24:00,9.50,9.50,9.05,9.05,0,29680
2018-06-09 14:25:00,9.05,9.05,9.05,9.05,0,0
2018-06-09 14:26:00,9.05,9.05,9.05,9.05,0,0
2018-06-09 14:27:00,9.05,9.05,9.05,9.05,0,0
2018-06-09 14:28:00,8.60,8.60,8.60,8.60,0,29960
2018-06-09 14:29:00,8.60,8.60,8.55,8.55,320,30200
2018-06-09 14:30:00,8.55,9.00,8.10,9.00,480,30200
2018-06-09 14:31:00,9.00,9.00,9.00,9.00,0,0
2018-06-09 14:32:00,9.00,9.00,8.15,8.15,440,30560
2018-06-09 14:33:00,8.15,8.50,8.15,8.15,200,30560
2018-06-09 14:34:00,8.15,8.20,8.15,8.15,640,30560
2018-06-09 14:35:00,8.15,8.15,8.10,8.10,600,30560
2018-06-09 14:36:00,8.10,8.10,7.95,8.00,160,32160
2018-06-09 14:37:00,8.00,8.00,7.80,7.80,120,32160
2018-06-09 14:38:00,7.80,8.70,7.80,8.70,800,32160
2018-06-09 14:39:00,8.00,8.00,8.00,8.00,320,32160
2018-06-09 14:40:00,8.00,8.45,8.00,8.40,600,32160
2018-06-09 14:41:00,8.40,8.40,8.00,8.35,240,32160
2018-06-09 14:42:00,8.35,8.35,8.35,8.35,0,0
2018-06-09 14:43:00,8.35,8.35,7.70,8.20,840,31440
2018-06-09 14:44:00,8.20,8.25,7.10,7.10,1680,32000
2018-06-09 14:45:00,7.10,7.60,7.10,7.60,1000,32000
2018-06-09 14:46:00,7.60,7.60,7.60,7.60,1360,32000
2018-06-09 14:47:00,7.60,7.60,7.50,7.50,360,32000
2018-06-09 14:48:00,7.50,7.50,7.50,7.50,0,0
2018-06-09 14:49:00,7.50,7.50,7.35,7.35,520,33440
2018-06-09 14:50:00,7.35,7.35,7.35,7.35,0,0
2018-06-09 14:51:00,7.35,7.80,7.35,7.80,40,33560
2018-06-09 14:52:00,7.80,7.80,7.80,7.80,200,33560
2018-06-09 14:53:00,7.75,8.00,7.75,8.00,480,33560
2018-06-09 14:54:00,8.00,8.00,8.00,8.00,0,0
2018-06-09 14:55:00,8.00,8.00,7.45,7.95,80,33600
2018-06-09 14:56:00,7.95,7.95,7.95,7.95,40,33600
2018-06-09 14:57:00,7.95,7.95,7.90,7.90,40,33600
2018-06-09 14:58:00,7.90,8.15,7.70,8.00,840,33600
2018-06-09 14:59:00,8.00,8.40,8.00,8.40,2480,33600
2018-06-09 15:00:00,8.40,8.40,8.00,8.00,1160,32920
2018-06-09 15:01:00,8.00,8.00,8.00,8.00,1440,32920
2018-06-09 15:02:00,8.00,8.05,8.00,8.00,1120,32920
2018-06-09 15:03:00,8.00,8.00,7.60,8.00,160,36200
2018-06-09 15:04:00,8.00,8.25,8.00,8.25,1000,36200
2018-06-09 15:05:00,8.25,8.25,8.00,8.20,440,36200
2018-06-09 15:06:00,8.20,8.25,8.20,8.25,200,35560
2018-06-09 15:07:00,8.25,8.95,8.25,8.95,320,35560
2018-06-09 15:08:00,8.95,8.95,8.35,8.35,200,35560
2018-06-09 15:09:00,8.35,8.35,8.35,8.35,80,0
2018-06-09 15:10:00,8.35,8.90,8.35,8.35,360,35880
2018-06-09 15:11:00,8.35,8.35,7.60,8.00,760,36400
2018-06-09 15:12:00,8.00,8.25,7.85,7.85,400,36400
2018-06-09 15:13:00,7.85,8.40,7.60,8.40,2880,36400
2018-06-09 15:14:00,8.10,8.10,7.60,8.10,920,37560
2018-06-09 15:15:00,8.10,8.20,8.00,8.20,240,37560
2018-06-09 15:16:00,8.20,8.55,8.20,8.50,240,37560
2018-06-09 15:17:00,8.50,8.50,8.10,8.45,160,37560
2018-06-09 15:18:00,8.45,8.45,8.20,8.40,600,37240
2018-06-09 15:19:00,8.40,8.40,7.75,8.15,2760,37240
2018-06-09 15:20:00,8.15,8.20,8.15,8.20,520,37240
2018-06-09 15:21:00,8.20,8.30,7.85,7.95,1640,39240
2018-06-09 15:22:00,7.95,8.35,7.95,8.10,2920,39240
2018-06-09 15:23:00,8.10,8.35,8.10,8.35,1800,41880
2018-06-09 15:24:00,8.35,8.35,8.25,8.35,1320,41880
2018-06-09 15:25:00,8.35,8.50,8.20,8.20,480,41880
2018-06-09 15:26:00,8.20,8.20,8.20,8.20,0,0
2018-06-09 15:27:00,8.20,8.25,7.80,8.25,1520,42240
2018-06-09 15:28:00,8.25,8.25,7.70,8.25,2280,42240
2018-06-09 15:29:01,8.25,9.30,7.75,7.75,1000,42240
2018-07-09 09:15:00,10.45,10.45,10.45,10.45,0,40000
2018-07-09 09:16:00,10.45,12.10,7.45,9.55,10880,40880
2018-07-09 09:17:00,9.55,9.95,9.15,9.80,2840,40880
2018-07-09 09:18:00,10.90,11.05,10.00,10.70,2160,40880
2018-07-09 09:19:00,10.70,11.10,10.05,10.05,1640,45520
2018-07-09 09:20:00,10.05,12.20,10.05,11.05,3880,45520
2018-07-09 09:21:00,11.05,11.90,10.00,10.00,3160,45520
2018-07-09 09:22:00,10.00,10.70,9.75,10.20,3120,47720
2018-07-09 09:23:00,10.20,10.70,10.00,10.35,4800,47720
2018-07-09 09:24:00,10.05,10.75,9.90,10.30,3520,47720
2018-07-09 09:25:00,10.35,11.05,9.85,10.85,3520,55960
2018-07-09 09:26:00,10.60,11.15,10.20,11.15,920,55960
2018-07-09 09:27:00,11.75,11.75,10.55,10.55,1920,55960
2018-07-09 09:28:00,10.55,11.10,10.55,11.00,680,57320
2018-07-09 09:29:00,11.00,11.05,10.50,10.95,2240,57320
2018-07-09 09:30:00,10.95,11.70,10.95,11.50,1040,57320
2018-07-09 09:31:00,11.55,13.35,11.30,11.50,4160,58680
2018-07-09 09:32:00,11.50,11.55,10.00,10.25,2800,58680
2018-07-09 09:33:00,10.25,11.00,10.25,11.00,2000,58680
2018-07-09 09:34:00,11.00,11.50,10.85,11.45,760,59680
2018-07-09 09:35:00,11.45,11.45,11.10,11.15,1400,59680
2018-07-09 09:36:00,11.15,11.50,11.15,11.50,2800,59680
2018-07-09 09:37:00,11.50,11.90,10.55,11.05,4600,59680
2018-07-09 09:38:00,10.95,11.05,10.85,10.85,920,59680
2018-07-09 09:39:00,10.85,10.85,10.65,10.80,560,59680
2018-07-09 09:40:00,10.80,11.70,10.80,11.70,960,61200
2018-07-09 09:41:00,11.70,11.70,11.10,11.10,480,61200
2018-07-09 09:42:00,11.10,11.40,10.90,10.90,1440,61200
2018-07-09 09:43:00,10.90,11.25,10.80,11.25,400,61160
2018-07-09 09:44:00,11.25,11.25,10.60,10.60,480,61160
2018-07-09 09:45:00,10.60,10.70,9.85,9.95,2800,61160
2018-07-09 09:46:00,9.95,9.95,9.30,9.30,2240,61160
2018-07-09 09:47:00,9.30,9.50,8.70,9.25,1160,60800
2018-07-09 09:48:00,9.15,10.00,8.75,9.80,3480,60800
2018-07-09 09:49:00,9.80,9.95,9.30,9.30,1040,61600
2018-07-09 09:50:00,9.30,9.30,8.50,8.70,1320,61600
2018-07-09 09:51:00,8.70,9.05,8.30,8.65,1640,61600
2018-07-09 09:52:00,8.65,9.45,8.65,8.90,1920,62160
2018-07-09 09:53:00,8.90,9.10,8.45,8.60,1640,62160
2018-07-09 09:54:00,8.60,9.00,8.50,8.70,2000,62160
2018-07-09 09:55:00,8.70,8.95,8.30,8.50,3320,62960
2018-07-09 09:56:00,8.50,9.00,8.50,9.00,1000,62960
2018-07-09 09:57:00,9.00,9.45,8.95,9.45,2680,62960
2018-07-09 09:58:00,9.45,9.45,9.10,9.10,1360,62960
2018-07-09 09:59:00,9.10,9.20,9.10,9.20,280,62440
2018-07-09 10:00:00,9.20,9.20,9.00,9.00,360,62440
2018-07-09 10:01:00,9.00,9.70,9.00,9.55,640,62440
2018-07-09 10:02:00,10.15,10.15,9.30,9.30,960,62440
2018-07-09 10:03:00,9.30,9.50,9.30,9.50,520,62440
2018-07-09 10:04:00,9.50,9.50,8.80,8.90,1800,63240
2018-07-09 10:05:00,9.00,9.15,8.90,8.90,2640,63240
2018-07-09 10:06:00,8.90,8.90,8.50,8.50,880,63240
2018-07-09 10:07:00,8.50,8.50,8.25,8.45,1160,63680
2018-07-09 10:08:00,8.45,8.50,8.35,8.50,520,63680
2018-07-09 10:09:00,8.50,8.75,8.30,8.30,920,63680
2018-07-09 10:10:00,8.15,8.15,7.55,7.55,3320,64240
2018-07-09 10:11:00,7.55,8.00,7.55,7.85,120,64240
2018-07-09 10:12:00,7.85,8.30,7.85,8.10,200,64240
2018-07-09 10:13:00,8.10,8.35,8.10,8.35,1440,65680
2018-07-09 10:14:00,8.35,8.65,8.25,8.65,2800,65680
2018-07-09 10:15:00,8.65,8.65,8.40,8.40,80,65680
2018-07-09 10:16:00,8.40,8.80,8.40,8.80,520,65680
2018-07-09 10:17:00,8.80,8.80,8.50,8.50,80,65040
2018-07-09 10:18:00,8.45,8.45,8.45,8.45,0,65040
2018-07-09 10:19:00,8.45,8.45,8.45,8.45,40,65040
2018-07-09 10:20:00,8.45,8.50,8.45,8.50,40,65040
2018-07-09 10:21:00,8.50,8.50,8.50,8.50,0,0
2018-07-09 10:22:00,8.50,8.50,8.10,8.10,40,65000
2018-07-09 10:23:00,8.10,8.85,8.10,8.80,480,65000
2018-07-09 10:24:00,8.80,8.80,8.30,8.30,120,65000
2018-07-09 10:25:00,8.30,8.35,8.30,8.30,320,65000
2018-07-09 10:26:00,8.30,8.65,8.30,8.65,280,64640
2018-07-09 10:27:00,8.65,8.85,8.40,8.85,80,64640
2018-07-09 10:28:00,8.85,8.85,8.20,8.35,200,64640
2018-07-09 10:29:00,8.35,8.75,8.35,8.40,1000,64600
2018-07-09 10:30:00,8.25,8.25,8.25,8.25,0,64600
2018-07-09 10:31:00,8.25,8.65,8.25,8.65,80,64600
2018-07-09 10:32:00,8.70,9.25,8.70,8.85,1880,64080
2018-07-09 10:33:00,9.10,9.45,9.10,9.45,240,64080
2018-07-09 10:34:00,9.50,9.55,8.85,8.85,80,64280
2018-07-09 10:35:00,8.85,8.85,8.00,8.15,2160,64280
2018-07-09 10:36:00,8.15,8.20,7.60,7.60,2200,64280
2018-07-09 10:37:00,7.60,7.75,7.25,7.55,4600,64280
2018-07-09 10:38:00,7.55,7.60,7.25,7.60,680,62640
2018-07-09 10:39:00,7.60,7.85,7.25,7.65,2040,62640
2018-07-09 10:40:00,7.65,7.95,7.35,7.35,1000,62640
2018-07-09 10:41:00,7.35,8.00,7.35,8.00,1040,60520
2018-07-09 10:42:00,8.00,8.00,7.35,7.35,760,60520
2018-07-09 10:43:00,7.35,7.85,7.35,7.85,520,60520
2018-07-09 10:44:00,7.85,7.95,7.55,7.95,200,60000
2018-07-09 10:45:00,7.95,8.00,7.95,8.00,200,60000
2018-07-09 10:46:00,8.00,8.25,8.00,8.05,1560,60000
2018-07-09 10:47:00,8.05,8.05,7.75,7.75,640,58840
2018-07-09 10:48:00,7.75,7.95,7.75,7.95,200,58840
2018-07-09 10:49:00,7.95,7.95,7.55,7.55,480,58840
2018-07-09 10:50:00,7.55,7.55,7.55,7.55,0,0
2018-07-09 10:51:00,7.55,7.55,7.55,7.55,0,0
2018-07-09 10:52:00,7.55,7.85,7.55,7.85,320,58360
2018-07-09 10:53:00,7.85,7.85,7.85,7.85,0,0
2018-07-09 10:54:00,7.85,8.25,7.85,8.25,200,58360
2018-07-09 10:55:00,8.25,8.50,8.10,8.10,320,58360
2018-07-09 10:56:00,8.10,8.10,8.10,8.10,0,0
2018-07-09 10:57:00,8.10,8.50,8.10,8.50,40,0
2018-07-09 10:58:00,8.50,8.50,8.00,8.00,120,57800
2018-07-09 10:59:00,8.00,8.45,8.00,8.45,520,57800
2018-07-09 11:00:00,8.45,8.50,8.05,8.05,600,57800
2018-07-09 11:01:00,8.05,8.05,8.05,8.05,0,0
2018-07-09 11:02:00,8.05,8.25,7.85,8.00,920,57800
2018-07-09 11:03:00,8.00,8.20,8.00,8.20,240,57800
2018-07-09 11:04:00,8.20,8.20,8.20,8.20,0,0
2018-07-09 11:05:00,8.20,8.20,7.85,8.15,720,57280
2018-07-09 11:06:00,8.15,8.15,7.85,7.85,80,57280
2018-07-09 11:07:00,7.85,8.15,7.85,7.85,480,57480
2018-07-09 11:08:00,7.85,8.05,7.85,8.05,400,57480
2018-07-09 11:09:00,8.05,8.10,7.95,7.95,1200,57480
2018-07-09 11:10:00,7.95,8.20,7.95,8.05,400,57480
2018-07-09 11:11:00,8.05,8.05,8.05,8.05,40,57240
2018-07-09 11:12:00,8.05,8.05,7.55,7.55,520,57240
2018-07-09 11:13:00,7.55,7.85,7.55,7.85,240,57240
2018-07-09 11:14:00,7.85,7.90,7.85,7.90,80,57200
2018-07-09 11:15:00,7.90,7.90,7.90,7.90,0,0
2018-07-09 11:16:00,8.00,8.25,8.00,8.25,520,57200
2018-07-09 11:17:00,8.25,8.80,8.25,8.80,240,56960
2018-07-09 11:18:00,8.80,8.85,8.45,8.85,600,56960
2018-07-09 11:19:00,8.85,9.65,8.80,9.35,2440,57080
2018-07-09 11:20:00,9.35,9.35,8.95,8.95,440,57080
2018-07-09 11:21:00,8.95,9.10,8.90,8.90,600,57080
2018-07-09 11:22:00,8.90,9.35,8.85,8.95,1680,57480
2018-07-09 11:23:00,8.95,9.40,8.95,9.40,120,57480
2018-07-09 11:24:00,9.40,9.40,9.40,9.40,1920,57480
2018-07-09 11:25:00,9.40,9.40,9.40,9.40,120,58480
2018-07-09 11:26:00,9.40,10.50,9.40,9.80,960,58480
2018-07-09 11:27:00,9.80,10.15,9.75,9.75,360,58480
2018-07-09 11:28:00,9.75,9.75,9.25,9.25,320,58480
2018-07-09 11:29:00,9.25,9.25,8.80,8.80,440,57920
2018-07-09 11:30:00,8.80,8.80,8.65,8.65,240,57920
2018-07-09 11:31:00,8.65,9.15,8.65,9.15,80,57920
2018-07-09 11:32:00,9.15,9.35,9.05,9.35,280,58080
2018-07-09 11:33:00,9.35,9.35,9.05,9.05,440,58080
2018-07-09 11:34:00,9.05,9.05,8.50,8.50,1440,58360
2018-07-09 11:35:00,8.50,8.60,8.50,8.60,120,58360
2018-07-09 11:36:00,8.60,9.00,8.60,9.00,1000,58360
2018-07-09 11:37:00,9.00,9.00,8.35,8.35,240,58360
2018-07-09 11:38:00,8.35,8.50,8.35,8.35,120,58240
2018-07-09 11:39:00,8.35,8.40,8.15,8.40,280,58240
2018-07-09 11:40:00,8.75,8.75,8.25,8.45,2320,58240
2018-07-09 11:41:00,8.45,8.45,8.00,8.00,960,56840
2018-07-09 11:42:00,8.00,8.00,8.00,8.00,40,56840
2018-07-09 11:43:00,8.00,8.35,8.00,8.30,80,56840
2018-07-09 11:44:00,8.30,8.30,8.30,8.30,120,56520
2018-07-09 11:45:00,8.30,8.30,8.30,8.30,120,56520
2018-07-09 11:46:00,8.30,8.75,8.30,8.70,160,56400
2018-07-09 11:47:00,8.70,8.70,8.20,8.20,120,56400
2018-07-09 11:48:00,8.20,8.20,8.20,8.20,0,0
2018-07-09 11:49:00,8.20,8.20,8.00,8.00,1080,56400
2018-07-09 11:50:00,8.00,8.00,8.00,8.00,0,0
2018-07-09 11:51:00,8.00,8.65,8.00,8.65,520,57160
2018-07-09 11:52:00,8.65,8.80,8.65,8.75,160,57160
2018-07-09 11:53:00,8.75,8.75,8.75,8.75,0,0
2018-07-09 11:54:00,8.75,8.75,8.00,8.00,520,56960
2018-07-09 11:55:00,8.00,8.35,8.00,8.35,0,56720
2018-07-09 11:56:00,8.20,8.20,8.20,8.20,0,56720
2018-07-09 11:57:00,8.20,8.20,8.20,8.20,0,0
2018-07-09 11:58:00,8.20,8.35,8.20,8.35,1160,56720
2018-07-09 11:59:00,8.35,8.75,8.35,8.75,40,55920
2018-07-09 12:00:00,8.75,8.90,8.75,8.90,240,55920
2018-07-09 12:01:00,8.90,8.90,8.55,8.60,440,55920
2018-07-09 12:02:00,8.60,8.75,8.60,8.75,120,55760
2018-07-09 12:03:00,8.75,8.75,8.75,8.75,0,0
2018-07-09 12:04:00,8.75,8.75,8.75,8.75,0,55840
2018-07-09 12:05:00,9.00,9.00,9.00,9.00,0,0
2018-07-09 12:06:00,9.00,9.00,9.00,9.00,0,0
2018-07-09 12:07:00,9.00,9.00,8.80,8.80,40,55760
2018-07-09 12:08:00,8.80,8.80,8.20,8.60,1480,55760
2018-07-09 12:09:00,8.60,8.60,8.50,8.50,80,55760
2018-07-09 12:10:00,8.50,8.50,8.25,8.40,920,56000
2018-07-09 12:11:00,8.40,8.45,8.25,8.25,280,56000
2018-07-09 12:12:00,8.25,8.60,8.25,8.60,520,56000
2018-07-09 12:13:00,8.60,8.60,8.60,8.60,0,0
2018-07-09 12:14:00,8.60,8.80,8.60,8.80,120,54880
2018-07-09 12:15:00,8.80,8.80,8.80,8.80,0,0
2018-07-09 12:16:00,8.80,8.80,8.00,8.00,680,55000
2018-07-09 12:17:00,8.00,8.15,7.95,8.00,320,55000
2018-07-09 12:18:00,8.00,8.35,8.00,8.35,560,55000
2018-07-09 12:19:00,8.35,8.35,8.10,8.10,80,55560
2018-07-09 12:20:00,8.10,8.25,8.10,8.25,40,55560
2018-07-09 12:21:00,8.25,8.50,8.25,8.50,2240,55560
2018-07-09 12:22:00,8.50,8.50,8.30,8.45,240,55560
2018-07-09 12:23:00,8.45,8.45,8.45,8.45,80,56920
2018-07-09 12:24:00,8.45,8.45,8.45,8.45,0,0
2018-07-09 12:25:00,8.45,8.45,8.45,8.45,0,0
2018-07-09 12:26:00,8.45,8.50,8.40,8.40,120,56840
2018-07-09 12:27:00,8.40,8.40,8.25,8.25,40,56840
2018-07-09 12:28:00,8.25,8.25,8.25,8.25,0,0
2018-07-09 12:29:00,8.25,8.60,8.25,8.60,520,56840
2018-07-09 12:30:00,8.60,8.60,8.60,8.60,0,0
2018-07-09 12:31:00,8.60,8.60,8.10,8.10,400,57080
2018-07-09 12:32:00,8.10,8.25,7.95,7.95,800,57080
2018-07-09 12:33:00,7.95,7.95,7.65,7.65,320,57080
2018-07-09 12:34:00,7.90,7.95,7.90,7.95,280,57080
2018-07-09 12:35:00,7.95,8.15,7.90,8.00,600,57840
2018-07-09 12:36:00,8.00,8.00,8.00,8.00,80,57840
2018-07-09 12:37:00,8.00,8.00,8.00,8.00,40,57840
2018-07-09 12:38:00,8.00,8.15,8.00,8.15,40,58080
2018-07-09 12:39:00,8.15,8.25,8.15,8.25,200,58080
2018-07-09 12:40:00,8.25,8.25,8.25,8.25,40,58080
2018-07-09 12:41:00,8.25,8.45,8.25,8.45,640,57400
2018-07-09 12:42:00,8.45,8.45,8.20,8.40,640,57400
2018-07-09 12:43:00,8.40,8.40,8.40,8.40,0,0
2018-07-09 12:44:00,8.40,8.65,8.40,8.65,520,56920
2018-07-09 12:45:00,8.65,8.65,8.10,8.25,480,56920
2018-07-09 12:46:00,8.25,8.25,7.85,7.85,320,57000
2018-07-09 12:47:00,7.85,8.20,7.85,8.20,520,57000
2018-07-09 12:48:00,8.20,8.20,8.20,8.20,0,0
2018-07-09 12:49:00,8.20,8.20,7.65,7.65,1040,57560
2018-07-09 12:50:00,7.65,7.90,7.65,7.90,200,57560
2018-07-09 12:51:00,7.90,8.00,7.90,7.90,360,57560
2018-07-09 12:52:00,7.90,8.20,7.90,8.20,120,57560
2018-07-09 12:53:00,8.20,8.20,8.20,8.20,0,0
2018-07-09 12:54:00,8.20,8.20,8.20,8.20,0,0
2018-07-09 12:55:00,8.20,8.20,8.20,8.20,240,56640
2018-07-09 12:56:00,8.20,8.25,8.20,8.25,40,56480
2018-07-09 12:57:00,8.25,8.25,8.25,8.25,0,0
2018-07-09 12:58:00,8.25,8.25,8.25,8.25,160,56480
2018-07-09 12:59:00,8.25,8.70,8.25,8.70,720,56480
2018-07-09 13:00:00,8.70,8.75,8.70,8.75,120,56480
2018-07-09 13:01:00,8.75,8.75,8.35,8.35,520,56480
2018-07-09 13:02:00,8.30,8.30,8.30,8.30,200,56560
2018-07-09 13:03:00,8.30,8.30,8.00,8.00,800,56560
2018-07-09 13:04:00,8.00,8.00,8.00,8.00,0,0
2018-07-09 13:05:00,8.00,8.00,7.85,7.85,40,56480
2018-07-09 13:06:00,7.85,7.85,7.85,7.85,0,0
2018-07-09 13:07:00,7.85,7.90,7.85,7.90,40,56480
2018-07-09 13:08:00,7.90,7.90,7.85,7.85,400,0
2018-07-09 13:09:00,7.85,8.10,7.70,8.00,1320,56480
2018-07-09 13:10:00,8.00,8.00,7.65,7.95,240,57120
2018-07-09 13:11:00,7.95,7.95,7.60,7.60,880,57120
2018-07-09 13:12:00,7.60,7.75,7.60,7.65,2280,57120
2018-07-09 13:13:00,7.65,7.70,7.55,7.70,320,57120
2018-07-09 13:14:00,7.70,7.70,7.55,7.55,480,55080
2018-07-09 13:15:00,7.55,7.85,7.55,7.85,280,55080
2018-07-09 13:16:00,7.85,8.00,7.85,7.90,400,55320
2018-07-09 13:17:00,7.90,8.10,7.85,7.85,720,55320
2018-07-09 13:18:00,7.85,7.85,7.80,7.80,40,55320
2018-07-09 13:19:00,7.80,8.00,7.80,8.00,80,55640
2018-07-09 13:20:00,8.00,8.00,8.00,8.00,0,0
2018-07-09 13:21:00,8.00,8.00,8.00,8.00,0,0
2018-07-09 13:22:00,8.00,8.15,7.95,8.15,160,55600
2018-07-09 13:23:00,8.15,8.15,8.15,8.15,0,0
2018-07-09 13:24:00,8.15,8.15,8.00,8.00,520,55600
2018-07-09 13:25:00,8.00,8.20,8.00,8.20,40,55600
2018-07-09 13:26:00,8.20,8.20,8.00,8.00,120,55440
2018-07-09 13:27:00,8.00,8.55,8.00,8.55,600,55440
2018-07-09 13:28:00,8.55,8.55,8.30,8.45,80,55440
2018-07-09 13:29:00,8.45,8.45,7.90,8.25,240,55520
2018-07-09 13:30:00,8.25,8.45,8.25,8.25,240,55520
2018-07-09 13:31:00,8.25,8.50,8.25,8.30,1640,55400
2018-07-09 13:32:00,8.30,8.30,7.65,7.65,520,55400
2018-07-09 13:33:00,7.65,8.05,7.50,7.50,480,55400
2018-07-09 13:34:00,7.50,7.50,7.50,7.50,400,55240
2018-07-09 13:35:00,7.50,7.50,7.50,7.50,40,55240
2018-07-09 13:36:00,7.50,7.85,7.50,7.85,160,55240
2018-07-09 13:37:00,7.85,7.85,7.85,7.85,0,0
2018-07-09 13:38:00,7.85,7.85,7.85,7.85,0,0
2018-07-09 13:39:00,7.85,7.85,7.85,7.85,0,0
2018-07-09 13:40:00,7.85,7.85,7.80,7.80,40,54680
2018-07-09 13:41:00,7.80,7.80,7.60,7.80,1920,54680
2018-07-09 13:42:00,7.80,7.80,7.80,7.80,0,0
2018-07-09 13:43:00,7.80,7.80,7.65,7.65,720,55840
2018-07-09 13:44:00,7.65,7.90,7.65,7.90,200,55840
2018-07-09 13:45:00,7.90,7.90,7.90,7.90,0,0
2018-07-09 13:46:00,7.90,7.90,7.50,7.50,200,55840
2018-07-09 13:47:00,7.50,7.50,7.50,7.50,0,0
2018-07-09 13:48:00,7.50,7.50,7.50,7.50,240,55480
2018-07-09 13:49:00,7.50,7.80,7.50,7.80,240,55520
2018-07-09 13:50:00,7.80,7.85,7.65,7.80,640,55520
2018-07-09 13:51:00,7.80,8.05,7.80,8.05,360,55520
2018-07-09 13:52:00,8.05,8.45,8.05,8.25,120,55520
2018-07-09 13:53:00,8.25,8.25,8.05,8.05,200,55800
2018-07-09 13:54:00,8.05,8.05,8.05,8.05,0,0
2018-07-09 13:55:00,8.05,8.05,8.05,8.05,0,0
2018-07-09 13:56:00,8.05,8.05,8.00,8.00,200,55800
2018-07-09 13:57:00,8.00,8.00,8.00,8.00,0,0
2018-07-09 13:58:00,8.00,8.45,7.95,8.25,520,55800
2018-07-09 13:59:00,8.25,8.25,8.25,8.25,160,56120
2018-07-09 14:00:00,8.25,8.25,7.75,7.75,320,56120
2018-07-09 14:01:00,8.05,8.25,7.85,8.25,1120,56440
2018-07-09 14:02:00,8.25,8.35,8.25,8.35,120,56440
2018-07-09 14:03:00,8.35,8.35,8.35,8.35,0,0
2018-07-09 14:04:00,8.35,8.35,8.35,8.35,0,0
2018-07-09 14:05:00,8.35,8.55,8.35,8.55,320,56240
2018-07-09 14:06:00,8.55,8.55,8.55,8.55,0,0
2018-07-09 14:07:00,8.60,8.60,8.60,8.60,160,56240
2018-07-09 14:08:00,8.60,8.60,8.60,8.60,160,56080
2018-07-09 14:09:00,8.60,8.60,8.00,8.25,480,56080
2018-07-09 14:10:00,8.25,8.25,7.90,7.90,520,55920
2018-07-09 14:11:00,7.90,8.50,7.85,8.25,1760,55920
2018-07-09 14:12:00,8.40,8.40,8.40,8.40,0,55920
2018-07-09 14:13:00,8.40,8.60,8.40,8.50,440,55920
2018-07-09 14:14:00,8.50,8.50,8.25,8.40,520,56360
2018-07-09 14:15:00,8.40,8.65,8.40,8.65,40,56360
2018-07-09 14:16:00,8.65,8.75,8.30,8.75,440,56720
2018-07-09 14:17:00,8.75,8.80,8.55,8.55,1520,56720
2018-07-09 14:18:00,8.55,9.10,8.55,9.10,480,56720
2018-07-09 14:19:00,9.10,9.40,9.10,9.40,560,56720
2018-07-09 14:20:00,9.40,9.40,9.00,9.00,840,56520
2018-07-09 14:21:00,9.00,9.10,8.95,8.95,1480,56520
2018-07-09 14:22:00,8.95,10.10,8.95,9.60,2240,57040
2018-07-09 14:23:00,9.60,9.95,9.50,9.50,1680,57040
2018-07-09 14:24:00,9.50,9.50,9.00,9.00,880,57040
2018-07-09 14:25:00,9.00,9.10,9.00,9.10,360,58280
2018-07-09 14:26:00,9.10,9.40,9.10,9.40,400,58280
2018-07-09 14:27:00,9.40,9.40,8.40,9.05,920,58280
2018-07-09 14:28:00,9.05,9.05,8.70,8.90,480,58240
2018-07-09 14:29:00,8.90,8.90,8.80,8.80,400,58240
2018-07-09 14:30:00,8.80,8.80,8.50,8.50,80,58240
2018-07-09 14:31:00,8.50,8.50,8.40,8.50,760,58240
2018-07-09 14:32:00,8.50,8.50,7.50,7.95,560,57360
2018-07-09 14:33:00,7.95,7.95,7.95,7.95,0,0
2018-07-09 14:34:00,7.95,8.40,7.95,8.35,120,57360
2018-07-09 14:35:00,8.35,8.35,7.90,7.90,480,57600
2018-07-09 14:36:00,7.90,8.15,7.90,8.10,240,57600
2018-07-09 14:37:00,8.10,8.30,7.95,8.20,600,57600
2018-07-09 14:38:00,8.20,8.60,8.20,8.60,480,57560
2018-07-09 14:39:00,8.60,8.60,8.00,8.00,240,57560
2018-07-09 14:40:00,8.00,8.00,8.00,8.00,0,0
2018-07-09 14:41:00,8.00,8.40,8.00,8.40,80,57520
2018-07-09 14:42:00,8.40,8.40,8.10,8.10,80,57520
2018-07-09 14:43:00,8.10,8.15,7.80,8.15,1120,57760
2018-07-09 14:44:00,8.15,8.15,7.40,8.00,1240,57760
2018-07-09 14:45:00,8.00,8.00,7.90,7.90,320,57760
2018-07-09 14:46:00,7.90,8.05,5.55,7.60,10320,59040
2018-07-09 14:47:00,7.60,7.60,7.00,7.15,1520,59040
2018-07-09 14:48:00,7.15,7.40,6.60,7.05,1440,59040
2018-07-09 14:49:00,7.05,7.05,6.75,6.90,640,56160
2018-07-09 14:50:00,6.90,7.10,6.40,6.90,360,56160
2018-07-09 14:51:00,6.85,6.90,6.45,6.85,2240,56160
2018-07-09 14:52:00,6.85,7.00,6.45,6.70,4320,56160
2018-07-09 14:53:00,6.70,7.25,6.65,6.65,4760,55480
2018-07-09 14:54:00,6.95,7.00,6.60,6.60,3320,55480
2018-07-09 14:55:00,6.60,6.60,6.45,6.60,1800,52960
2018-07-09 14:56:00,6.60,6.90,6.30,6.65,2360,52960
2018-07-09 14:57:00,6.70,6.70,6.30,6.65,4120,52960
2018-07-09 14:58:00,6.65,6.65,6.50,6.60,2280,52960
2018-07-09 14:59:00,6.60,6.60,6.20,6.20,920,49880
2018-07-09 15:00:00,6.20,6.20,6.05,6.15,1880,49880
2018-07-09 15:01:00,6.15,6.50,6.00,6.40,440,49880
2018-07-09 15:02:00,6.40,6.40,5.90,5.90,440,49240
2018-07-09 15:03:00,5.90,6.25,5.85,6.25,1520,49240
2018-07-09 15:04:00,6.25,6.40,6.10,6.40,560,49240
2018-07-09 15:05:00,6.40,6.40,5.90,6.00,1080,48920
2018-07-09 15:06:00,6.00,6.60,6.00,6.50,1800,48920
2018-07-09 15:07:00,6.50,6.50,6.00,6.30,680,48920
2018-07-09 15:08:00,6.30,6.30,6.00,6.00,960,48400
2018-07-09 15:09:00,6.00,6.30,5.90,6.05,1320,48400
2018-07-09 15:10:00,6.05,6.05,5.80,5.80,960,49200
2018-07-09 15:11:00,6.00,6.10,5.45,5.45,3800,49200
2018-07-09 15:12:00,5.45,5.90,5.45,5.60,3320,49200
2018-07-09 15:13:00,5.60,5.75,5.45,5.45,920,54080
2018-07-09 15:14:00,5.45,6.00,5.45,5.75,7800,54080
2018-07-09 15:15:00,5.90,6.15,5.55,5.95,6280,54080
2018-07-09 15:16:00,5.95,6.40,5.95,6.30,6240,63280
2018-07-09 15:17:00,6.30,6.35,6.30,6.35,6440,63280
2018-07-09 15:18:00,6.35,6.60,6.35,6.50,5880,63280
2018-07-09 15:19:00,6.50,6.60,6.15,6.35,3480,76000
2018-07-09 15:20:00,6.35,6.80,6.35,6.75,2880,76000
2018-07-09 15:21:00,6.75,7.00,6.55,7.00,5200,76000
2018-07-09 15:22:00,6.65,6.90,6.50,6.65,2040,83480
2018-07-09 15:23:00,6.65,6.90,6.65,6.70,6200,83480
2018-07-09 15:24:00,6.70,7.10,6.70,7.00,10480,83480
2018-07-09 15:25:00,7.00,7.35,6.90,7.15,7360,98600
2018-07-09 15:26:00,7.15,7.45,6.90,7.30,4960,98600
2018-07-09 15:27:00,7.15,7.40,7.00,7.25,1400,98600
2018-07-09 15:28:00,7.25,7.90,7.00,7.15,3400,108440
2018-07-09 15:29:01,7.15,7.50,6.10,6.10,3960,108440
2018-10-09 09:15:00,3.60,6.10,3.60,6.00,680,108680
2018-10-09 09:16:00,5.60,6.60,5.05,6.30,4680,108680
2018-10-09 09:17:00,5.70,6.80,5.55,6.65,4000,108680
2018-10-09 09:18:00,6.65,6.75,5.50,5.65,4320,108280
2018-10-09 09:19:00,5.75,5.90,5.30,5.55,6560,108280
2018-10-09 09:20:00,5.60,6.20,5.60,5.85,6840,108280
2018-10-09 09:21:00,5.85,6.00,5.65,6.00,4440,108440
2018-10-09 09:22:00,6.00,6.25,5.35,5.50,5040,108440
2018-10-09 09:23:00,5.40,5.95,5.20,5.25,5840,108440
2018-10-09 09:24:00,5.35,5.50,4.35,4.55,10720,108440
2018-10-09 09:25:00,4.55,5.10,4.35,4.55,7520,107640
2018-10-09 09:26:00,4.55,4.90,4.40,4.80,10520,107640
2018-10-09 09:27:00,4.95,4.95,4.50,4.60,4560,106600
2018-10-09 09:28:00,4.60,4.90,4.60,4.85,8160,106600
2018-10-09 09:29:00,4.85,5.20,4.60,4.95,7960,106600
2018-10-09 09:30:00,4.95,5.25,4.95,5.15,5520,106600
2018-10-09 09:31:00,5.15,5.25,4.80,5.20,8960,106080
2018-10-09 09:32:00,5.10,5.35,5.00,5.15,7960,106080
2018-10-09 09:33:00,5.40,5.50,5.10,5.25,10800,107480
2018-10-09 09:34:00,5.30,5.45,5.15,5.35,2240,107480
2018-10-09 09:35:00,5.35,5.70,5.25,5.40,8520,107480
2018-10-09 09:36:00,5.40,5.50,4.95,5.05,2120,107280
2018-10-09 09:37:00,5.05,5.15,4.95,4.95,2240,107280
2018-10-09 09:38:00,4.95,5.15,4.90,5.15,1760,107280
2018-10-09 09:39:00,5.15,5.15,5.00,5.05,760,107120
2018-10-09 09:40:00,5.05,5.05,4.80,4.85,1280,107120
2018-10-09 09:41:00,4.85,4.95,4.65,4.75,1360,107120
2018-10-09 09:42:00,4.85,4.85,4.50,4.60,2440,106920
2018-10-09 09:43:00,4.60,4.80,4.50,4.60,3120,106920
2018-10-09 09:44:00,4.60,4.75,4.35,4.35,4560,106920
2018-10-09 09:45:00,4.50,4.80,4.45,4.55,4000,107000
2018-10-09 09:46:00,4.55,4.75,4.55,4.65,240,107000
2018-10-09 09:47:00,4.65,4.70,4.50,4.60,1720,107000
2018-10-09 09:48:00,4.60,4.65,4.50,4.50,1280,106680
2018-10-09 09:49:00,4.50,4.65,4.45,4.65,560,106680
2018-10-09 09:50:00,4.65,4.65,4.35,4.55,1880,106680
2018-10-09 09:51:00,4.55,4.65,4.50,4.55,600,106880
2018-10-09 09:52:00,4.55,4.65,4.45,4.45,960,106880
2018-10-09 09:53:00,4.45,4.45,4.35,4.45,1240,106880
2018-10-09 09:54:00,4.45,4.50,4.40,4.45,800,107080
2018-10-09 09:55:00,4.45,4.55,4.30,4.45,2520,107080
2018-10-09 09:56:00,4.45,4.55,4.40,4.50,760,107080
2018-10-09 09:57:00,4.50,4.75,4.45,4.75,800,107080
2018-10-09 09:58:00,4.80,4.90,4.70,4.70,3440,106800
2018-10-09 09:59:00,4.85,4.90,4.65,4.75,2480,106800
2018-10-09 10:00:00,4.75,4.85,4.65,4.70,1960,106800
2018-10-09 10:01:00,4.70,4.70,4.45,4.55,1520,106480
2018-10-09 10:02:00,4.55,4.75,4.55,4.75,1000,106480
2018-10-09 10:03:00,4.70,4.85,4.60,4.75,7800,106920
2018-10-09 10:04:00,4.65,4.80,4.55,4.75,3480,106920
2018-10-09 10:05:00,4.75,4.85,4.45,4.45,9520,106920
2018-10-09 10:06:00,4.50,4.65,4.35,4.45,6680,109720
2018-10-09 10:07:00,4.40,4.60,4.25,4.30,3800,109720
2018-10-09 10:08:00,4.30,4.45,4.30,4.35,800,109720
2018-10-09 10:09:00,4.35,4.55,4.35,4.55,2320,109480
2018-10-09 10:10:00,4.55,4.65,4.40,4.55,1720,109480
2018-10-09 10:11:00,4.55,4.70,4.45,4.55,1360,109480
2018-10-09 10:12:00,4.55,4.60,4.10,4.15,4680,109480
2018-10-09 10:13:00,4.15,4.45,4.15,4.45,920,108680
2018-10-09 10:14:00,4.45,4.45,4.30,4.35,960,108680
2018-10-09 10:15:00,4.35,4.45,4.35,4.45,160,108680
2018-10-09 10:16:00,4.45,4.45,4.30,4.30,120,109320
2018-10-09 10:17:00,4.30,4.30,4.20,4.20,160,109320
2018-10-09 10:18:00,4.20,4.30,4.20,4.30,800,109320
2018-10-09 10:19:00,4.30,4.30,4.15,4.15,560,109280
2018-10-09 10:20:00,4.10,4.20,4.05,4.10,880,109280
2018-10-09 10:21:00,4.10,4.15,4.05,4.10,440,109360
2018-10-09 10:22:00,4.15,4.15,4.00,4.00,1160,109360
2018-10-09 10:23:00,4.00,4.05,4.00,4.00,480,109360
2018-10-09 10:24:00,4.00,4.00,3.95,3.95,1000,109120
2018-10-09 10:25:00,4.00,4.00,4.00,4.00,0,109120
2018-10-09 10:26:00,4.00,4.00,4.00,4.00,320,109120
2018-10-09 10:27:00,4.00,4.15,4.00,4.00,1720,109120
2018-10-09 10:28:00,4.00,4.00,3.95,3.95,120,109040
2018-10-09 10:29:00,3.95,4.00,3.95,4.00,160,109040
2018-10-09 10:30:00,4.00,4.00,3.90,3.90,560,109080
2018-10-09 10:31:00,3.95,4.10,3.85,4.00,2800,109080
2018-10-09 10:32:00,4.00,4.05,3.85,4.00,1320,109080
2018-10-09 10:33:00,4.00,4.15,3.85,4.15,3200,109040
2018-10-09 10:34:00,4.15,4.35,4.15,4.15,800,109040
2018-10-09 10:35:00,4.15,4.55,4.15,4.50,760,109040
2018-10-09 10:36:00,4.45,4.60,4.45,4.50,840,108920
2018-10-09 10:37:00,4.50,4.60,4.45,4.55,2040,108920
2018-10-09 10:38:00,4.55,4.55,4.20,4.40,1320,108920
2018-10-09 10:39:00,4.40,4.65,4.40,4.60,600,108920
2018-10-09 10:40:00,4.60,4.60,4.40,4.40,200,109440
2018-10-09 10:41:00,4.40,4.60,4.40,4.60,280,109440
2018-10-09 10:42:00,4.60,4.70,4.55,4.70,680,109440
2018-10-09 10:43:00,4.70,4.95,4.65,4.75,2800,109440
2018-10-09 10:44:00,4.75,4.95,4.70,4.85,2400,109440
2018-10-09 10:45:00,4.85,4.85,4.45,4.50,3000,109440
2018-10-09 10:46:00,4.45,4.85,4.45,4.65,2600,109080
2018-10-09 10:47:00,4.65,4.65,4.35,4.40,760,109080
2018-10-09 10:48:00,4.40,4.60,4.40,4.50,2400,111480
2018-10-09 10:49:00,4.50,4.50,4.45,4.50,360,111480
2018-10-09 10:50:00,4.50,4.50,4.45,4.50,360,111480
2018-10-09 10:51:00,4.50,4.50,4.35,4.35,480,112880
2018-10-09 10:52:00,4.35,4.45,4.30,4.45,400,112880
2018-10-09 10:53:00,4.45,4.45,4.25,4.30,1240,112880
2018-10-09 10:54:00,4.30,4.30,4.30,4.30,0,0
2018-10-09 10:55:00,4.30,4.40,4.25,4.40,360,113000
2018-10-09 10:56:00,4.40,4.55,4.35,4.35,1760,113000
2018-10-09 10:57:00,4.35,4.45,4.30,4.35,2480,112720
2018-10-09 10:58:00,4.35,4.45,4.25,4.45,1000,112720
2018-10-09 10:59:00,4.45,4.45,4.30,4.35,1000,112720
2018-10-09 11:00:00,4.40,4.40,4.25,4.25,1680,112600
2018-10-09 11:01:00,4.25,4.35,4.20,4.35,1360,112600
2018-10-09 11:02:00,4.35,4.35,4.20,4.20,280,112600
2018-10-09 11:03:00,4.20,4.30,4.20,4.30,1080,112600
2018-10-09 11:04:00,4.30,4.30,4.20,4.25,80,112040
2018-10-09 11:05:00,4.25,4.30,4.20,4.25,1040,112040
2018-10-09 11:06:00,4.25,4.30,4.15,4.15,360,111680
2018-10-09 11:07:00,4.15,4.65,4.15,4.45,1080,111680
2018-10-09 11:08:00,4.40,4.40,4.35,4.35,160,111680
2018-10-09 11:09:00,4.35,4.80,4.35,4.55,2440,111720
2018-10-09 11:10:00,4.55,4.90,4.55,4.90,440,111720
2018-10-09 11:11:00,4.90,5.10,4.90,5.00,2640,111720
2018-10-09 11:12:00,5.00,5.00,4.70,4.90,1360,111200
2018-10-09 11:13:00,4.90,5.00,4.75,4.85,7760,111200
2018-10-09 11:14:00,4.85,4.95,4.85,4.85,640,111200
2018-10-09 11:15:00,4.95,5.20,4.95,5.05,1560,108920
2018-10-09 11:16:00,5.05,5.20,5.00,5.05,2560,108920
2018-10-09 11:17:00,5.05,5.15,5.00,5.15,1280,108920
2018-10-09 11:18:00,5.15,5.25,5.15,5.15,3240,112120
2018-10-09 11:19:00,5.15,5.25,5.15,5.25,1840,112120
2018-10-09 11:20:00,5.25,5.25,4.95,5.00,3400,112120
2018-10-09 11:21:00,5.00,5.00,4.95,4.95,160,114360
2018-10-09 11:22:00,4.95,5.00,4.95,4.95,600,114360
2018-10-09 11:23:00,4.95,5.00,4.95,5.00,480,114360
2018-10-09 11:24:00,5.00,5.05,5.00,5.00,400,114240
2018-10-09 11:25:00,5.00,5.00,4.90,4.90,160,114240
2018-10-09 11:26:00,4.90,5.00,4.90,4.95,240,114240
2018-10-09 11:27:00,4.95,5.00,4.85,4.90,200,114240
2018-10-09 11:28:00,4.90,4.95,4.85,4.95,880,114240
2018-10-09 11:29:00,4.95,4.95,4.85,4.95,1160,114240
2018-10-09 11:30:00,4.95,5.20,4.95,5.05,960,115360
2018-10-09 11:31:00,5.05,5.05,4.85,4.85,800,115360
2018-10-09 11:32:00,4.95,4.95,4.40,4.40,1240,115360
2018-10-09 11:33:00,4.40,4.85,4.40,4.70,1320,115360
2018-10-09 11:34:00,4.70,4.75,4.55,4.70,880,115080
2018-10-09 11:35:00,4.70,4.80,4.70,4.80,320,115080
2018-10-09 11:36:00,4.80,4.80,4.80,4.80,0,0
2018-10-09 11:37:00,4.80,4.85,4.65,4.65,600,114560
2018-10-09 11:38:00,4.65,4.65,4.65,4.65,80,114560
2018-10-09 11:39:00,4.65,4.75,4.65,4.75,40,114640
2018-10-09 11:40:00,4.75,4.75,4.75,4.75,0,0
2018-10-09 11:41:00,4.75,4.75,4.60,4.70,1000,114640
2018-10-09 11:42:00,4.70,4.85,4.65,4.85,520,114600
2018-10-09 11:43:00,4.85,4.85,4.75,4.75,120,114600
2018-10-09 11:44:00,4.75,4.75,4.70,4.70,280,114600
2018-10-09 11:45:00,4.70,4.80,4.70,4.80,280,114600
2018-10-09 11:46:00,4.80,4.80,4.80,4.80,0,0
2018-10-09 11:47:00,4.80,4.80,4.80,4.80,0,0
2018-10-09 11:48:00,4.80,4.80,4.80,4.80,0,0
2018-10-09 11:49:00,4.80,4.90,4.80,4.90,280,114560
2018-10-09 11:50:00,4.90,4.90,4.90,4.90,240,114560
2018-10-09 11:51:00,4.90,5.05,4.90,5.05,520,114760
2018-10-09 11:52:00,5.05,5.05,4.90,4.90,120,114760
2018-10-09 11:53:00,4.90,5.05,4.90,5.05,440,114760
2018-10-09 11:54:00,5.05,5.35,5.05,5.25,2040,114760
2018-10-09 11:55:00,5.25,5.40,5.05,5.05,800,113560
2018-10-09 11:56:00,5.05,5.40,5.05,5.30,1280,113560
2018-10-09 11:57:00,5.30,5.30,5.00,5.00,760,112040
2018-10-09 11:58:00,5.00,5.00,4.80,4.80,280,112040
2018-10-09 11:59:00,4.80,4.90,4.70,4.80,440,112040
2018-10-09 12:00:00,4.80,5.15,4.80,5.05,680,112040
2018-10-09 12:01:00,5.05,5.05,4.85,4.90,480,112800
2018-10-09 12:02:00,4.90,5.00,4.90,4.90,1120,112800
2018-10-09 12:03:00,4.90,5.00,4.90,5.00,800,112800
2018-10-09 12:04:00,5.00,5.70,5.00,5.70,3680,112480
2018-10-09 12:05:00,5.70,5.75,5.45,5.65,880,112480
2018-10-09 12:06:00,5.60,5.85,5.60,5.70,1880,112040
2018-10-09 12:07:00,5.70,6.05,5.55,6.05,2280,112040
2018-10-09 12:08:00,6.15,6.95,6.15,6.30,5720,112040
2018-10-09 12:09:00,6.40,6.70,6.25,6.70,2240,112720
2018-10-09 12:10:00,6.70,6.70,5.95,6.00,2880,112720
2018-10-09 12:11:00,6.00,6.20,6.00,6.05,1240,112720
2018-10-09 12:12:00,6.05,6.30,5.95,5.95,1280,112720
2018-10-09 12:13:00,5.95,6.20,5.70,6.10,1720,111920
2018-10-09 12:14:00,6.10,6.30,5.95,6.20,3400,111920
2018-10-09 12:15:00,6.20,6.45,6.20,6.45,1160,113000
2018-10-09 12:16:00,6.45,7.00,6.45,6.90,3600,113000
2018-10-09 12:17:00,6.90,7.00,6.50,6.95,4720,113000
2018-10-09 12:18:00,6.95,7.20,6.80,6.90,5240,113440
2018-10-09 12:19:00,6.90,7.10,6.80,7.00,1720,113440
2018-10-09 12:20:00,7.00,7.00,6.70,6.85,2640,113440
2018-10-09 12:21:00,6.80,6.90,6.55,6.80,2840,113600
2018-10-09 12:22:00,6.80,6.80,6.40,6.40,2760,113600
2018-10-09 12:23:00,6.40,6.60,6.35,6.60,1640,113600
2018-10-09 12:24:00,6.60,6.60,6.30,6.35,200,114760
2018-10-09 12:25:00,6.35,6.55,6.35,6.50,1320,114760
2018-10-09 12:26:00,6.50,6.50,6.50,6.50,0,0
2018-10-09 12:27:00,6.50,6.50,6.35,6.35,40,115120
2018-10-09 12:28:00,6.35,6.60,6.35,6.55,1320,115120
2018-10-09 12:29:00,6.55,6.65,6.55,6.60,200,115120
2018-10-09 12:30:00,6.60,6.75,6.50,6.70,760,115240
2018-10-09 12:31:00,6.70,7.05,6.70,7.00,4000,115240
2018-10-09 12:32:00,7.00,7.00,6.55,6.90,1840,115240
2018-10-09 12:33:00,6.90,7.00,6.60,6.65,960,116440
2018-10-09 12:34:00,6.65,7.05,6.60,7.00,2880,116440
2018-10-09 12:35:00,7.00,7.15,7.00,7.00,2320,116440
2018-10-09 12:36:00,7.00,7.00,6.80,6.80,760,116440
2018-10-09 12:37:00,6.80,6.80,6.60,6.80,480,116320
2018-10-09 12:38:00,6.80,6.85,6.70,6.70,200,116320
2018-10-09 12:39:00,6.70,6.70,5.90,6.10,3160,116320
2018-10-09 12:40:00,6.10,6.10,5.70,5.90,2200,116280
2018-10-09 12:41:00,5.90,6.00,5.75,6.00,2680,116280
2018-10-09 12:42:00,6.00,6.20,6.00,6.10,2400,118280
2018-10-09 12:43:00,6.10,6.60,6.10,6.15,480,118280
2018-10-09 12:44:00,6.15,6.20,6.10,6.15,160,118280
2018-10-09 12:45:00,6.15,6.15,5.95,6.00,280,118360
2018-10-09 12:46:00,6.00,6.00,5.80,5.80,920,118360
2018-10-09 12:47:00,5.80,6.00,5.70,5.70,520,118360
2018-10-09 12:48:00,5.70,6.10,5.70,5.90,760,118160
2018-10-09 12:49:00,6.05,6.05,6.05,6.05,0,118160
2018-10-09 12:50:00,6.05,6.15,6.00,6.00,120,118160
2018-10-09 12:51:00,6.00,6.00,6.00,6.00,0,0
2018-10-09 12:52:00,6.00,6.30,6.00,6.15,1160,118120
2018-10-09 12:53:00,6.15,6.35,6.15,6.35,400,118120
2018-10-09 12:54:00,6.35,6.35,5.85,5.95,640,118160
2018-10-09 12:55:00,5.95,6.05,5.95,6.05,280,118160
2018-10-09 12:56:00,6.05,6.05,6.05,6.05,80,118160
2018-10-09 12:57:00,6.05,6.05,5.75,5.75,1160,118560
2018-10-09 12:58:00,5.75,5.85,5.70,5.70,1440,118560
2018-10-09 12:59:00,5.70,5.80,5.60,5.60,1120,118560
2018-10-09 13:00:00,5.60,6.05,5.55,6.05,1560,119320
2018-10-09 13:01:00,5.95,5.95,5.70,5.90,1600,119320
2018-10-09 13:02:00,5.90,5.90,5.80,5.80,120,119320
2018-10-09 13:03:00,5.80,5.80,5.65,5.75,480,119160
2018-10-09 13:04:00,5.75,6.15,5.75,6.10,360,119160
2018-10-09 13:05:00,6.10,6.10,5.90,5.90,440,119160
2018-10-09 13:06:00,5.90,5.90,5.85,5.85,240,119240
2018-10-09 13:07:00,5.85,5.85,5.15,5.40,3360,119240
2018-10-09 13:08:00,5.40,5.40,5.15,5.25,2640,119240
2018-10-09 13:09:00,5.25,5.35,4.80,5.00,2640,119960
2018-10-09 13:10:00,5.15,5.30,4.95,5.10,1280,119960
2018-10-09 13:11:00,5.10,5.15,5.05,5.15,800,119960
2018-10-09 13:12:00,5.15,5.20,5.00,5.10,680,119960
2018-10-09 13:13:00,5.10,5.40,5.00,5.30,2640,119680
2018-10-09 13:14:00,5.30,5.30,4.90,4.95,960,119680
2018-10-09 13:15:00,4.95,5.25,4.95,5.15,1160,119480
2018-10-09 13:16:00,5.15,5.25,5.00,5.25,960,119480
2018-10-09 13:17:00,5.25,5.65,5.15,5.65,1840,119480
2018-10-09 13:18:00,5.65,5.65,5.15,5.40,1760,120800
2018-10-09 13:19:00,5.40,5.50,5.15,5.15,1600,120800
2018-10-09 13:20:00,5.15,5.60,5.15,5.40,1360,120800
2018-10-09 13:21:00,5.40,5.60,5.40,5.60,400,120800
2018-10-09 13:22:00,5.60,5.75,5.50,5.70,1560,120440
2018-10-09 13:23:00,5.90,6.15,5.85,5.85,3560,120440
2018-10-09 13:24:00,5.85,5.90,5.50,5.50,1400,120440
2018-10-09 13:25:00,5.50,5.80,5.50,5.75,440,120320
2018-10-09 13:26:00,5.75,5.80,5.50,5.55,160,120320
2018-10-09 13:27:00,5.55,5.55,5.45,5.45,560,120320
2018-10-09 13:28:00,5.45,5.55,5.35,5.55,320,120320
2018-10-09 13:29:00,5.55,5.60,5.50,5.50,280,120320
2018-10-09 13:30:00,5.45,5.45,5.30,5.40,320,120480
2018-10-09 13:31:00,5.40,5.40,5.15,5.25,2360,120480
2018-10-09 13:32:00,5.25,5.25,5.10,5.10,240,120480
2018-10-09 13:33:00,5.10,5.20,5.05,5.10,480,120480
2018-10-09 13:34:00,5.10,5.20,4.80,4.80,880,121680
2018-10-09 13:35:00,4.75,5.00,4.75,4.90,840,121680
2018-10-09 13:36:00,4.90,5.20,4.90,5.15,680,121840
2018-10-09 13:37:00,5.15,5.40,5.15,5.40,440,121840
2018-10-09 13:38:00,5.40,5.40,5.30,5.30,1240,121840
2018-10-09 13:39:00,5.25,5.25,5.20,5.25,360,121840
2018-10-09 13:40:00,5.25,5.30,5.25,5.30,200,121080
2018-10-09 13:41:00,5.30,5.50,5.30,5.40,560,121080
2018-10-09 13:42:00,5.40,5.40,5.20,5.30,640,121680
2018-10-09 13:43:00,5.30,5.40,5.20,5.20,600,121680
2018-10-09 13:44:00,5.20,5.20,5.20,5.20,0,0
2018-10-09 13:45:00,5.20,5.20,5.20,5.20,600,122040
2018-10-09 13:46:00,5.15,5.15,4.95,5.00,1320,122040
2018-10-09 13:47:00,5.00,5.15,5.00,5.05,1240,122040
2018-10-09 13:48:00,5.05,5.15,5.00,5.00,160,123320
2018-10-09 13:49:00,5.00,5.15,5.00,5.15,80,123320
2018-10-09 13:50:00,5.15,5.15,5.00,5.00,40,123320
2018-10-09 13:51:00,5.00,5.00,4.95,4.95,40,123280
2018-10-09 13:52:00,4.95,5.05,4.10,4.35,11520,123280
2018-10-09 13:53:00,4.40,4.45,4.20,4.45,2520,123280
2018-10-09 13:54:00,4.45,4.65,4.25,4.65,2480,123280
2018-10-09 13:55:00,4.65,4.65,4.40,4.45,1480,123280
2018-10-09 13:56:00,4.40,4.55,4.30,4.45,2480,123280
2018-10-09 13:57:00,4.40,4.60,4.35,4.60,1880,123400
2018-10-09 13:58:00,4.60,5.15,4.60,4.95,6000,123400
2018-10-09 13:59:00,4.95,5.15,4.75,4.75,1560,123400
2018-10-09 14:00:00,4.75,4.90,4.70,4.70,2360,122960
2018-10-09 14:01:00,4.70,5.05,4.55,5.00,2400,122960
2018-10-09 14:02:00,5.00,5.00,4.80,4.85,920,122960
2018-10-09 14:03:00,4.85,4.95,4.75,4.85,600,122960
2018-10-09 14:04:00,4.85,5.30,4.85,5.15,1920,122840
2018-10-09 14:05:00,5.15,5.15,4.95,4.95,440,122840
2018-10-09 14:06:00,4.95,5.25,4.80,5.25,640,122840
2018-10-09 14:07:00,5.25,5.60,5.20,5.20,2040,122800
2018-10-09 14:08:00,5.25,5.40,5.15,5.15,1960,122800
2018-10-09 14:09:00,5.25,5.35,5.10,5.30,1840,123080
2018-10-09 14:10:00,5.30,5.30,4.90,5.00,960,123080
2018-10-09 14:11:00,5.00,5.30,5.00,5.10,200,123080
2018-10-09 14:12:00,5.10,5.15,5.10,5.15,360,122960
2018-10-09 14:13:00,5.15,5.30,5.05,5.10,320,122960
2018-10-09 14:14:00,5.10,5.10,5.05,5.05,800,122960
2018-10-09 14:15:00,5.05,5.10,5.00,5.10,440,122960
2018-10-09 14:16:00,5.10,5.30,5.00,5.00,1240,122840
2018-10-09 14:17:00,5.00,5.20,5.00,5.10,2080,122840
2018-10-09 14:18:00,5.10,5.20,5.05,5.20,480,122560
2018-10-09 14:19:00,5.20,5.20,5.20,5.20,0,0
2018-10-09 14:20:00,5.20,5.20,4.85,5.05,1720,122560
2018-10-09 14:21:00,5.05,5.05,4.95,5.05,440,123080
2018-10-09 14:22:00,5.05,5.15,4.95,5.10,3640,123080
2018-10-09 14:23:00,5.10,5.20,5.10,5.20,80,123080
2018-10-09 14:24:00,5.20,5.65,5.15,5.50,4320,120400
2018-10-09 14:25:00,5.50,6.05,5.50,5.75,4800,120400
2018-10-09 14:26:00,5.75,5.75,5.30,5.50,1160,120400
2018-10-09 14:27:00,5.50,5.85,5.50,5.80,560,117880
2018-10-09 14:28:00,5.80,6.00,5.70,5.95,640,117880
2018-10-09 14:29:00,5.95,6.10,5.75,6.05,1640,117880
2018-10-09 14:30:00,6.15,6.20,5.95,6.15,2240,117840
2018-10-09 14:31:00,6.00,6.15,5.80,5.90,2000,117840
2018-10-09 14:32:00,5.90,5.90,5.50,5.50,1280,117840
2018-10-09 14:33:00,5.50,5.50,4.85,5.00,4080,118640
2018-10-09 14:34:00,5.00,5.00,4.35,4.70,2000,118640
2018-10-09 14:35:00,4.90,5.20,4.75,5.10,680,118640
2018-10-09 14:36:00,5.10,5.30,5.05,5.10,1640,118640
2018-10-09 14:37:00,5.10,5.25,4.95,5.20,2320,118640
2018-10-09 14:38:00,5.20,5.20,4.90,4.90,640,118640
2018-10-09 14:39:00,4.90,5.25,4.90,5.15,1280,118640
2018-10-09 14:40:00,5.15,5.45,5.15,5.35,1520,117880
2018-10-09 14:41:00,5.35,5.35,5.00,5.15,5520,117880
2018-10-09 14:42:00,5.15,5.15,5.00,5.00,1440,123160
2018-10-09 14:43:00,5.00,5.10,4.95,4.95,760,123160
2018-10-09 14:44:00,4.95,5.10,4.95,5.10,360,123160
2018-10-09 14:45:00,4.95,4.95,4.80,4.80,720,123160
2018-10-09 14:46:00,4.80,4.90,4.65,4.70,4200,123000
2018-10-09 14:47:00,4.65,4.80,4.65,4.75,1160,123000
2018-10-09 14:48:00,4.75,4.90,4.75,4.80,1600,124840
2018-10-09 14:49:00,4.80,4.80,4.75,4.80,760,124840
2018-10-09 14:50:00,4.80,5.00,4.80,5.00,1240,124840
2018-10-09 14:51:00,4.90,5.55,4.90,5.10,4840,124840
2018-10-09 14:52:00,5.10,5.80,5.10,5.55,4360,124440
2018-10-09 14:53:00,5.55,5.70,4.95,4.95,520,124440
2018-10-09 14:54:00,4.95,5.15,4.95,5.05,440,126360
2018-10-09 14:55:00,5.05,5.15,4.90,5.15,1480,126360
2018-10-09 14:56:00,5.15,5.15,5.05,5.05,1480,126360
2018-10-09 14:57:00,5.05,5.05,4.80,4.95,1320,126360
2018-10-09 14:58:00,4.95,5.00,4.80,4.85,520,125920
2018-10-09 14:59:00,4.80,4.90,4.60,4.85,7440,125920
2018-10-09 15:00:00,4.85,5.25,4.85,4.95,1360,125920
2018-10-09 15:01:00,4.95,5.10,4.90,5.00,2240,125040
2018-10-09 15:02:00,5.00,5.10,4.85,5.10,1720,125040
2018-10-09 15:03:00,5.10,5.10,4.85,5.00,480,125600
2018-10-09 15:04:00,4.85,5.00,4.85,5.00,600,125600
2018-10-09 15:05:00,5.00,5.00,4.70,4.75,360,125600
2018-10-09 15:06:00,4.75,5.10,4.70,4.90,2200,125360
2018-10-09 15:07:00,4.90,5.20,4.80,5.20,2880,125360
2018-10-09 15:08:00,5.15,5.20,4.85,5.20,1120,125360
2018-10-09 15:09:00,5.20,5.30,4.95,5.10,5400,124680
2018-10-09 15:10:00,5.10,5.15,4.85,5.00,2480,124680
2018-10-09 15:11:00,5.00,5.15,4.90,5.05,3200,124680
2018-10-09 15:12:00,5.05,5.05,4.85,5.00,4720,125400
2018-10-09 15:13:00,5.00,5.15,4.85,4.85,4120,125400
2018-10-09 15:14:00,4.85,5.00,4.80,4.90,9800,125400
2018-10-09 15:15:00,4.90,4.90,4.60,4.60,9960,127520
2018-10-09 15:16:00,4.60,4.85,4.60,4.70,9120,127520
2018-10-09 15:17:00,4.70,4.70,4.55,4.55,3680,127520
2018-10-09 15:18:00,4.55,4.60,4.40,4.45,9680,124960
2018-10-09 15:19:00,4.45,4.60,4.45,4.50,5000,124960
2018-10-09 15:20:00,4.50,4.85,4.50,4.80,29640,124960
2018-10-09 15:21:00,4.85,4.90,4.50,4.55,9400,123520
2018-10-09 15:22:00,4.55,4.70,4.40,4.40,2960,123520
2018-10-09 15:23:00,4.40,4.40,4.30,4.40,3160,123520
2018-10-09 15:24:00,4.40,4.55,4.35,4.40,3040,123520
2018-10-09 15:25:00,4.40,4.60,4.40,4.60,1880,122480
2018-10-09 15:26:00,4.60,4.65,4.60,4.65,840,122480
2018-10-09 15:27:00,4.65,4.80,4.35,4.65,10720,123080
2018-10-09 15:28:00,4.65,4.70,4.55,4.60,10920,123080
2018-10-09 15:29:01,4.60,5.95,4.55,4.75,4760,123080
2018-11-09 09:15:00,2.50,3.50,2.40,2.55,5960,130280
2018-11-09 09:16:00,2.75,2.75,2.20,2.35,4280,130280
2018-11-09 09:17:00,2.40,2.75,2.30,2.50,13280,130280
2018-11-09 09:18:00,2.45,2.85,2.35,2.85,11520,123880
2018-11-09 09:19:00,2.85,3.45,2.70,3.00,4520,123880
2018-11-09 09:20:00,3.00,3.55,2.95,3.30,2760,123880
2018-11-09 09:21:00,3.30,3.30,2.50,3.10,9040,118280
2018-11-09 09:22:00,2.85,3.00,2.60,2.75,5440,118280
2018-11-09 09:23:00,2.70,2.80,2.40,2.80,5480,118280
2018-11-09 09:24:00,2.70,2.90,2.65,2.80,2720,114480
2018-11-09 09:25:00,2.80,2.80,2.50,2.50,1480,114480
2018-11-09 09:26:00,2.60,2.65,2.45,2.55,7120,114480
2018-11-09 09:27:00,2.55,2.60,2.20,2.30,10040,109840
2018-11-09 09:28:00,2.30,2.40,2.25,2.35,2200,109840
2018-11-09 09:29:00,2.35,2.50,2.30,2.35,6240,109840
2018-11-09 09:30:00,2.35,2.40,2.20,2.40,7920,106720
2018-11-09 09:31:00,2.30,2.40,2.30,2.35,9400,106720
2018-11-09 09:32:00,2.35,2.50,2.30,2.35,6120,106720
2018-11-09 09:33:00,2.35,2.35,2.35,2.35,1840,101600
2018-11-09 09:34:00,2.35,2.45,2.30,2.40,4960,101600
2018-11-09 09:35:00,2.40,2.40,2.35,2.40,2400,101600
2018-11-09 09:36:00,2.40,2.40,2.25,2.25,1640,101600
2018-11-09 09:37:00,2.25,2.30,2.10,2.15,12080,99360
2018-11-09 09:38:00,2.15,2.25,2.15,2.25,3600,99360
2018-11-09 09:39:00,2.25,2.35,2.15,2.35,13560,103840
2018-11-09 09:40:00,2.35,2.35,2.15,2.20,2600,103840
2018-11-09 09:41:00,2.20,2.20,2.10,2.10,9680,103840
2018-11-09 09:42:00,2.10,2.20,2.10,2.20,2680,103840
2018-11-09 09:43:00,2.20,2.40,2.20,2.35,5440,100240
2018-11-09 09:44:00,2.35,2.35,2.15,2.30,2440,100240
2018-11-09 09:45:00,2.30,2.35,2.25,2.25,1480,100680
2018-11-09 09:46:00,2.25,2.45,2.25,2.45,2160,100680
2018-11-09 09:47:00,2.45,2.45,2.35,2.35,4760,100680
2018-11-09 09:48:00,2.35,2.35,2.20,2.35,3280,100680
2018-11-09 09:49:00,2.30,2.50,2.30,2.40,1960,94640
2018-11-09 09:50:00,2.40,2.45,2.25,2.35,2200,94640
2018-11-09 09:51:00,2.35,2.40,2.35,2.40,320,92920
2018-11-09 09:52:00,2.40,2.40,2.20,2.20,1080,92920
2018-11-09 09:53:00,2.20,2.30,2.20,2.30,1200,92920
2018-11-09 09:54:00,2.30,2.35,2.25,2.35,920,93120
2018-11-09 09:55:00,2.35,2.35,2.35,2.35,280,93120
2018-11-09 09:56:00,2.35,2.35,2.35,2.35,0,0
2018-11-09 09:57:00,2.35,2.35,2.35,2.35,0,0
2018-11-09 09:58:00,2.35,2.40,2.35,2.35,2240,92760
2018-11-09 09:59:00,2.35,2.40,2.25,2.25,4760,92760
2018-11-09 10:00:00,2.25,2.25,2.20,2.25,4720,92840
2018-11-09 10:01:00,2.25,2.35,2.25,2.35,3720,92840
2018-11-09 10:02:00,2.35,2.35,2.35,2.35,560,0
2018-11-09 10:03:00,2.35,2.45,2.35,2.35,280,92000
2018-11-09 10:04:00,2.35,2.35,2.35,2.35,1200,92000
2018-11-09 10:05:00,2.35,2.35,2.25,2.35,5240,92000
2018-11-09 10:06:00,2.35,2.50,2.35,2.35,720,92360
2018-11-09 10:07:00,2.35,2.40,2.35,2.40,680,0
2018-11-09 10:08:00,2.40,2.40,2.40,2.40,0,0
2018-11-09 10:09:00,2.40,2.40,2.40,2.40,0,0
2018-11-09 10:10:00,2.40,2.40,2.35,2.40,2280,92760
2018-11-09 10:11:00,2.40,2.40,2.30,2.30,4080,92760
2018-11-09 10:12:00,2.30,2.30,2.20,2.20,2440,0
2018-11-09 10:13:00,2.20,2.20,2.15,2.20,1680,95200
2018-11-09 10:14:00,2.15,2.15,2.15,2.15,560,95200
2018-11-09 10:15:00,2.15,2.20,2.15,2.15,1080,0
2018-11-09 10:16:00,2.15,2.25,2.15,2.25,1200,94680
2018-11-09 10:17:00,2.25,2.25,2.15,2.20,5480,94680
2018-11-09 10:18:00,2.20,2.25,2.20,2.25,480,90680
2018-11-09 10:19:00,2.25,2.25,2.25,2.25,880,90680
2018-11-09 10:20:00,2.25,2.25,2.20,2.25,320,90680
2018-11-09 10:21:00,2.20,2.20,2.20,2.20,2480,89120
2018-11-09 10:22:00,2.20,2.25,2.20,2.25,2400,89120
2018-11-09 10:23:00,2.20,2.25,2.20,2.25,800,89120
2018-11-09 10:24:00,2.20,2.25,2.20,2.25,560,89120
2018-11-09 10:25:00,2.25,2.25,2.20,2.20,600,88240
2018-11-09 10:26:00,2.20,2.35,2.20,2.20,6280,88240
2018-11-09 10:27:00,2.30,2.35,2.20,2.20,3640,88240
2018-11-09 10:28:00,2.30,2.30,2.20,2.30,1600,87120
2018-11-09 10:29:00,2.20,2.20,2.20,2.20,2800,87120
2018-11-09 10:30:00,2.20,2.20,2.15,2.15,3800,91560
2018-11-09 10:31:00,2.15,2.20,2.15,2.20,680,91560
2018-11-09 10:32:00,2.20,2.20,2.20,2.20,560,91560
2018-11-09 10:33:00,2.20,2.20,2.20,2.20,400,0
2018-11-09 10:34:00,2.20,2.20,2.20,2.20,0,93160
2018-11-09 10:35:00,2.20,2.40,2.20,2.35,4160,93160
2018-11-09 10:36:00,2.35,2.35,2.30,2.30,520,93160
2018-11-09 10:37:00,2.30,2.30,2.30,2.30,2080,89680
2018-11-09 10:38:00,2.30,2.35,2.30,2.35,360,89680
2018-11-09 10:39:00,2.35,2.40,2.30,2.40,1680,89720
2018-11-09 10:40:00,2.30,2.30,2.20,2.20,1440,89720
2018-11-09 10:41:00,2.20,2.25,2.20,2.25,360,89720
2018-11-09 10:42:00,2.25,2.25,2.20,2.20,1360,90360
2018-11-09 10:43:00,2.20,2.20,2.20,2.20,0,0
2018-11-09 10:44:00,2.25,2.25,2.25,2.25,1800,90360
2018-11-09 10:45:00,2.25,2.30,2.25,2.30,720,90360
2018-11-09 10:46:00,2.30,2.30,2.25,2.25,280,90360
2018-11-09 10:47:00,2.25,2.25,2.20,2.20,80,90360
2018-11-09 10:48:00,2.20,2.20,2.15,2.15,4400,90320
2018-11-09 10:49:00,2.15,2.15,2.10,2.10,280,90320
2018-11-09 10:50:00,2.10,2.10,2.10,2.10,120,90320
2018-11-09 10:51:00,2.10,2.10,2.10,2.10,1240,92600
2018-11-09 10:52:00,2.10,2.10,2.10,2.10,960,92600
2018-11-09 10:53:00,2.10,2.10,2.10,2.10,120,92600
2018-11-09 10:54:00,2.10,2.15,2.10,2.15,240,92600
2018-11-09 10:55:00,2.15,2.15,2.05,2.15,840,92880
2018-11-09 10:56:00,2.15,2.15,2.15,2.15,160,92880
2018-11-09 10:57:00,2.15,2.15,2.15,2.15,2320,92880
2018-11-09 10:58:00,2.15,2.20,2.10,2.10,1360,92600
2018-11-09 10:59:00,2.10,2.20,2.10,2.15,1680,92600
2018-11-09 11:00:00,2.15,2.15,2.15,2.15,360,92920
2018-11-09 11:01:00,2.15,2.15,2.10,2.15,880,92920
2018-11-09 11:02:00,2.15,2.15,2.10,2.10,1040,92920
2018-11-09 11:03:00,2.10,2.10,2.05,2.05,1640,93040
2018-11-09 11:04:00,2.05,2.05,2.00,2.00,520,93040
2018-11-09 11:05:00,2.00,2.00,1.95,1.95,120,93040
2018-11-09 11:06:00,1.95,1.95,1.95,1.95,0,93280
2018-11-09 11:07:00,1.95,1.95,1.95,1.95,0,0
2018-11-09 11:08:00,1.95,1.95,1.95,1.95,120,93280
2018-11-09 11:09:00,1.95,1.95,1.95,1.95,80,92520
2018-11-09 11:10:00,1.95,1.95,1.95,1.95,0,0
2018-11-09 11:11:00,1.95,1.95,1.95,1.95,0,0
2018-11-09 11:12:00,1.95,1.95,1.90,1.95,440,92600
2018-11-09 11:13:00,1.95,1.95,1.95,1.95,120,92600
2018-11-09 11:14:00,1.95,1.95,1.95,1.95,0,0
2018-11-09 11:15:00,1.95,1.95,1.95,1.95,0,0
2018-11-09 11:16:00,1.95,1.95,1.95,1.95,0,0
2018-11-09 11:17:00,1.95,1.95,1.95,1.95,880,92840
2018-11-09 11:18:00,1.95,1.95,1.85,1.90,1240,93400
2018-11-09 11:19:00,1.90,1.90,1.85,1.90,280,93400
2018-11-09 11:20:00,1.90,1.90,1.90,1.90,0,0
2018-11-09 11:21:00,1.90,1.95,1.85,1.95,240,93400
2018-11-09 11:22:00,1.95,1.95,1.95,1.95,0,0
2018-11-09 11:23:00,1.95,1.95,1.95,1.95,240,92640
2018-11-09 11:24:00,1.95,1.95,1.95,1.95,0,0
2018-11-09 11:25:00,1.95,2.10,1.95,1.95,1600,93000
2018-11-09 11:26:00,1.95,2.00,1.95,1.95,520,93000
2018-11-09 11:27:00,1.95,2.00,1.95,2.00,120,93000
2018-11-09 11:28:00,2.00,2.00,2.00,2.00,0,0
2018-11-09 11:29:00,2.00,2.00,1.95,1.95,40,93560
2018-11-09 11:30:00,1.95,1.95,1.95,1.95,0,0
2018-11-09 11:31:00,1.95,2.00,1.95,2.00,80,93520
2018-11-09 11:32:00,2.15,2.15,2.10,2.15,960,93520
2018-11-09 11:33:00,2.15,2.15,1.95,1.95,920,93520
2018-11-09 11:34:00,1.95,2.15,1.95,2.15,1680,93520
2018-11-09 11:35:00,2.15,2.15,2.05,2.05,2200,93520
2018-11-09 11:36:00,2.05,2.05,2.00,2.00,320,92520
2018-11-09 11:37:00,2.00,2.10,2.00,2.10,720,92520
2018-11-09 11:38:00,2.10,2.10,2.00,2.00,1520,92520
2018-11-09 11:39:00,2.00,2.00,2.00,2.00,120,91760
2018-11-09 11:40:00,2.00,2.00,2.00,2.00,0,0
2018-11-09 11:41:00,2.00,2.20,2.00,2.10,2920,91760
2018-11-09 11:42:00,2.10,2.20,2.10,2.15,400,92720
2018-11-09 11:43:00,2.15,2.20,2.10,2.10,320,92720
2018-11-09 11:44:00,2.10,2.15,2.10,2.15,1640,92720
2018-11-09 11:45:00,2.15,2.15,2.10,2.10,400,93480
2018-11-09 11:46:00,2.10,2.10,2.10,2.10,0,0
2018-11-09 11:47:00,2.10,2.10,2.05,2.10,1200,93480
2018-11-09 11:48:00,2.10,2.10,2.10,2.10,80,93120
2018-11-09 11:49:00,2.10,2.10,2.00,2.10,640,93120
2018-11-09 11:50:00,2.10,2.20,2.10,2.20,960,93120
2018-11-09 11:51:00,2.20,2.20,2.20,2.20,0,0
2018-11-09 11:52:00,2.20,2.20,2.15,2.15,520,93360
2018-11-09 11:53:00,2.15,2.20,2.10,2.20,400,93360
2018-11-09 11:54:00,2.20,2.20,2.20,2.20,0,0
2018-11-09 11:55:00,2.20,2.20,2.10,2.10,240,92880
2018-11-09 11:56:00,2.10,2.10,2.05,2.05,160,92880
2018-11-09 11:57:00,2.05,2.15,2.05,2.05,960,92640
2018-11-09 11:58:00,2.05,2.10,2.05,2.05,200,92640
2018-11-09 11:59:00,2.05,2.05,2.00,2.00,80,92640
2018-11-09 12:00:00,2.00,2.00,2.00,2.00,40,92640
2018-11-09 12:01:00,2.00,2.05,2.00,2.05,480,92640
2018-11-09 12:02:00,2.05,2.05,2.05,2.05,0,0
2018-11-09 12:03:00,2.05,2.05,1.80,1.95,1040,92640
2018-11-09 12:04:00,1.95,2.00,1.90,1.95,480,92280
2018-11-09 12:05:00,1.95,2.00,1.80,1.85,480,92280
2018-11-09 12:06:00,1.85,1.85,1.85,1.85,0,0
2018-11-09 12:07:00,1.85,1.85,1.85,1.85,0,0
2018-11-09 12:08:00,1.85,1.90,1.85,1.90,0,92120
2018-11-09 12:09:00,1.90,1.90,1.90,1.90,0,0
2018-11-09 12:10:00,2.00,2.00,2.00,2.00,0,0
2018-11-09 12:11:00,2.00,2.00,2.00,2.00,0,0
2018-11-09 12:12:00,2.00,2.00,1.95,1.95,80,92160
2018-11-09 12:13:00,1.95,1.95,1.95,1.95,0,0
2018-11-09 12:14:00,1.95,2.00,1.95,2.00,120,92160
2018-11-09 12:15:00,2.00,2.10,2.00,2.10,1120,92200
2018-11-09 12:16:00,2.10,2.10,2.05,2.05,800,92200
2018-11-09 12:17:00,2.05,2.05,2.00,2.00,560,92200
2018-11-09 12:18:00,2.00,2.00,2.00,2.00,0,0
2018-11-09 12:19:00,2.00,2.00,1.95,1.95,320,0
2018-11-09 12:20:00,1.95,1.95,1.90,1.95,280,92640
2018-11-09 12:21:00,1.95,1.95,1.85,1.95,280,92800
2018-11-09 12:22:00,1.95,1.95,1.80,1.80,280,92800
2018-11-09 12:23:00,1.90,1.95,1.90,1.95,360,92800
2018-11-09 12:24:00,1.95,1.95,1.90,1.95,240,92800
2018-11-09 12:25:00,1.95,1.95,1.90,1.90,120,93160
2018-11-09 12:26:00,1.90,1.90,1.90,1.90,240,93160
2018-11-09 12:27:00,1.90,1.95,1.90,1.95,120,93280
2018-11-09 12:28:00,1.95,1.95,1.90,1.95,240,93280
2018-11-09 12:29:00,1.95,2.00,1.95,2.00,120,93280
2018-11-09 12:30:00,2.00,2.00,1.95,1.95,200,94160
2018-11-09 12:31:00,1.95,1.95,1.95,1.95,0,0
2018-11-09 12:32:00,1.95,1.95,1.95,1.95,80,94160
2018-11-09 12:33:00,1.95,1.95,1.65,1.75,2200,94160
2018-11-09 12:34:00,1.75,1.80,1.70,1.75,920,94160
2018-11-09 12:35:00,1.75,1.85,1.75,1.85,1080,94160
2018-11-09 12:36:00,1.85,1.85,1.85,1.85,0,0
2018-11-09 12:37:00,1.85,1.85,1.85,1.85,200,0
2018-11-09 12:38:00,1.85,1.90,1.85,1.90,800,94640
2018-11-09 12:39:00,1.85,1.90,1.85,1.90,800,94640
2018-11-09 12:40:00,1.90,1.95,1.90,1.95,160,94600
2018-11-09 12:41:00,1.95,1.95,1.90,1.90,120,94600
2018-11-09 12:42:00,1.90,1.90,1.90,1.90,0,0
2018-11-09 12:43:00,1.90,1.90,1.85,1.85,80,94880
2018-11-09 12:44:00,1.85,1.90,1.80,1.90,1720,94880
2018-11-09 12:45:00,1.90,1.90,1.90,1.90,0,0
2018-11-09 12:46:00,1.90,1.90,1.90,1.90,0,0
2018-11-09 12:47:00,1.90,1.90,1.80,1.80,1400,94760
2018-11-09 12:48:00,1.80,1.80,1.80,1.80,0,0
2018-11-09 12:49:00,1.80,1.85,1.80,1.85,80,94240
2018-11-09 12:50:00,1.80,1.80,1.80,1.80,0,94240
2018-11-09 12:51:00,1.80,1.80,1.80,1.80,2000,0
2018-11-09 12:52:00,1.80,1.85,1.80,1.80,200,93760
2018-11-09 12:53:00,1.80,1.95,1.80,1.95,1080,93760
2018-11-09 12:54:00,1.95,1.95,1.75,1.85,2560,92400
2018-11-09 12:55:00,1.85,1.85,1.85,1.85,0,0
2018-11-09 12:56:00,1.85,1.85,1.85,1.85,0,0
2018-11-09 12:57:00,1.85,1.95,1.85,1.95,80,90920
2018-11-09 12:58:00,1.95,1.95,1.95,1.95,160,90920
2018-11-09 12:59:00,1.95,2.00,1.95,2.00,120,90920
2018-11-09 13:00:00,2.00,2.00,2.00,2.00,0,0
2018-11-09 13:01:00,2.00,2.00,2.00,2.00,0,0
2018-11-09 13:02:00,2.00,2.00,2.00,2.00,0,0
2018-11-09 13:03:00,2.00,2.00,2.00,2.00,0,0
2018-11-09 13:04:00,2.00,2.00,2.00,2.00,0,0
2018-11-09 13:05:00,2.00,2.00,2.00,2.00,0,0
2018-11-09 13:06:00,2.00,2.00,1.95,1.95,320,90880
2018-11-09 13:07:00,1.95,1.95,1.95,1.95,0,0
2018-11-09 13:08:00,1.95,2.00,1.95,2.00,1000,90880
2018-11-09 13:09:00,1.95,2.00,1.95,2.00,440,91240
2018-11-09 13:10:00,2.00,2.00,2.00,2.00,0,0
2018-11-09 13:11:00,2.00,2.00,1.90,1.90,600,91240
2018-11-09 13:12:00,1.90,1.95,1.90,1.95,40,90680
2018-11-09 13:13:00,1.95,1.95,1.90,1.90,40,90680
2018-11-09 13:14:00,1.90,2.00,1.90,2.00,360,90680
2018-11-09 13:15:00,2.00,2.00,2.00,2.00,360,90680
2018-11-09 13:16:00,2.00,2.10,2.00,2.10,560,90480
2018-11-09 13:17:00,2.10,2.10,2.10,2.10,0,0
2018-11-09 13:18:00,2.10,2.10,1.95,1.95,40,90920
2018-11-09 13:19:00,1.95,1.95,1.95,1.95,240,90920
2018-11-09 13:20:00,1.95,2.05,1.90,2.05,560,90920
2018-11-09 13:21:00,2.05,2.20,2.05,2.10,1000,90640
2018-11-09 13:22:00,2.10,2.20,2.10,2.15,720,90640
2018-11-09 13:23:00,2.15,2.15,2.05,2.10,800,90640
2018-11-09 13:24:00,2.10,2.20,2.10,2.20,4160,90760
2018-11-09 13:25:00,2.20,2.20,2.10,2.10,160,90760
2018-11-09 13:26:00,2.10,2.15,2.10,2.10,120,0
2018-11-09 13:27:00,2.10,2.10,2.05,2.05,40,90240
2018-11-09 13:28:00,2.00,2.20,2.00,2.10,1560,90240
2018-11-09 13:29:00,2.10,2.10,2.00,2.00,640,90240
2018-11-09 13:30:00,2.00,2.10,1.95,2.10,800,91640
2018-11-09 13:31:00,2.10,2.15,2.05,2.05,1120,91640
2018-11-09 13:32:00,2.05,2.05,2.05,2.05,0,0
2018-11-09 13:33:00,2.05,2.05,2.00,2.00,160,91640
2018-11-09 13:34:00,2.00,2.00,1.95,1.95,160,91640
2018-11-09 13:35:00,1.95,1.95,1.80,1.80,880,91640
2018-11-09 13:36:00,1.80,1.80,1.80,1.80,0,0
2018-11-09 13:37:00,1.80,1.80,1.80,1.80,0,0
2018-11-09 13:38:00,1.80,1.80,1.80,1.80,0,91400
2018-11-09 13:39:00,1.80,1.85,1.70,1.85,3080,92560
2018-11-09 13:40:00,1.85,1.85,1.70,1.75,840,92560
2018-11-09 13:41:00,1.75,1.85,1.75,1.85,160,92560
2018-11-09 13:42:00,1.85,1.95,1.85,1.90,720,92600
2018-11-09 13:43:00,1.90,1.95,1.85,1.95,240,92600
2018-11-09 13:44:00,1.95,2.00,1.90,1.95,560,92600
2018-11-09 13:45:00,1.95,2.15,1.95,2.15,3440,92440
2018-11-09 13:46:00,2.15,2.65,2.10,2.60,12400,92440
2018-11-09 13:47:00,2.55,2.55,2.25,2.30,6000,92440
2018-11-09 13:48:00,2.30,2.55,2.10,2.55,5880,93520
2018-11-09 13:49:00,2.55,2.80,2.35,2.80,3560,93520
2018-11-09 13:50:00,2.75,2.85,2.60,2.75,2400,93520
2018-11-09 13:51:00,2.75,3.65,2.75,3.40,7240,93000
2018-11-09 13:52:00,3.40,3.50,2.75,2.90,5080,93000
2018-11-09 13:53:00,2.85,2.90,2.80,2.90,1160,93000
2018-11-09 13:54:00,2.85,3.30,2.85,3.25,4840,92840
2018-11-09 13:55:00,3.25,3.30,2.80,3.00,3720,92840
2018-11-09 13:56:00,3.00,3.00,2.60,2.70,1240,92840
2018-11-09 13:57:00,2.70,2.95,2.60,2.95,720,93200
2018-11-09 13:58:00,2.70,3.05,2.50,2.90,2440,93200
2018-11-09 13:59:00,2.90,3.30,2.90,3.25,3640,93200
2018-11-09 14:00:00,3.20,3.45,3.10,3.45,5920,94000
2018-11-09 14:01:00,3.30,3.50,3.15,3.30,1200,94000
2018-11-09 14:02:00,3.30,3.40,3.10,3.10,560,94000
2018-11-09 14:03:00,2.90,3.05,2.85,2.85,1760,94200
2018-11-09 14:04:00,2.85,3.25,2.75,3.25,1640,94200
2018-11-09 14:05:00,3.25,3.25,2.95,3.10,2160,94200
2018-11-09 14:06:00,3.00,3.15,2.85,3.15,3040,95680
2018-11-09 14:07:00,3.15,3.30,3.10,3.15,2440,95680
2018-11-09 14:08:00,3.15,3.25,3.05,3.05,1080,95680
2018-11-09 14:09:00,3.05,3.35,3.05,3.35,1600,97160
2018-11-09 14:10:00,3.20,3.45,3.15,3.30,6280,97160
2018-11-09 14:11:00,3.30,3.40,3.10,3.10,4240,97160
2018-11-09 14:12:00,3.10,3.30,3.05,3.20,2120,101800
2018-11-09 14:13:00,3.20,3.45,3.15,3.25,2040,101800
2018-11-09 14:14:00,3.25,3.90,3.20,3.65,5400,101800
2018-11-09 14:15:00,3.65,4.05,3.45,4.00,6640,101160
2018-11-09 14:16:00,4.05,4.30,3.95,4.30,9400,101160
2018-11-09 14:17:00,4.35,5.25,4.15,5.25,10480,101160
2018-11-09 14:18:00,5.25,5.85,4.70,4.75,16240,105320
2018-11-09 14:19:00,4.80,4.95,4.50,4.65,2960,105320
2018-11-09 14:20:00,4.65,4.85,4.15,4.50,10640,105320
2018-11-09 14:21:00,4.40,5.10,4.35,5.05,9400,107080
2018-11-09 14:22:00,5.20,6.00,5.10,5.75,15720,107080
2018-11-09 14:23:00,5.75,6.45,5.55,5.65,10960,107080
2018-11-09 14:24:00,5.75,5.75,5.05,5.35,11600,106560
2018-11-09 14:25:00,5.35,5.50,5.05,5.15,14200,106560
2018-11-09 14:26:00,5.15,5.15,4.45,4.55,15960,106560
2018-11-09 14:27:00,4.55,5.15,4.45,5.15,12080,105080
2018-11-09 14:28:00,5.30,6.45,5.05,6.45,16040,105080
2018-11-09 14:29:00,6.45,6.75,5.80,6.00,15960,105080
2018-11-09 14:30:00,6.00,6.00,5.65,5.75,13320,105720
2018-11-09 14:31:00,5.75,6.40,5.70,6.30,15800,105720
2018-11-09 14:32:00,6.15,6.95,6.05,6.35,11760,105720
2018-11-09 14:33:00,6.35,6.35,5.50,6.05,13280,106560
2018-11-09 14:34:00,6.05,6.55,6.00,6.35,16200,106560
2018-11-09 14:35:00,6.50,6.90,6.10,6.40,10240,106560
2018-11-09 14:36:00,6.40,6.50,5.95,6.05,11880,107600
2018-11-09 14:37:00,6.05,7.50,6.00,7.50,27960,107600
2018-11-09 14:38:00,7.30,7.40,6.15,6.20,21880,107600
2018-11-09 14:39:00,6.20,6.25,5.15,5.30,25800,108120
2018-11-09 14:40:00,5.30,5.60,5.20,5.45,7120,108120
2018-11-09 14:41:00,5.45,5.45,4.60,4.90,18480,108120
2018-11-09 14:42:00,4.90,5.20,4.65,5.20,16720,111840
2018-11-09 14:43:00,5.25,5.45,5.00,5.20,12120,111840
2018-11-09 14:44:00,5.20,5.40,4.90,5.25,6160,111840
2018-11-09 14:45:00,5.25,5.55,4.70,4.75,20880,111200
2018-11-09 14:46:00,4.75,4.85,4.40,4.55,25120,111200
2018-11-09 14:47:00,4.55,4.85,4.55,4.65,6480,111200
2018-11-09 14:48:00,4.65,5.30,4.45,5.25,11680,116960
2018-11-09 14:49:00,5.25,5.80,5.25,5.70,10920,116960
2018-11-09 14:50:00,5.70,6.10,5.65,6.05,8520,116960
2018-11-09 14:51:00,6.05,6.30,5.75,5.75,11600,111280
2018-11-09 14:52:00,5.75,5.95,5.50,5.70,13080,111280
2018-11-09 14:53:00,5.70,6.15,5.55,6.00,5400,111280
2018-11-09 14:54:00,6.20,6.50,5.90,5.95,6360,106360
2018-11-09 14:55:00,5.85,6.55,5.70,6.30,8960,106360
2018-11-09 14:56:00,6.40,7.60,6.30,7.50,14520,106360
2018-11-09 14:57:00,7.50,7.80,7.15,7.15,14680,107360
2018-11-09 14:58:00,7.15,8.55,7.00,8.55,26440,107360
2018-11-09 14:59:00,8.70,10.95,8.70,10.50,36760,107360
2018-11-09 15:00:00,10.30,13.20,10.05,12.20,41760,112480
2018-11-09 15:01:00,12.40,13.00,9.95,9.95,40840,112480
2018-11-09 15:02:00,10.15,10.35,8.40,9.00,33320,112480
2018-11-09 15:03:00,8.50,9.10,7.70,7.85,40320,114440
2018-11-09 15:04:00,7.85,9.00,7.85,8.80,26640,114440
2018-11-09 15:05:00,8.75,9.10,8.35,8.35,22120,114440
2018-11-09 15:06:00,8.45,8.70,7.90,8.05,20480,114680
2018-11-09 15:07:00,8.25,9.15,8.25,9.15,24240,114680
2018-11-09 15:08:00,9.00,9.10,8.60,8.75,23000,114680
2018-11-09 15:09:00,8.85,9.95,8.85,9.00,16640,127160
2018-11-09 15:10:00,9.00,9.50,8.85,9.20,22520,127160
2018-11-09 15:11:00,9.45,11.25,9.40,10.80,33920,127160
2018-11-09 15:12:00,10.65,10.65,8.50,8.65,19560,128160
2018-11-09 15:13:00,8.70,8.85,7.75,8.00,17320,128160
2018-11-09 15:14:00,8.25,9.05,8.20,8.85,18080,128160
2018-11-09 15:15:00,8.80,10.40,8.55,10.40,14400,139960
2018-11-09 15:16:00,10.60,11.00,9.65,9.80,54200,139960
2018-11-09 15:17:00,9.95,9.95,8.50,8.80,38120,139960
2018-11-09 15:18:00,8.65,8.90,8.35,8.45,15360,144960
2018-11-09 15:19:00,8.45,8.90,8.05,8.10,25560,144960
2018-11-09 15:20:00,8.00,10.20,8.00,10.10,33440,144960
2018-11-09 15:21:00,10.25,10.75,9.50,9.50,17960,150160
2018-11-09 15:22:00,9.50,9.65,9.30,9.40,13800,150160
2018-11-09 15:23:00,9.40,9.95,9.05,9.15,20800,150160
2018-11-09 15:24:00,9.00,9.00,7.35,7.40,37360,151000
2018-11-09 15:25:00,7.40,7.75,7.00,7.25,37240,151000
2018-11-09 15:26:00,7.25,7.40,6.70,6.75,28840,151000
2018-11-09 15:27:00,6.65,7.60,6.65,7.60,35000,164000
2018-11-09 15:28:00,7.55,7.85,7.30,7.60,26760,164000
2018-11-09 15:29:01,7.60,7.95,7.00,7.50,23120,164000
2018-12-09 09:15:00,3.60,5.50,1.10,4.60,195560,169800
2018-12-09 09:16:00,4.40,4.40,1.20,1.20,143400,169800
2018-12-09 09:17:00,1.25,1.25,0.90,0.95,107600,169800
2018-12-09 09:18:00,1.00,2.50,1.00,1.85,151280,233560
2018-12-09 09:19:00,1.90,2.10,1.65,1.75,96640,233560
2018-12-09 09:20:00,1.70,2.10,1.55,1.90,91480,233560
2018-12-09 09:21:00,1.90,2.45,1.80,2.20,74640,300880
2018-12-09 09:22:00,2.40,3.20,2.40,3.10,67960,300880
2018-12-09 09:23:00,3.10,4.55,3.00,4.35,142880,300880
2018-12-09 09:24:00,4.50,5.35,3.90,5.35,153280,355920
2018-12-09 09:25:00,5.90,14.45,5.40,8.40,323480,355920
2018-12-09 09:26:00,8.35,8.35,5.00,5.00,176000,355920
2018-12-09 09:27:00,4.95,5.95,4.35,5.30,146760,437400
2018-12-09 09:28:00,5.35,7.10,5.15,5.25,128600,437400
2018-12-09 09:29:00,5.10,6.05,4.40,4.60,113320,437400
2018-12-09 09:30:00,4.50,5.70,4.50,4.90,84120,503920
2018-12-09 09:31:00,4.75,4.85,3.15,3.40,158720,503920
2018-12-09 09:32:00,3.40,4.05,2.30,2.40,179680,503920
2018-12-09 09:33:00,2.35,2.85,2.00,2.25,211720,527120
2018-12-09 09:34:00,2.30,2.95,2.20,2.60,174840,527120
2018-12-09 09:35:00,2.65,2.95,2.45,2.45,132600,527120
2018-12-09 09:36:00,2.40,2.75,2.40,2.65,87560,602320
2018-12-09 09:37:00,2.65,2.85,2.60,2.80,97320,602320
2018-12-09 09:38:00,2.80,3.25,2.50,3.20,147680,602320
2018-12-09 09:39:00,3.15,3.70,2.85,3.60,83840,698680
2018-12-09 09:40:00,3.65,4.85,3.60,4.55,136880,698680
2018-12-09 09:41:00,4.40,4.85,4.05,4.65,98000,698680
2018-12-09 09:42:00,4.65,5.00,4.40,4.45,104160,732760
2018-12-09 09:43:00,4.45,4.60,3.20,3.40,88680,732760
2018-12-09 09:44:00,3.45,3.80,2.85,3.80,81000,732760
2018-12-09 09:45:00,3.70,4.40,3.65,3.75,72800,766200
2018-12-09 09:46:00,3.90,3.95,3.20,3.20,51600,766200
2018-12-09 09:47:00,3.15,3.80,3.05,3.25,74440,766200
2018-12-09 09:48:00,3.30,3.70,3.30,3.45,48960,773160
2018-12-09 09:49:00,3.45,4.00,3.20,4.00,37480,773160
2018-12-09 09:50:00,4.00,4.05,3.30,3.65,52400,773160
2018-12-09 09:51:00,3.60,4.10,3.50,3.80,48920,773160
2018-12-09 09:52:00,3.90,4.50,3.85,4.15,54600,772800
2018-12-09 09:53:00,4.15,5.20,4.15,5.20,85960,772800
2018-12-09 09:54:00,5.15,5.65,5.00,5.20,120560,789000
2018-12-09 09:55:00,5.10,5.70,4.95,4.95,115600,789000
2018-12-09 09:56:00,5.05,5.65,4.45,4.65,110160,789000
2018-12-09 09:57:00,4.80,5.05,3.85,4.40,101920,810000
2018-12-09 09:58:00,4.35,5.30,4.30,4.80,88520,810000
2018-12-09 09:59:00,4.70,5.35,4.65,4.80,105040,810000
2018-12-09 10:00:00,4.80,5.00,4.35,4.55,93720,833560
2018-12-09 10:01:00,4.70,4.85,4.20,4.85,49920,833560
2018-12-09 10:02:00,4.85,5.70,4.45,5.65,135800,833560
2018-12-09 10:03:00,5.65,5.90,4.90,5.50,180280,854160
2018-12-09 10:04:00,5.90,5.90,5.15,5.50,101400,854160
2018-12-09 10:05:00,5.50,5.85,5.10,5.10,88280,854160
2018-12-09 10:06:00,4.90,5.15,4.60,4.60,78160,898920
2018-12-09 10:07:00,4.45,4.75,4.10,4.25,70280,898920
2018-12-09 10:08:00,4.20,4.80,4.20,4.80,63720,898920
2018-12-09 10:09:00,4.70,4.90,4.55,4.85,87440,943760
2018-12-09 10:10:00,4.70,5.10,4.40,4.40,73120,943760
2018-12-09 10:11:00,4.40,4.65,3.80,3.80,96520,943760
2018-12-09 10:12:00,3.70,3.85,3.50,3.55,112280,969240
2018-12-09 10:13:00,3.55,3.85,3.30,3.65,73840,969240
2018-12-09 10:14:00,3.65,3.90,3.45,3.50,68200,969240
2018-12-09 10:15:00,3.55,3.55,2.75,2.80,115680,975440
2018-12-09 10:16:00,2.70,3.20,2.65,3.05,106320,975440
2018-12-09 10:17:00,3.00,3.00,2.60,2.70,108760,975440
2018-12-09 10:18:00,2.70,2.80,2.40,2.40,107600,992160
2018-12-09 10:19:00,2.40,2.75,2.35,2.65,97240,992160
2018-12-09 10:20:00,2.60,2.95,2.50,2.85,82080,992160
2018-12-09 10:21:00,2.90,2.90,2.65,2.65,60800,996000
2018-12-09 10:22:00,2.65,2.90,2.55,2.70,93200,996000
2018-12-09 10:23:00,2.70,2.75,2.45,2.70,47120,996000
2018-12-09 10:24:00,2.65,2.75,2.55,2.70,72200,997880
2018-12-09 10:25:00,2.75,3.10,2.70,3.10,93200,997880
2018-12-09 10:26:00,3.15,3.45,2.95,2.95,52640,997880
2018-12-09 10:27:00,2.90,3.20,2.90,3.00,39160,1026160
2018-12-09 10:28:00,2.95,2.95,2.60,2.60,79600,1026160
2018-12-09 10:29:00,2.60,2.85,2.55,2.85,48440,1026160
2018-12-09 10:30:00,2.85,2.90,2.60,2.60,48640,1054640
2018-12-09 10:31:00,2.60,2.85,2.60,2.80,53080,1054640
2018-12-09 10:32:00,2.80,2.90,2.65,2.65,97920,1054640
2018-12-09 10:33:00,2.65,2.85,2.60,2.70,61960,1064760
2018-12-09 10:34:00,2.70,2.80,2.65,2.70,64800,1064760
2018-12-09 10:35:00,2.70,2.90,2.60,2.90,59080,1064760
2018-12-09 10:36:00,2.90,3.05,2.75,2.95,55720,1078960
2018-12-09 10:37:00,2.95,2.95,2.75,2.80,46840,1078960
2018-12-09 10:38:00,2.75,2.80,2.05,2.20,190280,1078960
2018-12-09 10:39:00,2.30,2.40,2.20,2.20,90000,1083400
2018-12-09 10:40:00,2.20,2.25,2.05,2.15,110880,1083400
2018-12-09 10:41:00,2.20,2.45,2.20,2.35,88120,1083400
2018-12-09 10:42:00,2.35,2.70,2.30,2.40,71640,1093000
2018-12-09 10:43:00,2.35,2.35,2.00,2.10,69920,1093000
2018-12-09 10:44:00,2.05,2.25,1.90,2.20,87520,1093000
2018-12-09 10:45:00,2.20,2.30,2.10,2.20,121240,1118640
2018-12-09 10:46:00,2.25,2.25,2.00,2.05,71960,1118640
2018-12-09 10:47:00,2.05,2.30,2.05,2.25,84760,1118640
2018-12-09 10:48:00,2.30,2.40,2.25,2.30,69240,1134680
2018-12-09 10:49:00,2.25,2.30,2.05,2.15,34960,1134680
2018-12-09 10:50:00,2.15,2.45,2.15,2.45,48280,1134680
2018-12-09 10:51:00,2.45,2.50,2.35,2.45,47360,1139280
2018-12-09 10:52:00,2.45,2.65,2.45,2.65,61440,1139280
2018-12-09 10:53:00,2.65,3.00,2.60,3.00,87920,1139280
2018-12-09 10:54:00,2.90,2.95,2.65,2.70,41680,1177520
2018-12-09 10:55:00,2.70,2.90,2.70,2.70,32520,1177520
2018-12-09 10:56:00,2.75,2.75,2.55,2.65,41720,1177520
2018-12-09 10:57:00,2.70,2.75,2.30,2.40,52320,1199040
2018-12-09 10:58:00,2.40,2.50,2.25,2.35,46480,1199040
2018-12-09 10:59:00,2.35,2.50,2.20,2.40,48960,1199040
2018-12-09 11:00:00,2.40,2.50,2.25,2.25,38600,1207440
2018-12-09 11:01:00,2.25,2.45,2.20,2.45,35840,1207440
2018-12-09 11:02:00,2.40,2.40,2.10,2.40,29320,1207440
2018-12-09 11:03:00,2.35,2.55,2.30,2.35,29920,1213360
2018-12-09 11:04:00,2.35,2.45,2.30,2.40,30680,1213360
2018-12-09 11:05:00,2.40,2.60,2.35,2.50,55960,1213360
2018-12-09 11:06:00,2.50,2.55,2.40,2.45,35800,1224280
2018-12-09 11:07:00,2.45,2.70,2.35,2.70,59480,1224280
2018-12-09 11:08:00,2.75,2.85,2.60,2.60,66000,1224280
2018-12-09 11:09:00,2.70,2.75,2.50,2.55,67200,1236600
2018-12-09 11:10:00,2.55,2.55,2.40,2.40,40680,1236600
2018-12-09 11:11:00,2.40,2.45,2.30,2.30,44600,1236600
2018-12-09 11:12:00,2.35,2.40,2.25,2.30,40400,1240800
2018-12-09 11:13:00,2.30,2.35,2.20,2.35,41760,1240800
2018-12-09 11:14:00,2.30,2.35,2.15,2.15,42720,1240800
2018-12-09 11:15:00,2.15,2.25,2.15,2.20,45160,1251480
2018-12-09 11:16:00,2.20,2.25,2.20,2.25,35000,1251480
2018-12-09 11:17:00,2.30,2.40,2.20,2.30,25720,1251480
2018-12-09 11:18:00,2.40,2.45,2.30,2.35,24680,1256360
2018-12-09 11:19:00,2.35,2.40,2.30,2.40,24400,1256360
2018-12-09 11:20:00,2.40,2.50,2.30,2.50,44520,1256360
2018-12-09 11:21:00,2.50,2.55,2.40,2.50,25880,1279280
2018-12-09 11:22:00,2.50,2.75,2.45,2.60,31000,1279280
2018-12-09 11:23:00,2.65,2.75,2.50,2.55,47960,1279280
2018-12-09 11:24:00,2.55,2.70,2.50,2.55,28640,1289200
2018-12-09 11:25:00,2.55,2.60,2.45,2.60,20120,1289200
2018-12-09 11:26:00,2.65,2.65,2.40,2.40,28400,1289200
2018-12-09 11:27:00,2.40,2.40,2.25,2.30,35080,1294440
2018-12-09 11:28:00,2.35,2.35,2.20,2.25,38640,1294440
2018-12-09 11:29:00,2.20,2.25,1.80,1.85,121680,1294440
2018-12-09 11:30:00,1.80,1.95,1.70,1.70,71400,1356280
2018-12-09 11:31:00,1.75,1.90,1.65,1.90,63640,1356280
2018-12-09 11:32:00,1.90,2.00,1.90,1.90,44520,1356280
2018-12-09 11:33:00,1.90,1.90,1.65,1.75,61760,1377240
2018-12-09 11:34:00,1.75,1.85,1.70,1.85,47480,1377240
2018-12-09 11:35:00,1.80,1.85,1.75,1.75,29200,1377240
2018-12-09 11:36:00,1.80,1.85,1.60,1.70,48040,1390600
2018-12-09 11:37:00,1.75,1.75,1.55,1.55,58720,1390600
2018-12-09 11:38:00,1.60,1.60,1.40,1.40,72120,1390600
2018-12-09 11:39:00,1.40,1.55,1.40,1.55,82760,1390600
2018-12-09 11:40:00,1.55,1.70,1.50,1.65,45920,1360280
2018-12-09 11:41:00,1.65,1.70,1.60,1.65,45960,1360280
2018-12-09 11:42:00,1.65,1.70,1.60,1.70,54240,1375760
2018-12-09 11:43:00,1.65,1.65,1.55,1.65,34240,1375760
2018-12-09 11:44:00,1.65,1.65,1.55,1.60,20560,1375760
2018-12-09 11:45:00,1.60,1.75,1.60,1.75,39640,1392480
2018-12-09 11:46:00,1.75,1.85,1.70,1.75,31720,1392480
2018-12-09 11:47:00,1.75,2.00,1.75,1.95,36160,1392480
2018-12-09 11:48:00,1.95,2.10,1.95,2.00,45440,1418400
2018-12-09 11:49:00,2.05,2.10,1.85,1.95,33640,1418400
2018-12-09 11:50:00,1.90,2.05,1.90,2.05,36560,1418400
2018-12-09 11:51:00,2.15,2.20,2.05,2.10,53080,1435800
2018-12-09 11:52:00,2.10,2.20,2.05,2.10,37240,1435800
2018-12-09 11:53:00,2.10,2.20,2.05,2.10,25880,1435800
2018-12-09 11:54:00,2.15,2.25,2.00,2.10,60560,1449360
2018-12-09 11:55:00,2.10,2.10,2.00,2.05,31080,1449360
2018-12-09 11:56:00,2.05,2.05,1.90,1.95,108160,1449360
2018-12-09 11:57:00,1.95,2.10,1.90,2.00,23560,1449360
2018-12-09 11:58:00,2.05,2.30,2.05,2.25,46280,1395880
2018-12-09 11:59:00,2.25,2.45,2.15,2.30,33080,1395880
2018-12-09 12:00:00,2.30,2.75,2.30,2.60,67040,1401640
2018-12-09 12:01:00,2.60,2.80,2.55,2.60,55840,1401640
2018-12-09 12:02:00,2.70,2.70,2.60,2.70,26960,1401640
2018-12-09 12:03:00,2.65,2.80,2.55,2.55,53720,1403480
2018-12-09 12:04:00,2.65,3.30,2.60,3.30,89760,1403480
2018-12-09 12:05:00,3.30,3.70,3.00,3.00,103560,1403480
2018-12-09 12:06:00,3.00,3.20,2.85,3.00,51200,1434360
2018-12-09 12:07:00,3.05,3.15,2.90,3.10,53920,1434360
2018-12-09 12:08:00,3.10,3.25,2.90,2.95,52640,1434360
2018-12-09 12:09:00,2.95,3.10,2.60,2.60,47480,1457920
2018-12-09 12:10:00,2.55,2.60,2.20,2.55,61560,1457920
2018-12-09 12:11:00,2.45,2.65,2.35,2.45,35720,1457920
2018-12-09 12:12:00,2.50,2.55,2.40,2.50,47280,1463600
2018-12-09 12:13:00,2.50,2.60,2.40,2.40,34840,1463600
2018-12-09 12:14:00,2.45,2.45,2.10,2.15,61400,1463600
2018-12-09 12:15:00,2.15,2.25,2.10,2.15,22200,1465160
2018-12-09 12:16:00,2.15,2.45,2.15,2.30,50880,1465160
2018-12-09 12:17:00,2.30,2.45,2.25,2.40,18040,1465160
2018-12-09 12:18:00,2.40,2.70,2.40,2.45,64600,1471880
2018-12-09 12:19:00,2.40,2.65,2.40,2.65,38520,1471880
2018-12-09 12:20:00,2.60,2.90,2.60,2.75,42320,1471880
2018-12-09 12:21:00,2.75,2.90,2.70,2.85,48960,1480280
2018-12-09 12:22:00,2.95,3.70,2.85,3.65,167680,1480280
2018-12-09 12:23:00,3.70,3.85,2.90,2.90,146800,1480280
2018-12-09 12:24:00,2.90,3.45,2.65,2.75,125520,1522720
2018-12-09 12:25:00,2.70,3.40,2.70,3.40,104520,1522720
2018-12-09 12:26:00,3.35,3.80,3.10,3.80,111880,1522720
2018-12-09 12:27:00,3.75,3.95,3.45,3.95,108520,1538200
2018-12-09 12:28:00,3.85,3.85,3.05,3.35,126400,1538200
2018-12-09 12:29:00,3.25,3.40,2.80,2.80,111440,1538200
2018-12-09 12:30:00,2.75,3.35,2.75,3.30,81920,1564040
2018-12-09 12:31:00,3.35,3.70,3.35,3.60,88920,1564040
2018-12-09 12:32:00,3.60,4.30,3.55,4.25,135760,1564040
2018-12-09 12:33:00,4.40,4.40,3.40,3.50,127880,1577960
2018-12-09 12:34:00,3.50,4.15,3.50,3.50,160880,1577960
2018-12-09 12:35:00,3.55,4.00,3.50,3.95,84360,1577960
2018-12-09 12:36:00,4.15,4.85,4.10,4.55,147520,1577960
2018-12-09 12:37:00,4.55,4.55,3.55,3.85,115280,1562440
2018-12-09 12:38:00,3.95,4.20,3.50,3.55,114160,1562440
2018-12-09 12:39:00,3.65,3.75,2.75,2.95,250360,1665600
2018-12-09 12:40:00,2.80,2.95,2.20,2.35,313160,1665600
2018-12-09 12:41:00,2.35,2.65,2.35,2.60,127560,1665600
2018-12-09 12:42:00,2.60,2.85,2.45,2.80,91960,1803840
2018-12-09 12:43:00,2.75,2.75,2.35,2.45,88960,1803840
2018-12-09 12:44:00,2.45,2.85,2.45,2.65,75080,1803840
2018-12-09 12:45:00,2.70,2.85,2.55,2.85,52200,1804920
2018-12-09 12:46:00,2.95,3.15,2.80,3.10,75120,1804920
2018-12-09 12:47:00,3.15,3.25,2.90,3.05,64280,1804920
2018-12-09 12:48:00,2.95,3.20,2.85,3.10,44480,1828440
2018-12-09 12:49:00,3.10,3.25,2.90,3.20,56400,1828440
2018-12-09 12:50:00,3.20,3.25,2.95,3.15,46280,1828440
2018-12-09 12:51:00,3.15,3.40,3.15,3.35,69520,1848400
2018-12-09 12:52:00,3.30,3.40,3.10,3.25,48400,1848400
2018-12-09 12:53:00,3.25,4.05,3.20,3.80,118280,1848400
2018-12-09 12:54:00,3.80,3.95,3.55,3.80,70840,1850240
2018-12-09 12:55:00,3.85,3.85,3.10,3.70,67000,1850240
2018-12-09 12:56:00,3.60,3.60,3.25,3.60,65920,1850240
2018-12-09 12:57:00,3.65,3.65,2.90,2.95,87720,1877800
2018-12-09 12:58:00,2.95,2.95,1.85,1.95,183760,1877800
2018-12-09 12:59:00,1.95,2.05,1.60,1.90,113240,1877800
2018-12-09 13:00:00,1.95,2.60,1.95,2.35,70480,1877800
2018-12-09 13:01:00,2.35,2.80,2.35,2.70,59080,1866760
2018-12-09 13:02:00,2.80,3.00,2.75,2.95,84760,1866760
2018-12-09 13:03:00,2.95,3.45,2.85,3.10,66840,1866760
2018-12-09 13:04:00,3.15,3.20,2.50,2.50,87800,1865040
2018-12-09 13:05:00,2.45,2.65,2.30,2.40,75160,1865040
2018-12-09 13:06:00,2.35,2.35,1.95,2.00,107720,1898840
2018-12-09 13:07:00,2.05,2.05,1.75,1.85,94600,1898840
2018-12-09 13:08:00,1.80,1.85,1.50,1.55,131800,1898840
2018-12-09 13:09:00,1.60,1.70,1.35,1.35,151520,1907440
2018-12-09 13:10:00,1.35,1.40,1.20,1.30,186560,1907440
2018-12-09 13:11:00,1.30,1.65,1.25,1.65,98840,1907440
2018-12-09 13:12:00,1.65,2.10,1.60,2.10,77200,1907440
2018-12-09 13:13:00,2.00,2.45,1.95,2.10,106080,1861240
2018-12-09 13:14:00,2.10,2.25,1.95,1.95,80160,1861240
2018-12-09 13:15:00,2.00,2.00,1.60,1.70,65320,1878320
2018-12-09 13:16:00,1.70,1.85,1.65,1.75,99440,1878320
2018-12-09 13:17:00,1.80,1.85,1.70,1.80,48920,1878320
2018-12-09 13:18:00,1.80,1.80,1.50,1.55,58160,1925680
2018-12-09 13:19:00,1.40,1.65,1.30,1.65,92520,1925680
2018-12-09 13:20:00,1.60,1.75,1.50,1.55,60440,1925680
2018-12-09 13:21:00,1.55,1.85,1.50,1.60,55280,1925680
2018-12-09 13:22:00,1.60,1.70,1.55,1.65,37840,1905640
2018-12-09 13:23:00,1.65,1.70,1.55,1.55,50640,1905640
2018-12-09 13:24:00,1.60,1.75,1.55,1.75,47480,1905640
2018-12-09 13:25:00,1.75,1.75,1.55,1.60,96440,1901240
2018-12-09 13:26:00,1.60,1.70,1.50,1.60,48760,1901240
2018-12-09 13:27:00,1.60,1.65,1.45,1.50,56960,1901240
2018-12-09 13:28:00,1.55,1.60,1.40,1.55,46320,1900080
2018-12-09 13:29:00,1.60,1.75,1.50,1.75,39160,1900080
2018-12-09 13:30:00,1.75,2.20,1.75,2.20,107520,1900080
2018-12-09 13:31:00,2.10,2.15,1.75,1.85,105280,1892080
2018-12-09 13:32:00,1.80,1.90,1.55,1.60,52520,1892080
2018-12-09 13:33:00,1.60,1.65,1.45,1.45,43480,1902520
2018-12-09 13:34:00,1.45,1.45,1.30,1.40,43320,1902520
2018-12-09 13:35:00,1.40,1.75,1.40,1.70,52080,1902520
2018-12-09 13:36:00,1.75,1.75,1.45,1.75,33720,1907760
2018-12-09 13:37:00,1.75,1.90,1.55,1.55,48040,1907760
2018-12-09 13:38:00,1.65,1.70,1.45,1.55,46800,1907760
2018-12-09 13:39:00,1.55,1.55,1.35,1.40,47760,1918440
2018-12-09 13:40:00,1.40,1.45,1.20,1.25,70240,1918440
2018-12-09 13:41:00,1.25,1.25,1.05,1.05,73600,1918440
2018-12-09 13:42:00,1.05,1.15,1.00,1.15,101360,1919320
2018-12-09 13:43:00,1.15,1.25,1.05,1.20,51520,1919320
2018-12-09 13:44:00,1.20,1.20,1.05,1.05,45720,1919320
2018-12-09 13:45:00,1.10,1.10,0.95,1.00,210640,1919320
2018-12-09 13:46:00,1.00,1.10,0.75,0.80,203000,1868080
2018-12-09 13:47:00,0.75,0.75,0.60,0.65,185840,1868080
2018-12-09 13:48:00,0.70,0.80,0.65,0.70,154440,1868080
2018-12-09 13:49:00,0.70,0.75,0.60,0.65,156680,1781160
2018-12-09 13:50:00,0.65,0.65,0.50,0.50,241000,1781160
2018-12-09 13:51:00,0.55,0.60,0.45,0.55,212720,1781160
2018-12-09 13:52:00,0.55,0.70,0.55,0.70,95520,1724040
2018-12-09 13:53:00,0.70,0.85,0.65,0.70,102240,1724040
2018-12-09 13:54:00,0.70,0.75,0.60,0.60,90000,1724040
2018-12-09 13:55:00,0.65,0.70,0.55,0.60,58000,1683520
2018-12-09 13:56:00,0.60,0.60,0.45,0.50,134800,1683520
2018-12-09 13:57:00,0.45,0.50,0.45,0.45,87600,1683520
2018-12-09 13:58:00,0.45,0.50,0.40,0.50,109240,1655360
2018-12-09 13:59:00,0.45,0.50,0.40,0.45,71120,1655360
2018-12-09 14:00:00,0.40,0.45,0.40,0.45,27000,1655360
2018-12-09 14:01:00,0.40,0.45,0.35,0.40,199960,1640880
2018-12-09 14:02:00,0.40,0.40,0.35,0.35,45720,1640880
2018-12-09 14:03:00,0.40,0.40,0.35,0.35,40120,1640880
2018-12-09 14:04:00,0.35,0.40,0.30,0.30,116880,1597080
2018-12-09 14:05:00,0.30,0.35,0.30,0.30,19960,1597080
2018-12-09 14:06:00,0.35,0.40,0.30,0.40,67480,1597080
2018-12-09 14:07:00,0.35,0.40,0.35,0.40,36120,1554680
2018-12-09 14:08:00,0.40,0.50,0.35,0.40,54680,1554680
2018-12-09 14:09:00,0.40,0.50,0.40,0.45,39680,1554680
2018-12-09 14:10:00,0.40,0.50,0.40,0.45,42680,1516640
2018-12-09 14:11:00,0.45,0.55,0.40,0.50,51760,1516640
2018-12-09 14:12:00,0.45,0.50,0.45,0.45,45360,1516640
2018-12-09 14:13:00,0.45,0.45,0.40,0.40,50080,1502040
2018-12-09 14:14:00,0.40,0.45,0.30,0.30,124560,1502040
2018-12-09 14:15:00,0.30,0.35,0.30,0.30,15400,1502040
2018-12-09 14:16:00,0.30,0.35,0.30,0.35,26880,1465880
2018-12-09 14:17:00,0.35,0.35,0.25,0.25,82400,1465880
2018-12-09 14:18:00,0.30,0.35,0.25,0.35,56880,1465880
2018-12-09 14:19:00,0.30,0.35,0.25,0.30,67280,1441160
2018-12-09 14:20:00,0.30,0.30,0.25,0.30,56680,1441160
2018-12-09 14:21:00,0.30,0.30,0.25,0.30,24280,1441160
2018-12-09 14:22:00,0.30,0.30,0.25,0.25,34160,1417440
2018-12-09 14:23:00,0.25,0.30,0.20,0.20,51680,1417440
2018-12-09 14:24:00,0.20,0.25,0.20,0.20,36080,1417440
2018-12-09 14:25:00,0.25,0.25,0.20,0.25,30200,1394320
2018-12-09 14:26:00,0.25,0.25,0.20,0.20,33360,1394320
2018-12-09 14:27:00,0.20,0.25,0.20,0.20,40720,1394320
2018-12-09 14:28:00,0.20,0.20,0.15,0.15,11280,1385200
2018-12-09 14:29:00,0.20,0.20,0.15,0.20,9400,1385200
2018-12-09 14:30:00,0.20,0.20,0.15,0.20,10080,1385200
2018-12-09 14:31:00,0.20,0.20,0.15,0.15,11800,1346880
2018-12-09 14:32:00,0.20,0.20,0.15,0.15,11760,1346880
2018-12-09 14:33:00,0.15,0.20,0.15,0.20,22200,1346880
2018-12-09 14:34:00,0.20,0.20,0.15,0.15,56200,1337640
2018-12-09 14:35:00,0.15,0.20,0.15,0.15,30560,1337640
2018-12-09 14:36:00,0.15,0.20,0.15,0.20,7840,1337640
2018-12-09 14:37:00,0.20,0.25,0.15,0.20,14920,1306960
2018-12-09 14:38:00,0.20,0.25,0.15,0.15,10040,1306960
2018-12-09 14:39:00,0.20,0.20,0.15,0.20,6520,1306960
2018-12-09 14:40:00,0.20,0.20,0.15,0.20,14840,1301400
2018-12-09 14:41:00,0.20,0.25,0.15,0.20,44520,1301400
2018-12-09 14:42:00,0.20,0.20,0.15,0.15,26880,1301920
2018-12-09 14:43:00,0.15,0.20,0.15,0.20,36840,1301920
2018-12-09 14:44:00,0.20,0.20,0.15,0.15,45720,1301920
2018-12-09 14:45:00,0.20,0.20,0.15,0.20,9840,1301920
2018-12-09 14:46:00,0.20,0.20,0.15,0.15,9920,1254920
2018-12-09 14:47:00,0.15,0.20,0.15,0.15,4240,1254920
2018-12-09 14:48:00,0.15,0.20,0.15,0.15,7840,1254920
2018-12-09 14:49:00,0.15,0.20,0.15,0.15,6480,1241440
2018-12-09 14:50:00,0.15,0.20,0.15,0.15,3560,1241440
2018-12-09 14:51:00,0.15,0.20,0.15,0.15,2880,1241440
2018-12-09 14:52:00,0.15,0.20,0.15,0.20,6560,1230760
2018-12-09 14:53:00,0.20,0.20,0.15,0.20,25600,1230760
2018-12-09 14:54:00,0.20,0.20,0.15,0.20,12480,1230760
2018-12-09 14:55:00,0.20,0.25,0.15,0.15,18000,1209800
2018-12-09 14:56:00,0.15,0.20,0.15,0.15,29080,1209800
2018-12-09 14:57:00,0.15,0.15,0.10,0.15,29640,1209800
2018-12-09 14:58:00,0.15,0.15,0.10,0.10,8680,1177200
2018-12-09 14:59:00,0.10,0.15,0.10,0.15,12320,1177200
2018-12-09 15:00:00,0.15,0.15,0.10,0.15,10840,1177200
2018-12-09 15:01:00,0.10,0.15,0.10,0.10,2360,1158480
2018-12-09 15:02:00,0.10,0.15,0.10,0.10,9880,1158480
2018-12-09 15:03:00,0.10,0.15,0.10,0.10,10200,1158480
2018-12-09 15:04:00,0.10,0.15,0.10,0.15,17560,1156280
2018-12-09 15:05:00,0.15,0.15,0.10,0.10,2320,1156280
2018-12-09 15:06:00,0.10,0.15,0.10,0.10,5200,1156280
2018-12-09 15:07:00,0.10,0.15,0.10,0.10,68520,1147600
2018-12-09 15:08:00,0.10,0.15,0.05,0.05,44800,1147600
2018-12-09 15:09:00,0.05,0.10,0.05,0.05,20400,1147600
2018-12-09 15:10:00,0.05,0.10,0.05,0.05,21000,1085640
2018-12-09 15:11:00,0.05,0.10,0.05,0.10,12160,1085640
2018-12-09 15:12:00,0.10,0.10,0.05,0.05,101640,1085640
2018-12-09 15:13:00,0.05,0.05,0.05,0.05,19320,1073280
2018-12-09 15:14:00,0.05,0.05,0.05,0.05,0,0
2018-12-09 15:15:00,0.05,0.05,0.05,0.05,2520,1073280
2018-12-09 15:16:00,0.05,0.05,0.05,0.05,3280,989560
2018-12-09 15:17:00,0.05,0.05,0.05,0.05,10480,989560
2018-12-09 15:18:00,0.05,0.05,0.05,0.05,4000,989560
2018-12-09 15:19:00,0.05,0.05,0.05,0.05,4400,976280
2018-12-09 15:20:00,0.05,0.10,0.05,0.05,36400,976280
2018-12-09 15:21:00,0.05,0.05,0.05,0.05,5560,976280
2018-12-09 15:22:00,0.05,0.05,0.05,0.05,2480,944000
2018-12-09 15:23:00,0.05,0.05,0.05,0.05,40,944000
2018-12-09 15:24:00,0.05,0.05,0.05,0.05,0,0
2018-12-09 15:25:00,0.05,0.05,0.05,0.05,0,0
2018-12-09 15:26:00,0.05,0.05,0.05,0.05,0,0
2018-12-09 15:27:00,0.05,0.05,0.05,0.05,600,942840
2018-12-09 15:28:00,0.05,0.05,0.05,0.05,0,0
2018-12-09 15:29:01,0.05,0.05,0.05,0.05,0,942840
