date,open,high,low,close,volume,oi
2019-11-09 09:26:00,1.65,1.65,1.65,1.65,900,0
2019-11-09 09:27:00,1.65,1.65,1.65,1.65,0,0
2019-11-09 09:28:00,1.65,1.65,1.65,1.65,0,0
2019-11-09 09:33:00,1.65,1.65,1.65,1.65,0,0
2019-11-09 09:34:00,1.65,1.65,1.65,1.65,0,0
2019-11-09 09:35:00,1.65,1.65,1.65,1.65,0,2025
2019-11-09 09:42:00,1.65,1.65,1.65,1.65,0,2025
2019-11-09 09:43:00,1.65,1.65,1.65,1.65,0,2025
2019-11-09 09:48:00,1.65,1.65,1.65,1.65,0,2025
2019-11-09 09:49:00,1.65,1.65,1.65,1.65,0,2025
2019-11-09 09:51:00,1.65,1.65,1.65,1.65,0,2025
2019-11-09 10:06:00,1.65,1.65,1.65,1.65,0,2025
2019-11-09 10:18:00,1.65,1.65,1.65,1.65,0,2025
2019-11-09 10:31:00,1.65,1.65,1.65,1.65,0,2025
2019-11-09 10:32:00,1.65,1.65,1.65,1.65,0,2025
2019-11-09 10:48:00,1.65,1.65,1.65,1.65,0,2025
2019-11-09 10:55:00,1.65,1.65,1.65,1.65,0,2025
2019-11-09 11:20:00,1.65,1.65,1.65,1.65,0,2025
2019-11-09 11:24:00,1.65,1.65,1.65,1.65,0,2025
2019-11-09 11:34:00,1.65,1.65,1.65,1.65,0,2025
2019-11-09 11:43:00,1.65,1.65,1.65,1.65,0,2025
2019-11-09 12:01:00,1.65,1.65,1.65,1.65,0,2025
2019-11-09 12:10:00,1.65,1.65,1.65,1.65,0,2025
2019-11-09 12:15:00,1.65,1.65,1.65,1.65,0,2025
2019-11-09 12:59:00,1.65,1.65,1.65,1.65,0,2025
2019-11-09 13:05:00,1.65,1.65,1.65,1.65,0,2025
2019-11-09 13:10:00,1.65,1.65,1.65,1.65,0,2025
2019-11-09 13:13:00,1.65,1.65,1.65,1.65,0,2025
2019-11-09 13:20:00,1.65,1.65,1.65,1.65,0,2025
2019-11-09 13:27:00,1.65,1.65,1.65,1.65,0,2025
2019-11-09 13:28:00,1.65,1.65,1.65,1.65,0,2025
2019-11-09 13:49:00,1.65,1.65,1.65,1.65,0,2025
2019-11-09 13:57:00,1.65,1.65,1.65,1.65,0,2025
2019-11-09 14:23:00,1.65,1.65,1.65,1.65,0,2025
2019-11-09 14:45:00,1.65,1.65,1.65,1.65,0,2025
2019-11-09 15:03:00,1.65,1.65,1.65,1.65,0,2025
2019-11-09 15:04:00,1.65,1.65,1.65,1.65,0,2025
2019-11-09 15:05:00,1.70,1.70,1.70,1.70,0,2025
2019-11-09 15:06:00,1.70,1.70,1.70,1.70,75,2100
2019-11-09 15:07:00,1.85,1.85,1.85,1.85,0,2100
2019-11-09 15:08:00,2.25,2.25,2.25,2.25,0,2100
2019-11-09 15:09:00,2.25,2.25,2.25,2.25,0,2400
2019-11-09 15:10:00,2.25,2.25,2.25,2.25,0,2400
2019-11-09 15:11:00,2.25,2.25,2.25,2.25,0,2400
2019-11-09 15:12:00,2.25,2.25,2.25,2.25,0,2400
2019-11-09 15:13:00,2.25,2.25,2.25,2.25,0,2400
2019-11-09 15:15:00,2.25,2.25,2.25,2.25,0,2400
2019-11-09 15:18:00,2.25,2.25,2.25,2.25,0,2400
2019-11-09 15:22:00,2.25,2.25,2.25,2.25,0,2400
2019-11-09 15:23:00,2.25,2.25,2.25,2.25,0,2400
2019-11-09 15:28:00,2.25,2.25,2.25,2.25,0,2400
2019-11-09 15:29:01,2.25,2.25,2.25,2.25,0,2400
2019-12-09 09:31:00,1.30,1.30,1.30,1.30,450,2475
2019-12-09 09:32:00,1.30,1.30,1.30,1.30,0,2475
2019-12-09 09:33:00,1.30,1.30,1.30,1.30,0,2475
2019-12-09 09:34:00,1.30,1.30,1.30,1.30,0,2475
2019-12-09 09:35:00,1.30,1.30,1.30,1.30,0,2475
2019-12-09 09:36:00,1.30,1.30,1.30,1.30,75,2475
2019-12-09 09:39:00,1.30,1.30,1.30,1.30,0,2550
2019-12-09 09:44:00,1.30,1.30,1.30,1.30,0,2550
2019-12-09 09:50:00,1.30,1.30,1.30,1.30,0,2550
2019-12-09 09:51:00,1.30,1.30,1.30,1.30,0,2550
2019-12-09 09:55:00,1.30,1.30,1.30,1.30,0,2550
2019-12-09 09:56:00,1.30,1.30,1.30,1.30,0,2550
2019-12-09 10:04:00,1.30,1.30,1.30,1.30,0,2550
2019-12-09 10:07:00,1.30,1.30,1.30,1.30,0,2550
2019-12-09 10:08:00,1.30,1.30,1.30,1.30,0,2550
2019-12-09 10:12:00,1.30,1.30,1.30,1.30,0,2550
2019-12-09 10:17:00,1.30,1.30,1.30,1.30,0,2550
2019-12-09 10:23:00,1.30,1.30,1.30,1.30,0,2550
2019-12-09 10:25:00,1.30,1.30,1.30,1.30,0,2550
2019-12-09 10:26:00,1.30,1.30,1.30,1.30,0,2550
2019-12-09 10:27:00,1.30,1.30,1.30,1.30,0,2550
2019-12-09 10:32:00,1.30,1.30,1.30,1.30,0,2550
2019-12-09 10:38:00,1.30,1.30,1.30,1.30,0,2625
2019-12-09 10:39:00,1.30,1.30,1.30,1.30,0,2625
2019-12-09 10:59:00,1.30,1.30,1.30,1.30,0,2625
2019-12-09 11:06:00,1.30,1.30,1.30,1.30,0,2625
2019-12-09 11:09:00,1.30,1.30,1.30,1.30,0,2625
2019-12-09 11:10:00,1.30,1.30,1.30,1.30,0,2625
2019-12-09 11:11:00,1.30,1.30,1.30,1.30,0,2625
2019-12-09 11:12:00,1.40,1.50,1.35,1.50,300,2625
2019-12-09 11:13:00,1.35,1.35,1.35,1.35,0,2625
2019-12-09 11:14:00,1.35,1.35,1.35,1.35,0,3600
2019-12-09 11:15:00,1.50,1.50,1.50,1.50,0,3600
2019-12-09 11:16:00,1.50,1.50,1.50,1.50,0,3600
2019-12-09 11:17:00,1.35,1.35,1.35,1.35,0,3450
2019-12-09 11:18:00,1.35,1.35,1.35,1.35,0,3450
2019-12-09 11:19:00,1.35,1.35,1.35,1.35,0,3450
2019-12-09 11:20:00,1.35,1.35,1.35,1.35,0,3450
2019-12-09 11:21:00,1.35,1.35,1.35,1.35,0,3450
2019-12-09 11:22:00,1.75,1.75,1.75,1.75,0,4200
2019-12-09 11:23:00,1.75,1.75,1.35,1.35,450,4200
2019-12-09 11:28:00,1.35,1.35,1.35,1.35,0,4200
2019-12-09 11:30:00,1.35,1.35,1.35,1.35,0,4200
2019-12-09 11:31:00,1.35,1.35,1.35,1.35,0,4200
2019-12-09 11:32:00,1.35,1.35,1.35,1.35,0,4200
2019-12-09 11:33:00,1.35,1.35,1.35,1.35,0,4200
2019-12-09 11:34:00,1.35,1.35,1.35,1.35,0,4425
2019-12-09 11:35:00,1.40,1.40,1.35,1.35,75,4425
2019-12-09 11:36:00,1.35,1.35,1.35,1.35,0,4425
2019-12-09 11:37:00,1.35,1.35,1.35,1.35,0,4425
2019-12-09 11:38:00,1.35,1.35,1.35,1.35,0,4425
2019-12-09 11:39:00,1.35,1.35,1.35,1.35,0,4500
2019-12-09 11:42:00,1.40,1.40,1.40,1.40,0,4500
2019-12-09 11:43:00,1.40,1.40,1.35,1.35,150,4500
2019-12-09 11:44:00,1.35,1.35,1.35,1.35,0,4500
2019-12-09 11:58:00,1.35,1.35,1.35,1.35,0,4875
2019-12-09 12:00:00,1.30,1.30,1.30,1.30,0,4875
2019-12-09 12:01:00,1.30,1.30,1.30,1.30,0,4875
2019-12-09 12:14:00,1.30,1.30,1.30,1.30,0,4125
2019-12-09 12:15:00,1.30,1.30,1.30,1.30,0,4125
2019-12-09 12:16:00,1.30,1.30,1.30,1.30,0,0
2019-12-09 12:19:00,1.30,1.30,1.30,1.30,0,0
2019-12-09 12:20:00,1.30,1.30,1.30,1.30,0,0
2019-12-09 12:28:00,1.30,1.30,1.30,1.30,0,0
2019-12-09 12:35:00,1.30,1.30,1.30,1.30,0,0
2019-12-09 12:36:00,1.30,1.30,1.30,1.30,0,4050
2019-12-09 12:49:00,1.30,1.30,1.30,1.30,0,4050
2019-12-09 12:50:00,1.30,1.30,1.30,1.30,0,4050
2019-12-09 13:12:00,1.30,1.30,1.30,1.30,0,4050
2019-12-09 13:17:00,1.30,1.30,1.30,1.30,0,4050
2019-12-09 13:21:00,1.30,1.30,1.30,1.30,0,4050
2019-12-09 13:22:00,1.30,1.30,1.30,1.30,0,4050
2019-12-09 13:35:00,1.35,1.35,1.35,1.35,0,4050
2019-12-09 13:36:00,1.35,1.35,1.35,1.35,0,4050
2019-12-09 13:40:00,1.35,1.35,1.35,1.35,0,4050
2019-12-09 13:41:00,1.35,1.35,1.35,1.35,0,3825
2019-12-09 13:42:00,1.35,1.35,1.35,1.35,0,3825
2019-12-09 13:43:00,1.35,1.35,1.35,1.35,0,3825
2019-12-09 13:44:00,1.35,1.35,1.25,1.25,75,3825
2019-12-09 13:45:00,1.20,1.20,1.20,1.20,0,3825
2019-12-09 13:46:00,1.20,1.20,1.15,1.15,0,3825
2019-12-09 13:47:00,1.15,1.15,1.15,1.15,0,3825
2019-12-09 13:49:00,1.15,1.15,1.15,1.15,0,3825
2019-12-09 13:50:00,1.15,1.15,1.15,1.15,0,3825
2019-12-09 13:51:00,1.15,1.15,1.15,1.15,0,3825
2019-12-09 13:52:00,1.15,1.15,1.15,1.15,0,3825
2019-12-09 13:53:00,1.15,1.15,1.15,1.15,0,3825
2019-12-09 13:54:00,1.15,1.15,1.15,1.15,0,3825
2019-12-09 13:55:00,1.15,1.15,1.15,1.15,0,3825
2019-12-09 13:56:00,1.15,1.15,1.15,1.15,0,3825
2019-12-09 13:59:00,1.15,1.15,1.15,1.15,0,3825
2019-12-09 14:00:00,1.15,1.15,1.15,1.15,0,3825
2019-12-09 14:01:00,1.15,1.15,1.15,1.15,0,3825
2019-12-09 14:04:00,1.15,1.15,1.15,1.15,0,3825
2019-12-09 14:08:00,1.15,1.15,1.15,1.15,0,3825
2019-12-09 14:09:00,1.15,1.15,1.15,1.15,0,3825
2019-12-09 14:10:00,1.15,1.15,1.15,1.15,0,3825
2019-12-09 14:11:00,1.15,1.15,1.15,1.15,0,3825
2019-12-09 14:12:00,1.15,1.15,1.15,1.15,0,3825
2019-12-09 14:14:00,1.15,1.15,1.15,1.15,0,3825
2019-12-09 14:15:00,1.15,1.15,1.15,1.15,0,3825
2019-12-09 14:17:00,1.15,1.15,1.15,1.15,0,3825
2019-12-09 14:19:00,1.20,1.20,1.20,1.20,0,4275
2019-12-09 14:21:00,1.20,1.20,1.20,1.20,0,4275
2019-12-09 14:23:00,1.20,1.20,1.20,1.20,0,4275
2019-12-09 14:24:00,1.20,1.20,1.20,1.20,0,4275
2019-12-09 14:25:00,1.20,1.20,1.20,1.20,375,4275
2019-12-09 14:26:00,1.20,1.20,1.20,1.20,0,4275
2019-12-09 14:27:00,1.20,1.30,1.20,1.30,0,4650
2019-12-09 14:28:00,1.30,1.30,1.30,1.30,0,4650
2019-12-09 14:29:00,1.30,1.30,1.30,1.30,0,4650
2019-12-09 14:30:00,1.30,1.30,1.30,1.30,0,4650
2019-12-09 14:31:00,1.30,1.30,1.30,1.30,0,4575
2019-12-09 14:32:00,1.30,1.30,1.30,1.30,0,4575
2019-12-09 14:33:00,1.30,1.30,1.30,1.30,0,4575
2019-12-09 14:34:00,1.30,1.30,1.30,1.30,0,4575
2019-12-09 14:36:00,1.30,1.30,1.30,1.30,0,4575
2019-12-09 14:38:00,1.30,1.30,1.30,1.30,0,4575
2019-12-09 14:39:00,1.30,1.30,1.20,1.20,0,4575
2019-12-09 14:40:00,1.20,1.20,1.20,1.20,375,4350
2019-12-09 14:42:00,1.20,1.20,1.20,1.20,0,4350
2019-12-09 14:43:00,1.20,1.20,1.20,1.20,0,4350
2019-12-09 14:47:00,1.25,1.25,1.25,1.25,0,5100
2019-12-09 14:48:00,1.30,1.30,1.30,1.30,375,5100
2019-12-09 14:49:00,1.40,1.40,1.40,1.40,0,5100
2019-12-09 14:50:00,1.40,1.50,1.40,1.50,12750,13200
2019-12-09 14:51:00,1.50,1.50,1.50,1.50,16050,13200
2019-12-09 14:52:00,1.50,1.50,1.50,1.50,18675,13200
2019-12-09 14:53:00,1.50,1.50,1.50,1.50,0,13200
2019-12-09 14:54:00,1.50,1.50,1.50,1.50,18000,53925
2019-12-09 14:55:00,1.50,1.50,1.50,1.50,3000,53925
2019-12-09 14:56:00,1.50,1.50,1.50,1.50,6525,78075
2019-12-09 14:57:00,1.50,1.50,1.50,1.50,5400,78075
2019-12-09 14:58:00,1.50,1.50,1.50,1.50,11400,78075
2019-12-09 14:59:00,1.50,1.50,1.50,1.50,1875,103800
2019-12-09 15:00:00,1.50,1.60,1.50,1.50,25050,103800
2019-12-09 15:01:00,1.60,1.60,1.50,1.50,8850,103800
2019-12-09 15:02:00,1.50,1.50,1.50,1.50,675,103800
2019-12-09 15:03:00,1.30,1.55,1.30,1.50,7275,139050
2019-12-09 15:04:00,1.50,1.50,1.50,1.50,0,139050
2019-12-09 15:05:00,1.50,1.50,1.50,1.50,0,144225
2019-12-09 15:06:00,1.50,1.55,1.50,1.50,13425,144225
2019-12-09 15:07:00,1.50,1.50,1.50,1.50,7425,144225
2019-12-09 15:08:00,1.50,1.50,1.50,1.50,17775,185700
2019-12-09 15:09:00,1.50,1.55,1.50,1.50,12300,185700
2019-12-09 15:10:00,1.50,1.50,1.40,1.50,14175,185700
2019-12-09 15:11:00,1.50,1.50,1.50,1.50,900,218175
2019-12-09 15:12:00,1.50,1.50,1.45,1.50,4350,218175
2019-12-09 15:13:00,1.45,1.45,1.45,1.45,0,218175
2019-12-09 15:14:00,1.45,1.45,1.45,1.45,0,218175
2019-12-09 15:15:00,1.45,1.55,1.40,1.55,5925,218550
2019-12-09 15:16:00,1.55,1.55,1.45,1.55,8700,218550
2019-12-09 15:17:00,1.55,1.55,1.50,1.50,3750,218550
2019-12-09 15:18:00,1.50,1.50,1.35,1.35,1500,233250
2019-12-09 15:19:00,1.35,1.35,1.35,1.35,0,233250
2019-12-09 15:20:00,1.35,1.45,1.35,1.45,150,233400
2019-12-09 15:21:00,1.50,1.50,1.50,1.50,0,233400
2019-12-09 15:23:00,1.50,1.50,1.50,1.50,4800,243075
2019-12-09 15:24:00,1.50,1.50,1.50,1.50,10200,243075
2019-12-09 15:25:00,1.50,1.50,1.50,1.50,2250,243075
2019-12-09 15:26:00,1.50,1.55,1.50,1.50,9000,243075
2019-12-09 15:27:00,1.50,1.50,1.35,1.35,300,266250
2019-12-09 15:28:00,1.35,1.35,1.35,1.35,0,266250
2019-12-09 15:29:01,1.35,1.35,1.25,1.25,0,266250
2019-09-13 09:15:00,0.75,0.75,0.75,0.75,0,266175
2019-09-13 09:16:00,0.75,1.40,0.75,1.40,5700,266175
2019-09-13 09:17:00,1.40,1.45,1.20,1.45,675,266400
2019-09-13 09:18:00,1.45,1.45,1.35,1.35,675,266400
2019-09-13 09:19:00,1.35,1.35,1.15,1.30,7500,266400
2019-09-13 09:20:00,1.30,1.40,1.25,1.30,4650,266400
2019-09-13 09:21:00,1.30,1.30,1.20,1.25,1800,266400
2019-09-13 09:22:00,1.25,1.25,1.25,1.25,900,266400
2019-09-13 09:23:00,1.25,1.25,1.25,1.25,0,266400
2019-09-13 09:24:00,1.25,1.25,1.25,1.25,0,266400
2019-09-13 09:25:00,1.25,1.25,1.15,1.25,1050,266400
2019-09-13 09:26:00,1.25,1.25,1.25,1.25,0,266400
2019-09-13 09:27:00,1.25,1.25,1.25,1.25,0,266400
2019-09-13 09:28:00,1.25,1.25,1.25,1.25,0,266400
2019-09-13 09:29:00,1.25,1.25,1.25,1.25,6000,266775
2019-09-13 09:30:00,1.25,1.25,1.25,1.25,0,266775
2019-09-13 09:31:00,1.25,1.25,1.15,1.25,375,266775
2019-09-13 09:32:00,1.25,1.25,1.25,1.25,0,266775
2019-09-13 09:33:00,1.25,1.25,1.20,1.20,1200,266775
2019-09-13 09:34:00,1.20,1.20,1.20,1.20,0,266775
2019-09-13 09:35:00,1.20,1.20,1.20,1.20,0,266775
2019-09-13 09:36:00,1.20,1.20,1.20,1.20,0,266775
2019-09-13 09:37:00,1.20,1.20,1.20,1.20,0,266775
2019-09-13 09:38:00,1.20,1.20,1.20,1.20,0,266775
2019-09-13 09:39:00,1.20,1.25,1.20,1.25,900,266700
2019-09-13 09:40:00,1.25,1.25,1.20,1.25,975,266700
2019-09-13 09:41:00,1.25,1.25,1.20,1.25,3300,266550
2019-09-13 09:42:00,1.25,1.30,1.25,1.30,3600,266550
2019-09-13 09:43:00,1.30,1.30,1.25,1.30,2250,266550
2019-09-13 09:44:00,1.30,1.30,1.30,1.30,0,266550
2019-09-13 09:45:00,1.30,1.30,1.25,1.30,1350,266475
2019-09-13 09:46:00,1.30,1.35,1.25,1.25,375,266475
2019-09-13 09:47:00,1.25,1.25,1.25,1.25,0,266475
2019-09-13 09:48:00,1.25,1.35,1.25,1.35,300,266550
2019-09-13 09:49:00,1.35,1.35,1.30,1.30,0,266550
2019-09-13 09:50:00,1.30,1.30,1.30,1.30,0,266550
2019-09-13 09:51:00,1.30,1.30,1.30,1.30,0,266550
2019-09-13 09:52:00,1.30,1.30,1.30,1.30,0,266550
2019-09-13 09:53:00,1.30,1.30,1.30,1.30,0,266550
2019-09-13 09:54:00,1.30,1.30,1.30,1.30,0,266550
2019-09-13 09:55:00,1.30,1.30,1.30,1.30,0,266550
2019-09-13 09:56:00,1.30,1.30,1.30,1.30,150,266550
2019-09-13 09:57:00,1.30,1.30,1.30,1.30,0,266400
2019-09-13 09:58:00,1.30,1.30,1.30,1.30,1200,266400
2019-09-13 09:59:00,1.30,1.30,1.30,1.30,0,266400
2019-09-13 10:00:00,1.30,1.30,1.30,1.30,1275,266400
2019-09-13 10:01:00,1.30,1.30,1.30,1.30,0,266400
2019-09-13 10:02:00,1.30,1.35,1.30,1.35,150,266400
2019-09-13 10:03:00,1.35,1.40,1.30,1.40,2175,266400
2019-09-13 10:04:00,1.40,1.40,1.30,1.40,3975,266400
2019-09-13 10:05:00,1.40,1.45,1.40,1.45,525,266400
2019-09-13 10:06:00,1.45,1.45,1.45,1.45,0,266400
2019-09-13 10:07:00,1.45,1.45,1.30,1.30,750,267975
2019-09-13 10:08:00,1.30,1.40,1.30,1.35,3375,267900
2019-09-13 10:09:00,1.35,1.40,1.35,1.40,825,267900
2019-09-13 10:10:00,1.40,1.40,1.40,1.40,0,267900
2019-09-13 10:11:00,1.40,1.40,1.35,1.35,1200,267900
2019-09-13 10:12:00,1.35,1.35,1.35,1.35,1500,267375
2019-09-13 10:13:00,1.35,1.35,1.35,1.35,0,267375
2019-09-13 10:14:00,1.35,1.40,1.35,1.35,900,267675
2019-09-13 10:15:00,1.35,1.35,1.35,1.35,0,267675
2019-09-13 10:16:00,1.35,1.40,1.30,1.35,1275,267675
2019-09-13 10:17:00,1.35,1.35,1.30,1.30,525,267300
2019-09-13 10:18:00,1.30,1.35,1.25,1.35,4200,267300
2019-09-13 10:19:00,1.35,1.35,1.35,1.35,0,267300
2019-09-13 10:20:00,1.30,1.30,1.30,1.30,0,265575
2019-09-13 10:21:00,1.30,1.30,1.30,1.30,0,265575
2019-09-13 10:22:00,1.30,1.35,1.30,1.35,225,265575
2019-09-13 10:23:00,1.35,1.35,1.35,1.35,0,265575
2019-09-13 10:24:00,1.35,1.35,1.35,1.35,0,265575
2019-09-13 10:25:00,1.35,1.35,1.35,1.35,0,265575
2019-09-13 10:26:00,1.35,1.40,1.35,1.40,1350,265800
2019-09-13 10:27:00,1.40,1.40,1.35,1.35,225,265800
2019-09-13 10:28:00,1.35,1.35,1.35,1.35,0,265800
2019-09-13 10:29:00,1.35,1.35,1.35,1.35,0,265800
2019-09-13 10:30:00,1.35,1.35,1.35,1.35,0,265800
2019-09-13 10:31:00,1.35,1.35,1.35,1.35,0,265800
2019-09-13 10:32:00,1.35,1.35,1.35,1.35,0,265800
2019-09-13 10:33:00,1.35,1.40,1.35,1.35,2250,265875
2019-09-13 10:34:00,1.35,1.35,1.30,1.30,1350,265875
2019-09-13 10:35:00,1.30,1.35,1.30,1.35,450,265875
2019-09-13 10:36:00,1.35,1.35,1.35,1.35,2775,265875
2019-09-13 10:37:00,1.35,1.35,1.30,1.35,1200,265875
2019-09-13 10:38:00,1.35,1.35,1.30,1.35,3300,265800
2019-09-13 10:39:00,1.30,1.30,1.25,1.25,675,265800
2019-09-13 10:40:00,1.25,1.30,1.25,1.30,2400,265800
2019-09-13 10:41:00,1.30,1.30,1.30,1.30,0,265800
2019-09-13 10:42:00,1.30,1.30,1.30,1.30,0,265800
2019-09-13 10:43:00,1.30,1.30,1.25,1.25,5400,266775
2019-09-13 10:44:00,1.25,1.25,1.25,1.25,1500,266775
2019-09-13 10:45:00,1.25,1.25,1.25,1.25,0,266775
2019-09-13 10:46:00,1.25,1.25,1.25,1.25,0,266775
2019-09-13 10:47:00,1.25,1.25,1.25,1.25,0,266775
2019-09-13 10:48:00,1.25,1.25,1.25,1.25,0,266775
2019-09-13 10:49:00,1.25,1.25,1.20,1.20,4725,267450
2019-09-13 10:50:00,1.20,1.20,1.20,1.20,0,267450
2019-09-13 10:51:00,1.20,1.20,1.20,1.20,0,267450
2019-09-13 10:52:00,1.20,1.20,1.20,1.20,0,267450
2019-09-13 10:53:00,1.20,1.20,1.20,1.20,0,267450
2019-09-13 10:54:00,1.20,1.20,1.20,1.20,0,267450
2019-09-13 10:55:00,1.20,1.20,1.20,1.20,0,267450
2019-09-13 10:56:00,1.20,1.20,1.20,1.20,0,267450
2019-09-13 10:57:00,1.20,1.20,1.20,1.20,0,267450
2019-09-13 10:58:00,1.20,1.20,1.20,1.20,0,267375
2019-09-13 10:59:00,1.20,1.20,1.20,1.20,0,267375
2019-09-13 11:00:00,1.20,1.20,1.20,1.20,0,267375
2019-09-13 11:01:00,1.20,1.20,1.20,1.20,0,267375
2019-09-13 11:02:00,1.20,1.20,1.20,1.20,0,267375
2019-09-13 11:03:00,1.20,1.20,1.20,1.20,0,267375
2019-09-13 11:04:00,1.20,1.20,1.20,1.20,0,267375
2019-09-13 11:05:00,1.20,1.20,1.20,1.20,0,267375
2019-09-13 11:06:00,1.20,1.20,1.20,1.20,0,267375
2019-09-13 11:07:00,1.20,1.25,1.20,1.25,900,267375
2019-09-13 11:08:00,1.25,1.25,1.25,1.25,0,267375
2019-09-13 11:09:00,1.25,1.25,1.25,1.25,0,267375
2019-09-13 11:10:00,1.25,1.25,1.25,1.25,75,267375
2019-09-13 11:11:00,1.25,1.25,1.25,1.25,0,267375
2019-09-13 11:12:00,1.25,1.30,1.25,1.30,1500,267375
2019-09-13 11:13:00,1.30,1.30,1.30,1.30,0,267375
2019-09-13 11:14:00,1.30,1.30,1.30,1.30,0,267375
2019-09-13 11:15:00,1.30,1.30,1.30,1.30,0,267375
2019-09-13 11:16:00,1.30,1.30,1.30,1.30,0,267375
2019-09-13 11:17:00,1.30,1.30,1.30,1.30,0,267375
2019-09-13 11:18:00,1.30,1.30,1.30,1.30,0,267375
2019-09-13 11:19:00,1.30,1.30,1.30,1.30,0,267375
2019-09-13 11:20:00,1.30,1.30,1.30,1.30,0,267375
2019-09-13 11:21:00,1.30,1.30,1.30,1.30,0,267375
2019-09-13 11:22:00,1.30,1.30,1.25,1.25,75,267375
2019-09-13 11:23:00,1.25,1.25,1.25,1.25,0,267150
2019-09-13 11:24:00,1.25,1.25,1.25,1.25,0,267150
2019-09-13 11:25:00,1.25,1.25,1.25,1.25,0,267150
2019-09-13 11:26:00,1.25,1.25,1.25,1.25,0,267150
2019-09-13 11:27:00,1.25,1.25,1.25,1.25,0,267150
2019-09-13 11:28:00,1.25,1.25,1.25,1.25,0,267150
2019-09-13 11:29:00,1.25,1.25,1.25,1.25,0,267150
2019-09-13 11:30:00,1.25,1.25,1.25,1.25,0,267150
2019-09-13 11:31:00,1.25,1.25,1.25,1.25,0,267150
2019-09-13 11:32:00,1.25,1.25,1.25,1.25,0,267150
2019-09-13 11:33:00,1.25,1.25,1.25,1.25,0,267150
2019-09-13 11:34:00,1.25,1.25,1.25,1.25,0,267150
2019-09-13 11:35:00,1.25,1.25,1.25,1.25,0,267150
2019-09-13 11:36:00,1.25,1.25,1.25,1.25,0,267150
2019-09-13 11:37:00,1.25,1.25,1.25,1.25,0,267150
2019-09-13 11:38:00,1.25,1.25,1.25,1.25,0,267150
2019-09-13 11:39:00,1.25,1.25,1.25,1.25,0,267150
2019-09-13 11:40:00,1.25,1.25,1.25,1.25,0,267150
2019-09-13 11:41:00,1.25,1.25,1.25,1.25,0,267150
2019-09-13 11:42:00,1.25,1.25,1.25,1.25,0,267150
2019-09-13 11:43:00,1.25,1.25,1.25,1.25,0,267150
2019-09-13 11:44:00,1.30,1.30,1.30,1.30,0,267150
2019-09-13 11:45:00,1.30,1.30,1.30,1.30,900,267150
2019-09-13 11:46:00,1.30,1.30,1.30,1.30,0,267150
2019-09-13 11:47:00,1.30,1.30,1.25,1.25,150,267150
2019-09-13 11:48:00,1.25,1.25,1.25,1.25,0,266625
2019-09-13 11:49:00,1.25,1.25,1.25,1.25,0,266625
2019-09-13 11:50:00,1.25,1.25,1.25,1.25,0,266625
2019-09-13 11:51:00,1.25,1.25,1.25,1.25,0,266625
2019-09-13 11:52:00,1.25,1.25,1.25,1.25,0,266625
2019-09-13 11:53:00,1.25,1.25,1.25,1.25,0,266625
2019-09-13 11:54:00,1.25,1.25,1.25,1.25,0,266625
2019-09-13 11:55:00,1.25,1.25,1.25,1.25,0,266625
2019-09-13 11:56:00,1.25,1.25,1.25,1.25,0,266625
2019-09-13 11:57:00,1.25,1.25,1.25,1.25,0,266625
2019-09-13 11:58:00,1.25,1.25,1.25,1.25,0,266625
2019-09-13 11:59:00,1.25,1.25,1.25,1.25,75,266625
2019-09-13 12:00:00,1.25,1.25,1.25,1.25,0,266625
2019-09-13 12:01:00,1.25,1.25,1.25,1.25,0,266625
2019-09-13 12:02:00,1.25,1.25,1.25,1.25,0,266625
2019-09-13 12:03:00,1.25,1.25,1.25,1.25,0,266625
2019-09-13 12:04:00,1.25,1.25,1.20,1.20,75,266625
2019-09-13 12:05:00,1.20,1.20,1.20,1.20,0,266625
2019-09-13 12:06:00,1.20,1.20,1.20,1.20,0,266625
2019-09-13 12:07:00,1.20,1.20,1.20,1.20,0,266625
2019-09-13 12:08:00,1.20,1.20,1.20,1.20,0,266625
2019-09-13 12:09:00,1.20,1.20,1.20,1.20,0,266625
2019-09-13 12:10:00,1.20,1.20,1.20,1.20,0,266625
2019-09-13 12:11:00,1.20,1.20,1.20,1.20,0,266625
2019-09-13 12:12:00,1.30,1.30,1.25,1.25,4200,266625
2019-09-13 12:13:00,1.25,1.25,1.25,1.25,0,266625
2019-09-13 12:14:00,1.25,1.25,1.25,1.25,150,267600
2019-09-13 12:15:00,1.25,1.25,1.25,1.25,3000,267600
2019-09-13 12:16:00,1.25,1.25,1.25,1.25,0,0
2019-09-13 12:17:00,1.25,1.25,1.25,1.25,0,0
2019-09-13 12:18:00,1.25,1.25,1.25,1.25,0,0
2019-09-13 12:19:00,1.25,1.25,1.25,1.25,0,0
2019-09-13 12:20:00,1.25,1.25,1.25,1.25,0,0
2019-09-13 12:21:00,1.25,1.25,1.25,1.25,0,0
2019-09-13 12:22:00,1.25,1.25,1.25,1.25,0,0
2019-09-13 12:23:00,1.25,1.25,1.25,1.25,0,0
2019-09-13 12:24:00,1.25,1.25,1.25,1.25,0,0
2019-09-13 12:25:00,1.25,1.25,1.25,1.25,0,0
2019-09-13 12:26:00,1.25,1.30,1.25,1.30,75,266325
2019-09-13 12:27:00,1.30,1.30,1.30,1.30,0,266325
2019-09-13 12:28:00,1.30,1.30,1.30,1.30,0,266325
2019-09-13 12:29:00,1.30,1.30,1.25,1.25,0,266250
2019-09-13 12:30:00,1.25,1.25,1.25,1.25,0,266250
2019-09-13 12:31:00,1.25,1.25,1.25,1.25,0,266250
2019-09-13 12:32:00,1.25,1.25,1.25,1.25,0,266250
2019-09-13 12:33:00,1.25,1.25,1.25,1.25,0,266250
2019-09-13 12:34:00,1.25,1.25,1.25,1.25,0,266250
2019-09-13 12:35:00,1.25,1.25,1.25,1.25,75,267750
2019-09-13 12:36:00,1.25,1.25,1.25,1.25,0,267750
2019-09-13 12:37:00,1.25,1.25,1.25,1.25,75,267750
2019-09-13 12:38:00,1.25,1.30,1.25,1.30,375,267750
2019-09-13 12:39:00,1.30,1.30,1.25,1.25,0,267750
2019-09-13 12:40:00,1.25,1.25,1.25,1.25,0,267750
2019-09-13 12:41:00,1.25,1.25,1.25,1.25,0,267750
2019-09-13 12:42:00,1.25,1.25,1.25,1.25,150,267750
2019-09-13 12:43:00,1.25,1.30,1.25,1.30,600,266775
2019-09-13 12:44:00,1.30,1.30,1.30,1.30,0,266775
2019-09-13 12:45:00,1.30,1.30,1.30,1.30,0,266775
2019-09-13 12:46:00,1.30,1.30,1.30,1.30,0,266775
2019-09-13 12:47:00,1.30,1.30,1.30,1.30,0,266775
2019-09-13 12:48:00,1.30,1.30,1.30,1.30,0,266775
2019-09-13 12:49:00,1.30,1.30,1.30,1.30,0,266775
2019-09-13 12:50:00,1.30,1.30,1.30,1.30,0,266775
2019-09-13 12:51:00,1.30,1.30,1.25,1.25,0,266625
2019-09-13 12:52:00,1.25,1.25,1.25,1.25,75,266625
2019-09-13 12:53:00,1.25,1.25,1.25,1.25,0,266625
2019-09-13 12:54:00,1.25,1.25,1.25,1.25,0,266625
2019-09-13 12:55:00,1.25,1.25,1.25,1.25,1800,266700
2019-09-13 12:56:00,1.25,1.25,1.25,1.25,600,266700
2019-09-13 12:57:00,1.25,1.25,1.25,1.25,0,266700
2019-09-13 12:58:00,1.25,1.25,1.20,1.20,1125,266700
2019-09-13 12:59:00,1.20,1.25,1.20,1.25,1350,266700
2019-09-13 13:00:00,1.25,1.25,1.25,1.25,150,266625
2019-09-13 13:01:00,1.25,1.25,1.25,1.25,0,266625
2019-09-13 13:02:00,1.25,1.25,1.25,1.25,0,266625
2019-09-13 13:03:00,1.25,1.25,1.25,1.25,0,266625
2019-09-13 13:04:00,1.25,1.25,1.25,1.25,0,266625
2019-09-13 13:05:00,1.25,1.25,1.25,1.25,0,266625
2019-09-13 13:06:00,1.25,1.25,1.25,1.25,0,266625
2019-09-13 13:07:00,1.25,1.25,1.25,1.25,0,266625
2019-09-13 13:08:00,1.25,1.25,1.25,1.25,0,266625
2019-09-13 13:09:00,1.25,1.25,1.25,1.25,0,266625
2019-09-13 13:10:00,1.25,1.25,1.25,1.25,0,266625
2019-09-13 13:11:00,1.25,1.25,1.25,1.25,900,266625
2019-09-13 13:12:00,1.25,1.25,1.25,1.25,0,266400
2019-09-13 13:13:00,1.25,1.25,1.20,1.20,0,266400
2019-09-13 13:14:00,1.20,1.20,1.20,1.20,0,266700
2019-09-13 13:15:00,1.20,1.20,1.20,1.20,0,266700
2019-09-13 13:16:00,1.20,1.20,1.20,1.20,0,266700
2019-09-13 13:17:00,1.20,1.25,1.20,1.25,0,266700
2019-09-13 13:18:00,1.25,1.25,1.25,1.25,0,266700
2019-09-13 13:19:00,1.25,1.25,1.25,1.25,0,266700
2019-09-13 13:20:00,1.25,1.25,1.25,1.25,0,266700
2019-09-13 13:21:00,1.25,1.25,1.25,1.25,0,266700
2019-09-13 13:22:00,1.25,1.25,1.25,1.25,0,266700
2019-09-13 13:23:00,1.25,1.25,1.25,1.25,0,266700
2019-09-13 13:24:00,1.25,1.25,1.25,1.25,0,266700
2019-09-13 13:25:00,1.25,1.25,1.25,1.25,0,266700
2019-09-13 13:26:00,1.25,1.25,1.20,1.25,4050,266925
2019-09-13 13:27:00,1.25,1.25,1.25,1.25,0,266925
2019-09-13 13:28:00,1.25,1.25,1.25,1.25,0,266925
2019-09-13 13:29:00,1.25,1.25,1.25,1.25,0,266925
2019-09-13 13:30:00,1.25,1.25,1.25,1.25,0,266925
2019-09-13 13:31:00,1.25,1.25,1.20,1.25,4575,266400
2019-09-13 13:32:00,1.25,1.25,1.25,1.25,0,266400
2019-09-13 13:33:00,1.25,1.25,1.25,1.25,0,266400
2019-09-13 13:34:00,1.25,1.25,1.20,1.25,1500,266775
2019-09-13 13:35:00,1.25,1.25,1.20,1.25,2100,266775
2019-09-13 13:36:00,1.25,1.25,1.15,1.15,225,266475
2019-09-13 13:37:00,1.15,1.15,1.15,1.15,0,266475
2019-09-13 13:38:00,1.15,1.15,1.15,1.15,0,266475
2019-09-13 13:39:00,1.15,1.20,1.15,1.20,3300,266100
2019-09-13 13:40:00,1.20,1.25,1.05,1.25,10125,266100
2019-09-13 13:41:00,1.25,1.25,1.15,1.20,7800,266100
2019-09-13 13:42:00,1.20,1.20,1.15,1.15,1950,265875
2019-09-13 13:43:00,1.15,1.20,1.15,1.20,1050,265875
2019-09-13 13:44:00,1.20,1.20,1.20,1.20,750,265875
2019-09-13 13:45:00,1.20,1.20,1.15,1.15,900,265800
2019-09-13 13:46:00,1.15,1.15,1.15,1.15,525,265800
2019-09-13 13:47:00,1.15,1.20,1.15,1.20,1200,266400
2019-09-13 13:48:00,1.20,1.25,1.20,1.20,2325,266400
2019-09-13 13:49:00,1.20,1.25,1.20,1.20,4350,266400
2019-09-13 13:50:00,1.20,1.20,1.20,1.20,0,266400
2019-09-13 13:51:00,1.20,1.25,1.15,1.25,3000,265800
2019-09-13 13:52:00,1.25,1.25,1.20,1.20,3000,265800
2019-09-13 13:53:00,1.20,1.20,1.20,1.20,0,265800
2019-09-13 13:54:00,1.20,1.20,1.20,1.20,0,265800
2019-09-13 13:55:00,1.20,1.20,1.20,1.20,0,265800
2019-09-13 13:56:00,1.20,1.20,1.20,1.20,0,265800
2019-09-13 13:57:00,1.20,1.20,1.20,1.20,0,265800
2019-09-13 13:58:00,1.20,1.20,1.20,1.20,900,268275
2019-09-13 13:59:00,1.20,1.20,1.20,1.20,300,268275
2019-09-13 14:00:00,1.20,1.20,1.20,1.20,0,268275
2019-09-13 14:01:00,1.20,1.20,1.20,1.20,600,268275
2019-09-13 14:02:00,1.20,1.20,1.20,1.20,0,268275
2019-09-13 14:03:00,1.20,1.20,1.20,1.20,0,268275
2019-09-13 14:04:00,1.20,1.20,1.20,1.20,2100,268275
2019-09-13 14:05:00,1.20,1.20,1.15,1.15,17100,268275
2019-09-13 14:06:00,1.15,1.15,1.15,1.15,0,268275
2019-09-13 14:07:00,1.15,1.20,1.15,1.15,1500,268275
2019-09-13 14:08:00,1.15,1.15,1.15,1.15,0,268125
2019-09-13 14:09:00,1.15,1.15,1.15,1.15,0,268125
2019-09-13 14:10:00,1.15,1.15,1.15,1.15,0,268125
2019-09-13 14:11:00,1.10,1.10,1.10,1.10,0,265575
2019-09-13 14:12:00,1.10,1.15,1.10,1.15,750,265575
2019-09-13 14:13:00,1.15,1.15,1.15,1.15,450,265575
2019-09-13 14:14:00,1.15,1.15,1.15,1.15,0,265575
2019-09-13 14:15:00,1.15,1.15,1.15,1.15,0,265575
2019-09-13 14:16:00,1.15,1.15,1.10,1.10,4650,265800
2019-09-13 14:17:00,1.10,1.15,1.10,1.15,75,265800
2019-09-13 14:18:00,1.15,1.15,1.10,1.15,450,270150
2019-09-13 14:19:00,1.15,1.15,1.05,1.10,1650,270150
2019-09-13 14:20:00,1.10,1.10,1.10,1.10,0,270150
2019-09-13 14:21:00,1.10,1.15,1.10,1.15,600,270450
2019-09-13 14:22:00,1.15,1.15,1.10,1.10,900,270450
2019-09-13 14:23:00,1.10,1.10,1.10,1.10,2625,270450
2019-09-13 14:24:00,1.10,1.10,1.10,1.10,0,270150
2019-09-13 14:25:00,1.10,1.10,1.10,1.10,0,270150
2019-09-13 14:26:00,1.10,1.10,1.10,1.10,0,270150
2019-09-13 14:27:00,1.10,1.10,1.10,1.10,6000,265650
2019-09-13 14:28:00,1.10,1.15,1.10,1.10,1350,265650
2019-09-13 14:29:00,1.10,1.10,1.10,1.10,0,265650
2019-09-13 14:30:00,1.10,1.10,1.10,1.10,0,265650
2019-09-13 14:31:00,1.10,1.15,1.10,1.15,2175,265800
2019-09-13 14:32:00,1.15,1.15,1.10,1.10,7500,265800
2019-09-13 14:33:00,1.10,1.10,1.10,1.10,0,265800
2019-09-13 14:34:00,1.10,1.10,1.10,1.10,1575,265800
2019-09-13 14:35:00,1.10,1.10,1.10,1.10,75,265800
2019-09-13 14:36:00,1.10,1.10,1.10,1.10,0,265800
2019-09-13 14:37:00,1.10,1.10,1.10,1.10,0,265800
2019-09-13 14:38:00,1.10,1.10,1.10,1.10,0,265800
2019-09-13 14:39:00,1.10,1.10,1.10,1.10,0,265800
2019-09-13 14:40:00,1.10,1.15,1.10,1.15,5025,267225
2019-09-13 14:41:00,1.15,1.15,1.10,1.10,75,267225
2019-09-13 14:42:00,1.10,1.10,1.10,1.10,0,267225
2019-09-13 14:43:00,1.10,1.15,1.10,1.15,0,267150
2019-09-13 14:44:00,1.15,1.15,1.15,1.15,0,267150
2019-09-13 14:45:00,1.15,1.15,1.15,1.15,0,267150
2019-09-13 14:46:00,1.15,1.15,1.10,1.10,600,267150
2019-09-13 14:47:00,1.10,1.10,1.10,1.10,75,267150
2019-09-13 14:48:00,1.10,1.10,1.10,1.10,0,267150
2019-09-13 14:49:00,1.10,1.10,1.10,1.10,0,267150
2019-09-13 14:50:00,1.10,1.10,1.10,1.10,0,267150
2019-09-13 14:51:00,1.10,1.10,1.10,1.10,0,267150
2019-09-13 14:52:00,1.10,1.10,1.10,1.10,0,267150
2019-09-13 14:53:00,1.10,1.10,1.10,1.10,0,267150
2019-09-13 14:54:00,1.10,1.15,1.10,1.15,1125,265575
2019-09-13 14:55:00,1.15,1.15,1.15,1.15,2250,265575
2019-09-13 14:56:00,1.15,1.15,1.15,1.15,0,266325
2019-09-13 14:57:00,1.10,1.10,1.10,1.10,4050,266325
2019-09-13 14:58:00,1.10,1.10,1.10,1.10,600,266325
2019-09-13 14:59:00,1.10,1.10,1.10,1.10,0,266325
2019-09-13 15:00:00,1.10,1.10,1.05,1.10,600,266325
2019-09-13 15:01:00,1.10,1.10,1.10,1.10,0,266175
2019-09-13 15:02:00,1.10,1.10,1.10,1.10,3000,266175
2019-09-13 15:03:00,1.10,1.10,1.10,1.10,0,265875
2019-09-13 15:04:00,1.10,1.10,1.05,1.10,1800,265875
2019-09-13 15:05:00,1.10,1.10,1.05,1.05,5925,265875
2019-09-13 15:06:00,1.05,1.10,1.05,1.10,4425,265875
2019-09-13 15:07:00,1.10,1.10,1.05,1.10,3600,265725
2019-09-13 15:08:00,1.10,1.10,1.05,1.05,5700,277050
2019-09-13 15:09:00,1.05,1.10,1.05,1.10,6525,277050
2019-09-13 15:10:00,1.10,1.10,1.05,1.05,525,277050
2019-09-13 15:11:00,1.05,1.05,1.05,1.05,1275,278025
2019-09-13 15:12:00,1.05,1.05,1.05,1.05,0,278025
2019-09-13 15:13:00,1.05,1.05,1.05,1.05,15525,278025
2019-09-13 15:14:00,1.05,1.05,1.05,1.05,7500,278025
2019-09-13 15:15:00,1.05,1.15,1.05,1.15,17100,287400
2019-09-13 15:16:00,1.15,1.15,1.15,1.15,1500,287400
2019-09-13 15:17:00,1.15,1.15,1.10,1.10,300,287400
2019-09-13 15:18:00,1.10,1.10,1.10,1.10,4200,298650
2019-09-13 15:19:00,1.10,1.10,1.10,1.10,300,298650
2019-09-13 15:20:00,1.10,1.10,1.10,1.10,9825,298650
2019-09-13 15:21:00,1.10,1.15,1.10,1.15,19500,307725
2019-09-13 15:22:00,1.15,1.20,1.00,1.10,92250,307725
2019-09-13 15:23:00,1.10,1.20,1.10,1.20,18075,402975
2019-09-13 15:24:00,1.20,1.60,1.20,1.35,55500,402975
2019-09-13 15:25:00,1.25,1.25,1.20,1.20,13200,402975
2019-09-13 15:26:00,1.20,1.30,1.20,1.25,15600,466725
2019-09-13 15:27:00,1.25,1.25,1.20,1.20,3000,466725
2019-09-13 15:28:00,1.20,1.30,1.15,1.30,5100,466725
2019-09-13 15:29:01,1.30,1.30,1.15,1.15,1350,466725
2019-09-16 09:15:00,1.80,1.80,1.20,1.20,750,466425
2019-09-16 09:16:00,1.20,1.30,0.80,1.15,3300,466425
2019-09-16 09:17:00,1.30,1.30,1.15,1.30,9000,467550
2019-09-16 09:18:00,1.30,1.30,1.10,1.15,1950,467550
2019-09-16 09:19:00,1.15,1.20,1.15,1.20,4875,467550
2019-09-16 09:20:00,1.20,1.25,1.20,1.25,3000,468675
2019-09-16 09:21:00,1.25,1.25,1.25,1.25,750,468675
2019-09-16 09:22:00,1.25,1.25,1.25,1.25,750,468675
2019-09-16 09:23:00,1.25,1.25,1.15,1.20,3075,468675
2019-09-16 09:24:00,1.20,1.20,1.10,1.10,5550,468675
2019-09-16 09:25:00,1.10,1.15,1.05,1.05,450,468675
2019-09-16 09:26:00,1.05,1.05,1.05,1.05,5625,468600
2019-09-16 09:27:00,1.05,1.10,1.05,1.05,2700,468600
2019-09-16 09:28:00,1.05,1.05,1.00,1.00,975,468600
2019-09-16 09:29:00,1.00,1.05,1.00,1.05,12000,468600
2019-09-16 09:30:00,1.05,1.05,1.05,1.05,3225,468600
2019-09-16 09:31:00,1.05,1.05,1.00,1.05,825,468600
2019-09-16 09:32:00,1.05,1.05,1.05,1.05,0,468600
2019-09-16 09:33:00,1.05,1.10,1.05,1.05,5625,468600
2019-09-16 09:34:00,1.05,1.05,1.05,1.05,0,468600
2019-09-16 09:35:00,1.05,1.05,1.05,1.05,9825,468600
2019-09-16 09:36:00,1.05,1.05,1.05,1.05,0,468600
2019-09-16 09:37:00,1.05,1.05,1.05,1.05,0,468600
2019-09-16 09:38:00,1.05,1.05,1.05,1.05,0,468600
2019-09-16 09:39:00,1.05,1.05,1.05,1.05,0,468600
2019-09-16 09:40:00,1.05,1.05,1.05,1.05,0,468600
2019-09-16 09:41:00,1.05,1.05,1.05,1.05,0,468600
2019-09-16 09:42:00,1.05,1.05,1.00,1.00,10725,468900
2019-09-16 09:43:00,1.00,1.05,1.00,1.05,450,474750
2019-09-16 09:44:00,1.00,1.00,1.00,1.00,150,474750
2019-09-16 09:45:00,1.00,1.05,1.00,1.05,75,474750
2019-09-16 09:46:00,1.05,1.05,1.05,1.05,0,474750
2019-09-16 09:47:00,1.05,1.05,1.05,1.05,0,474750
2019-09-16 09:48:00,1.05,1.05,1.05,1.05,0,474225
2019-09-16 09:49:00,1.05,1.05,1.05,1.05,0,474225
2019-09-16 09:50:00,1.05,1.05,1.05,1.05,0,474225
2019-09-16 09:51:00,1.05,1.05,1.05,1.05,0,474225
2019-09-16 09:52:00,1.05,1.05,1.00,1.00,75,474225
2019-09-16 09:53:00,1.00,1.00,1.00,1.00,0,474225
2019-09-16 09:54:00,1.00,1.05,1.00,1.05,300,474150
2019-09-16 09:55:00,1.05,1.05,1.05,1.05,0,474150
2019-09-16 09:56:00,1.05,1.05,1.05,1.05,0,474150
2019-09-16 09:57:00,1.05,1.05,1.00,1.00,3600,474150
2019-09-16 09:58:00,1.00,1.00,1.00,1.00,0,474150
2019-09-16 09:59:00,1.00,1.00,1.00,1.00,0,474150
2019-09-16 10:00:00,1.00,1.00,1.00,1.00,0,474075
2019-09-16 10:01:00,1.00,1.00,1.00,1.00,0,474075
2019-09-16 10:02:00,1.00,1.00,1.00,1.00,0,474075
2019-09-16 10:03:00,1.00,1.00,1.00,1.00,0,474075
2019-09-16 10:04:00,1.00,1.00,1.00,1.00,0,474075
2019-09-16 10:05:00,1.00,1.00,1.00,1.00,0,474075
2019-09-16 10:06:00,1.00,1.00,1.00,1.00,0,474075
2019-09-16 10:07:00,1.00,1.00,1.00,1.00,300,479475
2019-09-16 10:08:00,1.00,1.00,1.00,1.00,0,479475
2019-09-16 10:09:00,1.00,1.00,1.00,1.00,0,479475
2019-09-16 10:10:00,1.00,1.00,1.00,1.00,0,479475
2019-09-16 10:11:00,1.00,1.00,1.00,1.00,0,479475
2019-09-16 10:12:00,1.00,1.00,1.00,1.00,0,479475
2019-09-16 10:13:00,1.00,1.00,1.00,1.00,1275,479325
2019-09-16 10:14:00,1.00,1.00,0.95,0.95,2550,479550
2019-09-16 10:15:00,1.00,1.00,1.00,1.00,0,479550
2019-09-16 10:16:00,1.00,1.00,1.00,1.00,3000,479550
2019-09-16 10:18:00,1.00,1.00,1.00,1.00,0,479550
2019-09-16 10:19:00,1.00,1.00,1.00,1.00,2100,479550
2019-09-16 10:21:00,1.00,1.00,1.00,1.00,0,479550
2019-09-16 10:22:00,1.00,1.00,1.00,1.00,0,479550
2019-09-16 10:23:00,1.00,1.00,1.00,1.00,0,479550
2019-09-16 10:24:00,1.00,1.00,1.00,1.00,0,479550
2019-09-16 10:25:00,1.00,1.00,1.00,1.00,0,479175
2019-09-16 10:26:00,1.05,1.05,1.05,1.05,150,479175
2019-09-16 10:27:00,1.05,1.05,1.05,1.05,0,479175
2019-09-16 10:28:00,1.05,1.05,1.05,1.05,0,479175
2019-09-16 10:29:00,1.05,1.05,1.05,1.05,0,479175
2019-09-16 10:30:00,1.05,1.05,1.05,1.05,0,479175
2019-09-16 10:31:00,1.05,1.05,1.05,1.05,0,479175
2019-09-16 10:33:00,1.05,1.05,1.05,1.05,0,479175
2019-09-16 10:34:00,1.05,1.05,1.05,1.05,0,479175
2019-09-16 10:35:00,1.05,1.05,1.05,1.05,0,479175
2019-09-16 10:37:00,1.05,1.05,1.05,1.05,0,479175
2019-09-16 10:38:00,1.05,1.05,1.00,1.00,1950,479175
2019-09-16 10:39:00,1.00,1.00,1.00,1.00,0,479175
2019-09-16 10:40:00,1.00,1.00,1.00,1.00,0,479175
2019-09-16 10:41:00,1.00,1.10,1.00,1.10,150,479175
2019-09-16 10:42:00,1.10,1.10,1.10,1.10,0,479175
2019-09-16 10:43:00,1.00,1.00,1.00,1.00,0,479325
2019-09-16 10:44:00,1.00,1.00,1.00,1.00,75,479325
2019-09-16 10:45:00,1.00,1.00,1.00,1.00,0,479325
2019-09-16 10:46:00,1.00,1.00,1.00,1.00,0,479325
2019-09-16 10:47:00,1.00,1.00,1.00,1.00,0,479325
2019-09-16 10:48:00,1.00,1.00,1.00,1.00,0,479325
2019-09-16 10:56:00,1.00,1.00,1.00,1.00,0,479325
2019-09-16 10:57:00,1.00,1.00,1.00,1.00,0,479325
2019-09-16 10:58:00,1.00,1.00,1.00,1.00,0,473850
2019-09-16 10:59:00,1.00,1.00,1.00,1.00,0,473850
2019-09-16 11:00:00,1.00,1.00,1.00,1.00,0,473850
2019-09-16 11:01:00,1.00,1.00,1.00,1.00,0,473850
2019-09-16 11:02:00,1.00,1.00,1.00,1.00,75,473850
2019-09-16 11:03:00,1.05,1.05,1.05,1.05,3600,468900
2019-09-16 11:04:00,1.05,1.05,1.00,1.00,1350,468900
2019-09-16 11:05:00,1.00,1.00,1.00,1.00,0,468900
2019-09-16 11:06:00,1.00,1.00,1.00,1.00,3375,468900
2019-09-16 11:07:00,1.00,1.00,1.00,1.00,1500,467475
2019-09-16 11:08:00,1.00,1.00,1.00,1.00,0,467475
2019-09-16 11:09:00,1.00,1.00,1.00,1.00,0,467475
2019-09-16 11:10:00,1.00,1.00,1.00,1.00,0,467475
2019-09-16 11:11:00,1.05,1.05,1.05,1.05,1050,467475
2019-09-16 11:13:00,1.05,1.05,1.05,1.05,75,467475
2019-09-16 11:14:00,1.05,1.05,1.05,1.05,0,467475
2019-09-16 11:15:00,1.05,1.05,1.05,1.05,75,467475
2019-09-16 11:16:00,1.05,1.05,1.05,1.05,0,467475
2019-09-16 11:17:00,1.05,1.05,1.05,1.05,2175,467475
2019-09-16 11:18:00,1.05,1.05,1.05,1.05,150,467475
2019-09-16 11:19:00,1.05,1.05,1.05,1.05,1350,467475
2019-09-16 11:20:00,1.05,1.05,1.05,1.05,0,467475
2019-09-16 11:21:00,1.05,1.05,1.05,1.05,0,467475
2019-09-16 11:22:00,1.05,1.05,1.00,1.00,300,467475
2019-09-16 11:23:00,1.00,1.00,1.00,1.00,0,467475
2019-09-16 11:24:00,1.00,1.00,1.00,1.00,0,467475
2019-09-16 11:25:00,1.00,1.00,1.00,1.00,0,467475
2019-09-16 11:28:00,1.00,1.00,1.00,1.00,300,467475
2019-09-16 11:33:00,1.00,1.00,1.00,1.00,0,467475
2019-09-16 11:34:00,1.00,1.00,1.00,1.00,0,467475
2019-09-16 11:35:00,1.00,1.00,1.00,1.00,0,467475
2019-09-16 11:36:00,1.00,1.00,1.00,1.00,0,467475
2019-09-16 11:37:00,1.00,1.00,1.00,1.00,0,467475
2019-09-16 11:39:00,1.00,1.00,1.00,1.00,0,467475
2019-09-16 11:40:00,1.00,1.00,1.00,1.00,0,467475
2019-09-16 11:41:00,1.00,1.00,1.00,1.00,0,467475
2019-09-16 11:42:00,1.00,1.00,1.00,1.00,0,467475
2019-09-16 11:44:00,1.00,1.00,1.00,1.00,0,467475
2019-09-16 11:45:00,1.00,1.00,1.00,1.00,0,467475
2019-09-16 11:46:00,1.00,1.00,1.00,1.00,0,467475
2019-09-16 11:47:00,1.05,1.05,1.05,1.05,0,467475
2019-09-16 11:48:00,1.05,1.05,1.05,1.05,0,467475
2019-09-16 11:49:00,1.05,1.05,1.05,1.05,0,467475
2019-09-16 11:50:00,1.05,1.05,1.05,1.05,0,467475
2019-09-16 11:51:00,1.05,1.05,1.05,1.05,0,467475
2019-09-16 11:52:00,1.05,1.05,1.05,1.05,0,467475
2019-09-16 11:53:00,1.05,1.05,1.05,1.05,0,467475
2019-09-16 11:54:00,1.05,1.05,1.05,1.05,0,467475
2019-09-16 11:55:00,1.05,1.05,1.05,1.05,0,467475
2019-09-16 11:56:00,1.05,1.05,1.05,1.05,750,467475
2019-09-16 11:57:00,1.05,1.05,1.05,1.05,0,467475
2019-09-16 11:58:00,1.05,1.05,1.05,1.05,1800,467475
2019-09-16 11:59:00,1.05,1.10,1.05,1.10,2100,467475
2019-09-16 12:00:00,1.10,1.10,1.10,1.10,0,467475
2019-09-16 12:01:00,1.10,1.10,1.10,1.10,150,467475
2019-09-16 12:02:00,1.10,1.10,1.10,1.10,0,467475
2019-09-16 12:03:00,1.10,1.10,1.10,1.10,0,467475
2019-09-16 12:05:00,1.10,1.10,1.10,1.10,0,467475
2019-09-16 12:06:00,1.10,1.10,1.10,1.10,0,467475
2019-09-16 12:08:00,1.10,1.10,1.10,1.10,0,467475
2019-09-16 12:09:00,1.10,1.10,1.10,1.10,0,467475
2019-09-16 12:10:00,1.10,1.10,1.10,1.10,0,467475
2019-09-16 12:11:00,1.10,1.10,1.10,1.10,0,467475
2019-09-16 12:12:00,1.10,1.10,1.10,1.10,0,467475
2019-09-16 12:13:00,1.10,1.10,1.10,1.10,0,467475
2019-09-16 12:14:00,1.10,1.10,1.10,1.10,0,467475
2019-09-16 12:15:00,1.10,1.10,1.10,1.10,0,467475
2019-09-16 12:16:00,1.10,1.10,1.10,1.10,0,0
2019-09-16 12:17:00,1.10,1.10,1.10,1.10,0,0
2019-09-16 12:18:00,1.10,1.10,1.05,1.05,150,467475
2019-09-16 12:19:00,1.05,1.05,1.05,1.05,0,467475
2019-09-16 12:20:00,1.05,1.05,1.05,1.05,0,467475
2019-09-16 12:21:00,1.05,1.05,1.05,1.05,225,467475
2019-09-16 12:22:00,1.05,1.10,1.05,1.10,150,467475
2019-09-16 12:23:00,1.10,1.10,1.10,1.10,0,467475
2019-09-16 12:24:00,1.10,1.10,1.10,1.10,0,467475
2019-09-16 12:25:00,1.25,1.25,1.25,1.25,0,467250
2019-09-16 12:26:00,1.25,1.25,1.15,1.15,75,467250
2019-09-16 12:27:00,1.15,1.20,1.15,1.20,450,468750
2019-09-16 12:28:00,1.20,1.20,1.20,1.20,0,468750
2019-09-16 12:29:00,1.20,1.20,1.20,1.20,0,468750
2019-09-16 12:30:00,1.20,1.25,1.20,1.25,150,468750
2019-09-16 12:31:00,1.25,1.25,1.25,1.25,0,468750
2019-09-16 12:32:00,1.25,1.25,1.25,1.25,0,468750
2019-09-16 12:35:00,1.25,1.25,1.25,1.25,0,468750
2019-09-16 12:36:00,1.25,1.25,1.10,1.10,150,468750
2019-09-16 12:37:00,1.10,1.10,1.10,1.10,0,468750
2019-09-16 12:38:00,1.10,1.10,1.05,1.05,1500,468750
2019-09-16 12:39:00,1.05,1.05,1.05,1.05,0,468750
2019-09-16 12:40:00,1.05,1.05,1.05,1.05,0,468750
2019-09-16 12:41:00,1.05,1.10,1.05,1.10,75,468750
2019-09-16 12:42:00,1.10,1.10,1.10,1.10,0,468750
2019-09-16 12:43:00,1.10,1.10,1.10,1.10,0,468750
2019-09-16 12:44:00,1.10,1.10,1.10,1.10,0,468750
2019-09-16 12:45:00,1.10,1.10,1.10,1.10,0,468750
2019-09-16 12:46:00,1.10,1.10,1.10,1.10,0,468750
2019-09-16 12:47:00,1.10,1.10,1.10,1.10,0,468750
2019-09-16 12:48:00,1.10,1.10,1.10,1.10,0,468750
2019-09-16 12:49:00,1.10,1.10,1.10,1.10,0,468750
2019-09-16 12:50:00,1.10,1.10,1.10,1.10,0,468750
2019-09-16 12:51:00,1.10,1.10,1.10,1.10,0,468750
2019-09-16 12:52:00,1.10,1.10,1.10,1.10,0,468750
2019-09-16 12:53:00,1.10,1.10,1.10,1.10,0,468750
2019-09-16 12:54:00,1.10,1.10,1.10,1.10,0,468750
2019-09-16 12:56:00,1.10,1.10,1.10,1.10,75,467250
2019-09-16 12:57:00,1.10,1.15,1.10,1.15,225,467250
2019-09-16 12:58:00,1.15,1.15,1.15,1.15,525,467250
2019-09-16 12:59:00,1.15,1.15,1.15,1.15,0,467250
2019-09-16 13:00:00,1.15,1.15,1.15,1.15,0,467250
2019-09-16 13:01:00,1.15,1.15,1.15,1.15,450,467250
2019-09-16 13:02:00,1.15,1.15,1.15,1.15,0,467250
2019-09-16 13:03:00,1.15,1.15,1.10,1.10,3000,467550
2019-09-16 13:04:00,1.10,1.10,1.05,1.05,300,467550
2019-09-16 13:05:00,1.05,1.05,1.05,1.05,0,467550
2019-09-16 13:06:00,1.05,1.05,1.05,1.05,900,470850
2019-09-16 13:07:00,1.05,1.05,1.05,1.05,0,470850
2019-09-16 13:08:00,1.05,1.05,1.05,1.05,0,470850
2019-09-16 13:09:00,1.05,1.05,1.05,1.05,0,470850
2019-09-16 13:10:00,1.05,1.05,1.05,1.05,0,470850
2019-09-16 13:12:00,1.05,1.05,1.05,1.05,0,470850
2019-09-16 13:13:00,1.05,1.05,1.05,1.05,0,470850
2019-09-16 13:14:00,1.05,1.05,1.05,1.05,0,470850
2019-09-16 13:16:00,1.05,1.05,1.05,1.05,0,470850
2019-09-16 13:17:00,1.05,1.05,1.05,1.05,0,471750
2019-09-16 13:18:00,1.10,1.10,1.10,1.10,1125,471750
2019-09-16 13:19:00,1.10,1.10,1.10,1.10,0,471750
2019-09-16 13:20:00,1.10,1.10,1.10,1.10,675,471750
2019-09-16 13:21:00,1.10,1.10,1.10,1.10,0,471450
2019-09-16 13:22:00,1.05,1.05,1.05,1.05,2400,471450
2019-09-16 13:23:00,1.05,1.05,1.05,1.05,1200,474975
2019-09-16 13:24:00,1.05,1.05,1.05,1.05,0,474975
2019-09-16 13:25:00,1.05,1.10,1.05,1.10,75,474975
2019-09-16 13:28:00,1.10,1.10,1.10,1.10,900,476025
2019-09-16 13:29:00,1.10,1.10,1.05,1.05,0,476025
2019-09-16 13:30:00,1.05,1.05,1.05,1.05,75,476025
2019-09-16 13:31:00,1.05,1.05,1.05,1.05,0,476025
2019-09-16 13:32:00,1.05,1.05,1.05,1.05,0,476025
2019-09-16 13:33:00,1.05,1.10,1.05,1.10,150,473100
2019-09-16 13:34:00,1.10,1.10,1.10,1.10,0,473100
2019-09-16 13:35:00,1.10,1.10,1.10,1.10,0,473100
2019-09-16 13:36:00,1.10,1.10,1.10,1.10,0,473100
2019-09-16 13:37:00,1.10,1.10,1.10,1.10,0,473100
2019-09-16 13:38:00,1.10,1.10,1.10,1.10,0,473100
2019-09-16 13:39:00,1.10,1.10,1.10,1.10,0,473100
2019-09-16 13:40:00,1.10,1.10,1.05,1.05,0,473100
2019-09-16 13:41:00,1.05,1.05,1.05,1.05,0,473100
2019-09-16 13:42:00,1.05,1.05,1.05,1.05,0,473100
2019-09-16 13:43:00,1.05,1.05,1.05,1.05,0,473100
2019-09-16 13:44:00,1.05,1.05,1.05,1.05,0,473100
2019-09-16 13:45:00,1.05,1.05,1.05,1.05,0,473100
2019-09-16 13:47:00,1.05,1.05,1.05,1.05,0,473100
2019-09-16 13:48:00,1.05,1.05,1.05,1.05,0,473100
2019-09-16 13:49:00,1.05,1.05,1.05,1.05,0,473100
2019-09-16 13:51:00,1.05,1.05,1.05,1.05,0,473100
2019-09-16 13:52:00,1.05,1.05,1.05,1.05,0,473100
2019-09-16 13:53:00,1.10,1.10,1.05,1.05,0,473100
2019-09-16 13:56:00,1.05,1.05,1.05,1.05,0,473100
2019-09-16 13:58:00,1.05,1.05,1.05,1.05,0,473100
2019-09-16 14:00:00,1.05,1.05,1.05,1.05,0,473100
2019-09-16 14:02:00,1.05,1.05,1.05,1.05,0,473100
2019-09-16 14:04:00,1.05,1.05,1.05,1.05,0,473100
2019-09-16 14:05:00,1.00,1.00,1.00,1.00,0,473100
2019-09-16 14:06:00,1.00,1.00,1.00,1.00,0,473100
2019-09-16 14:07:00,1.00,1.00,1.00,1.00,0,473100
2019-09-16 14:08:00,1.00,1.05,1.00,1.05,75,473100
2019-09-16 14:09:00,1.05,1.05,1.05,1.05,0,473100
2019-09-16 14:10:00,1.05,1.05,1.05,1.05,0,473100
2019-09-16 14:11:00,1.05,1.05,1.05,1.05,0,473100
2019-09-16 14:12:00,1.05,1.05,1.05,1.05,0,473100
2019-09-16 14:13:00,1.05,1.05,1.05,1.05,0,473100
2019-09-16 14:14:00,1.05,1.05,1.05,1.05,0,473100
2019-09-16 14:15:00,1.05,1.05,1.05,1.05,0,473100
2019-09-16 14:16:00,1.05,1.05,1.05,1.05,0,473100
2019-09-16 14:17:00,1.05,1.05,1.05,1.05,0,473100
2019-09-16 14:18:00,1.05,1.05,1.05,1.05,0,473100
2019-09-16 14:19:00,1.05,1.05,1.05,1.05,450,473100
2019-09-16 14:20:00,1.05,1.05,1.05,1.05,0,473100
2019-09-16 14:21:00,1.05,1.05,1.05,1.05,75,473175
2019-09-16 14:22:00,1.05,1.05,1.05,1.05,0,473175
2019-09-16 14:23:00,1.05,1.05,1.05,1.05,0,473175
2019-09-16 14:24:00,1.05,1.05,1.05,1.05,0,473175
2019-09-16 14:25:00,1.05,1.05,1.05,1.05,0,473175
2019-09-16 14:26:00,1.00,1.00,1.00,1.00,1500,473175
2019-09-16 14:27:00,1.00,1.00,1.00,1.00,0,473100
2019-09-16 14:28:00,1.00,1.00,1.00,1.00,0,473100
2019-09-16 14:29:00,1.00,1.00,1.00,1.00,75,473100
2019-09-16 14:30:00,1.00,1.00,0.95,0.95,450,473100
2019-09-16 14:31:00,0.95,0.95,0.95,0.95,75,473100
2019-09-16 14:32:00,0.95,0.95,0.90,0.95,300,473100
2019-09-16 14:33:00,0.95,0.95,0.95,0.95,0,473100
2019-09-16 14:34:00,0.95,0.95,0.95,0.95,0,473100
2019-09-16 14:35:00,0.95,0.95,0.95,0.95,0,473100
2019-09-16 14:36:00,0.95,1.00,0.95,1.00,13275,473400
2019-09-16 14:37:00,1.00,1.00,0.95,1.00,3825,473400
2019-09-16 14:38:00,1.00,1.00,1.00,1.00,0,473400
2019-09-16 14:39:00,1.00,1.00,1.00,1.00,0,473400
2019-09-16 14:40:00,1.00,1.00,1.00,1.00,0,473400
2019-09-16 14:41:00,1.00,1.00,1.00,1.00,150,473100
2019-09-16 14:42:00,1.00,1.05,1.00,1.05,2925,473100
2019-09-16 14:43:00,1.05,1.05,0.95,1.00,2475,473100
2019-09-16 14:44:00,1.00,1.00,1.00,1.00,75,473100
2019-09-16 14:45:00,1.00,1.00,1.00,1.00,1500,474825
2019-09-16 14:46:00,1.00,1.00,1.00,1.00,0,474825
2019-09-16 14:47:00,1.00,1.05,1.00,1.05,525,474825
2019-09-16 14:48:00,1.05,1.05,1.00,1.05,3000,473325
2019-09-16 14:49:00,1.05,1.05,1.05,1.05,0,473325
2019-09-16 14:50:00,1.05,1.05,1.05,1.05,0,473325
2019-09-16 14:51:00,1.05,1.05,1.00,1.00,600,474300
2019-09-16 14:52:00,1.00,1.05,1.00,1.05,750,474300
2019-09-16 14:53:00,1.05,1.05,1.05,1.05,0,474300
2019-09-16 14:54:00,1.05,1.05,1.05,1.05,0,474300
2019-09-16 14:55:00,1.05,1.05,1.05,1.05,0,474300
2019-09-16 14:56:00,1.05,1.05,1.05,1.05,75,474225
2019-09-16 14:57:00,1.05,1.05,1.05,1.05,0,474225
2019-09-16 14:58:00,1.05,1.05,1.00,1.00,4800,474225
2019-09-16 14:59:00,1.00,1.00,0.95,0.95,1350,474225
2019-09-16 15:00:00,0.95,1.00,0.95,1.00,300,474225
2019-09-16 15:01:00,1.00,1.00,1.00,1.00,0,473175
2019-09-16 15:02:00,0.95,0.95,0.90,0.90,10800,473175
2019-09-16 15:03:00,0.90,0.95,0.90,0.90,6375,475425
2019-09-16 15:04:00,0.90,1.00,0.90,1.00,75,475425
2019-09-16 15:05:00,1.00,1.00,1.00,1.00,0,475425
2019-09-16 15:06:00,0.90,0.90,0.90,0.90,4200,475350
2019-09-16 15:07:00,0.90,0.90,0.90,0.90,0,475350
2019-09-16 15:08:00,0.85,0.85,0.85,0.85,0,475350
2019-09-16 15:09:00,0.85,0.90,0.85,0.90,1200,475350
2019-09-16 15:10:00,0.90,0.90,0.80,0.85,11250,475350
2019-09-16 15:11:00,0.85,0.85,0.85,0.85,0,475350
2019-09-16 15:12:00,0.85,0.85,0.85,0.85,0,475425
2019-09-16 15:13:00,0.85,0.85,0.85,0.85,0,475425
2019-09-16 15:14:00,0.85,0.85,0.85,0.85,0,475425
2019-09-16 15:15:00,0.85,0.85,0.85,0.85,9225,448425
2019-09-16 15:16:00,0.85,0.85,0.85,0.85,0,448425
2019-09-16 15:17:00,0.85,0.85,0.85,0.85,6000,448425
2019-09-16 15:18:00,0.85,0.85,0.85,0.85,900,442500
2019-09-16 15:19:00,0.85,0.85,0.85,0.85,5475,442500
2019-09-16 15:20:00,0.85,0.85,0.85,0.85,5400,442500
2019-09-16 15:21:00,0.85,0.85,0.80,0.80,11475,441075
2019-09-16 15:22:00,0.80,0.80,0.80,0.80,3975,441075
2019-09-16 15:23:00,0.80,0.80,0.80,0.80,2100,441075
2019-09-16 15:24:00,0.80,0.80,0.80,0.80,2925,438450
2019-09-16 15:25:00,0.80,0.80,0.80,0.80,675,438450
2019-09-16 15:26:00,0.80,0.85,0.80,0.85,5325,438450
2019-09-16 15:27:00,0.85,0.85,0.85,0.85,4950,433425
2019-09-16 15:28:00,0.85,0.90,0.85,0.90,9150,433425
2019-09-16 15:29:01,0.90,0.90,0.85,0.85,2400,433425
2019-09-17 09:16:00,0.90,0.90,0.90,0.90,0,387750
2019-09-17 09:17:00,0.90,0.90,0.90,0.90,0,387750
2019-09-17 09:18:00,0.90,0.90,0.70,0.70,750,387750
2019-09-17 09:19:00,0.70,0.75,0.70,0.70,2700,387750
2019-09-17 09:20:00,0.70,0.70,0.70,0.70,0,387750
2019-09-17 09:21:00,0.75,0.75,0.75,0.75,3000,387750
2019-09-17 09:22:00,0.75,0.75,0.75,0.75,0,387750
2019-09-17 09:23:00,0.75,0.75,0.75,0.75,0,387750
2019-09-17 09:24:00,0.75,0.75,0.75,0.75,0,387750
2019-09-17 09:25:00,0.75,0.75,0.75,0.75,0,387750
2019-09-17 09:26:00,0.75,0.75,0.70,0.70,75,387750
2019-09-17 09:27:00,0.70,0.70,0.70,0.70,0,387750
2019-09-17 09:28:00,0.70,0.70,0.70,0.70,0,387750
2019-09-17 09:29:00,0.70,0.70,0.70,0.70,0,387750
2019-09-17 09:30:00,0.70,0.70,0.70,0.70,3600,387750
2019-09-17 09:31:00,0.70,0.70,0.70,0.70,0,387750
2019-09-17 09:32:00,0.70,0.75,0.70,0.75,1425,387750
2019-09-17 09:33:00,0.75,0.75,0.75,0.75,0,387750
2019-09-17 09:34:00,0.75,0.75,0.75,0.75,0,387750
2019-09-17 09:35:00,0.75,0.75,0.75,0.75,0,387750
2019-09-17 09:36:00,0.75,0.75,0.75,0.75,0,387750
2019-09-17 09:37:00,0.75,0.75,0.75,0.75,0,387750
2019-09-17 09:38:00,0.75,0.75,0.75,0.75,0,387750
2019-09-17 09:39:00,0.75,0.75,0.75,0.75,0,387750
2019-09-17 09:40:00,0.75,0.75,0.75,0.75,0,387750
2019-09-17 09:41:00,0.75,0.75,0.75,0.75,0,387750
2019-09-17 09:42:00,0.75,0.75,0.75,0.75,0,387750
2019-09-17 09:43:00,0.75,0.75,0.75,0.75,300,387750
2019-09-17 09:44:00,0.75,0.75,0.75,0.75,0,387750
2019-09-17 09:45:00,0.75,0.75,0.75,0.75,0,387750
2019-09-17 09:46:00,0.75,0.75,0.75,0.75,0,387750
2019-09-17 09:47:00,0.75,0.75,0.75,0.75,0,387750
2019-09-17 09:48:00,0.75,0.75,0.75,0.75,0,387750
2019-09-17 09:49:00,0.75,0.75,0.75,0.75,0,387750
2019-09-17 09:50:00,0.75,0.75,0.75,0.75,0,387750
2019-09-17 09:52:00,0.75,0.75,0.75,0.75,0,387750
2019-09-17 09:53:00,0.75,0.75,0.75,0.75,0,387750
2019-09-17 09:54:00,0.75,0.75,0.75,0.75,0,387750
2019-09-17 09:55:00,0.75,0.75,0.75,0.75,0,387750
2019-09-17 09:56:00,0.75,0.75,0.75,0.75,0,387750
2019-09-17 09:57:00,0.75,0.75,0.75,0.75,0,387750
2019-09-17 09:58:00,0.75,0.75,0.75,0.75,0,387750
2019-09-17 09:59:00,0.75,0.75,0.75,0.75,450,388200
2019-09-17 10:00:00,0.75,0.80,0.75,0.80,75,388200
2019-09-17 10:02:00,0.75,0.75,0.75,0.75,0,388200
2019-09-17 10:03:00,0.75,0.75,0.75,0.75,0,388200
2019-09-17 10:05:00,0.75,0.75,0.75,0.75,0,388200
2019-09-17 10:06:00,0.75,0.75,0.75,0.75,0,388200
2019-09-17 10:07:00,0.75,0.75,0.75,0.75,0,388200
2019-09-17 10:08:00,0.75,0.75,0.75,0.75,0,388200
2019-09-17 10:09:00,0.75,0.75,0.75,0.75,0,388200
2019-09-17 10:10:00,0.75,0.75,0.70,0.70,75,388200
2019-09-17 10:12:00,0.70,0.75,0.70,0.75,525,387750
2019-09-17 10:13:00,0.75,0.75,0.75,0.75,0,387750
2019-09-17 10:14:00,0.75,0.80,0.75,0.80,75,387750
2019-09-17 10:15:00,0.80,0.80,0.80,0.80,0,387750
2019-09-17 10:16:00,0.80,0.80,0.80,0.80,75,387750
2019-09-17 10:17:00,0.80,0.80,0.75,0.75,0,387375
2019-09-17 10:18:00,0.75,0.75,0.75,0.75,75,387375
2019-09-17 10:19:00,0.75,0.75,0.75,0.75,0,387375
2019-09-17 10:20:00,0.75,0.75,0.75,0.75,0,387375
2019-09-17 10:21:00,0.75,0.75,0.75,0.75,0,387375
2019-09-17 10:24:00,0.75,0.75,0.75,0.75,225,387375
2019-09-17 10:26:00,0.75,0.75,0.70,0.70,2400,387375
2019-09-17 10:27:00,0.70,0.70,0.70,0.70,0,387375
2019-09-17 10:28:00,0.70,0.70,0.70,0.70,0,387375
2019-09-17 10:29:00,0.70,0.70,0.70,0.70,0,387375
2019-09-17 10:30:00,0.75,0.75,0.70,0.70,1350,387375
2019-09-17 10:31:00,0.70,0.75,0.70,0.75,225,387375
2019-09-17 10:32:00,0.75,0.75,0.75,0.75,0,387375
2019-09-17 10:33:00,0.75,0.75,0.75,0.75,0,387375
2019-09-17 10:34:00,0.75,0.75,0.75,0.75,0,388800
2019-09-17 10:35:00,0.75,0.75,0.70,0.70,600,388800
2019-09-17 10:36:00,0.70,0.75,0.70,0.70,600,388800
2019-09-17 10:37:00,0.70,0.75,0.70,0.75,1200,388800
2019-09-17 10:38:00,0.75,0.75,0.75,0.75,0,388800
2019-09-17 10:39:00,0.75,0.75,0.75,0.75,0,388800
2019-09-17 10:40:00,0.75,0.75,0.75,0.75,0,387375
2019-09-17 10:41:00,0.75,0.80,0.75,0.80,1500,387375
2019-09-17 10:42:00,0.80,0.80,0.80,0.80,0,387375
2019-09-17 10:43:00,0.80,0.80,0.80,0.80,0,387375
2019-09-17 10:44:00,0.80,0.80,0.80,0.80,0,387375
2019-09-17 10:45:00,0.80,0.80,0.80,0.80,450,387375
2019-09-17 10:46:00,0.80,0.80,0.80,0.80,0,387375
2019-09-17 10:47:00,0.80,0.80,0.80,0.80,0,387375
2019-09-17 10:48:00,0.80,0.80,0.75,0.75,0,387375
2019-09-17 10:49:00,0.75,0.75,0.75,0.75,0,387375
2019-09-17 10:50:00,0.75,0.75,0.75,0.75,0,387375
2019-09-17 10:51:00,0.75,0.80,0.75,0.80,75,387375
2019-09-17 10:52:00,0.80,0.80,0.80,0.80,0,387375
2019-09-17 10:53:00,0.80,0.80,0.80,0.80,0,387375
2019-09-17 10:54:00,0.80,0.80,0.80,0.80,0,387375
2019-09-17 10:55:00,0.80,0.80,0.80,0.80,0,387375
2019-09-17 10:56:00,0.80,0.80,0.75,0.75,0,387375
2019-09-17 10:57:00,0.75,0.75,0.75,0.75,2100,387375
2019-09-17 10:58:00,0.75,0.75,0.75,0.75,3000,387375
2019-09-17 10:59:00,0.75,0.75,0.75,0.75,4500,390375
2019-09-17 11:00:00,0.75,0.75,0.75,0.75,0,390375
2019-09-17 11:03:00,0.75,0.75,0.75,0.75,0,390375
2019-09-17 11:04:00,0.75,0.75,0.75,0.75,0,390375
2019-09-17 11:05:00,0.75,0.75,0.75,0.75,0,390375
2019-09-17 11:06:00,0.75,0.75,0.75,0.75,0,390375
2019-09-17 11:07:00,0.75,0.75,0.75,0.75,0,390375
2019-09-17 11:08:00,0.75,0.75,0.75,0.75,0,390375
2019-09-17 11:09:00,0.80,0.80,0.80,0.80,225,390375
2019-09-17 11:11:00,0.80,0.80,0.80,0.80,0,390375
2019-09-17 11:12:00,0.80,0.80,0.75,0.75,0,390375
2019-09-17 11:13:00,0.75,0.75,0.75,0.75,0,390375
2019-09-17 11:14:00,0.75,0.75,0.75,0.75,0,390375
2019-09-17 11:15:00,0.75,0.75,0.75,0.75,2175,389550
2019-09-17 11:16:00,0.75,0.75,0.75,0.75,0,389550
2019-09-17 11:17:00,0.75,0.75,0.75,0.75,0,389550
2019-09-17 11:18:00,0.75,0.80,0.75,0.80,600,389550
2019-09-17 11:19:00,0.80,0.80,0.80,0.80,0,387375
2019-09-17 11:20:00,0.80,0.80,0.80,0.80,0,387375
2019-09-17 11:23:00,0.80,0.80,0.80,0.80,0,387375
2019-09-17 11:24:00,0.80,0.80,0.80,0.80,0,387375
2019-09-17 11:25:00,0.80,0.80,0.80,0.80,75,387375
2019-09-17 11:26:00,0.80,0.80,0.75,0.75,3000,387375
2019-09-17 11:27:00,0.75,0.80,0.75,0.80,450,387375
2019-09-17 11:28:00,0.80,0.80,0.80,0.80,0,387375
2019-09-17 11:29:00,0.80,0.80,0.80,0.80,0,387375
2019-09-17 11:30:00,0.80,0.80,0.80,0.80,0,387375
2019-09-17 11:31:00,0.80,0.80,0.80,0.80,0,387375
2019-09-17 11:32:00,0.80,0.80,0.80,0.80,0,387375
2019-09-17 11:33:00,0.80,0.80,0.80,0.80,0,387375
2019-09-17 11:34:00,0.80,0.80,0.80,0.80,0,387375
2019-09-17 11:35:00,0.80,0.80,0.80,0.80,0,387375
2019-09-17 11:36:00,0.80,0.80,0.80,0.80,0,387375
2019-09-17 11:38:00,0.80,0.80,0.80,0.80,0,387375
2019-09-17 11:40:00,0.80,0.80,0.80,0.80,150,387375
2019-09-17 11:42:00,0.80,0.80,0.75,0.75,0,387375
2019-09-17 11:44:00,0.75,0.75,0.75,0.75,0,387375
2019-09-17 11:45:00,0.75,0.75,0.75,0.75,1500,387375
2019-09-17 11:46:00,0.75,0.75,0.75,0.75,0,387375
2019-09-17 11:50:00,0.80,0.80,0.80,0.80,0,387375
2019-09-17 11:51:00,0.80,0.80,0.80,0.80,0,387375
2019-09-17 11:52:00,0.80,0.80,0.80,0.80,0,387375
2019-09-17 11:53:00,0.80,0.80,0.80,0.80,0,387375
2019-09-17 11:54:00,0.80,0.80,0.80,0.80,0,387375
2019-09-17 11:55:00,0.80,0.80,0.75,0.75,150,387375
2019-09-17 11:57:00,0.75,0.75,0.75,0.75,0,387375
2019-09-17 12:00:00,0.75,0.80,0.75,0.80,0,387375
2019-09-17 12:01:00,0.80,0.80,0.80,0.80,0,387375
2019-09-17 12:03:00,0.80,0.80,0.80,0.80,150,387375
2019-09-17 12:04:00,0.80,0.80,0.80,0.80,1200,387375
2019-09-17 12:05:00,0.80,0.80,0.80,0.80,0,387375
2019-09-17 12:06:00,0.80,0.80,0.80,0.80,0,387375
2019-09-17 12:07:00,0.80,0.80,0.80,0.80,75,387375
2019-09-17 12:08:00,0.80,0.80,0.80,0.80,0,387375
2019-09-17 12:09:00,0.80,0.80,0.80,0.80,0,387375
2019-09-17 12:10:00,0.80,0.80,0.80,0.80,1200,387375
2019-09-17 12:11:00,0.80,0.80,0.80,0.80,75,388875
2019-09-17 12:12:00,0.80,0.80,0.80,0.80,0,388875
2019-09-17 12:13:00,0.80,0.80,0.80,0.80,0,388875
2019-09-17 12:14:00,0.80,0.85,0.80,0.80,1050,388950
2019-09-17 12:15:00,0.80,0.80,0.80,0.80,1500,388950
2019-09-17 12:16:00,0.85,0.85,0.85,0.85,300,388950
2019-09-17 12:17:00,0.85,0.85,0.85,0.85,0,0
2019-09-17 12:18:00,0.85,0.85,0.85,0.85,450,387375
2019-09-17 12:19:00,0.85,0.85,0.85,0.85,0,387375
2019-09-17 12:20:00,0.85,0.85,0.85,0.85,0,387375
2019-09-17 12:21:00,0.85,0.85,0.85,0.85,0,387375
2019-09-17 12:22:00,0.90,0.90,0.85,0.90,525,387375
2019-09-17 12:23:00,0.85,0.85,0.85,0.85,1050,387375
2019-09-17 12:24:00,0.85,0.85,0.85,0.85,0,387375
2019-09-17 12:25:00,0.85,0.85,0.85,0.85,2025,387375
2019-09-17 12:26:00,0.90,0.90,0.85,0.85,450,387375
2019-09-17 12:27:00,0.85,0.85,0.85,0.85,1050,387375
2019-09-17 12:28:00,0.85,0.85,0.85,0.85,600,387375
2019-09-17 12:29:00,0.85,0.85,0.85,0.85,0,387375
2019-09-17 12:30:00,0.85,0.85,0.85,0.85,900,387375
2019-09-17 12:31:00,0.80,0.85,0.80,0.85,4275,387375
2019-09-17 12:32:00,0.85,0.85,0.85,0.85,0,387375
2019-09-17 12:33:00,0.85,0.85,0.85,0.85,0,386925
2019-09-17 12:34:00,0.90,0.90,0.90,0.90,0,386925
2019-09-17 12:35:00,0.90,0.90,0.90,0.90,0,386925
2019-09-17 12:36:00,0.90,0.90,0.90,0.90,0,386925
2019-09-17 12:37:00,0.90,0.90,0.90,0.90,0,386925
2019-09-17 12:38:00,0.90,0.90,0.85,0.85,4050,386850
2019-09-17 12:39:00,0.85,0.85,0.85,0.85,0,386850
2019-09-17 12:40:00,0.85,0.85,0.85,0.85,0,386850
2019-09-17 12:42:00,0.85,0.85,0.85,0.85,0,386850
2019-09-17 12:43:00,0.85,0.85,0.85,0.85,0,386850
2019-09-17 12:44:00,0.85,0.85,0.85,0.85,0,386850
2019-09-17 12:45:00,0.85,0.85,0.85,0.85,0,386850
2019-09-17 12:46:00,0.85,0.85,0.85,0.85,0,386625
2019-09-17 12:47:00,0.85,0.85,0.85,0.85,0,386625
2019-09-17 12:48:00,0.85,0.85,0.85,0.85,0,386625
2019-09-17 12:49:00,0.85,0.85,0.85,0.85,0,386625
2019-09-17 12:50:00,0.85,0.85,0.85,0.85,450,386625
2019-09-17 12:52:00,0.85,0.85,0.85,0.85,0,386625
2019-09-17 12:53:00,0.85,0.85,0.85,0.85,0,386625
2019-09-17 12:54:00,0.85,0.85,0.80,0.80,600,386625
2019-09-17 12:55:00,0.80,0.80,0.75,0.75,300,386625
2019-09-17 12:56:00,0.75,0.75,0.75,0.75,0,386625
2019-09-17 12:57:00,0.75,0.80,0.75,0.80,750,387375
2019-09-17 12:58:00,0.80,0.80,0.80,0.80,0,387375
2019-09-17 12:59:00,0.80,0.80,0.80,0.80,0,387375
2019-09-17 13:00:00,0.80,0.80,0.80,0.80,0,387375
2019-09-17 13:01:00,0.80,0.80,0.80,0.80,0,387375
2019-09-17 13:02:00,0.80,0.80,0.80,0.80,225,386625
2019-09-17 13:03:00,0.80,0.80,0.80,0.80,0,386625
2019-09-17 13:04:00,0.80,0.80,0.80,0.80,0,386625
2019-09-17 13:05:00,0.80,0.80,0.80,0.80,0,386625
2019-09-17 13:06:00,0.80,0.80,0.75,0.75,300,386625
2019-09-17 13:07:00,0.75,0.80,0.75,0.80,1875,386625
2019-09-17 13:08:00,0.80,0.80,0.80,0.80,0,386625
2019-09-17 13:09:00,0.80,0.80,0.80,0.80,300,386625
2019-09-17 13:10:00,0.80,0.80,0.80,0.80,0,386625
2019-09-17 13:11:00,0.80,0.80,0.80,0.80,0,386625
2019-09-17 13:12:00,0.80,0.80,0.80,0.80,0,386625
2019-09-17 13:13:00,0.85,0.85,0.80,0.85,75,386625
2019-09-17 13:14:00,0.85,0.85,0.80,0.80,75,386625
2019-09-17 13:15:00,0.75,0.85,0.75,0.85,1200,386625
2019-09-17 13:16:00,0.85,0.85,0.75,0.75,900,386625
2019-09-17 13:17:00,0.75,0.75,0.75,0.75,825,386700
2019-09-17 13:18:00,0.75,0.75,0.75,0.75,0,386700
2019-09-17 13:19:00,0.75,0.75,0.75,0.75,150,386700
2019-09-17 13:20:00,0.75,0.75,0.75,0.75,0,386700
2019-09-17 13:21:00,0.75,0.75,0.75,0.75,0,386700
2019-09-17 13:22:00,0.75,0.85,0.75,0.80,300,386700
2019-09-17 13:23:00,0.80,0.85,0.80,0.85,2400,388125
2019-09-17 13:24:00,0.85,0.85,0.75,0.80,2850,388125
2019-09-17 13:25:00,0.90,0.90,0.80,0.90,3750,388125
2019-09-17 13:26:00,0.90,1.00,0.90,0.95,5775,388125
2019-09-17 13:27:00,0.95,1.20,0.95,1.15,9600,386775
2019-09-17 13:28:00,1.15,1.15,1.00,1.00,2700,386775
2019-09-17 13:29:00,1.00,1.10,0.95,1.00,9150,388875
2019-09-17 13:30:00,1.00,1.00,1.00,1.00,1950,388875
2019-09-17 13:31:00,0.95,0.95,0.95,0.95,225,388875
2019-09-17 13:32:00,0.90,0.95,0.90,0.90,1575,388875
2019-09-17 13:33:00,0.90,0.90,0.85,0.85,18825,390300
2019-09-17 13:34:00,0.85,0.95,0.85,0.85,1200,390300
2019-09-17 13:35:00,0.90,0.90,0.80,0.85,1425,394725
2019-09-17 13:36:00,0.85,0.85,0.85,0.85,3300,394725
2019-09-17 13:37:00,0.80,0.85,0.80,0.85,750,394725
2019-09-17 13:38:00,0.85,0.85,0.85,0.85,1650,396150
2019-09-17 13:39:00,0.85,0.85,0.85,0.85,375,396150
2019-09-17 13:40:00,0.85,0.85,0.85,0.85,0,396150
2019-09-17 13:41:00,0.85,0.85,0.85,0.85,0,396150
2019-09-17 13:42:00,0.85,0.85,0.80,0.85,375,394950
2019-09-17 13:43:00,0.85,0.85,0.85,0.85,0,394950
2019-09-17 13:44:00,0.85,0.85,0.80,0.80,1800,394950
2019-09-17 13:45:00,0.80,0.80,0.80,0.80,900,394950
2019-09-17 13:46:00,0.80,0.85,0.80,0.85,75,394950
2019-09-17 13:47:00,0.85,0.85,0.85,0.85,0,394950
2019-09-17 13:48:00,0.85,0.85,0.85,0.85,0,394950
2019-09-17 13:49:00,0.85,0.85,0.80,0.80,1500,394950
2019-09-17 13:50:00,0.80,0.85,0.80,0.85,2400,394950
2019-09-17 13:51:00,0.85,0.90,0.85,0.90,0,394950
2019-09-17 13:52:00,0.90,0.90,0.85,0.85,825,361800
2019-09-17 13:53:00,0.90,0.90,0.85,0.85,675,361800
2019-09-17 13:54:00,0.90,0.90,0.80,0.85,1950,353400
2019-09-17 13:55:00,0.85,0.85,0.85,0.85,150,353400
2019-09-17 13:56:00,0.85,0.85,0.85,0.85,0,353850
2019-09-17 13:57:00,0.85,0.85,0.85,0.85,75,353850
2019-09-17 13:58:00,0.85,0.85,0.85,0.85,0,353850
2019-09-17 13:59:00,0.85,0.85,0.85,0.85,3600,353850
2019-09-17 14:00:00,0.85,0.85,0.85,0.85,0,353850
2019-09-17 14:01:00,0.85,0.90,0.85,0.90,75,351450
2019-09-17 14:02:00,0.90,0.90,0.90,0.90,0,351450
2019-09-17 14:04:00,0.90,0.90,0.90,0.90,0,351450
2019-09-17 14:05:00,0.90,0.90,0.90,0.90,0,351450
2019-09-17 14:06:00,0.90,0.90,0.90,0.90,0,351450
2019-09-17 14:07:00,0.90,0.90,0.90,0.90,300,350850
2019-09-17 14:08:00,0.90,0.90,0.85,0.85,600,351450
2019-09-17 14:09:00,0.90,1.35,0.85,1.00,750,351450
2019-09-17 14:10:00,1.00,1.00,1.00,1.00,0,351450
2019-09-17 14:11:00,1.00,1.00,1.00,1.00,0,351450
2019-09-17 14:12:00,1.00,1.00,1.00,1.00,0,351450
2019-09-17 14:13:00,1.00,1.00,1.00,1.00,0,351450
2019-09-17 14:14:00,1.00,1.00,0.90,0.95,2475,350850
2019-09-17 14:15:00,0.95,0.95,0.95,0.95,0,347550
2019-09-17 14:16:00,0.95,0.95,0.90,0.90,300,347550
2019-09-17 14:17:00,0.90,1.40,0.90,1.00,1275,348975
2019-09-17 14:18:00,1.00,1.20,1.00,1.10,450,348975
2019-09-17 14:19:00,1.05,1.15,1.05,1.05,1950,348975
2019-09-17 14:20:00,1.05,1.15,1.05,1.10,3525,349575
2019-09-17 14:21:00,1.10,1.15,1.05,1.10,3075,349575
2019-09-17 14:22:00,1.10,1.10,1.05,1.05,2025,349575
2019-09-17 14:23:00,1.00,1.05,1.00,1.00,5025,349575
2019-09-17 14:24:00,1.00,1.00,1.00,1.00,0,347475
2019-09-17 14:25:00,1.00,1.05,0.95,0.95,14025,347475
2019-09-17 14:26:00,0.90,0.95,0.90,0.95,10500,349800
2019-09-17 14:27:00,0.95,0.95,0.95,0.95,0,349800
2019-09-17 14:28:00,0.95,0.95,0.95,0.95,18000,349800
2019-09-17 14:29:00,0.95,0.95,0.95,0.95,4050,349800
2019-09-17 14:30:00,0.95,1.05,0.90,0.90,10200,358800
2019-09-17 14:31:00,0.90,0.90,0.90,0.90,150,358800
2019-09-17 14:32:00,0.90,0.90,0.90,0.90,7875,358800
2019-09-17 14:33:00,0.90,0.90,0.90,0.90,1200,363825
2019-09-17 14:34:00,0.90,0.90,0.90,0.90,0,363825
2019-09-17 14:35:00,0.90,0.90,0.85,0.85,3900,363825
2019-09-17 14:36:00,0.85,0.85,0.80,0.85,1950,363825
2019-09-17 14:37:00,0.85,0.85,0.85,0.85,825,363825
2019-09-17 14:38:00,0.85,0.85,0.85,0.85,750,363825
2019-09-17 14:39:00,0.85,0.85,0.85,0.85,0,346950
2019-09-17 14:40:00,0.85,0.85,0.85,0.85,13725,346950
2019-09-17 14:41:00,0.80,0.80,0.65,0.80,14325,346950
2019-09-17 14:42:00,0.80,0.80,0.75,0.80,3750,297900
2019-09-17 14:43:00,0.80,0.80,0.80,0.80,600,297900
2019-09-17 14:44:00,0.80,0.85,0.80,0.85,825,301050
2019-09-17 14:45:00,0.85,0.85,0.85,0.85,6000,301050
2019-09-17 14:46:00,0.85,0.85,0.80,0.80,300,301050
2019-09-17 14:47:00,0.80,0.85,0.80,0.85,6225,301050
2019-09-17 14:48:00,0.85,0.85,0.85,0.85,0,295200
2019-09-17 14:49:00,0.85,0.85,0.85,0.85,900,295200
2019-09-17 14:50:00,0.85,0.85,0.85,0.85,0,295200
2019-09-17 14:51:00,0.85,0.85,0.85,0.85,4500,297900
2019-09-17 14:52:00,0.85,0.85,0.80,0.80,9600,297900
2019-09-17 14:53:00,0.80,0.80,0.80,0.80,3000,297900
2019-09-17 14:54:00,0.80,0.80,0.80,0.80,7050,250650
2019-09-17 14:55:00,0.80,0.80,0.80,0.80,2400,250650
2019-09-17 14:56:00,0.80,0.80,0.80,0.80,2400,251100
2019-09-17 14:57:00,0.80,0.80,0.75,0.80,9075,251100
2019-09-17 14:58:00,0.80,0.80,0.75,0.75,4800,251100
2019-09-17 14:59:00,0.80,0.80,0.80,0.80,900,251175
2019-09-17 15:00:00,0.80,0.80,0.80,0.80,15900,251175
2019-09-17 15:01:00,0.80,0.80,0.70,0.80,7650,251175
2019-09-17 15:02:00,0.80,0.80,0.80,0.80,0,251175
2019-09-17 15:03:00,0.80,0.80,0.80,0.80,0,251175
2019-09-17 15:04:00,0.80,0.80,0.80,0.80,0,251175
2019-09-17 15:05:00,0.80,0.80,0.80,0.80,0,251175
2019-09-17 15:06:00,0.80,0.80,0.80,0.80,0,251175
2019-09-17 15:07:00,0.80,0.80,0.80,0.80,0,251175
2019-09-17 15:08:00,0.80,0.80,0.80,0.80,0,251175
2019-09-17 15:09:00,0.80,0.85,0.80,0.85,750,268800
2019-09-17 15:10:00,0.85,0.85,0.80,0.85,375,268800
2019-09-17 15:11:00,0.80,0.85,0.80,0.85,21600,277050
2019-09-17 15:12:00,0.85,0.95,0.85,0.85,1275,277050
2019-09-17 15:13:00,0.85,0.85,0.85,0.85,450,277050
2019-09-17 15:14:00,0.85,0.85,0.80,0.80,1125,277050
2019-09-17 15:15:00,0.80,1.00,0.80,1.00,5025,252225
2019-09-17 15:16:00,1.00,1.00,0.65,0.65,12525,252225
2019-09-17 15:17:00,0.65,0.65,0.60,0.60,3225,252225
2019-09-17 15:18:00,0.75,0.75,0.60,0.75,19275,226275
2019-09-17 15:19:00,0.75,0.75,0.70,0.75,7575,226275
2019-09-17 15:20:00,0.70,0.75,0.70,0.75,1575,226275
2019-09-17 15:21:00,0.75,0.75,0.70,0.70,2175,234300
2019-09-17 15:22:00,0.75,0.80,0.70,0.75,1800,234300
2019-09-17 15:23:00,0.75,0.75,0.75,0.75,1800,234300
2019-09-17 15:24:00,0.65,0.70,0.65,0.70,450,238725
2019-09-17 15:25:00,0.70,0.75,0.65,0.70,2175,238725
2019-09-17 15:26:00,0.70,0.75,0.70,0.75,75,238725
2019-09-17 15:27:00,0.90,1.00,0.75,1.00,2025,240225
2019-09-17 15:28:00,1.00,1.30,1.00,1.05,8775,240225
2019-09-17 15:29:01,1.05,1.10,1.05,1.05,3975,240225
2019-09-18 09:15:00,0.70,0.70,0.70,0.70,0,190200
2019-09-18 09:16:00,0.70,0.70,0.70,0.70,0,190200
2019-09-18 09:17:00,0.70,0.70,0.70,0.70,0,190200
2019-09-18 09:18:00,0.70,0.70,0.70,0.70,0,190200
2019-09-18 09:20:00,0.70,0.70,0.70,0.70,0,190200
2019-09-18 09:21:00,0.70,0.70,0.70,0.70,0,190200
2019-09-18 09:23:00,0.70,0.70,0.60,0.60,600,190200
2019-09-18 09:24:00,0.60,0.60,0.60,0.60,1050,190200
2019-09-18 09:25:00,0.60,0.60,0.60,0.60,0,190200
2019-09-18 09:26:00,0.60,0.60,0.55,0.55,300,188250
2019-09-18 09:28:00,0.55,0.55,0.55,0.55,0,188250
2019-09-18 09:29:00,0.60,0.60,0.60,0.60,300,188250
2019-09-18 09:30:00,0.60,0.60,0.55,0.55,1275,187950
2019-09-18 09:31:00,0.55,0.55,0.55,0.55,0,187950
2019-09-18 09:32:00,0.55,0.55,0.55,0.55,0,187950
2019-09-18 09:33:00,0.55,0.55,0.55,0.55,0,187950
2019-09-18 09:34:00,0.55,0.55,0.55,0.55,0,187950
2019-09-18 09:35:00,0.55,0.55,0.55,0.55,0,187950
2019-09-18 09:36:00,0.55,0.55,0.55,0.55,0,187950
2019-09-18 09:37:00,0.55,0.55,0.55,0.55,0,187950
2019-09-18 09:38:00,0.55,0.55,0.55,0.55,0,187950
2019-09-18 09:39:00,0.55,0.55,0.55,0.55,75,187050
2019-09-18 09:40:00,0.55,0.55,0.55,0.55,0,187050
2019-09-18 09:41:00,0.55,0.55,0.45,0.45,150,187050
2019-09-18 09:43:00,0.45,0.45,0.45,0.45,0,187050
2019-09-18 09:44:00,0.45,0.45,0.45,0.45,0,187050
2019-09-18 09:45:00,0.45,0.45,0.45,0.45,0,187050
2019-09-18 09:46:00,0.45,0.55,0.45,0.55,750,187050
2019-09-18 09:47:00,0.60,0.60,0.60,0.60,825,187050
2019-09-18 09:48:00,0.60,0.60,0.60,0.60,0,187050
2019-09-18 09:49:00,0.60,0.60,0.60,0.60,0,187050
2019-09-18 09:50:00,0.60,0.60,0.60,0.60,150,187050
2019-09-18 09:51:00,0.60,0.60,0.60,0.60,0,187050
2019-09-18 09:52:00,0.60,0.60,0.55,0.55,75,186975
2019-09-18 09:53:00,0.55,0.55,0.55,0.55,0,186975
2019-09-18 09:54:00,0.55,0.55,0.55,0.55,0,186975
2019-09-18 09:56:00,0.55,0.55,0.55,0.55,0,186975
2019-09-18 09:59:00,0.55,0.55,0.55,0.55,0,186975
2019-09-18 10:00:00,0.55,0.55,0.55,0.55,0,186975
2019-09-18 10:01:00,0.55,0.55,0.55,0.55,0,186975
2019-09-18 10:02:00,0.55,0.55,0.55,0.55,0,186975
2019-09-18 10:09:00,0.55,0.55,0.45,0.45,300,186975
2019-09-18 10:10:00,0.50,0.50,0.45,0.45,75,186975
2019-09-18 10:11:00,0.55,0.60,0.45,0.60,3000,187200
2019-09-18 10:12:00,0.60,0.60,0.50,0.55,1275,187200
2019-09-18 10:13:00,0.60,0.60,0.60,0.60,0,187200
2019-09-18 10:14:00,0.60,0.60,0.60,0.60,0,187200
2019-09-18 10:15:00,0.60,0.60,0.50,0.50,600,187200
2019-09-18 10:16:00,0.50,0.50,0.50,0.50,0,187200
2019-09-18 10:17:00,0.50,0.50,0.50,0.50,300,186675
2019-09-18 10:18:00,0.50,0.50,0.50,0.50,0,186675
2019-09-18 10:19:00,0.50,0.55,0.50,0.55,2025,186675
2019-09-18 10:20:00,0.55,0.55,0.55,0.55,0,186675
2019-09-18 10:21:00,0.55,0.55,0.50,0.50,1125,188100
2019-09-18 10:22:00,0.50,0.50,0.50,0.50,0,188100
2019-09-18 10:24:00,0.50,0.50,0.50,0.50,0,188100
2019-09-18 10:25:00,0.50,0.50,0.50,0.50,0,188100
2019-09-18 10:26:00,0.50,0.50,0.50,0.50,0,188100
2019-09-18 10:27:00,0.50,0.50,0.50,0.50,0,187275
2019-09-18 10:28:00,0.50,0.50,0.50,0.50,0,187275
2019-09-18 10:29:00,0.50,0.50,0.50,0.50,0,187275
2019-09-18 10:30:00,0.50,0.50,0.50,0.50,0,187275
2019-09-18 10:31:00,0.50,0.50,0.50,0.50,0,187275
2019-09-18 10:32:00,0.50,0.50,0.50,0.50,0,187275
2019-09-18 10:33:00,0.50,0.50,0.50,0.50,0,187275
2019-09-18 10:34:00,0.50,0.50,0.50,0.50,0,187275
2019-09-18 10:35:00,0.50,0.50,0.50,0.50,0,187275
2019-09-18 10:36:00,0.50,0.50,0.50,0.50,0,187275
2019-09-18 10:37:00,0.50,0.50,0.50,0.50,0,187275
2019-09-18 10:39:00,0.50,0.50,0.50,0.50,0,187275
2019-09-18 10:40:00,0.50,0.50,0.50,0.50,0,185850
2019-09-18 10:41:00,0.50,0.50,0.45,0.45,1800,185850
2019-09-18 10:42:00,0.45,0.45,0.45,0.45,0,185850
2019-09-18 10:43:00,0.45,0.45,0.45,0.45,0,185850
2019-09-18 10:45:00,0.45,0.45,0.45,0.45,0,185850
2019-09-18 10:46:00,0.45,0.45,0.45,0.45,0,185850
2019-09-18 10:48:00,0.45,0.45,0.45,0.45,0,186000
2019-09-18 10:51:00,0.50,0.50,0.50,0.50,75,186000
2019-09-18 10:52:00,0.50,0.50,0.50,0.50,600,186000
2019-09-18 10:53:00,0.50,0.50,0.50,0.50,450,186000
2019-09-18 10:54:00,0.50,0.50,0.50,0.50,0,186000
2019-09-18 10:55:00,0.50,0.50,0.50,0.50,0,186000
2019-09-18 10:56:00,0.50,0.50,0.50,0.50,0,186000
2019-09-18 10:57:00,0.45,0.45,0.45,0.45,0,186000
2019-09-18 10:58:00,0.50,0.50,0.50,0.50,0,186000
2019-09-18 10:59:00,0.50,0.55,0.50,0.55,1800,186000
2019-09-18 11:00:00,0.55,0.55,0.55,0.55,0,186000
2019-09-18 11:01:00,0.50,0.50,0.50,0.50,900,186000
2019-09-18 11:02:00,0.50,0.55,0.50,0.55,0,186000
2019-09-18 11:03:00,0.55,0.55,0.55,0.55,0,186000
2019-09-18 11:04:00,0.55,0.55,0.55,0.55,0,186000
2019-09-18 11:05:00,0.55,0.55,0.55,0.55,0,186000
2019-09-18 11:07:00,0.55,0.55,0.55,0.55,0,186000
2019-09-18 11:09:00,0.55,0.55,0.55,0.55,0,186000
2019-09-18 11:11:00,0.55,0.55,0.55,0.55,0,186000
2019-09-18 11:16:00,0.55,0.55,0.50,0.50,150,186000
2019-09-18 11:17:00,0.50,0.50,0.50,0.50,0,186000
2019-09-18 11:20:00,0.50,0.50,0.50,0.50,0,186000
2019-09-18 11:21:00,0.55,0.55,0.55,0.55,150,186000
2019-09-18 11:23:00,0.55,0.55,0.55,0.55,0,186000
2019-09-18 11:24:00,0.55,0.55,0.55,0.55,0,186000
2019-09-18 11:28:00,0.55,0.55,0.55,0.55,0,186000
2019-09-18 11:30:00,0.55,0.55,0.55,0.55,0,186000
2019-09-18 11:32:00,0.55,0.55,0.55,0.55,0,186000
2019-09-18 11:34:00,0.55,0.55,0.55,0.55,0,186000
2019-09-18 11:35:00,0.55,0.55,0.55,0.55,0,186000
2019-09-18 11:38:00,0.55,0.55,0.55,0.55,0,186000
2019-09-18 11:39:00,0.55,0.55,0.55,0.55,0,186000
2019-09-18 11:40:00,0.55,0.55,0.55,0.55,0,186000
2019-09-18 11:46:00,0.55,0.55,0.55,0.55,0,186000
2019-09-18 11:51:00,0.55,0.55,0.55,0.55,0,186000
2019-09-18 11:53:00,0.55,0.55,0.55,0.55,0,186000
2019-09-18 11:54:00,0.55,0.55,0.55,0.55,0,186000
2019-09-18 11:55:00,0.55,0.55,0.55,0.55,0,186000
2019-09-18 11:56:00,0.55,0.55,0.55,0.55,0,186000
2019-09-18 11:58:00,0.55,0.55,0.55,0.55,0,186000
2019-09-18 12:00:00,0.55,0.55,0.55,0.55,0,186000
2019-09-18 12:01:00,0.55,0.55,0.55,0.55,0,186000
2019-09-18 12:03:00,0.55,0.55,0.55,0.55,0,186000
2019-09-18 12:04:00,0.55,0.55,0.55,0.55,0,186000
2019-09-18 12:06:00,0.55,0.55,0.55,0.55,0,186000
2019-09-18 12:07:00,0.55,0.55,0.55,0.55,0,186000
2019-09-18 12:11:00,0.55,0.55,0.55,0.55,0,186000
2019-09-18 12:12:00,0.55,0.55,0.55,0.55,0,186000
2019-09-18 12:13:00,0.55,0.55,0.55,0.55,0,186000
2019-09-18 12:16:00,0.55,0.55,0.55,0.55,0,0
2019-09-18 12:17:00,0.55,0.55,0.55,0.55,0,0
2019-09-18 12:18:00,0.55,0.55,0.55,0.55,0,0
2019-09-18 12:19:00,0.55,0.55,0.55,0.55,0,0
2019-09-18 12:20:00,0.55,0.55,0.55,0.55,0,0
2019-09-18 12:21:00,0.55,0.55,0.45,0.45,675,186000
2019-09-18 12:22:00,0.45,0.50,0.45,0.50,300,186000
2019-09-18 12:23:00,0.50,0.50,0.50,0.50,0,186000
2019-09-18 12:24:00,0.50,0.50,0.50,0.50,0,186000
2019-09-18 12:25:00,0.50,0.50,0.50,0.50,0,186000
2019-09-18 12:26:00,0.50,0.50,0.50,0.50,0,186000
2019-09-18 12:28:00,0.50,0.50,0.50,0.50,0,186000
2019-09-18 12:29:00,0.50,0.50,0.50,0.50,0,186000
2019-09-18 12:30:00,0.50,0.50,0.50,0.50,750,186000
2019-09-18 12:31:00,0.50,0.50,0.50,0.50,0,186000
2019-09-18 12:32:00,0.50,0.50,0.50,0.50,0,186000
2019-09-18 12:33:00,0.50,0.50,0.50,0.50,0,186000
2019-09-18 12:34:00,0.50,0.50,0.50,0.50,0,186000
2019-09-18 12:35:00,0.50,0.50,0.50,0.50,0,186000
2019-09-18 12:36:00,0.50,0.50,0.50,0.50,0,186000
2019-09-18 12:37:00,0.50,0.50,0.50,0.50,0,186000
2019-09-18 12:38:00,0.50,0.50,0.50,0.50,0,186000
2019-09-18 12:39:00,0.50,0.50,0.50,0.50,0,186000
2019-09-18 12:40:00,0.50,0.50,0.50,0.50,0,186000
2019-09-18 12:42:00,0.50,0.50,0.50,0.50,0,186000
2019-09-18 12:45:00,0.50,0.50,0.50,0.50,0,186000
2019-09-18 12:48:00,0.50,0.50,0.50,0.50,0,186000
2019-09-18 12:49:00,0.50,0.50,0.50,0.50,0,186000
2019-09-18 12:52:00,0.50,0.50,0.50,0.50,0,186000
2019-09-18 12:53:00,0.50,0.50,0.50,0.50,0,186000
2019-09-18 12:55:00,0.50,0.50,0.50,0.50,0,186000
2019-09-18 12:56:00,0.50,0.50,0.50,0.50,0,186000
2019-09-18 12:58:00,0.50,0.50,0.50,0.50,0,186000
2019-09-18 12:59:00,0.50,0.50,0.50,0.50,0,186000
2019-09-18 13:00:00,0.50,0.50,0.50,0.50,0,186000
2019-09-18 13:01:00,0.50,0.50,0.50,0.50,0,186000
2019-09-18 13:02:00,0.50,0.50,0.50,0.50,0,186000
2019-09-18 13:03:00,0.50,0.50,0.50,0.50,0,186000
2019-09-18 13:04:00,0.45,0.45,0.45,0.45,0,186000
2019-09-18 13:05:00,0.45,0.45,0.45,0.45,0,186000
2019-09-18 13:06:00,0.45,0.45,0.45,0.45,0,186000
2019-09-18 13:07:00,0.45,0.45,0.40,0.40,1500,186000
2019-09-18 13:08:00,0.40,0.45,0.40,0.45,75,186000
2019-09-18 13:10:00,0.45,0.45,0.45,0.45,0,186000
2019-09-18 13:12:00,0.45,0.45,0.45,0.45,0,186000
2019-09-18 13:13:00,0.45,0.45,0.45,0.45,0,186000
2019-09-18 13:14:00,0.45,0.45,0.45,0.45,0,186000
2019-09-18 13:15:00,0.45,0.45,0.45,0.45,450,186000
2019-09-18 13:16:00,0.45,0.45,0.45,0.45,0,186000
2019-09-18 13:17:00,0.45,0.45,0.45,0.45,0,186000
2019-09-18 13:18:00,0.45,0.45,0.45,0.45,0,186000
2019-09-18 13:19:00,0.45,0.45,0.45,0.45,0,186000
2019-09-18 13:20:00,0.45,0.45,0.45,0.45,0,186000
2019-09-18 13:21:00,0.45,0.45,0.45,0.45,0,186000
2019-09-18 13:22:00,0.45,0.45,0.40,0.45,675,186000
2019-09-18 13:23:00,0.45,0.50,0.45,0.50,0,186000
2019-09-18 13:24:00,0.50,0.50,0.50,0.50,75,186000
2019-09-18 13:25:00,0.50,0.50,0.50,0.50,75,186000
2019-09-18 13:26:00,0.50,0.50,0.50,0.50,0,186000
2019-09-18 13:27:00,0.50,0.50,0.50,0.50,0,186000
2019-09-18 13:29:00,0.50,0.50,0.50,0.50,225,186000
2019-09-18 13:30:00,0.50,0.50,0.50,0.50,0,186000
2019-09-18 13:31:00,0.50,0.50,0.50,0.50,0,186000
2019-09-18 13:32:00,0.50,0.55,0.50,0.55,525,186000
2019-09-18 13:33:00,0.55,0.55,0.55,0.55,0,186000
2019-09-18 13:34:00,0.55,0.55,0.55,0.55,0,186000
2019-09-18 13:35:00,0.55,0.55,0.55,0.55,75,186000
2019-09-18 13:36:00,0.55,0.55,0.55,0.55,0,186000
2019-09-18 13:37:00,0.55,0.55,0.55,0.55,300,186000
2019-09-18 13:38:00,0.55,0.55,0.55,0.55,75,186000
2019-09-18 13:39:00,0.65,0.65,0.60,0.60,150,186000
2019-09-18 13:40:00,0.60,0.60,0.55,0.55,450,186000
2019-09-18 13:41:00,0.55,0.55,0.55,0.55,150,186150
2019-09-18 13:42:00,0.55,0.55,0.55,0.55,75,186150
2019-09-18 13:43:00,0.55,0.55,0.45,0.45,150,186150
2019-09-18 13:44:00,0.45,0.45,0.45,0.45,0,186150
2019-09-18 13:45:00,0.45,0.45,0.45,0.45,0,186150
2019-09-18 13:47:00,0.45,0.45,0.45,0.45,0,186150
2019-09-18 13:48:00,0.45,0.45,0.45,0.45,0,186150
2019-09-18 13:49:00,0.45,0.45,0.45,0.45,0,186150
2019-09-18 13:50:00,0.45,0.45,0.45,0.45,0,186150
2019-09-18 13:51:00,0.45,0.45,0.45,0.45,0,186150
2019-09-18 13:52:00,0.45,0.45,0.45,0.45,0,186150
2019-09-18 13:53:00,0.45,0.45,0.45,0.45,0,186150
2019-09-18 13:54:00,0.45,0.45,0.45,0.45,0,186150
2019-09-18 13:55:00,0.45,0.45,0.45,0.45,0,186150
2019-09-18 13:56:00,0.45,0.45,0.45,0.45,0,186150
2019-09-18 13:57:00,0.45,0.45,0.45,0.45,0,186150
2019-09-18 13:58:00,0.45,0.45,0.45,0.45,0,186150
2019-09-18 13:59:00,0.45,0.60,0.45,0.60,300,186000
2019-09-18 14:01:00,0.60,0.60,0.60,0.60,0,186000
2019-09-18 14:02:00,0.60,0.60,0.60,0.60,0,186000
2019-09-18 14:03:00,0.60,0.60,0.60,0.60,0,186000
2019-09-18 14:04:00,0.60,0.60,0.60,0.60,0,186000
2019-09-18 14:05:00,0.60,0.60,0.60,0.60,0,186000
2019-09-18 14:06:00,0.60,0.60,0.45,0.45,0,186000
2019-09-18 14:07:00,0.45,0.45,0.45,0.45,0,186000
2019-09-18 14:08:00,0.50,0.50,0.45,0.45,1800,186000
2019-09-18 14:09:00,0.45,0.45,0.45,0.45,0,185850
2019-09-18 14:10:00,0.45,0.45,0.45,0.45,0,185850
2019-09-18 14:11:00,0.45,0.45,0.45,0.45,0,185850
2019-09-18 14:12:00,0.45,0.45,0.45,0.45,0,185775
2019-09-18 14:13:00,0.45,0.45,0.45,0.45,75,185775
2019-09-18 14:14:00,0.45,0.45,0.45,0.45,4200,185850
2019-09-18 14:15:00,0.45,0.45,0.45,0.45,2025,185850
2019-09-18 14:16:00,0.45,0.45,0.45,0.45,0,185850
2019-09-18 14:17:00,0.45,0.45,0.45,0.45,0,185850
2019-09-18 14:18:00,0.45,0.50,0.45,0.50,150,186000
2019-09-18 14:19:00,0.50,0.50,0.45,0.45,0,186000
2019-09-18 14:20:00,0.45,0.45,0.45,0.45,0,186000
2019-09-18 14:22:00,0.45,0.45,0.45,0.45,0,186000
2019-09-18 14:23:00,0.45,0.45,0.45,0.45,0,186000
2019-09-18 14:24:00,0.45,0.45,0.45,0.45,0,186000
2019-09-18 14:25:00,0.45,0.45,0.45,0.45,0,186000
2019-09-18 14:27:00,0.45,0.45,0.45,0.45,0,186000
2019-09-18 14:29:00,0.45,0.45,0.45,0.45,0,186000
2019-09-18 14:30:00,0.45,0.45,0.45,0.45,525,186000
2019-09-18 14:32:00,0.45,0.45,0.45,0.45,0,186000
2019-09-18 14:35:00,0.40,0.40,0.40,0.40,0,186000
2019-09-18 14:37:00,0.40,0.40,0.40,0.40,0,186000
2019-09-18 14:39:00,0.40,0.40,0.40,0.40,0,186000
2019-09-18 14:40:00,0.40,0.40,0.40,0.40,0,185250
2019-09-18 14:41:00,0.40,0.40,0.40,0.40,0,185250
2019-09-18 14:42:00,0.40,0.40,0.40,0.40,0,185250
2019-09-18 14:43:00,0.40,0.40,0.40,0.40,0,185250
2019-09-18 14:46:00,0.40,0.40,0.40,0.40,0,185250
2019-09-18 14:49:00,0.40,0.45,0.40,0.45,150,185250
2019-09-18 14:50:00,0.45,0.45,0.45,0.45,0,185250
2019-09-18 14:51:00,0.45,0.45,0.45,0.45,0,185250
2019-09-18 14:52:00,0.45,0.45,0.45,0.45,0,185250
2019-09-18 14:53:00,0.45,0.45,0.45,0.45,0,185250
2019-09-18 14:55:00,0.45,0.45,0.45,0.45,0,185250
2019-09-18 14:56:00,0.45,0.45,0.45,0.45,0,185250
2019-09-18 14:58:00,0.45,0.45,0.40,0.40,675,184800
2019-09-18 14:59:00,0.40,0.40,0.40,0.40,0,184800
2019-09-18 15:00:00,0.40,0.40,0.40,0.40,75,183825
2019-09-18 15:01:00,0.45,0.45,0.45,0.45,0,183825
2019-09-18 15:02:00,0.45,0.45,0.45,0.45,0,183825
2019-09-18 15:03:00,0.45,0.45,0.45,0.45,0,183825
2019-09-18 15:05:00,0.45,0.45,0.45,0.45,0,183825
2019-09-18 15:06:00,0.45,0.45,0.45,0.45,0,183825
2019-09-18 15:07:00,0.45,0.50,0.45,0.50,975,183750
2019-09-18 15:08:00,0.50,0.55,0.50,0.55,2175,184275
2019-09-18 15:09:00,0.55,0.55,0.55,0.55,0,184275
2019-09-18 15:10:00,0.55,0.55,0.55,0.55,1575,184275
2019-09-18 15:11:00,0.55,0.55,0.55,0.55,0,184275
2019-09-18 15:12:00,0.55,0.55,0.55,0.55,0,184275
2019-09-18 15:13:00,0.60,0.60,0.60,0.60,0,182700
2019-09-18 15:14:00,0.60,0.60,0.50,0.50,1650,182700
2019-09-18 15:15:00,0.50,0.50,0.50,0.50,0,182775
2019-09-18 15:17:00,0.60,0.60,0.60,0.60,0,182775
2019-09-18 15:18:00,0.60,0.60,0.60,0.60,0,182775
2019-09-18 15:19:00,0.60,0.60,0.60,0.60,0,182775
2019-09-18 15:20:00,0.60,0.60,0.40,0.40,0,183150
2019-09-18 15:21:00,0.40,0.40,0.40,0.40,0,183150
2019-09-18 15:22:00,0.40,0.65,0.40,0.65,75,183150
2019-09-18 15:23:00,0.65,0.65,0.20,0.20,0,183150
2019-09-18 15:24:00,0.20,0.40,0.20,0.40,1725,183075
2019-09-18 15:25:00,0.40,0.60,0.30,0.30,2400,183075
2019-09-18 15:26:00,0.30,0.30,0.30,0.30,75,183075
2019-09-18 15:27:00,0.30,0.30,0.30,0.30,0,183075
2019-09-18 15:28:00,0.35,0.40,0.35,0.35,525,183075
2019-09-18 15:29:01,0.40,0.50,0.35,0.50,1500,183075
2019-09-19 09:15:00,0.10,0.10,0.05,0.05,17100,181650
2019-09-19 09:16:00,0.05,0.05,0.05,0.05,525,181650
2019-09-19 09:17:00,0.05,0.10,0.05,0.05,1800,181650
2019-09-19 09:18:00,0.05,0.05,0.05,0.05,1125,180075
2019-09-19 09:19:00,0.05,0.05,0.05,0.05,300,180075
2019-09-19 09:21:00,0.05,0.05,0.05,0.05,0,180075
2019-09-19 09:24:00,0.05,0.05,0.05,0.05,0,180150
2019-09-19 09:25:00,0.05,0.05,0.05,0.05,18000,180225
2019-09-19 09:26:00,0.05,0.05,0.05,0.05,2250,180225
2019-09-19 09:28:00,0.05,0.05,0.05,0.05,0,180225
2019-09-19 09:29:00,0.05,0.05,0.05,0.05,0,180225
2019-09-19 09:33:00,0.05,0.05,0.05,0.05,0,177525
2019-09-19 09:38:00,0.05,0.05,0.05,0.05,0,177525
2019-09-19 09:40:00,0.05,0.05,0.05,0.05,0,177525
2019-09-19 09:41:00,0.05,0.05,0.05,0.05,0,177525
2019-09-19 09:42:00,0.05,0.05,0.05,0.05,0,177525
2019-09-19 09:43:00,0.10,0.10,0.10,0.10,75,177300
2019-09-19 09:44:00,0.10,0.10,0.10,0.10,0,177300
2019-09-19 09:45:00,0.10,0.10,0.10,0.10,0,177375
2019-09-19 09:46:00,0.10,0.10,0.10,0.10,150,177375
2019-09-19 09:47:00,0.10,0.10,0.10,0.10,0,177375
2019-09-19 09:48:00,0.10,0.10,0.10,0.10,150,177825
2019-09-19 09:50:00,0.10,0.10,0.10,0.10,0,177825
2019-09-19 09:51:00,0.10,0.10,0.10,0.10,0,177825
2019-09-19 09:53:00,0.10,0.10,0.10,0.10,0,177825
2019-09-19 09:54:00,0.10,0.10,0.10,0.10,0,177825
2019-09-19 09:55:00,0.10,0.10,0.05,0.05,300,181425
2019-09-19 09:56:00,0.05,0.05,0.05,0.05,0,181425
2019-09-19 09:57:00,0.05,0.05,0.05,0.05,0,181425
2019-09-19 09:58:00,0.05,0.05,0.05,0.05,0,181425
2019-09-19 09:59:00,0.05,0.05,0.05,0.05,0,181425
2019-09-19 10:00:00,0.05,0.05,0.05,0.05,0,181425
2019-09-19 10:01:00,0.05,0.05,0.05,0.05,0,181425
2019-09-19 10:03:00,0.05,0.05,0.05,0.05,0,181425
2019-09-19 10:04:00,0.05,0.05,0.05,0.05,0,181425
2019-09-19 10:05:00,0.05,0.05,0.05,0.05,0,181425
2019-09-19 10:06:00,0.05,0.05,0.05,0.05,0,181425
2019-09-19 10:07:00,0.05,0.05,0.05,0.05,0,181125
2019-09-19 10:08:00,0.05,0.05,0.05,0.05,1125,181125
2019-09-19 10:09:00,0.05,0.05,0.05,0.05,0,181125
2019-09-19 10:10:00,0.05,0.05,0.05,0.05,0,181125
2019-09-19 10:11:00,0.05,0.05,0.05,0.05,0,181125
2019-09-19 10:12:00,0.05,0.05,0.05,0.05,0,181125
2019-09-19 10:13:00,0.05,0.05,0.05,0.05,0,181125
2019-09-19 10:14:00,0.05,0.05,0.05,0.05,0,181125
2019-09-19 10:15:00,0.05,0.05,0.05,0.05,0,181125
2019-09-19 10:16:00,0.05,0.05,0.05,0.05,0,181125
2019-09-19 10:17:00,0.05,0.05,0.05,0.05,0,181125
2019-09-19 10:18:00,0.05,0.05,0.05,0.05,0,181125
2019-09-19 10:20:00,0.05,0.05,0.05,0.05,0,181125
2019-09-19 10:21:00,0.05,0.05,0.05,0.05,0,178500
2019-09-19 10:23:00,0.05,0.05,0.05,0.05,0,178500
2019-09-19 10:25:00,0.05,0.05,0.05,0.05,0,178500
2019-09-19 10:26:00,0.05,0.05,0.05,0.05,0,178500
2019-09-19 10:27:00,0.05,0.05,0.05,0.05,0,178500
2019-09-19 10:28:00,0.05,0.05,0.05,0.05,0,178500
2019-09-19 10:29:00,0.05,0.05,0.05,0.05,0,178500
2019-09-19 10:30:00,0.05,0.05,0.05,0.05,0,178500
2019-09-19 10:31:00,0.05,0.05,0.05,0.05,0,178500
2019-09-19 10:32:00,0.05,0.05,0.05,0.05,0,178500
2019-09-19 10:33:00,0.05,0.05,0.05,0.05,0,178500
2019-09-19 10:35:00,0.05,0.05,0.05,0.05,0,178500
2019-09-19 10:37:00,0.05,0.05,0.05,0.05,0,178500
2019-09-19 10:38:00,0.05,0.05,0.05,0.05,2250,177900
2019-09-19 10:39:00,0.05,0.05,0.05,0.05,0,177900
2019-09-19 10:42:00,0.05,0.05,0.05,0.05,0,177900
2019-09-19 10:43:00,0.05,0.05,0.05,0.05,0,174300
2019-09-19 10:44:00,0.05,0.05,0.05,0.05,0,174300
2019-09-19 10:47:00,0.05,0.05,0.05,0.05,0,174300
2019-09-19 10:48:00,0.05,0.05,0.05,0.05,0,174300
2019-09-19 10:49:00,0.05,0.05,0.05,0.05,0,174300
2019-09-19 10:50:00,0.05,0.05,0.05,0.05,0,174300
2019-09-19 10:51:00,0.05,0.05,0.05,0.05,0,174300
2019-09-19 10:53:00,0.05,0.05,0.05,0.05,0,174300
2019-09-19 11:31:00,0.05,0.05,0.05,0.05,0,174225
2019-09-19 11:50:00,0.05,0.05,0.05,0.05,0,174225
2019-09-19 11:54:00,0.05,0.05,0.05,0.05,0,174150
2019-09-19 12:05:00,0.05,0.05,0.05,0.05,0,174150
2019-09-19 12:06:00,0.05,0.05,0.05,0.05,0,174150
2019-09-19 12:35:00,0.05,0.05,0.05,0.05,0,172050
2019-09-19 12:37:00,0.05,0.05,0.05,0.05,0,171825
2019-09-19 13:00:00,0.05,0.05,0.05,0.05,0,171825
2019-09-19 13:20:00,0.05,0.05,0.05,0.05,0,171825
2019-09-19 13:46:00,0.05,0.05,0.05,0.05,0,171825
2019-09-19 14:18:00,0.05,0.05,0.05,0.05,0,171825
2019-09-19 14:19:00,0.05,0.05,0.05,0.05,75,171825
2019-09-19 14:20:00,0.05,0.05,0.05,0.05,0,171750
2019-09-19 14:21:00,0.05,0.05,0.05,0.05,0,171750
2019-09-19 14:22:00,0.05,0.05,0.05,0.05,0,171750
2019-09-19 14:23:00,0.05,0.05,0.05,0.05,0,171750
2019-09-19 14:25:00,0.05,0.05,0.05,0.05,0,171750
2019-09-19 14:26:00,0.05,0.05,0.05,0.05,0,171750
2019-09-19 14:27:00,0.05,0.05,0.05,0.05,0,171750
2019-09-19 14:28:00,0.05,0.05,0.05,0.05,0,171750
2019-09-19 14:29:00,0.05,0.05,0.05,0.05,0,171750
2019-09-19 14:30:00,0.05,0.05,0.05,0.05,0,171750
2019-09-19 14:31:00,0.05,0.05,0.05,0.05,0,171750
2019-09-19 14:32:00,0.05,0.05,0.05,0.05,0,171750
2019-09-19 14:33:00,0.05,0.05,0.05,0.05,0,171750
2019-09-19 14:34:00,0.05,0.05,0.05,0.05,0,171750
2019-09-19 14:35:00,0.05,0.05,0.05,0.05,0,171750
2019-09-19 14:36:00,0.05,0.05,0.05,0.05,0,171750
2019-09-19 14:37:00,0.05,0.05,0.05,0.05,0,171675
2019-09-19 14:43:00,0.05,0.05,0.05,0.05,0,171675
2019-09-19 14:48:00,0.05,0.05,0.05,0.05,0,171675
2019-09-19 15:03:00,0.05,0.05,0.05,0.05,0,171675
2019-09-19 15:29:01,0.05,0.05,0.05,0.05,0,171675
2019-09-23 09:15:00,1.80,1.80,1.20,1.20,675,466425
2019-09-23 09:16:00,0.80,1.30,0.80,1.30,3150,466425
2019-09-23 09:17:00,1.15,1.30,1.15,1.30,9525,467550
2019-09-23 09:18:00,1.20,1.20,1.15,1.15,1950,467550
2019-09-23 09:19:00,1.15,1.20,1.15,1.20,4875,467550
2019-09-23 09:20:00,1.25,1.25,1.25,1.25,2250,468675
