date,open,high,low,close,volume,oi,vwap
2020-05-26 12:14:00,2.65,2.65,2.65,2.65,150,0,2.65
2020-05-27 13:32:00,3.75,3.75,3.75,3.75,75,150,3.75
2020-05-27 13:38:00,3.70,3.70,3.70,3.70,75,225,3.72
2020-05-27 14:06:00,2.45,2.45,2.45,2.45,75,300,3.30
2020-05-27 14:07:00,2.45,2.45,2.45,2.45,75,300,3.08
2020-05-27 14:12:00,3.90,3.90,3.90,3.90,150,0,3.35
2020-05-27 14:37:00,3.50,3.50,3.50,3.50,75,300,3.37
2020-05-27 15:13:00,3.00,3.00,3.00,3.00,150,375,3.29
2020-05-27 15:17:00,3.00,3.00,3.00,3.00,1050,525,3.11
2020-05-27 15:24:00,3.00,3.00,3.00,3.00,75,1575,3.11
2020-05-27 15:25:00,3.00,3.00,3.00,3.00,75,1575,3.10
2020-05-27 15:27:00,2.25,2.25,2.25,2.25,75,1650,3.07
2020-05-27 15:28:00,2.25,3.00,2.25,3.00,375,1650,3.03
2020-05-28 09:15:00,1.35,1.35,1.35,1.35,375,1950,1.35
2020-05-28 09:16:00,1.60,1.60,1.60,1.60,2700,1950,1.56
2020-05-28 09:17:00,1.60,1.60,1.60,1.60,2250,5025,1.58
2020-05-28 09:19:00,1.60,3.00,1.60,3.00,5025,5025,1.60
2020-05-28 09:20:00,3.00,3.90,3.00,3.90,675,12225,1.72
2020-05-28 09:22:00,3.45,3.45,2.30,3.45,450,12225,1.76
2020-05-28 09:23:00,3.00,3.70,2.55,3.25,1200,12750,1.90
2020-05-28 09:24:00,3.25,3.45,3.15,3.20,1575,12750,2.04
2020-05-28 09:25:00,3.20,3.25,2.30,2.70,7125,12750,2.28
2020-05-28 09:26:00,2.75,2.75,2.40,2.75,1350,19800,2.30
2020-05-28 09:27:00,2.70,2.70,2.65,2.70,750,19800,2.31
2020-05-28 09:30:00,2.70,2.70,2.70,2.70,150,20400,2.31
2020-05-28 09:31:00,2.75,2.75,2.70,2.70,1200,20400,2.33
2020-05-28 09:32:00,2.50,2.50,2.50,2.50,75,21600,2.33
2020-05-28 09:37:00,2.50,2.50,2.50,2.50,975,21525,2.34
2020-05-28 09:39:00,2.50,2.50,2.40,2.40,6900,21975,2.37
2020-05-28 09:41:00,2.70,2.70,2.70,2.70,300,28275,2.37
2020-05-28 09:42:00,2.70,2.70,2.70,2.70,450,28275,2.38
2020-05-28 09:43:00,2.75,2.75,2.65,2.70,300,28275,2.38
2020-05-28 09:44:00,2.70,2.70,2.70,2.70,75,29325,2.38
2020-05-28 09:45:00,2.70,2.75,2.70,2.75,3750,29325,2.42
2020-05-28 09:46:00,2.75,3.05,2.70,2.70,5025,29325,2.46
2020-05-28 09:47:00,2.80,2.95,2.80,2.80,1350,36750,2.47
2020-05-28 09:48:00,2.80,2.80,2.30,2.30,2250,36750,2.47
2020-05-28 09:49:00,2.30,2.30,2.10,2.10,825,36750,2.47
2020-05-28 09:50:00,2.10,2.10,2.10,2.10,225,37275,2.47
2020-05-28 09:51:00,2.10,2.10,2.00,2.00,1650,37275,2.45
2020-05-28 09:52:00,1.95,2.10,1.95,2.10,525,37275,2.45
2020-05-28 09:57:00,2.20,2.20,2.20,2.20,225,37725,2.45
2020-05-28 10:00:00,2.20,2.20,2.20,2.20,225,37650,2.45
2020-05-28 10:01:00,2.25,2.25,2.20,2.25,375,37650,2.44
2020-05-28 10:03:00,2.25,2.25,2.25,2.25,150,36975,2.44
2020-05-28 10:06:00,2.35,2.35,2.35,2.35,75,36975,2.44
2020-05-28 10:08:00,2.35,2.50,2.35,2.50,1725,37050,2.44
2020-05-28 10:09:00,2.50,2.50,2.45,2.45,900,37050,2.44
2020-05-28 10:10:00,2.50,2.50,2.50,2.50,750,37050,2.44
2020-05-28 10:11:00,2.50,2.75,2.50,2.75,675,36300,2.45
2020-05-28 10:12:00,2.80,2.80,2.60,2.60,450,36300,2.45
2020-05-28 10:13:00,2.75,2.75,2.75,2.75,150,36300,2.45
2020-05-28 10:14:00,2.75,2.80,2.75,2.80,150,36825,2.45
2020-05-28 10:15:00,2.90,2.95,2.80,2.90,1200,36825,2.46
2020-05-28 10:16:00,2.65,2.80,2.65,2.80,825,36825,2.46
2020-05-28 10:17:00,2.85,2.85,2.70,2.85,1050,36825,2.47
2020-05-28 10:19:00,3.00,3.00,2.80,2.80,750,37350,2.47
2020-05-28 10:20:00,2.90,2.90,2.85,2.85,150,38475,2.47
2020-05-28 10:22:00,2.70,2.75,2.65,2.65,225,38475,2.48
2020-05-28 10:23:00,2.75,2.75,2.75,2.75,375,38400,2.48
2020-05-28 10:24:00,2.60,2.60,2.60,2.60,75,38400,2.48
2020-05-28 10:25:00,2.75,2.75,2.75,2.75,75,38400,2.48
2020-05-28 10:26:00,2.55,2.55,2.55,2.55,75,38400,2.48
2020-05-28 10:27:00,2.45,2.45,2.45,2.45,75,38400,2.48
2020-05-28 10:28:00,2.55,2.55,2.55,2.55,150,38400,2.48
2020-05-28 10:30:00,2.55,2.60,2.55,2.60,375,36675,2.48
2020-05-28 10:31:00,2.65,2.75,2.65,2.75,150,36675,2.48
2020-05-28 10:32:00,2.60,2.60,2.60,2.60,600,36675,2.48
2020-05-28 10:34:00,2.75,2.80,2.75,2.80,600,36900,2.48
2020-05-28 10:35:00,2.95,2.95,2.95,2.95,75,36900,2.48
2020-05-28 10:37:00,2.90,3.10,2.90,3.10,375,37050,2.49
2020-05-28 10:38:00,2.90,2.90,2.90,2.90,75,37050,2.49
2020-05-28 10:39:00,3.10,3.10,3.10,3.10,75,36975,2.49
2020-05-28 10:40:00,3.05,3.05,3.05,3.05,225,36975,2.49
2020-05-28 10:41:00,2.80,2.85,2.80,2.85,225,36750,2.49
2020-05-28 10:43:00,3.30,3.30,3.30,3.30,225,36750,2.49
2020-05-28 10:44:00,2.95,2.95,2.95,2.95,75,36975,2.49
2020-05-28 10:45:00,2.95,2.95,2.95,2.95,150,36975,2.50
2020-05-28 10:46:00,3.10,3.25,3.05,3.25,450,36975,2.50
2020-05-28 10:47:00,3.20,3.20,3.20,3.20,150,37125,2.50
2020-05-28 10:49:00,3.25,3.25,3.00,3.00,450,37125,2.51
2020-05-28 10:53:00,3.20,3.20,3.20,3.20,225,36975,2.51
2020-05-28 10:55:00,3.05,3.05,3.05,3.05,300,37050,2.51
2020-05-28 10:57:00,3.25,3.25,3.25,3.25,225,36825,2.51
2020-05-28 10:59:00,3.15,3.20,3.10,3.10,825,36825,2.52
2020-05-28 11:00:00,3.10,3.10,3.10,3.10,225,36825,2.52
2020-05-28 11:01:00,3.15,3.25,3.10,3.10,525,36825,2.53
2020-05-28 11:02:00,3.15,3.15,3.10,3.10,150,36825,2.53
2020-05-28 11:03:00,3.05,3.05,3.05,3.05,75,37050,2.53
2020-05-28 11:04:00,2.90,2.90,2.90,2.90,150,37050,2.53
2020-05-28 11:06:00,2.95,3.00,2.95,3.00,150,36975,2.53
2020-05-28 11:07:00,2.85,2.90,2.85,2.90,450,36975,2.53
2020-05-28 11:08:00,2.90,2.90,2.80,2.90,1275,36975,2.54
2020-05-28 11:09:00,2.90,3.05,2.90,3.00,1425,38025,2.55
2020-05-28 11:10:00,3.00,3.15,2.95,2.95,1875,38025,2.56
2020-05-28 11:12:00,3.00,3.00,2.85,2.90,975,41025,2.56
2020-05-28 11:13:00,2.90,2.90,2.75,2.85,1050,41025,2.57
2020-05-28 11:15:00,2.85,2.90,2.85,2.90,825,42375,2.57
2020-05-28 11:16:00,2.90,2.95,2.80,2.80,2775,42375,2.58
2020-05-28 11:17:00,2.80,2.95,2.80,2.90,1575,43950,2.59
2020-05-28 11:18:00,2.95,3.00,2.80,3.00,3375,43950,2.60
2020-05-28 11:19:00,2.90,3.05,2.90,3.05,450,43950,2.60
2020-05-28 11:20:00,2.95,2.95,2.95,2.95,150,49050,2.60
2020-05-28 11:21:00,2.85,3.00,2.85,3.00,600,49050,2.60
2020-05-28 11:22:00,2.95,2.95,2.95,2.95,300,49050,2.60
2020-05-28 11:23:00,2.95,2.95,2.95,2.95,675,45750,2.61
2020-05-28 11:24:00,3.00,3.05,2.95,3.05,2325,45750,2.62
2020-05-28 11:25:00,3.05,3.10,3.05,3.10,2100,45750,2.63
2020-05-28 11:26:00,3.05,3.10,3.05,3.10,450,45750,2.63
2020-05-28 11:27:00,3.05,3.05,3.05,3.05,150,50925,2.63
2020-05-28 11:28:00,3.15,3.25,3.15,3.25,1200,50925,2.64
2020-05-28 11:29:00,3.15,3.15,3.15,3.15,150,52125,2.64
2020-05-28 11:30:00,3.15,3.20,3.15,3.20,525,52125,2.64
2020-05-28 11:32:00,3.40,3.45,3.40,3.45,225,52125,2.64
2020-05-28 11:33:00,3.45,3.50,3.45,3.50,375,52500,2.65
2020-05-28 11:34:00,3.35,3.35,3.30,3.30,1725,52500,2.66
2020-05-28 11:35:00,3.25,3.25,3.25,3.25,150,54000,2.66
2020-05-28 11:37:00,3.25,3.25,3.25,3.25,525,54000,2.66
2020-05-28 11:38:00,3.20,3.25,3.20,3.20,1200,54675,2.67
2020-05-28 11:39:00,3.20,3.20,3.15,3.15,300,54675,2.67
2020-05-28 11:40:00,3.20,3.20,3.15,3.15,1050,54675,2.68
2020-05-28 11:41:00,3.15,3.15,3.15,3.15,75,54675,2.68
2020-05-28 11:42:00,3.20,3.20,3.05,3.05,150,54825,2.68
2020-05-28 11:46:00,3.20,3.20,3.20,3.20,75,55350,2.68
2020-05-28 11:49:00,3.15,3.20,3.15,3.15,825,55425,2.68
2020-05-28 11:50:00,3.15,3.15,2.95,2.95,2025,55425,2.69
2020-05-28 11:51:00,3.05,3.05,3.00,3.00,150,56025,2.69
2020-05-28 11:52:00,3.00,3.05,3.00,3.05,675,56025,2.69
2020-05-28 11:53:00,3.10,3.10,3.00,3.00,600,56700,2.69
2020-05-28 11:54:00,3.00,3.00,3.00,3.00,1200,56700,2.70
2020-05-28 11:55:00,2.95,2.95,2.95,2.95,225,56700,2.70
2020-05-28 11:56:00,2.85,2.85,2.85,2.85,75,56700,2.70
2020-05-28 11:57:00,2.80,2.90,2.80,2.90,750,56475,2.70
2020-05-28 11:58:00,2.95,3.00,2.95,3.00,225,56475,2.70
2020-05-28 11:59:00,2.95,2.95,2.80,2.80,150,56400,2.70
2020-05-28 12:00:00,2.80,2.85,2.65,2.70,2025,56400,2.70
2020-05-28 12:01:00,2.80,2.80,2.70,2.70,525,56400,2.70
2020-05-28 12:02:00,2.75,2.75,2.75,2.75,150,56700,2.70
2020-05-28 12:03:00,2.75,2.95,2.70,2.95,2100,56700,2.70
2020-05-28 12:04:00,2.85,2.85,2.85,2.85,300,56700,2.70
2020-05-28 12:05:00,2.90,2.95,2.85,2.90,900,56700,2.71
2020-05-28 12:06:00,2.95,2.95,2.90,2.95,525,57000,2.71
2020-05-28 12:08:00,2.95,2.95,2.95,2.95,75,57000,2.71
2020-05-28 12:09:00,2.95,2.95,2.95,2.95,150,55500,2.71
2020-05-28 12:15:00,3.00,3.00,3.00,3.00,1650,55650,2.71
2020-05-28 12:20:00,2.95,2.95,2.95,2.95,75,57300,2.71
2020-05-28 12:21:00,2.85,2.85,2.80,2.80,825,57375,2.71
2020-05-28 12:22:00,2.75,2.75,2.70,2.70,525,57375,2.71
2020-05-28 12:23:00,2.70,2.85,2.70,2.80,1725,57000,2.71
2020-05-28 12:24:00,2.80,2.95,2.80,2.95,450,57000,2.71
2020-05-28 12:25:00,3.00,3.00,3.00,3.00,675,57000,2.72
2020-05-28 12:26:00,3.00,3.00,3.00,3.00,75,57000,2.72
2020-05-28 12:27:00,2.95,3.00,2.95,3.00,375,57600,2.72
2020-05-28 12:28:00,3.05,3.10,3.05,3.05,1575,57600,2.72
2020-05-28 12:30:00,3.00,3.15,3.00,3.15,600,58875,2.72
2020-05-28 12:31:00,3.00,3.00,3.00,3.00,225,58875,2.72
2020-05-28 12:33:00,3.05,3.05,3.00,3.00,150,58725,2.72
2020-05-28 12:34:00,3.15,3.15,3.10,3.10,450,58725,2.73
2020-05-28 12:35:00,3.10,3.10,3.05,3.05,2100,56850,2.73
2020-05-28 12:37:00,2.95,2.95,2.90,2.90,1350,56850,2.73
2020-05-28 12:38:00,2.80,2.80,2.75,2.75,150,56850,2.73
2020-05-28 12:39:00,2.75,2.90,2.75,2.90,600,58350,2.73
2020-05-28 12:40:00,3.00,3.00,2.80,3.00,750,58350,2.73
2020-05-28 12:41:00,2.95,2.95,2.85,2.85,150,58350,2.73
2020-05-28 12:42:00,2.80,2.80,2.80,2.80,75,57975,2.73
2020-05-28 12:46:00,2.80,2.80,2.80,2.80,525,57975,2.74
2020-05-28 12:47:00,2.90,2.90,2.90,2.90,75,57975,2.74
2020-05-28 12:49:00,2.85,2.90,2.85,2.90,1275,58500,2.74
2020-05-28 12:50:00,3.10,3.10,3.10,3.10,75,58500,2.74
2020-05-28 12:51:00,2.95,2.95,2.95,2.95,75,57975,2.74
2020-05-28 12:53:00,2.90,2.90,2.90,2.90,150,57975,2.74
2020-05-28 12:54:00,2.95,2.95,2.95,2.95,75,57975,2.74
2020-05-28 12:55:00,2.90,2.90,2.90,2.90,375,57975,2.74
2020-05-28 12:57:00,2.85,2.85,2.85,2.85,225,57675,2.74
2020-05-28 12:58:00,2.80,2.80,2.80,2.80,225,57675,2.74
2020-05-28 12:59:00,2.80,2.80,2.80,2.80,3525,57675,2.74
2020-05-28 13:00:00,2.80,2.90,2.80,2.90,975,60225,2.74
2020-05-28 13:04:00,2.85,2.85,2.85,2.85,525,60225,2.74
2020-05-28 13:06:00,2.85,2.85,2.85,2.85,150,60150,2.74
2020-05-28 13:09:00,2.95,2.95,2.95,2.95,75,58200,2.74
2020-05-28 13:10:00,2.80,2.80,2.80,2.80,1650,58200,2.74
2020-05-28 13:11:00,2.75,2.75,2.75,2.75,750,58200,2.74
2020-05-28 13:12:00,2.70,2.70,2.45,2.50,1350,59700,2.74
2020-05-28 13:13:00,2.40,2.40,2.40,2.40,300,59700,2.74
2020-05-28 13:14:00,2.35,2.35,2.35,2.35,75,59700,2.74
2020-05-28 13:20:00,2.50,2.65,2.50,2.65,225,59625,2.74
2020-05-28 13:22:00,2.70,2.70,2.70,2.70,75,58275,2.74
2020-05-28 13:23:00,2.65,2.65,2.65,2.65,150,58275,2.74
2020-05-28 13:24:00,2.60,2.60,2.60,2.60,150,56475,2.74
2020-05-28 13:29:00,2.85,3.00,2.85,3.00,300,56325,2.74
2020-05-28 13:30:00,3.00,3.15,3.00,3.10,5175,56400,2.75
2020-05-28 13:31:00,3.15,3.15,2.85,3.00,1050,56400,2.75
2020-05-28 13:32:00,3.10,3.20,3.10,3.15,900,56400,2.75
2020-05-28 13:33:00,3.15,3.15,3.15,3.15,75,61125,2.75
2020-05-28 13:34:00,3.10,3.10,3.10,3.10,150,61125,2.75
2020-05-28 13:35:00,3.15,3.15,2.90,2.90,1050,61125,2.75
2020-05-28 13:36:00,2.75,2.75,2.75,2.75,75,61275,2.75
2020-05-28 13:40:00,2.85,2.85,2.85,2.85,225,61800,2.75
2020-05-28 13:42:00,3.05,3.05,2.95,2.95,225,61800,2.76
2020-05-28 13:44:00,3.05,3.05,3.00,3.00,825,61800,2.76
2020-05-28 13:45:00,2.85,2.90,2.85,2.90,225,61575,2.76
2020-05-28 13:46:00,2.80,2.90,2.80,2.90,600,61575,2.76
2020-05-28 13:47:00,2.80,2.85,2.80,2.80,1800,61575,2.76
2020-05-28 13:48:00,2.85,2.85,2.85,2.85,75,61575,2.76
2020-05-28 13:49:00,2.80,2.80,2.80,2.80,600,62175,2.76
2020-05-28 13:50:00,2.80,2.80,2.80,2.80,375,62175,2.76
2020-05-28 13:51:00,2.70,2.70,2.65,2.65,525,62925,2.76
2020-05-28 13:52:00,2.70,2.70,2.70,2.70,975,62925,2.76
2020-05-28 13:54:00,2.75,2.75,2.75,2.75,750,63750,2.76
2020-05-28 13:55:00,2.90,2.90,2.75,2.75,600,63750,2.76
2020-05-28 13:56:00,2.75,2.80,2.75,2.80,675,63750,2.76
2020-05-28 14:00:00,2.80,2.80,2.80,2.80,75,65325,2.76
2020-05-28 14:01:00,2.85,2.85,2.85,2.85,1725,65325,2.76
2020-05-28 14:03:00,2.90,2.90,2.90,2.90,75,66825,2.76
2020-05-28 14:06:00,2.90,2.95,2.90,2.95,900,67500,2.76
2020-05-28 14:07:00,2.90,2.90,2.75,2.75,3075,67500,2.76
2020-05-28 14:08:00,2.70,2.70,2.60,2.60,2175,67500,2.76
2020-05-28 14:09:00,2.65,2.65,2.65,2.65,525,66450,2.76
2020-05-28 14:10:00,2.65,2.65,2.65,2.65,150,66450,2.76
2020-05-28 14:11:00,2.60,2.60,2.40,2.50,1425,66450,2.76
2020-05-28 14:12:00,2.45,2.45,2.25,2.25,900,66375,2.75
2020-05-28 14:13:00,2.25,2.25,2.25,2.25,150,66375,2.75
2020-05-28 14:14:00,2.30,2.30,2.30,2.30,450,66375,2.75
2020-05-28 14:15:00,2.30,2.50,2.30,2.50,825,66450,2.75
2020-05-28 14:17:00,2.50,2.50,2.50,2.50,150,66450,2.75
2020-05-28 14:18:00,2.60,2.60,2.60,2.60,75,66525,2.75
2020-05-28 14:19:00,2.45,2.45,2.45,2.45,300,66525,2.75
2020-05-28 14:20:00,2.40,2.55,2.40,2.50,600,66525,2.75
2020-05-28 14:23:00,2.45,2.45,2.40,2.45,375,67125,2.75
2020-05-28 14:24:00,2.20,2.20,2.20,2.20,75,67050,2.75
2020-05-28 14:25:00,2.20,2.20,2.20,2.20,75,67050,2.75
2020-05-28 14:26:00,2.20,2.20,2.20,2.20,300,67050,2.75
2020-05-28 14:27:00,2.30,2.35,2.30,2.35,150,67050,2.75
2020-05-28 14:28:00,2.40,2.40,2.35,2.35,225,67200,2.75
2020-05-28 14:29:00,2.25,2.35,2.25,2.30,300,67200,2.75
2020-05-28 14:30:00,2.30,2.30,2.30,2.30,150,67200,2.74
2020-05-28 14:31:00,2.30,2.30,2.30,2.30,300,71475,2.74
2020-05-28 14:32:00,2.30,2.30,2.25,2.30,600,71475,2.74
2020-05-28 14:33:00,2.35,2.35,2.35,2.35,300,68625,2.74
2020-05-28 14:34:00,2.30,2.45,2.30,2.45,1200,68625,2.74
2020-05-28 14:35:00,2.40,2.55,2.40,2.50,2625,68625,2.73
2020-05-28 14:36:00,2.40,2.55,2.40,2.50,2175,70425,2.73
2020-05-28 14:37:00,2.55,2.60,2.50,2.50,1725,70425,2.73
2020-05-28 14:39:00,2.55,2.55,2.45,2.55,900,71550,2.73
2020-05-28 14:40:00,2.55,2.55,2.35,2.35,750,71550,2.73
2020-05-28 14:42:00,2.50,2.65,2.50,2.50,1125,71475,2.73
2020-05-28 14:43:00,2.50,2.50,2.50,2.50,75,71475,2.73
2020-05-28 14:44:00,2.50,2.50,2.50,2.50,225,71475,2.73
2020-05-28 14:45:00,2.50,2.50,2.35,2.35,900,69000,2.72
2020-05-28 14:46:00,2.35,2.40,2.35,2.40,1350,69000,2.72
2020-05-28 14:47:00,2.30,2.30,2.30,2.30,300,69000,2.72
2020-05-28 14:48:00,2.30,2.30,2.20,2.25,225,70800,2.72
2020-05-28 14:49:00,2.00,2.05,2.00,2.05,1425,70800,2.71
2020-05-28 14:50:00,2.10,2.10,2.10,2.10,75,70800,2.71
2020-05-28 14:51:00,1.90,1.90,1.75,1.90,3525,70650,2.70
2020-05-28 14:52:00,1.95,2.00,1.85,1.85,2550,70650,2.69
2020-05-28 14:53:00,1.85,2.00,1.85,2.00,2550,70650,2.68
2020-05-28 14:54:00,2.00,2.00,2.00,2.00,1875,70875,2.67
2020-05-28 14:55:00,2.00,2.05,2.00,2.05,2175,70875,2.66
2020-05-28 14:56:00,2.00,2.05,2.00,2.00,3675,70875,2.65
2020-05-28 14:57:00,2.00,2.00,2.00,2.00,150,74475,2.65
2020-05-28 14:58:00,2.00,2.00,2.00,2.00,825,74475,2.65
2020-05-28 14:59:00,2.00,2.00,1.95,2.00,1950,74475,2.64
2020-05-28 15:00:00,2.00,2.00,1.90,2.00,3750,77325,2.63
2020-05-28 15:01:00,1.95,2.00,1.90,1.90,825,77325,2.63
2020-05-28 15:02:00,2.00,2.00,1.95,1.95,1125,77325,2.62
2020-05-28 15:03:00,1.95,1.95,1.95,1.95,450,77325,2.62
2020-05-28 15:04:00,1.95,2.05,1.95,2.05,375,79575,2.62
2020-05-28 15:05:00,1.95,1.95,1.95,1.95,150,79575,2.62
2020-05-28 15:06:00,1.95,1.95,1.95,1.95,825,79875,2.62
2020-05-28 15:07:00,1.85,2.00,1.85,2.00,750,79875,2.62
2020-05-28 15:08:00,1.90,2.00,1.90,2.00,900,79875,2.61
2020-05-28 15:09:00,2.00,2.05,2.00,2.00,750,77550,2.61
2020-05-28 15:10:00,2.10,2.20,2.05,2.20,1425,77550,2.61
2020-05-28 15:11:00,2.25,2.40,2.25,2.40,17250,77550,2.59
2020-05-28 15:12:00,2.40,2.45,2.40,2.40,8400,95025,2.58
2020-05-28 15:13:00,2.45,2.45,2.45,2.45,375,95025,2.58
2020-05-28 15:14:00,2.45,2.45,2.40,2.40,225,95025,2.58
2020-05-28 15:15:00,2.45,2.50,2.40,2.50,9375,100350,2.58
2020-05-28 15:16:00,2.50,2.50,2.50,2.50,525,100350,2.58
2020-05-28 15:17:00,2.45,2.50,2.40,2.40,825,100350,2.58
2020-05-28 15:18:00,2.50,2.50,2.45,2.45,1500,90450,2.57
2020-05-28 15:19:00,2.40,2.50,2.40,2.45,3825,90450,2.57
2020-05-28 15:20:00,2.45,2.55,2.45,2.50,4800,90450,2.57
2020-05-28 15:21:00,2.40,2.50,2.40,2.45,2250,93075,2.57
2020-05-28 15:22:00,2.40,2.45,2.40,2.40,16350,93075,2.56
2020-05-28 15:23:00,2.30,2.30,2.20,2.25,2400,93075,2.56
2020-05-28 15:24:00,2.20,2.25,2.10,2.25,15675,117600,2.54
2020-05-28 15:25:00,2.20,2.30,2.20,2.25,9900,117600,2.53
2020-05-28 15:26:00,2.20,2.25,2.15,2.20,13350,117600,2.52
2020-05-28 15:27:00,2.05,2.20,2.05,2.10,6450,124875,2.51
2020-05-28 15:28:00,2.05,2.20,2.00,2.00,2100,124875,2.51
2020-05-28 15:29:01,2.10,2.10,1.95,1.95,3525,124875,2.50
2020-05-29 09:15:00,4.00,4.00,1.50,1.70,5700,126225,2.34
2020-05-29 09:16:00,1.75,1.75,1.60,1.60,8250,126225,1.92
2020-05-29 09:17:00,1.70,1.95,1.65,1.75,16125,129075,1.86
2020-05-29 09:18:00,1.70,1.80,1.65,1.75,20100,129075,1.81
2020-05-29 09:19:00,1.75,1.75,1.65,1.70,12150,129075,1.79
2020-05-29 09:20:00,1.70,1.80,1.65,1.65,12375,149475,1.78
2020-05-29 09:21:00,1.65,1.75,1.65,1.75,7950,149475,1.77
2020-05-29 09:22:00,1.70,1.70,1.45,1.45,25950,149475,1.72
2020-05-29 09:23:00,1.50,1.50,1.40,1.40,8925,167175,1.70
2020-05-29 09:24:00,1.35,1.45,1.35,1.45,14250,167175,1.67
2020-05-29 09:25:00,1.45,1.45,1.40,1.40,6375,167175,1.66
2020-05-29 09:26:00,1.45,1.45,1.35,1.35,30675,172875,1.61
2020-05-29 09:27:00,1.35,1.40,1.25,1.30,23700,172875,1.57
2020-05-29 09:28:00,1.30,1.35,1.30,1.35,8325,172875,1.56
2020-05-29 09:29:00,1.35,1.35,1.30,1.30,1650,186300,1.56
2020-05-29 09:30:00,1.35,1.35,1.30,1.30,4800,186300,1.55
2020-05-29 09:31:00,1.30,1.30,1.20,1.25,17775,186300,1.53
2020-05-29 09:32:00,1.30,1.30,1.20,1.20,3525,192075,1.52
2020-05-29 09:33:00,1.20,1.20,1.15,1.20,16575,192075,1.50
2020-05-29 09:34:00,1.25,1.25,1.20,1.20,900,192075,1.50
2020-05-29 09:35:00,1.25,1.25,1.20,1.25,1725,184200,1.50
2020-05-29 09:36:00,1.25,1.25,1.20,1.25,1950,184200,1.50
2020-05-29 09:37:00,1.20,1.20,1.10,1.10,7500,184200,1.49
2020-05-29 09:38:00,1.10,1.15,1.10,1.15,4575,182550,1.48
2020-05-29 09:39:00,1.15,1.25,1.15,1.25,11400,182550,1.47
2020-05-29 09:40:00,1.20,1.20,1.20,1.20,1875,182550,1.47
2020-05-29 09:41:00,1.20,1.30,1.20,1.30,4350,181350,1.46
2020-05-29 09:42:00,1.30,1.30,1.25,1.30,2850,181350,1.46
2020-05-29 09:43:00,1.25,1.25,1.20,1.25,3075,181350,1.46
2020-05-29 09:44:00,1.25,1.25,1.20,1.25,5850,181725,1.45
2020-05-29 09:45:00,1.25,1.35,1.25,1.30,1800,181725,1.45
2020-05-29 09:46:00,1.35,1.35,1.25,1.25,6450,181725,1.45
2020-05-29 09:47:00,1.25,1.25,1.25,1.25,1575,180675,1.45
2020-05-29 09:48:00,1.25,1.30,1.20,1.25,9375,180675,1.44
2020-05-29 09:49:00,1.20,1.25,1.20,1.20,6225,180675,1.44
2020-05-29 09:50:00,1.20,1.25,1.15,1.15,2100,180075,1.44
2020-05-29 09:51:00,1.20,1.20,1.20,1.20,3150,180075,1.43
2020-05-29 09:52:00,1.20,1.25,1.20,1.25,300,180075,1.43
2020-05-29 09:54:00,1.25,1.25,1.25,1.25,3375,178950,1.43
2020-05-29 09:55:00,1.25,1.25,1.25,1.25,750,178950,1.43
2020-05-29 09:56:00,1.25,1.25,1.25,1.25,375,176625,1.43
2020-05-29 09:57:00,1.20,1.20,1.20,1.20,1050,176625,1.43
2020-05-29 09:58:00,1.25,1.25,1.25,1.25,450,176625,1.43
2020-05-29 09:59:00,1.25,1.30,1.25,1.30,1650,176625,1.43
2020-05-29 10:00:00,1.20,1.20,1.20,1.20,3750,176625,1.43
2020-05-29 10:01:00,1.25,1.25,1.25,1.25,300,176625,1.43
2020-05-29 10:02:00,1.30,1.30,1.25,1.30,1650,177075,1.43
2020-05-29 10:03:00,1.30,1.30,1.30,1.30,525,177075,1.43
2020-05-29 10:04:00,1.30,1.35,1.25,1.30,3375,177075,1.42
2020-05-29 10:05:00,1.30,1.35,1.30,1.30,4575,177600,1.42
2020-05-29 10:06:00,1.25,1.30,1.25,1.30,7725,177600,1.42
2020-05-29 10:07:00,1.30,1.40,1.30,1.35,10275,177600,1.42
2020-05-29 10:08:00,1.35,1.35,1.30,1.30,3450,177825,1.42
2020-05-29 10:09:00,1.35,1.35,1.30,1.35,5100,177825,1.42
2020-05-29 10:10:00,1.30,1.40,1.30,1.40,4800,177825,1.41
2020-05-29 10:11:00,1.40,1.40,1.30,1.35,4575,178500,1.41
2020-05-29 10:12:00,1.30,1.40,1.30,1.35,4200,178500,1.41
2020-05-29 10:13:00,1.35,1.35,1.30,1.30,3150,178500,1.41
2020-05-29 10:14:00,1.30,1.30,1.30,1.30,1575,180150,1.41
2020-05-29 10:15:00,1.30,1.30,1.30,1.30,1350,180150,1.41
2020-05-29 10:16:00,1.30,1.35,1.30,1.35,2250,180150,1.41
2020-05-29 10:17:00,1.30,1.35,1.30,1.35,450,179925,1.41
2020-05-29 10:18:00,1.30,1.40,1.30,1.40,4800,179925,1.41
2020-05-29 10:19:00,1.40,1.45,1.40,1.40,1650,179925,1.41
2020-05-29 10:20:00,1.40,1.40,1.40,1.40,1950,179400,1.41
2020-05-29 10:21:00,1.40,1.45,1.40,1.45,2025,179400,1.41
2020-05-29 10:22:00,1.40,1.40,1.35,1.35,5100,179400,1.41
2020-05-29 10:23:00,1.35,1.40,1.35,1.40,2625,180825,1.41
2020-05-29 10:24:00,1.40,1.45,1.40,1.45,6750,180825,1.41
2020-05-29 10:25:00,1.45,1.65,1.45,1.65,4350,180825,1.41
2020-05-29 10:26:00,1.65,1.70,1.60,1.70,7350,188625,1.41
2020-05-29 10:27:00,1.75,1.85,1.75,1.80,2100,188625,1.42
2020-05-29 10:28:00,1.85,1.85,1.70,1.70,6300,188625,1.42
2020-05-29 10:29:00,1.75,1.75,1.70,1.75,1725,188175,1.42
2020-05-29 10:30:00,1.80,1.80,1.65,1.65,1425,188175,1.42
2020-05-29 10:31:00,1.70,1.70,1.70,1.70,1050,188175,1.42
2020-05-29 10:32:00,1.65,1.65,1.65,1.65,75,187500,1.42
2020-05-29 10:33:00,1.60,1.65,1.55,1.65,6000,187500,1.43
2020-05-29 10:34:00,1.65,1.65,1.55,1.60,3075,187500,1.43
2020-05-29 10:35:00,1.70,1.85,1.70,1.80,7200,187575,1.43
2020-05-29 10:36:00,1.85,1.90,1.80,1.85,5625,187575,1.44
2020-05-29 10:37:00,1.85,1.90,1.70,1.70,5025,187575,1.44
2020-05-29 10:38:00,1.75,1.75,1.65,1.75,4125,182850,1.44
2020-05-29 10:39:00,1.85,1.90,1.80,1.85,4800,182850,1.45
2020-05-29 10:40:00,1.80,1.90,1.80,1.80,13875,182850,1.46
2020-05-29 10:41:00,1.85,1.90,1.85,1.85,8550,185850,1.47
2020-05-29 10:42:00,1.85,1.90,1.80,1.85,5250,185850,1.47
2020-05-29 10:43:00,1.90,1.90,1.85,1.85,8175,185850,1.48
2020-05-29 10:44:00,1.85,1.85,1.75,1.85,18825,199050,1.49
2020-05-29 10:45:00,1.85,2.00,1.85,2.00,6450,199050,1.49
2020-05-29 10:46:00,2.00,2.05,2.00,2.00,3600,199050,1.50
2020-05-29 10:47:00,2.00,2.00,1.85,1.85,7050,198300,1.50
2020-05-29 10:48:00,1.85,1.90,1.75,1.90,6225,198300,1.51
2020-05-29 10:49:00,1.90,1.90,1.80,1.80,4425,198300,1.51
2020-05-29 10:50:00,1.85,1.85,1.75,1.75,13800,199575,1.52
2020-05-29 10:51:00,1.75,1.85,1.75,1.85,7350,199575,1.52
2020-05-29 10:52:00,1.90,1.90,1.75,1.75,4575,199575,1.52
2020-05-29 10:53:00,1.75,1.85,1.75,1.85,5400,196500,1.52
2020-05-29 10:54:00,1.85,1.85,1.85,1.85,2850,196500,1.53
2020-05-29 10:55:00,1.85,1.90,1.85,1.90,3900,196500,1.53
2020-05-29 10:56:00,1.85,1.90,1.85,1.90,1575,198075,1.53
2020-05-29 10:57:00,1.85,1.85,1.80,1.85,1500,198075,1.53
2020-05-29 10:58:00,1.80,1.85,1.80,1.85,750,198075,1.53
2020-05-29 10:59:00,1.85,1.85,1.85,1.85,1425,198825,1.53
2020-05-29 11:00:00,1.85,1.85,1.80,1.85,1050,198825,1.53
2020-05-29 11:01:00,1.85,1.90,1.85,1.90,1125,198825,1.53
2020-05-29 11:02:00,1.90,1.90,1.85,1.90,825,199725,1.53
2020-05-29 11:03:00,1.85,1.90,1.85,1.90,975,199725,1.53
2020-05-29 11:04:00,2.00,2.05,1.95,2.00,5775,199725,1.54
2020-05-29 11:05:00,2.00,2.15,2.00,2.15,8475,201975,1.54
2020-05-29 11:06:00,2.15,2.30,2.15,2.15,4725,201975,1.55
2020-05-29 11:07:00,2.20,2.20,2.10,2.10,3300,201975,1.55
2020-05-29 11:08:00,2.15,2.20,2.10,2.20,4425,206400,1.56
2020-05-29 11:09:00,2.20,2.30,2.20,2.30,6150,206400,1.56
2020-05-29 11:10:00,2.20,2.30,2.20,2.20,4500,206400,1.57
2020-05-29 11:11:00,2.20,2.25,2.10,2.10,6000,206625,1.57
2020-05-29 11:12:00,2.10,2.10,2.05,2.05,1725,206625,1.57
2020-05-29 11:13:00,2.10,2.15,2.05,2.10,1350,206625,1.58
2020-05-29 11:14:00,2.15,2.15,2.15,2.15,375,206925,1.58
2020-05-29 11:15:00,2.15,2.15,2.10,2.10,1500,206925,1.58
2020-05-29 11:16:00,2.10,2.10,2.05,2.05,7725,206925,1.58
2020-05-29 11:17:00,2.10,2.10,2.05,2.05,450,208050,1.58
2020-05-29 11:18:00,2.05,2.05,2.05,2.05,900,208050,1.58
2020-05-29 11:19:00,2.10,2.10,2.05,2.10,3375,208050,1.59
2020-05-29 11:20:00,2.15,2.15,2.10,2.10,3450,205275,1.59
2020-05-29 11:21:00,2.10,2.10,2.10,2.10,750,205275,1.59
2020-05-29 11:22:00,2.10,2.10,2.10,2.10,675,205275,1.59
2020-05-29 11:23:00,2.10,2.10,2.05,2.05,2550,207300,1.59
2020-05-29 11:24:00,2.10,2.10,2.10,2.10,150,207300,1.59
2020-05-29 11:25:00,2.05,2.10,2.05,2.05,2700,207300,1.59
2020-05-29 11:26:00,2.05,2.15,2.05,2.15,1875,210825,1.60
2020-05-29 11:27:00,2.15,2.15,2.10,2.15,5400,210825,1.60
2020-05-29 11:28:00,2.10,2.10,2.10,2.10,2325,210825,1.60
2020-05-29 11:29:00,2.10,2.10,2.10,2.10,1350,211500,1.60
2020-05-29 11:30:00,2.10,2.10,2.10,2.10,375,211500,1.60
2020-05-29 11:31:00,2.10,2.10,2.10,2.10,750,211500,1.60
2020-05-29 11:32:00,2.05,2.25,2.05,2.25,9150,211350,1.61
2020-05-29 11:33:00,2.20,2.25,2.15,2.25,4200,211350,1.61
2020-05-29 11:34:00,2.25,2.30,2.20,2.20,2475,211350,1.62
2020-05-29 11:35:00,2.30,2.40,2.25,2.40,4800,212025,1.62
2020-05-29 11:36:00,2.45,2.45,2.35,2.40,2775,212025,1.62
2020-05-29 11:37:00,2.30,2.30,2.25,2.25,1800,212025,1.63
2020-05-29 11:38:00,2.25,2.25,2.10,2.15,4125,211575,1.63
2020-05-29 11:39:00,2.15,2.15,2.15,2.15,75,211575,1.63
2020-05-29 11:40:00,2.10,2.20,2.10,2.20,225,211575,1.63
2020-05-29 11:41:00,2.20,2.20,2.05,2.10,6150,211050,1.63
2020-05-29 11:42:00,2.10,2.10,1.95,2.00,10950,211050,1.64
2020-05-29 11:43:00,2.05,2.05,2.00,2.05,2025,211050,1.64
2020-05-29 11:44:00,2.05,2.10,2.00,2.10,1575,217650,1.64
2020-05-29 11:45:00,2.10,2.10,2.05,2.05,2625,217650,1.64
2020-05-29 11:46:00,2.10,2.10,2.00,2.00,12075,217650,1.65
2020-05-29 11:47:00,1.95,1.95,1.85,1.90,5625,224775,1.65
2020-05-29 11:48:00,1.85,1.90,1.80,1.85,3375,224775,1.65
2020-05-29 11:49:00,1.85,1.85,1.85,1.85,225,224775,1.65
2020-05-29 11:50:00,1.85,1.85,1.85,1.85,450,224775,1.65
2020-05-29 11:51:00,1.90,1.90,1.85,1.85,525,223875,1.65
2020-05-29 11:53:00,1.90,2.00,1.90,2.00,8925,219000,1.65
2020-05-29 11:54:00,2.00,2.00,1.95,1.95,300,219000,1.65
2020-05-29 11:55:00,1.90,1.95,1.90,1.90,7725,219000,1.66
2020-05-29 11:56:00,2.00,2.00,1.95,1.95,2025,222150,1.66
2020-05-29 11:57:00,1.85,1.95,1.85,1.95,5550,222150,1.66
2020-05-29 11:58:00,1.95,1.95,1.95,1.95,450,222150,1.66
2020-05-29 11:59:00,1.95,1.95,1.90,1.90,375,218400,1.66
2020-05-29 12:00:00,1.90,1.90,1.85,1.90,5175,218400,1.66
2020-05-29 12:01:00,1.85,1.85,1.85,1.85,675,218400,1.66
2020-05-29 12:02:00,1.85,1.85,1.75,1.85,5475,216675,1.66
2020-05-29 12:03:00,1.75,1.80,1.75,1.75,300,216675,1.66
2020-05-29 12:04:00,1.75,1.75,1.70,1.70,675,216675,1.66
2020-05-29 12:05:00,1.70,1.75,1.70,1.70,1125,217575,1.66
2020-05-29 12:06:00,1.70,1.70,1.70,1.70,750,217575,1.66
2020-05-29 12:07:00,1.75,1.75,1.75,1.75,1275,217575,1.66
2020-05-29 12:08:00,1.80,1.80,1.80,1.80,1050,217575,1.66
2020-05-29 12:09:00,1.80,1.80,1.75,1.75,900,216450,1.66
2020-05-29 12:10:00,1.75,1.80,1.75,1.75,825,216450,1.66
2020-05-29 12:11:00,1.75,1.80,1.75,1.80,300,217350,1.66
2020-05-29 12:13:00,1.85,1.85,1.85,1.85,2175,217350,1.66
2020-05-29 12:15:00,1.80,1.80,1.75,1.80,1650,219000,1.66
2020-05-29 12:16:00,1.75,1.95,1.75,1.95,1875,219000,1.66
2020-05-29 12:17:00,1.85,1.95,1.85,1.85,2325,219000,1.66
2020-05-29 12:18:00,1.85,1.95,1.85,1.90,1575,219825,1.67
2020-05-29 12:19:00,1.90,1.95,1.85,1.90,900,219825,1.67
2020-05-29 12:20:00,1.90,1.95,1.90,1.90,450,219825,1.67
2020-05-29 12:22:00,1.90,1.90,1.85,1.85,450,221475,1.67
2020-05-29 12:23:00,1.90,1.90,1.85,1.85,300,221475,1.67
2020-05-29 12:24:00,1.90,1.90,1.85,1.85,225,221475,1.67
2020-05-29 12:25:00,1.90,1.90,1.85,1.90,1650,221475,1.67
2020-05-29 12:26:00,1.85,1.85,1.85,1.85,75,221475,1.67
2020-05-29 12:27:00,1.85,1.85,1.75,1.80,4050,222900,1.67
2020-05-29 12:28:00,1.80,1.80,1.80,1.80,825,222900,1.67
2020-05-29 12:29:00,1.80,1.90,1.80,1.80,600,224400,1.67
2020-05-29 12:30:00,1.80,1.90,1.80,1.85,3225,224400,1.67
2020-05-29 12:31:00,1.90,1.90,1.85,1.90,2550,224400,1.67
2020-05-29 12:32:00,1.95,1.95,1.95,1.95,75,224400,1.67
2020-05-29 12:33:00,1.85,1.90,1.80,1.90,3000,227550,1.67
2020-05-29 12:35:00,1.85,1.90,1.85,1.85,525,228150,1.67
2020-05-29 12:36:00,1.90,1.90,1.85,1.85,450,228150,1.67
2020-05-29 12:37:00,1.90,1.90,1.85,1.85,300,228150,1.67
2020-05-29 12:38:00,1.85,1.90,1.85,1.85,975,227775,1.67
2020-05-29 12:39:00,1.85,1.85,1.85,1.85,75,227775,1.67
2020-05-29 12:40:00,1.90,1.90,1.90,1.90,225,227775,1.67
2020-05-29 12:42:00,1.85,1.85,1.85,1.85,2925,227700,1.67
2020-05-29 12:43:00,1.85,1.85,1.80,1.80,2925,227700,1.67
2020-05-29 12:44:00,1.80,1.90,1.80,1.90,375,227700,1.67
2020-05-29 12:45:00,1.80,1.85,1.80,1.85,375,230700,1.67
2020-05-29 12:46:00,1.80,1.80,1.80,1.80,150,230700,1.67
2020-05-29 12:47:00,1.85,1.85,1.85,1.85,675,230700,1.67
2020-05-29 12:48:00,1.85,1.90,1.85,1.90,300,231225,1.67
2020-05-29 12:49:00,1.85,1.95,1.85,1.90,600,231225,1.67
2020-05-29 12:50:00,1.90,1.90,1.90,1.90,75,231225,1.67
2020-05-29 12:51:00,1.90,1.95,1.90,1.95,900,231600,1.67
2020-05-29 12:52:00,1.90,1.90,1.90,1.90,3300,231600,1.67
2020-05-29 12:53:00,1.90,1.95,1.90,1.95,2025,231600,1.67
2020-05-29 12:54:00,1.95,2.00,1.95,2.00,7800,234525,1.68
2020-05-29 12:55:00,2.00,2.05,1.95,2.05,7875,234525,1.68
2020-05-29 12:57:00,2.00,2.00,2.00,2.00,675,234000,1.68
2020-05-29 12:58:00,2.00,2.05,2.00,2.05,1950,234000,1.68
2020-05-29 12:59:00,2.00,2.05,2.00,2.05,750,234000,1.68
2020-05-29 13:00:00,2.05,2.05,2.00,2.00,6825,235350,1.68
2020-05-29 13:01:00,2.05,2.10,2.05,2.10,5700,235350,1.69
2020-05-29 13:02:00,2.05,2.10,2.05,2.10,1125,235350,1.69
2020-05-29 13:03:00,2.05,2.15,2.05,2.15,2325,231975,1.69
2020-05-29 13:04:00,2.10,2.15,2.10,2.10,975,231975,1.69
2020-05-29 13:05:00,2.10,2.15,2.10,2.15,4500,231975,1.69
2020-05-29 13:06:00,2.15,2.20,2.10,2.15,1950,236100,1.69
2020-05-29 13:07:00,2.15,2.20,2.10,2.10,2400,236100,1.69
2020-05-29 13:08:00,2.10,2.15,2.10,2.15,675,236100,1.69
2020-05-29 13:09:00,2.05,2.10,2.05,2.10,5775,236775,1.69
2020-05-29 13:10:00,2.15,2.15,2.05,2.05,7500,236775,1.70
2020-05-29 13:11:00,2.05,2.05,2.00,2.00,6375,236775,1.70
2020-05-29 13:12:00,2.00,2.00,1.80,1.80,10725,238800,1.70
2020-05-29 13:13:00,1.90,1.90,1.90,1.90,3075,238800,1.70
2020-05-29 13:14:00,1.90,1.90,1.85,1.85,2100,238800,1.70
2020-05-29 13:15:00,1.85,1.85,1.85,1.85,2025,236325,1.70
2020-05-29 13:16:00,1.85,1.90,1.85,1.90,1425,236325,1.70
2020-05-29 13:17:00,1.90,2.00,1.90,1.95,4650,236325,1.71
2020-05-29 13:18:00,1.95,2.00,1.95,2.00,225,232725,1.71
2020-05-29 13:19:00,1.90,1.90,1.90,1.90,75,232725,1.71
2020-05-29 13:20:00,1.95,1.95,1.95,1.95,75,232725,1.71
2020-05-29 13:21:00,1.95,1.95,1.95,1.95,2025,232650,1.71
2020-05-29 13:22:00,1.95,1.95,1.95,1.95,3525,232650,1.71
2020-05-29 13:23:00,1.95,1.95,1.95,1.95,750,232650,1.71
2020-05-29 13:24:00,1.95,1.95,1.90,1.90,2100,235650,1.71
2020-05-29 13:25:00,1.95,2.00,1.90,1.90,3450,235650,1.71
2020-05-29 13:26:00,1.95,1.95,1.90,1.90,3675,235650,1.71
2020-05-29 13:27:00,1.95,1.95,1.95,1.95,150,240000,1.71
2020-05-29 13:28:00,1.90,1.90,1.90,1.90,150,240000,1.71
2020-05-29 13:29:00,1.90,1.90,1.90,1.90,600,240000,1.71
2020-05-29 13:30:00,1.95,1.95,1.95,1.95,2100,241350,1.71
2020-05-29 13:31:00,1.90,2.00,1.85,2.00,1650,241350,1.71
2020-05-29 13:32:00,2.05,2.05,2.00,2.00,750,241350,1.71
2020-05-29 13:33:00,1.95,1.95,1.95,1.95,1800,242400,1.71
2020-05-29 13:34:00,1.95,1.95,1.95,1.95,225,242400,1.71
2020-05-29 13:36:00,2.00,2.00,2.00,2.00,75,243075,1.71
2020-05-29 13:38:00,2.00,2.00,1.95,1.95,600,243075,1.71
2020-05-29 13:39:00,1.95,1.95,1.95,1.95,1725,242775,1.71
2020-05-29 13:40:00,2.00,2.00,2.00,2.00,375,242775,1.71
2020-05-29 13:41:00,2.00,2.00,1.95,1.95,150,242775,1.71
2020-05-29 13:43:00,2.00,2.00,2.00,2.00,75,242250,1.71
2020-05-29 13:44:00,2.00,2.10,2.00,2.00,3675,242250,1.71
2020-05-29 13:45:00,2.00,2.10,2.00,2.10,1275,242550,1.71
2020-05-29 13:46:00,2.10,2.10,2.10,2.10,75,242550,1.71
2020-05-29 13:47:00,2.10,2.15,2.05,2.10,4875,242550,1.72
2020-05-29 13:48:00,2.15,2.35,2.15,2.35,15300,243825,1.72
2020-05-29 13:49:00,2.40,2.40,2.35,2.40,8850,243825,1.73
2020-05-29 13:50:00,2.40,2.50,2.35,2.40,5625,243825,1.73
2020-05-29 13:51:00,2.40,2.45,2.40,2.40,11550,250500,1.74
2020-05-29 13:52:00,2.40,2.40,2.20,2.40,6975,250500,1.75
2020-05-29 13:53:00,2.40,2.40,2.40,2.40,825,250500,1.75
2020-05-29 13:54:00,2.35,2.35,2.15,2.20,9300,251550,1.75
2020-05-29 13:55:00,2.15,2.15,2.05,2.15,6825,251550,1.75
2020-05-29 13:56:00,2.15,2.15,2.15,2.15,5925,251550,1.76
2020-05-29 13:57:00,2.20,2.20,2.10,2.10,2175,247800,1.76
2020-05-29 13:58:00,2.15,2.15,2.15,2.15,75,247800,1.76
2020-05-29 13:59:00,2.10,2.15,2.10,2.15,1275,247800,1.76
2020-05-29 14:00:00,2.15,2.15,2.15,2.15,525,247575,1.76
2020-05-29 14:01:00,2.20,2.20,2.15,2.15,1875,247575,1.76
2020-05-29 14:02:00,2.20,2.20,2.20,2.20,750,247575,1.76
2020-05-29 14:04:00,2.20,2.30,2.20,2.30,2925,248100,1.76
2020-05-29 14:05:00,2.30,2.45,2.30,2.45,10275,248100,1.77
2020-05-29 14:06:00,2.45,2.55,2.40,2.40,17025,247050,1.78
2020-05-29 14:07:00,2.40,2.45,2.35,2.35,5175,247050,1.78
2020-05-29 14:08:00,2.40,2.45,2.40,2.45,4950,247050,1.78
2020-05-29 14:09:00,2.45,2.45,2.40,2.40,4575,247350,1.78
2020-05-29 14:10:00,2.45,2.45,2.25,2.25,8100,247350,1.79
2020-05-29 14:11:00,2.25,2.25,2.15,2.15,4500,247350,1.79
2020-05-29 14:12:00,2.20,2.20,2.10,2.15,1425,249900,1.79
2020-05-29 14:13:00,2.15,2.25,2.15,2.25,5625,249900,1.79
2020-05-29 14:14:00,2.25,2.25,2.15,2.20,4050,249900,1.79
2020-05-29 14:15:00,2.20,2.20,2.00,2.10,5100,250350,1.80
2020-05-29 14:16:00,2.10,2.15,2.05,2.10,4425,250350,1.80
2020-05-29 14:17:00,2.05,2.20,2.05,2.15,1500,250350,1.80
2020-05-29 14:18:00,2.15,2.15,2.05,2.10,6825,251400,1.80
2020-05-29 14:19:00,2.10,2.15,2.05,2.05,11700,251400,1.80
2020-05-29 14:20:00,2.05,2.05,1.95,1.95,10500,251400,1.80
2020-05-29 14:21:00,1.95,2.05,1.95,2.00,6675,249525,1.80
2020-05-29 14:22:00,2.05,2.10,2.00,2.05,5775,249525,1.81
2020-05-29 14:23:00,2.05,2.05,1.95,1.95,7275,249525,1.81
2020-05-29 14:24:00,1.95,2.00,1.95,2.00,5925,254775,1.81
2020-05-29 14:25:00,1.95,1.95,1.90,1.90,5850,254775,1.81
2020-05-29 14:26:00,1.95,1.95,1.80,1.85,6150,254775,1.81
2020-05-29 14:27:00,1.85,1.90,1.85,1.90,7575,259050,1.81
2020-05-29 14:28:00,1.85,2.00,1.85,1.95,1500,259050,1.81
2020-05-29 14:29:00,1.95,1.95,1.90,1.90,4500,259050,1.81
2020-05-29 14:30:00,1.95,2.00,1.90,1.95,2550,256125,1.81
2020-05-29 14:31:00,1.90,1.95,1.90,1.95,4125,256125,1.81
2020-05-29 14:32:00,2.00,2.10,2.00,2.05,7725,256125,1.81
2020-05-29 14:33:00,2.00,2.00,2.00,2.00,150,0,1.81
2020-05-29 14:34:00,2.00,2.00,1.95,1.95,150,254100,1.81
2020-05-29 14:35:00,2.00,2.00,2.00,2.00,3075,254100,1.81
2020-05-29 14:36:00,2.05,2.05,2.00,2.05,450,253125,1.81
2020-05-29 14:37:00,2.05,2.05,2.05,2.05,975,253125,1.81
2020-05-29 14:38:00,2.05,2.05,2.05,2.05,225,253125,1.81
2020-05-29 14:39:00,2.05,2.10,2.05,2.10,1575,253500,1.81
2020-05-29 14:40:00,2.20,2.25,2.20,2.20,525,253500,1.81
2020-05-29 14:41:00,2.20,2.20,2.15,2.15,1125,253500,1.81
2020-05-29 14:42:00,2.15,2.15,2.10,2.10,4275,252000,1.81
2020-05-29 14:43:00,2.10,2.15,2.05,2.15,2550,252000,1.82
2020-05-29 14:44:00,2.15,2.15,2.15,2.15,450,252000,1.82
2020-05-29 14:45:00,2.15,2.25,2.15,2.25,7650,250575,1.82
2020-05-29 14:46:00,2.25,2.25,2.15,2.15,7275,250575,1.82
2020-05-29 14:47:00,2.15,2.20,2.15,2.15,1725,250575,1.82
2020-05-29 14:48:00,2.20,2.20,2.10,2.10,7950,257925,1.82
2020-05-29 14:49:00,2.10,2.10,2.05,2.10,6750,257925,1.82
2020-05-29 14:50:00,2.15,2.15,2.00,2.00,13650,257925,1.83
2020-05-29 14:51:00,2.00,2.05,2.00,2.00,11250,258225,1.83
2020-05-29 14:52:00,2.05,2.05,2.00,2.00,3900,258225,1.83
2020-05-29 14:53:00,2.00,2.00,1.95,1.95,5925,258225,1.83
2020-05-29 14:54:00,1.95,1.95,1.90,1.95,2550,264075,1.83
2020-05-29 14:55:00,1.95,1.95,1.90,1.95,2025,264075,1.83
2020-05-29 14:56:00,1.95,1.95,1.90,1.90,9375,264075,1.83
2020-05-29 14:57:00,1.85,1.90,1.85,1.90,4725,273900,1.83
2020-05-29 14:58:00,1.85,1.95,1.85,1.95,1500,273900,1.83
2020-05-29 14:59:00,1.95,1.95,1.90,1.90,1875,273900,1.83
2020-05-29 15:00:00,1.85,1.95,1.85,1.95,7350,273525,1.83
2020-05-29 15:01:00,1.95,2.00,1.95,2.00,4800,273525,1.83
2020-05-29 15:02:00,2.00,2.05,1.95,2.05,9900,273525,1.83
2020-05-29 15:03:00,2.05,2.05,2.05,2.05,1950,276600,1.83
2020-05-29 15:04:00,2.05,2.10,2.00,2.05,21000,276600,1.84
2020-05-29 15:05:00,2.05,2.05,2.05,2.05,2100,276600,1.84
2020-05-29 15:06:00,2.05,2.05,2.00,2.00,8175,270975,1.84
2020-05-29 15:07:00,2.00,2.00,2.00,2.00,7425,270975,1.84
2020-05-29 15:08:00,2.00,2.05,2.00,2.05,13500,270975,1.84
2020-05-29 15:09:00,2.05,2.05,2.00,2.00,9150,270975,1.84
2020-05-29 15:10:00,2.00,2.05,1.95,2.05,12675,270975,1.84
2020-05-29 15:11:00,2.05,2.10,2.00,2.10,18900,270975,1.85
2020-05-29 15:12:00,2.10,2.15,2.10,2.10,6000,277875,1.85
2020-05-29 15:13:00,2.10,2.15,2.05,2.10,19800,277875,1.85
2020-05-29 15:14:00,2.10,2.15,2.10,2.15,11475,277875,1.85
2020-05-29 15:15:00,2.15,2.15,2.05,2.10,12375,275025,1.85
2020-05-29 15:16:00,2.10,2.10,2.05,2.05,15450,275025,1.86
2020-05-29 15:17:00,2.05,2.10,2.05,2.05,11025,275025,1.86
2020-05-29 15:18:00,2.05,2.10,2.05,2.05,5475,285900,1.86
2020-05-29 15:19:00,2.10,2.10,2.00,2.10,12825,285900,1.86
2020-05-29 15:20:00,2.05,2.15,2.05,2.15,10350,285900,1.86
2020-05-29 15:21:00,2.15,2.15,2.05,2.10,18450,281475,1.86
2020-05-29 15:22:00,2.05,2.10,2.00,2.00,7575,281475,1.86
2020-05-29 15:23:00,2.00,2.10,2.00,2.05,10125,281475,1.87
2020-05-29 15:24:00,2.00,2.05,2.00,2.05,11700,287850,1.87
2020-05-29 15:25:00,2.00,2.15,2.00,2.00,23025,287850,1.87
2020-05-29 15:26:00,2.05,2.10,2.00,2.05,16125,287850,1.87
2020-05-29 15:27:00,2.10,2.20,2.05,2.15,21825,301350,1.87
2020-05-29 15:28:00,2.15,2.20,2.10,2.15,13800,301350,1.88
2020-05-29 15:29:01,2.25,2.25,1.95,1.95,14925,301350,1.88
2020-01-06 09:15:00,3.10,7.60,2.15,7.40,136050,311700,5.09
2020-01-06 09:16:00,7.40,13.00,5.50,6.55,156000,311700,6.04
2020-01-06 09:17:00,7.00,8.85,7.00,8.85,126750,326775,6.67
2020-01-06 09:18:00,8.85,11.90,8.85,10.60,136125,326775,7.60
2020-01-06 09:19:00,10.65,12.00,10.65,11.85,155625,326775,8.45
2020-01-06 09:20:00,12.10,13.55,11.45,12.20,168300,398925,9.21
2020-01-06 09:21:00,12.20,13.50,11.80,12.50,245325,398925,9.97
2020-01-06 09:22:00,12.60,12.70,11.00,11.00,122325,398925,10.14
2020-01-06 09:23:00,11.05,11.65,10.95,11.15,75150,453150,10.21
2020-01-06 09:24:00,11.05,11.25,10.25,10.55,97725,453150,10.25
2020-01-06 09:25:00,10.40,10.50,9.40,10.40,110850,453150,10.22
2020-01-06 09:26:00,10.60,11.20,10.20,11.20,99375,482475,10.26
2020-01-06 09:27:00,11.30,11.65,10.80,11.00,90000,482475,10.31
2020-01-06 09:28:00,10.95,11.65,10.70,10.70,64800,482475,10.34
2020-01-06 09:29:00,10.90,11.05,10.70,10.90,46275,504375,10.35
2020-01-06 09:30:00,11.00,11.75,10.95,11.55,77475,504375,10.39
2020-01-06 09:31:00,11.70,12.90,11.70,12.65,82800,504375,10.47
2020-01-06 09:32:00,12.75,14.35,12.60,14.10,167250,489900,10.70
2020-01-06 09:33:00,14.10,14.50,13.95,14.00,97650,489900,10.85
2020-01-06 09:34:00,14.30,14.60,13.15,13.20,111675,489900,11.00
2020-01-06 09:35:00,13.15,13.30,11.60,12.40,97275,539625,11.05
2020-01-06 09:36:00,12.40,12.45,11.50,11.70,54300,539625,11.07
2020-01-06 09:37:00,11.85,12.10,11.40,11.90,56025,539625,11.08
2020-01-06 09:38:00,11.85,12.05,11.25,11.45,71025,552375,11.10
2020-01-06 09:39:00,11.45,12.45,11.45,12.10,52425,552375,11.11
2020-01-06 09:40:00,12.20,13.15,12.15,12.95,76725,552375,11.16
2020-01-06 09:41:00,12.95,13.25,12.55,13.00,58650,566925,11.20
2020-01-06 09:42:00,13.05,13.05,11.85,11.90,56100,566925,11.22
2020-01-06 09:43:00,11.95,12.10,11.50,11.90,53700,566925,11.23
2020-01-06 09:44:00,11.95,12.05,11.30,11.90,79050,565125,11.24
2020-01-06 09:45:00,11.90,12.85,11.90,12.30,33000,565125,11.26
2020-01-06 09:46:00,12.10,12.60,12.10,12.40,68175,565125,11.28
2020-01-06 09:47:00,12.45,12.70,12.25,12.30,65550,608850,11.31
2020-01-06 09:48:00,12.20,12.30,11.85,12.10,30150,608850,11.31
2020-01-06 09:49:00,12.20,12.80,12.10,12.80,33150,608850,11.32
2020-01-06 09:50:00,12.75,13.50,12.65,13.40,43200,621450,11.35
2020-01-06 09:51:00,13.35,13.95,13.25,13.45,48525,621450,11.38
2020-01-06 09:52:00,13.50,14.00,13.50,13.60,48300,621450,11.41
2020-01-06 09:53:00,13.50,13.90,13.10,13.60,35925,631875,11.43
2020-01-06 09:54:00,13.60,14.15,13.55,13.85,79725,631875,11.49
2020-01-06 09:55:00,13.95,15.25,13.90,15.00,73050,631875,11.55
2020-01-06 09:56:00,14.95,15.05,13.80,13.90,71175,633150,11.61
2020-01-06 09:57:00,13.85,14.30,13.75,14.00,36450,633150,11.63
2020-01-06 09:58:00,14.05,14.75,13.75,14.50,37875,633150,11.66
2020-01-06 09:59:00,14.50,15.00,14.30,14.70,26925,628950,11.68
2020-01-06 10:00:00,14.75,16.65,14.75,15.75,86775,628950,11.78
2020-01-06 10:01:00,15.90,16.90,15.40,16.40,127725,628950,11.92
2020-01-06 10:02:00,16.50,16.60,15.20,15.55,73200,613950,11.99
2020-01-06 10:03:00,15.50,15.55,14.05,15.15,86550,613950,12.05
2020-01-06 10:04:00,15.20,15.35,14.60,15.05,80475,613950,12.11
2020-01-06 10:05:00,14.95,15.15,14.75,14.90,50850,608325,12.14
2020-01-06 10:06:00,14.90,14.95,14.05,14.30,52425,608325,12.17
2020-01-06 10:07:00,14.45,14.50,14.05,14.30,24450,608325,12.18
2020-01-06 10:08:00,14.15,14.20,14.00,14.15,14100,583725,12.19
2020-01-06 10:09:00,14.15,14.25,13.65,14.25,31725,583725,12.20
2020-01-06 10:10:00,14.00,14.65,14.00,14.65,28800,583725,12.22
2020-01-06 10:11:00,14.85,15.00,14.50,14.70,37500,585825,12.24
2020-01-06 10:12:00,14.50,14.65,13.95,14.25,27225,585825,12.25
2020-01-06 10:13:00,14.25,14.25,13.80,13.95,25725,585825,12.26
2020-01-06 10:14:00,14.00,14.60,13.95,14.45,22350,589875,12.27
2020-01-06 10:15:00,14.65,14.70,14.25,14.30,21825,589875,12.28
2020-01-06 10:16:00,14.30,14.30,13.50,13.50,53400,589875,12.30
2020-01-06 10:17:00,13.65,13.65,13.15,13.45,20925,582750,12.30
2020-01-06 10:18:00,13.55,13.55,13.05,13.05,20625,582750,12.31
2020-01-06 10:19:00,13.10,13.45,12.75,13.40,28350,582750,12.31
2020-01-06 10:20:00,13.45,13.65,13.25,13.25,29625,586950,12.32
2020-01-06 10:21:00,13.25,13.40,12.90,12.90,14925,586950,12.32
2020-01-06 10:22:00,12.80,13.55,12.65,13.45,29700,586950,12.32
2020-01-06 10:23:00,13.50,13.75,13.45,13.60,21225,591975,12.33
2020-01-06 10:24:00,13.50,13.75,13.25,13.25,29250,591975,12.34
2020-01-06 10:25:00,13.35,13.70,13.20,13.70,10050,591975,12.34
2020-01-06 10:26:00,13.60,13.60,13.35,13.40,7200,592050,12.34
2020-01-06 10:27:00,13.50,13.65,13.10,13.65,11175,592050,12.34
2020-01-06 10:28:00,13.70,14.55,13.65,14.55,15750,592050,12.35
2020-01-06 10:29:00,14.45,15.20,14.35,15.10,43200,596925,12.37
2020-01-06 10:30:00,15.20,15.20,14.10,14.30,65700,596925,12.40
2020-01-06 10:31:00,14.30,15.05,14.10,14.50,43500,596925,12.42
2020-01-06 10:32:00,14.30,14.85,14.30,14.65,33675,594375,12.43
2020-01-06 10:33:00,14.75,14.75,13.75,14.10,32325,594375,12.45
2020-01-06 10:34:00,14.15,14.50,13.95,14.20,16350,594375,12.45
2020-01-06 10:35:00,14.30,14.30,13.40,13.70,30000,599100,12.46
2020-01-06 10:36:00,13.70,13.70,13.25,13.25,29250,599100,12.46
2020-01-06 10:37:00,13.25,13.75,13.20,13.45,24000,599100,12.47
2020-01-06 10:38:00,13.45,14.15,13.20,14.00,28350,609750,12.48
2020-01-06 10:39:00,13.85,14.40,13.75,14.35,20700,609750,12.48
2020-01-06 10:40:00,14.35,14.50,14.10,14.30,18375,609750,12.49
2020-01-06 10:41:00,14.35,14.50,14.15,14.20,11250,614775,12.49
2020-01-06 10:42:00,14.10,14.15,13.90,14.05,33000,614775,12.50
2020-01-06 10:43:00,14.10,14.25,13.95,14.25,9375,614775,12.50
2020-01-06 10:44:00,14.10,14.60,14.10,14.45,26850,618075,12.51
2020-01-06 10:45:00,14.45,14.95,14.45,14.90,22050,618075,12.52
2020-01-06 10:46:00,14.85,14.95,14.60,14.65,27750,618075,12.54
2020-01-06 10:47:00,14.60,14.95,14.50,14.80,24675,626100,12.54
2020-01-06 10:48:00,14.80,15.05,14.70,14.95,20775,626100,12.55
2020-01-06 10:49:00,14.95,15.00,14.65,15.00,26475,626100,12.56
2020-01-06 10:50:00,14.95,15.25,14.85,15.05,22650,627525,12.58
2020-01-06 10:51:00,15.15,15.50,15.05,15.35,39150,627525,12.59
2020-01-06 10:52:00,15.25,16.35,15.25,15.65,79200,627525,12.64
2020-01-06 10:53:00,15.75,16.20,15.55,16.10,33600,631425,12.66
2020-01-06 10:54:00,16.00,16.40,15.80,15.80,57750,631425,12.70
2020-01-06 10:55:00,16.00,16.20,15.45,15.45,44100,631425,12.72
2020-01-06 10:56:00,15.35,15.45,14.90,14.95,43500,620850,12.74
2020-01-06 10:57:00,14.90,15.20,14.80,15.05,33075,620850,12.75
2020-01-06 10:58:00,14.95,15.20,14.55,15.20,34800,620850,12.76
2020-01-06 10:59:00,15.25,15.90,15.10,15.75,32775,628050,12.78
2020-01-06 11:00:00,15.85,15.90,15.35,15.35,19875,628050,12.79
2020-01-06 11:01:00,15.35,15.40,15.15,15.15,18675,628050,12.80
2020-01-06 11:02:00,15.10,15.15,14.75,15.05,20625,629475,12.80
2020-01-06 11:03:00,14.95,15.20,14.95,15.15,8400,629475,12.81
2020-01-06 11:04:00,15.15,15.50,15.10,15.45,12600,629475,12.81
2020-01-06 11:05:00,15.35,15.40,15.10,15.25,9225,632025,12.82
2020-01-06 11:06:00,15.40,15.45,15.35,15.35,7500,632025,12.82
2020-01-06 11:07:00,15.40,15.45,15.30,15.30,8550,632025,12.82
2020-01-06 11:08:00,15.35,15.55,15.25,15.50,18675,629775,12.83
2020-01-06 11:09:00,15.35,16.15,15.35,16.10,40275,629775,12.85
2020-01-06 11:10:00,16.00,16.05,15.50,15.50,32700,629775,12.87
2020-01-06 11:11:00,15.55,15.55,15.00,15.20,18450,632325,12.88
2020-01-06 11:12:00,15.25,15.25,14.60,15.00,35100,632325,12.89
2020-01-06 11:13:00,15.10,15.30,14.95,14.95,9375,632325,12.89
2020-01-06 11:14:00,14.95,14.95,14.20,14.85,43200,633675,12.90
2020-01-06 11:15:00,14.80,15.40,14.75,15.30,17850,633675,12.91
2020-01-06 11:16:00,15.30,15.75,15.20,15.50,19725,633675,12.92
2020-01-06 11:17:00,15.45,15.50,15.00,15.25,24300,628500,12.92
2020-01-06 11:18:00,15.20,15.45,15.10,15.45,17400,628500,12.93
2020-01-06 11:19:00,15.50,15.70,15.35,15.70,15000,628500,12.94
2020-01-06 11:20:00,15.65,16.10,15.65,16.10,29175,631650,12.95
2020-01-06 11:21:00,15.95,16.20,15.90,16.15,19650,631650,12.96
2020-01-06 11:22:00,16.15,16.30,15.90,15.90,16875,631650,12.97
2020-01-06 11:23:00,15.90,16.20,15.90,16.10,13950,632925,12.98
2020-01-06 11:24:00,16.10,16.55,16.00,16.05,19050,632925,12.99
2020-01-06 11:25:00,16.10,17.70,16.10,17.65,83400,632925,13.04
2020-01-06 11:26:00,17.60,18.00,17.30,17.30,72600,643125,13.09
2020-01-06 11:27:00,17.20,17.65,16.70,16.70,37275,643125,13.11
2020-01-06 11:28:00,16.65,16.75,16.20,16.55,57375,643125,13.14
2020-01-06 11:29:00,16.50,17.05,16.40,16.80,28350,629025,13.16
2020-01-06 11:30:00,16.80,17.20,16.55,17.15,68925,629025,13.20
2020-01-06 11:31:00,17.15,17.20,16.70,16.85,51225,629025,13.23
2020-01-06 11:32:00,16.85,17.25,16.50,16.50,23850,644550,13.24
2020-01-06 11:33:00,16.60,17.00,16.55,16.90,19725,644550,13.25
2020-01-06 11:34:00,16.90,16.95,16.50,16.50,20625,644550,13.26
2020-01-06 11:35:00,16.55,17.25,16.55,17.20,25350,635475,13.27
2020-01-06 11:36:00,17.35,20.85,17.35,19.35,194325,635475,13.43
2020-01-06 11:37:00,19.20,19.65,18.65,18.90,83775,635475,13.50
2020-01-06 11:38:00,18.85,19.00,18.20,18.90,41550,651900,13.53
2020-01-06 11:39:00,18.85,18.95,18.55,18.80,29625,651900,13.55
2020-01-06 11:40:00,18.80,18.90,18.40,18.75,116775,651900,13.63
2020-01-06 11:41:00,18.80,19.45,18.80,18.95,73500,721050,13.69
2020-01-06 11:42:00,18.90,19.40,18.65,19.30,28500,721050,13.71
2020-01-06 11:43:00,19.30,20.10,19.20,20.10,32175,721050,13.73
2020-01-06 11:44:00,20.15,21.25,20.10,21.20,62400,724725,13.79
2020-01-06 11:45:00,21.25,22.85,21.25,22.45,80475,724725,13.88
2020-01-06 11:46:00,22.45,22.65,22.20,22.20,44700,724725,13.93
2020-01-06 11:47:00,22.20,22.20,21.05,21.15,79200,717375,14.01
2020-01-06 11:48:00,21.20,21.95,21.20,21.55,48600,717375,14.06
2020-01-06 11:49:00,21.55,21.60,21.10,21.15,19050,717375,14.08
2020-01-06 11:50:00,21.15,21.90,20.80,21.80,43350,719850,14.12
2020-01-06 11:51:00,21.85,22.65,21.65,22.30,33675,719850,14.15
2020-01-06 11:52:00,22.30,22.45,21.80,21.85,20625,719850,14.17
2020-01-06 11:53:00,22.00,22.90,22.00,22.60,26925,724275,14.20
2020-01-06 11:54:00,22.55,23.35,22.50,22.95,37350,724275,14.24
2020-01-06 11:55:00,23.00,24.20,22.80,23.85,38700,724275,14.29
2020-01-06 11:56:00,23.85,25.95,23.65,25.55,87900,726975,14.40
2020-01-06 11:57:00,25.75,25.80,24.90,25.35,62700,726975,14.48
2020-01-06 11:58:00,25.20,25.45,24.50,25.25,57375,726975,14.56
2020-01-06 11:59:00,25.25,25.25,24.75,24.95,20475,731775,14.58
2020-01-06 12:00:00,25.00,28.45,25.00,28.05,93975,731775,14.73
2020-01-06 12:01:00,28.20,28.35,27.05,27.35,66450,731775,14.83
2020-01-06 12:02:00,27.30,27.75,27.00,27.75,64350,743625,14.93
2020-01-06 12:03:00,27.75,28.20,27.20,27.25,41625,743625,14.99
2020-01-06 12:04:00,27.25,29.35,27.20,28.60,66975,743625,15.09
2020-01-06 12:05:00,28.70,28.80,28.00,28.25,37275,756000,15.15
2020-01-06 12:06:00,28.40,30.65,28.40,30.25,75675,756000,15.28
2020-01-06 12:07:00,30.15,32.10,30.05,31.80,83700,756000,15.43
2020-01-06 12:08:00,31.85,34.45,31.85,34.05,122925,763575,15.67
2020-01-06 12:09:00,34.20,36.70,34.20,35.00,138825,763575,15.98
2020-01-06 12:10:00,35.00,35.25,32.95,33.65,135000,763575,16.24
2020-01-06 12:11:00,33.45,33.90,32.55,33.55,92250,739050,16.41
2020-01-06 12:12:00,33.55,35.95,33.50,35.35,119025,739050,16.64
2020-01-06 12:13:00,35.25,35.95,34.20,35.35,58575,739050,16.76
2020-01-06 12:14:00,35.40,36.45,35.20,36.45,72075,795450,16.90
2020-01-06 12:15:00,36.50,40.50,36.50,39.70,204525,795450,17.37
2020-01-06 12:16:00,39.70,43.80,39.70,43.05,202650,795450,17.88
2020-01-06 12:17:00,43.05,46.40,42.65,44.30,205350,835350,18.43
2020-01-06 12:18:00,44.30,48.70,38.75,39.95,274800,835350,19.10
2020-01-06 12:19:00,39.85,42.85,39.05,41.95,154200,835350,19.43
2020-01-06 12:20:00,41.55,44.65,41.15,41.25,96450,857325,19.64
2020-01-06 12:21:00,41.05,41.15,36.80,37.35,123150,857325,19.86
2020-01-06 12:22:00,37.45,39.80,37.05,38.35,100425,857325,20.03
2020-01-06 12:23:00,38.50,39.95,37.55,39.95,79725,827625,20.17
2020-01-06 12:24:00,39.80,42.50,39.80,42.50,70800,827625,20.31
2020-01-06 12:25:00,42.45,42.80,39.50,39.80,90525,827625,20.48
2020-01-06 12:26:00,40.35,41.00,39.30,41.00,75825,884700,20.61
2020-01-06 12:27:00,40.75,40.85,37.25,38.70,86175,884700,20.75
2020-01-06 12:28:00,38.75,38.80,35.80,35.85,121950,884700,20.92
2020-01-06 12:29:00,35.85,37.35,35.25,36.00,93975,856650,21.05
2020-01-06 12:30:00,36.10,38.55,36.10,38.05,47175,856650,21.12
2020-01-06 12:31:00,37.95,37.95,36.05,37.20,66000,856650,21.21
2020-01-06 12:32:00,37.25,39.05,37.15,38.85,66300,846825,21.30
2020-01-06 12:33:00,38.75,40.55,38.75,39.30,51375,846825,21.39
2020-01-06 12:34:00,39.25,39.45,38.10,38.90,29325,846825,21.43
2020-01-06 12:35:00,38.90,39.35,38.35,38.55,22500,852450,21.46
2020-01-06 12:36:00,38.70,38.70,37.35,38.35,40200,852450,21.52
2020-01-06 12:37:00,38.00,38.30,36.45,36.85,41025,852450,21.58
2020-01-06 12:38:00,37.00,37.40,36.70,37.40,31575,860550,21.62
2020-01-06 12:39:00,37.65,38.55,37.30,38.20,48750,860550,21.68
2020-01-06 12:40:00,38.25,38.35,37.15,37.70,30450,860550,21.72
2020-01-06 12:41:00,37.75,38.00,37.00,37.15,29925,857250,21.76
2020-01-06 12:42:00,37.05,38.00,36.70,37.40,33375,857250,21.81
2020-01-06 12:43:00,37.35,37.35,31.30,31.30,149175,857250,21.96
2020-01-06 12:44:00,31.00,33.50,30.55,33.45,108150,833625,22.05
2020-01-06 12:45:00,33.60,34.45,32.40,32.40,50100,833625,22.10
2020-01-06 12:46:00,32.50,33.80,32.45,33.55,26400,833625,22.12
2020-01-06 12:47:00,33.50,34.70,33.25,34.25,31800,836250,22.15
2020-01-06 12:48:00,34.10,34.45,33.55,34.00,38700,836250,22.19
2020-01-06 12:49:00,33.85,34.60,33.85,34.40,22500,836250,22.21
2020-01-06 12:50:00,34.15,34.45,33.00,34.30,40725,836775,22.25
2020-01-06 12:51:00,34.50,37.60,34.40,37.40,72450,836775,22.33
2020-01-06 12:52:00,37.45,38.80,37.00,38.80,41400,836775,22.38
2020-01-06 12:53:00,39.45,39.95,38.70,39.75,49725,848850,22.45
2020-01-06 12:54:00,39.60,40.75,39.55,40.35,47700,848850,22.52
2020-01-06 12:55:00,40.20,40.50,38.70,40.50,55950,848850,22.59
2020-01-06 12:56:00,40.60,41.85,40.60,41.35,51300,838350,22.67
2020-01-06 12:57:00,41.40,41.80,40.85,41.30,36825,838350,22.72
2020-01-06 12:58:00,41.00,41.00,39.50,39.80,42075,838350,22.78
2020-01-06 12:59:00,39.75,39.80,38.85,39.55,62850,871200,22.86
2020-01-06 13:00:00,39.40,40.00,38.80,39.60,40500,871200,22.91
2020-01-06 13:01:00,39.50,39.50,36.55,37.20,45825,871200,22.96
2020-01-06 13:02:00,37.25,37.25,35.35,36.45,29700,871200,22.99
2020-01-06 13:03:00,36.05,36.95,35.90,36.80,15975,861225,23.01
2020-01-06 13:04:00,37.20,38.40,36.95,38.00,36150,861225,23.05
2020-01-06 13:05:00,38.00,38.20,37.25,37.65,18975,861225,23.07
2020-01-06 13:06:00,37.40,37.55,35.70,36.50,19875,870450,23.09
2020-01-06 13:07:00,36.40,37.70,36.40,37.55,18075,870450,23.11
2020-01-06 13:08:00,37.65,37.75,36.60,37.20,13050,870450,23.12
2020-01-06 13:09:00,37.25,38.60,37.20,38.20,21675,868575,23.15
2020-01-06 13:10:00,38.05,39.40,37.65,38.80,24600,868575,23.18
2020-01-06 13:11:00,38.95,38.95,37.70,38.75,24600,868575,23.21
2020-01-06 13:12:00,38.55,38.90,37.80,38.90,13200,870750,23.22
2020-01-06 13:13:00,39.00,39.45,38.60,38.60,33375,870750,23.26
2020-01-06 13:14:00,38.15,39.30,38.00,38.75,36525,870750,23.30
2020-01-06 13:15:00,38.80,38.80,36.90,36.90,34125,885975,23.34
2020-01-06 13:16:00,36.85,37.95,36.60,37.40,17850,885975,23.36
2020-01-06 13:17:00,37.25,38.00,36.75,37.15,12225,885975,23.37
2020-01-06 13:18:00,37.35,38.00,36.70,37.45,13050,885600,23.38
2020-01-06 13:19:00,37.65,38.25,37.45,38.00,10800,885600,23.40
2020-01-06 13:20:00,38.00,38.05,36.15,36.15,18525,885600,23.42
2020-01-06 13:21:00,36.25,37.10,36.20,36.50,26025,894150,23.44
2020-01-06 13:22:00,36.35,36.50,34.60,35.50,89925,894150,23.52
2020-01-06 13:23:00,35.70,36.80,35.70,36.65,33975,894150,23.55
2020-01-06 13:24:00,36.50,36.75,35.80,36.30,41400,915525,23.59
2020-01-06 13:25:00,36.45,36.45,34.60,35.25,32100,915525,23.62
2020-01-06 13:26:00,35.35,36.40,35.35,35.80,18225,915525,23.63
2020-01-06 13:27:00,35.95,37.50,35.75,37.50,21000,924225,23.65
2020-01-06 13:28:00,37.30,38.60,37.30,38.30,45600,924225,23.70
2020-01-06 13:29:00,38.20,38.25,37.00,37.70,20250,924225,23.72
2020-01-06 13:30:00,37.70,38.00,36.70,36.80,16650,922875,23.74
2020-01-06 13:31:00,36.80,37.40,36.05,37.00,24525,922875,23.76
2020-01-06 13:32:00,37.05,37.70,36.80,37.65,25800,922875,23.79
2020-01-06 13:33:00,37.60,38.70,37.60,38.35,30375,914325,23.82
2020-01-06 13:34:00,38.40,38.45,37.30,37.30,13275,914325,23.83
2020-01-06 13:35:00,37.40,38.05,37.00,37.40,14925,914325,23.85
2020-01-06 13:36:00,37.30,37.40,35.65,35.80,24150,918150,23.87
2020-01-06 13:37:00,35.90,36.55,33.55,33.55,69750,918150,23.93
2020-01-06 13:38:00,33.40,33.50,28.45,29.05,191925,918150,24.02
2020-01-06 13:39:00,28.60,30.40,28.30,28.40,118875,923325,24.06
2020-01-06 13:40:00,28.45,28.45,25.20,26.50,137625,923325,24.09
2020-01-06 13:41:00,26.20,27.80,26.10,27.80,111600,923325,24.11
2020-01-06 13:42:00,27.90,28.00,26.05,27.95,72975,938775,24.13
2020-01-06 13:43:00,28.00,28.55,27.30,27.45,88050,938775,24.15
2020-01-06 13:44:00,27.70,28.00,25.70,25.80,67275,938775,24.16
2020-01-06 13:45:00,25.90,25.90,21.80,22.10,191850,953250,24.15
2020-01-06 13:46:00,22.40,22.40,20.90,21.50,83100,953250,24.14
2020-01-06 13:47:00,21.25,21.55,19.40,21.40,113925,953250,24.11
2020-01-06 13:48:00,21.55,21.90,20.30,20.50,82125,965775,24.09
2020-01-06 13:49:00,20.35,21.90,19.85,21.65,84825,965775,24.07
2020-01-06 13:50:00,21.40,21.80,20.50,20.95,68700,965775,24.06
2020-01-06 13:51:00,21.15,21.90,20.75,21.70,44925,945225,24.05
2020-01-06 13:52:00,21.65,22.45,21.45,21.50,64950,945225,24.04
2020-01-06 13:53:00,21.45,21.50,20.00,20.20,63075,945225,24.03
2020-01-06 13:54:00,20.05,20.05,17.80,19.00,157950,956850,23.97
2020-01-06 13:55:00,19.20,19.20,17.45,18.10,121500,956850,23.93
2020-01-06 13:56:00,18.00,19.60,18.00,19.15,74175,956850,23.90
2020-01-06 13:57:00,19.30,20.25,19.05,20.25,73875,989400,23.88
2020-01-06 13:58:00,19.90,20.40,19.15,19.35,67050,989400,23.87
2020-01-06 13:59:00,19.20,20.40,18.95,20.40,65850,989400,23.85
2020-01-06 14:00:00,20.35,22.75,19.60,21.90,162450,1020750,23.82
2020-01-06 14:01:00,21.80,22.50,21.40,22.45,118350,1020750,23.81
2020-01-06 14:02:00,22.25,22.45,21.35,21.90,46575,1020750,23.81
2020-01-06 14:03:00,22.10,22.55,21.55,22.00,35775,1053375,23.80
2020-01-06 14:04:00,22.15,22.15,19.45,20.10,89925,1053375,23.78
2020-01-06 14:05:00,20.10,20.15,17.10,19.05,105225,1053375,23.75
2020-01-06 14:06:00,18.90,19.70,18.45,19.70,60825,1042350,23.73
2020-01-06 14:07:00,19.75,20.30,19.70,19.80,57975,1042350,23.72
2020-01-06 14:08:00,19.90,20.45,19.60,20.25,31650,1042350,23.71
2020-01-06 14:09:00,20.30,20.30,18.45,18.60,38550,1025700,23.70
2020-01-06 14:10:00,18.55,19.70,18.40,19.50,52650,1025700,23.69
2020-01-06 14:11:00,19.55,20.10,19.15,19.25,41925,1025700,23.68
2020-01-06 14:12:00,19.15,19.45,18.05,18.35,63300,1055775,23.66
2020-01-06 14:13:00,18.30,19.30,18.20,19.10,46350,1055775,23.65
2020-01-06 14:14:00,19.00,19.55,18.85,19.45,44400,1055775,23.63
2020-01-06 14:15:00,19.55,19.55,18.10,18.50,46350,1073325,23.62
2020-01-06 14:16:00,18.65,19.10,18.15,19.00,60750,1073325,23.60
2020-01-06 14:17:00,19.05,19.75,18.80,19.25,60450,1073325,23.59
2020-01-06 14:18:00,19.20,19.20,18.10,18.25,45375,1101900,23.57
2020-01-06 14:19:00,18.25,18.90,18.20,18.70,31125,1101900,23.57
2020-01-06 14:20:00,18.70,20.30,18.45,19.95,68700,1101900,23.55
2020-01-06 14:21:00,20.00,21.65,19.90,21.65,78675,1117950,23.54
2020-01-06 14:22:00,21.60,21.60,20.20,20.90,50175,1117950,23.53
2020-01-06 14:23:00,21.00,21.95,20.90,21.95,83325,1117950,23.52
2020-01-06 14:24:00,21.80,22.00,21.25,21.40,63675,1144200,23.52
2020-01-06 14:25:00,21.25,22.15,21.25,21.90,69825,1144200,23.51
2020-01-06 14:26:00,21.95,24.25,21.95,24.05,102225,1144200,23.51
2020-01-06 14:27:00,24.05,25.55,23.80,25.35,136875,1170225,23.51
2020-01-06 14:28:00,25.45,25.65,23.90,25.00,103275,1170225,23.52
2020-01-06 14:29:00,24.80,24.90,23.10,24.15,57975,1170225,23.52
2020-01-06 14:30:00,24.30,24.85,23.35,23.70,60075,1190025,23.52
2020-01-06 14:31:00,23.65,24.45,23.30,24.20,41025,1190025,23.53
2020-01-06 14:32:00,24.35,25.85,24.10,25.85,65550,1190025,23.53
2020-01-06 14:33:00,25.55,27.40,25.40,27.15,64200,1180200,23.54
2020-01-06 14:34:00,26.95,26.95,25.40,25.95,70650,1180200,23.55
2020-01-06 14:35:00,26.05,26.70,25.35,25.35,57675,1180200,23.56
2020-01-06 14:36:00,24.95,25.80,24.25,25.70,71475,1179600,23.56
2020-01-06 14:37:00,25.80,25.80,23.80,23.80,51375,1179600,23.57
2020-01-06 14:38:00,24.00,25.15,24.00,24.90,50925,1179600,23.57
2020-01-06 14:39:00,24.80,26.00,24.80,25.65,46125,1176750,23.57
2020-01-06 14:40:00,25.55,25.60,24.40,24.70,35850,1176750,23.58
2020-01-06 14:41:00,24.55,24.65,24.00,24.00,32175,1176750,23.58
2020-01-06 14:42:00,23.90,24.60,20.95,21.75,98475,1167525,23.57
2020-01-06 14:43:00,21.75,21.75,19.75,20.80,93675,1167525,23.55
2020-01-06 14:44:00,20.85,21.45,20.15,20.75,56625,1167525,23.55
2020-01-06 14:45:00,21.10,22.05,20.90,21.90,60300,1161075,23.54
2020-01-06 14:46:00,22.15,22.55,21.60,22.40,33675,1161075,23.54
2020-01-06 14:47:00,22.40,22.65,21.85,22.65,42900,1161075,23.54
2020-01-06 14:48:00,22.75,22.85,21.90,22.35,76650,1153425,23.53
2020-01-06 14:49:00,22.05,22.20,21.40,21.85,89925,1153425,23.52
2020-01-06 14:50:00,21.80,22.70,21.30,21.55,76575,1153425,23.52
2020-01-06 14:51:00,21.60,21.60,20.65,20.80,45600,1257300,23.51
2020-01-06 14:52:00,20.60,20.60,19.60,19.95,62775,1257300,23.50
2020-01-06 14:53:00,20.00,20.40,19.10,20.20,47475,1257300,23.49
2020-01-06 14:54:00,20.10,20.30,19.40,19.40,32250,1244925,23.48
2020-01-06 14:55:00,19.10,19.15,18.05,18.70,57150,1244925,23.47
2020-01-06 14:56:00,18.55,19.70,18.40,19.45,39375,1244925,23.46
2020-01-06 14:57:00,19.50,20.10,19.10,19.85,38850,1248750,23.45
2020-01-06 14:58:00,19.90,20.80,19.40,19.75,61350,1248750,23.44
2020-01-06 14:59:00,19.70,19.70,18.35,18.65,58125,1248750,23.43
2020-01-06 15:00:00,18.50,18.50,16.65,17.20,110700,1245150,23.40
2020-01-06 15:01:00,17.15,18.25,17.15,17.95,87750,1245150,23.37
2020-01-06 15:02:00,18.10,18.40,17.75,18.30,51075,1245150,23.36
2020-01-06 15:03:00,18.20,18.20,17.50,17.75,32550,1230975,23.35
2020-01-06 15:04:00,17.75,17.95,17.00,17.90,63300,1230975,23.33
2020-01-06 15:05:00,18.00,18.10,17.55,17.90,49575,1230975,23.32
2020-01-06 15:06:00,17.85,17.85,16.90,16.90,36450,1228650,23.31
2020-01-06 15:07:00,16.85,17.00,16.25,16.60,39075,1228650,23.29
2020-01-06 15:08:00,16.70,17.20,16.25,16.95,53100,1228650,23.28
2020-01-06 15:09:00,16.95,17.50,16.75,17.15,39375,1229400,23.27
2020-01-06 15:10:00,17.15,17.30,16.75,16.85,51600,1229400,23.25
2020-01-06 15:11:00,16.75,16.75,16.20,16.25,50775,1229400,23.23
2020-01-06 15:12:00,16.05,16.40,15.90,16.35,87375,1235925,23.20
2020-01-06 15:13:00,16.25,16.45,16.00,16.30,79200,1235925,23.18
2020-01-06 15:14:00,16.45,16.45,16.00,16.15,53100,1235925,23.16
2020-01-06 15:15:00,16.05,16.15,14.80,14.80,156375,1287525,23.10
2020-01-06 15:16:00,14.70,14.95,13.95,14.00,78300,1287525,23.07
2020-01-06 15:17:00,14.20,14.25,12.75,13.15,104025,1287525,23.02
2020-01-06 15:18:00,13.10,13.55,13.05,13.55,108375,1244625,22.97
2020-01-06 15:19:00,13.25,13.50,12.70,13.50,85200,1244625,22.93
2020-01-06 15:20:00,13.55,13.80,12.95,13.55,68175,1244625,22.90
2020-01-06 15:21:00,13.55,14.00,13.20,13.50,70575,1215900,22.87
2020-01-06 15:22:00,13.55,13.55,12.65,13.30,109800,1215900,22.82
2020-01-06 15:23:00,13.25,13.55,13.05,13.55,59025,1215900,22.79
2020-01-06 15:24:00,13.55,13.85,13.40,13.80,49575,1227375,22.77
2020-01-06 15:25:00,13.70,13.90,13.15,13.15,94800,1227375,22.73
2020-01-06 15:26:00,13.15,14.85,13.10,14.85,169650,1227375,22.66
2020-01-06 15:27:00,14.80,15.50,14.80,15.00,122625,1167600,22.62
2020-01-06 15:28:00,15.00,15.00,14.65,14.75,78075,1167600,22.60
2020-01-06 15:29:01,14.90,15.15,14.30,14.30,68400,1167600,22.57
2020-02-06 09:15:00,13.65,15.10,8.05,11.15,255825,1162725,10.44
2020-02-06 09:16:00,11.40,11.40,9.05,9.05,108975,1162725,10.33
2020-02-06 09:17:00,9.20,10.65,9.20,9.75,159150,1174575,10.28
2020-02-06 09:18:00,9.70,9.70,8.75,8.75,127350,1174575,10.08
2020-02-06 09:19:00,8.80,10.10,8.80,10.10,156900,1174575,9.99
2020-02-06 09:20:00,9.70,9.75,9.00,9.60,94275,1233825,9.93
2020-02-06 09:21:00,9.60,10.35,9.50,10.35,110925,1233825,9.93
2020-02-06 09:22:00,10.35,11.60,10.25,11.60,113775,1233825,10.02
2020-02-06 09:23:00,11.80,13.20,11.80,12.55,182250,1281750,10.38
2020-02-06 09:24:00,12.65,14.50,12.65,14.05,142350,1281750,10.70
2020-02-06 09:25:00,14.20,18.15,14.20,17.90,151875,1281750,11.20
2020-02-06 09:26:00,17.85,19.90,17.30,18.20,226650,1276650,12.10
2020-02-06 09:27:00,18.30,18.45,17.50,18.25,130200,1276650,12.49
2020-02-06 09:28:00,18.35,19.50,17.80,19.45,168150,1276650,12.97
2020-02-06 09:29:00,19.35,20.75,19.30,20.10,229350,1285200,13.65
2020-02-06 09:30:00,20.00,20.15,18.55,19.60,181800,1285200,14.06
2020-02-06 09:31:00,19.40,20.30,19.25,19.45,130950,1285200,14.35
2020-02-06 09:32:00,19.50,19.50,17.50,17.50,134325,1314525,14.55
2020-02-06 09:33:00,17.60,19.00,16.65,18.90,142875,1314525,14.70
2020-02-06 09:34:00,19.00,20.05,18.85,20.00,122550,1314525,14.90
2020-02-06 09:35:00,20.00,20.85,20.00,20.05,167775,1325625,15.18
2020-02-06 09:36:00,20.10,21.80,19.95,21.50,164250,1325625,15.44
2020-02-06 09:37:00,21.50,21.50,19.55,19.55,193425,1325625,15.71
2020-02-06 09:38:00,19.45,19.55,17.65,18.50,159750,1372275,15.82
2020-02-06 09:39:00,18.45,19.50,18.45,19.25,81825,1372275,15.88
2020-02-06 09:40:00,19.20,19.65,18.10,18.20,84975,1372275,15.94
2020-02-06 09:41:00,18.20,19.75,18.20,19.75,112425,1398975,16.03
2020-02-06 09:42:00,19.70,20.00,18.90,19.50,113925,1398975,16.12
2020-02-06 09:43:00,19.65,20.60,19.30,19.95,133950,1398975,16.25
2020-02-06 09:44:00,20.10,21.05,20.10,20.15,156150,1414350,16.40
2020-02-06 09:45:00,20.10,20.20,18.35,18.75,117450,1414350,16.47
2020-02-06 09:46:00,18.45,19.60,18.45,18.75,76275,1414350,16.51
2020-02-06 09:47:00,18.80,19.05,17.65,18.80,119775,1444050,16.56
2020-02-06 09:48:00,18.75,18.95,18.25,18.60,87300,1444050,16.59
2020-02-06 09:49:00,18.50,19.20,18.25,18.90,69900,1444050,16.62
2020-02-06 09:50:00,18.85,19.00,18.00,18.15,77925,1475850,16.65
2020-02-06 09:51:00,18.20,18.45,17.20,18.35,129525,1475850,16.69
2020-02-06 09:52:00,18.50,18.50,17.00,17.20,66075,1475850,16.70
2020-02-06 09:53:00,17.20,17.95,17.05,17.75,56475,1479750,16.71
2020-02-06 09:54:00,17.80,18.50,17.50,18.40,49200,1479750,16.72
2020-02-06 09:55:00,18.55,19.30,18.50,18.95,89700,1479750,16.75
2020-02-06 09:56:00,19.00,19.00,17.80,18.10,53925,1495500,16.77
2020-02-06 09:57:00,18.10,18.70,17.80,18.35,39450,1495500,16.78
2020-02-06 09:58:00,18.30,18.90,18.05,18.65,42150,1495500,16.79
2020-02-06 09:59:00,18.85,18.85,18.10,18.65,33000,1503825,16.80
2020-02-06 10:00:00,18.55,19.00,18.25,18.85,35400,1503825,16.81
2020-02-06 10:01:00,18.75,18.90,17.85,17.85,50850,1503825,16.83
2020-02-06 10:02:00,17.75,18.20,17.00,17.00,64575,1515975,16.84
2020-02-06 10:03:00,17.25,17.75,15.60,15.60,111000,1515975,16.84
2020-02-06 10:04:00,15.75,16.35,15.60,15.85,113550,1515975,16.82
2020-02-06 10:05:00,15.75,15.75,13.35,13.70,196950,1509300,16.74
2020-02-06 10:06:00,13.75,14.35,13.60,14.25,56625,1509300,16.72
2020-02-06 10:07:00,14.25,15.10,14.00,14.90,93075,1509300,16.68
2020-02-06 10:08:00,14.95,15.35,14.70,14.70,47250,1505850,16.67
2020-02-06 10:09:00,14.70,14.75,13.70,14.05,78675,1505850,16.64
2020-02-06 10:10:00,14.05,14.05,13.30,13.55,93600,1505850,16.60
2020-02-06 10:11:00,13.50,13.55,13.00,13.40,94725,1502175,16.55
2020-02-06 10:12:00,13.25,13.80,13.25,13.55,41400,1502175,16.53
2020-02-06 10:13:00,13.40,13.60,12.30,12.80,79275,1502175,16.48
2020-02-06 10:14:00,12.85,12.95,12.30,12.30,55875,1495650,16.45
2020-02-06 10:15:00,12.30,12.35,11.20,11.20,98475,1495650,16.38
2020-02-06 10:16:00,11.05,11.15,10.45,11.00,85650,1495650,16.32
2020-02-06 10:17:00,10.95,11.55,10.55,11.55,68400,1481550,16.26
2020-02-06 10:18:00,11.60,12.40,11.50,12.40,76050,1481550,16.22
2020-02-06 10:19:00,12.25,12.55,11.40,11.40,42825,1481550,16.19
2020-02-06 10:20:00,11.45,11.45,10.20,10.25,72750,1487550,16.14
2020-02-06 10:21:00,10.10,11.10,10.00,11.05,91650,1487550,16.07
2020-02-06 10:22:00,11.00,11.40,10.95,11.35,40800,1487550,16.04
2020-02-06 10:23:00,11.25,11.55,10.75,10.80,71850,1458750,15.99
2020-02-06 10:24:00,10.80,11.40,10.60,11.40,44025,1458750,15.96
2020-02-06 10:25:00,11.30,12.50,11.10,12.40,43425,1458750,15.94
2020-02-06 10:26:00,12.40,12.90,12.40,12.55,83925,1455750,15.90
2020-02-06 10:27:00,12.70,12.95,12.55,12.85,51225,1455750,15.88
2020-02-06 10:28:00,12.85,12.85,11.80,11.90,49350,1455750,15.86
2020-02-06 10:29:00,12.00,12.50,11.90,12.25,29775,1472775,15.85
2020-02-06 10:30:00,12.20,13.20,12.15,12.80,29625,1472775,15.83
2020-02-06 10:31:00,12.80,13.60,12.80,13.40,59025,1472775,15.81
2020-02-06 10:32:00,13.40,13.60,13.10,13.50,32475,1478025,15.80
2020-02-06 10:33:00,13.45,13.50,12.65,12.70,33300,1478025,15.79
2020-02-06 10:34:00,12.75,12.95,12.20,12.45,38775,1478025,15.78
2020-02-06 10:35:00,12.45,12.60,12.20,12.50,52950,1466175,15.75
2020-02-06 10:36:00,12.60,12.80,12.50,12.75,63375,1466175,15.73
2020-02-06 10:37:00,12.75,13.00,12.60,12.85,31500,1466175,15.72
2020-02-06 10:38:00,12.85,13.50,12.80,13.35,38100,1439550,15.71
2020-02-06 10:39:00,13.45,14.15,13.45,13.70,57000,1439550,15.69
2020-02-06 10:40:00,13.75,14.55,13.70,14.40,42750,1439550,15.68
2020-02-06 10:41:00,14.40,14.65,14.20,14.50,57450,1456500,15.68
2020-02-06 10:42:00,14.50,14.50,13.60,14.15,41625,1456500,15.67
2020-02-06 10:43:00,14.15,14.30,13.80,13.85,18000,1456500,15.66
2020-02-06 10:44:00,13.85,14.25,13.75,14.10,25200,1463475,15.66
2020-02-06 10:45:00,14.15,15.25,14.15,15.15,74100,1463475,15.65
2020-02-06 10:46:00,15.25,15.85,15.05,15.75,83550,1463475,15.65
2020-02-06 10:47:00,15.70,16.10,15.60,15.95,90225,1470000,15.65
2020-02-06 10:48:00,16.10,16.20,15.30,15.55,52350,1470000,15.65
2020-02-06 10:49:00,15.45,16.10,15.25,16.10,32700,1470000,15.65
2020-02-06 10:50:00,16.10,16.10,14.75,14.75,43275,1482300,15.65
2020-02-06 10:51:00,14.80,14.90,13.75,13.75,79125,1482300,15.64
2020-02-06 10:52:00,13.80,14.45,13.75,14.35,31125,1482300,15.63
2020-02-06 10:53:00,14.20,14.75,14.10,14.70,29250,1486275,15.63
2020-02-06 10:54:00,14.65,15.05,14.45,14.50,52800,1486275,15.63
2020-02-06 10:55:00,14.50,14.75,14.15,14.35,29850,1486275,15.62
2020-02-06 10:56:00,14.30,14.30,13.80,14.00,32625,1490400,15.62
2020-02-06 10:57:00,14.00,14.00,13.35,13.35,48975,1490400,15.61
2020-02-06 10:58:00,13.40,13.90,13.40,13.80,14700,1490400,15.60
2020-02-06 10:59:00,13.80,13.90,13.50,13.80,21675,1480350,15.60
2020-02-06 11:00:00,13.65,13.70,12.65,13.15,41400,1480350,15.59
2020-02-06 11:01:00,13.15,13.45,12.80,13.30,26850,1480350,15.58
2020-02-06 11:02:00,13.40,14.45,13.35,14.35,23400,1483350,15.57
2020-02-06 11:03:00,14.30,15.00,14.25,14.70,50625,1483350,15.57
2020-02-06 11:04:00,14.55,15.00,14.55,14.85,56700,1483350,15.57
2020-02-06 11:05:00,14.95,16.30,14.90,16.25,110400,1501275,15.57
2020-02-06 11:06:00,16.30,17.25,16.10,16.50,89925,1501275,15.58
2020-02-06 11:07:00,16.55,16.80,15.50,15.80,52575,1501275,15.58
2020-02-06 11:08:00,15.80,16.30,15.75,15.75,34275,1492800,15.58
2020-02-06 11:09:00,15.85,16.45,15.50,16.30,34425,1492800,15.59
2020-02-06 11:10:00,16.30,16.30,14.90,14.95,51150,1492800,15.58
2020-02-06 11:11:00,14.95,15.85,14.95,15.50,41325,1502175,15.58
2020-02-06 11:12:00,15.70,16.30,15.50,16.10,37650,1502175,15.59
2020-02-06 11:13:00,16.20,16.20,15.50,15.60,31425,1502175,15.59
2020-02-06 11:14:00,15.60,15.60,14.75,15.30,53175,1521450,15.58
2020-02-06 11:15:00,15.20,15.90,15.00,15.90,24450,1521450,15.58
2020-02-06 11:16:00,15.90,16.35,15.75,16.20,38475,1521450,15.58
2020-02-06 11:17:00,16.10,16.10,15.45,15.55,25350,1520400,15.59
2020-02-06 11:18:00,15.35,15.65,14.90,15.20,22350,1520400,15.58
2020-02-06 11:19:00,15.15,15.30,14.75,14.80,22950,1520400,15.58
2020-02-06 11:20:00,14.75,14.75,13.55,14.35,84075,1510575,15.57
2020-02-06 11:21:00,14.35,14.90,14.25,14.80,35625,1510575,15.57
2020-02-06 11:22:00,14.75,14.75,14.15,14.50,28350,1510575,15.56
2020-02-06 11:23:00,14.40,14.55,14.15,14.20,17325,1518300,15.56
2020-02-06 11:24:00,14.20,14.20,12.40,12.80,59400,1518300,15.55
2020-02-06 11:25:00,12.95,13.70,12.60,13.50,50250,1518300,15.54
2020-02-06 11:26:00,13.50,13.90,13.50,13.90,26625,1519275,15.53
2020-02-06 11:27:00,13.75,14.10,13.70,13.90,24225,1519275,15.53
2020-02-06 11:28:00,14.00,14.90,13.95,14.90,35250,1519275,15.52
2020-02-06 11:29:00,14.90,15.45,14.75,15.45,39675,1516650,15.52
2020-02-06 11:30:00,15.35,16.40,15.35,15.75,91650,1516650,15.53
2020-02-06 11:31:00,15.80,16.10,15.45,15.85,38775,1516650,15.53
2020-02-06 11:32:00,15.90,16.00,15.05,15.25,27150,1525050,15.53
2020-02-06 11:33:00,15.25,15.35,13.75,14.20,82575,1525050,15.52
2020-02-06 11:34:00,14.15,14.85,14.10,14.85,33600,1525050,15.51
2020-02-06 11:35:00,14.90,14.90,14.35,14.65,23100,1536450,15.51
2020-02-06 11:36:00,14.70,14.80,13.80,14.10,74925,1536450,15.50
2020-02-06 11:37:00,14.00,14.25,13.75,14.10,26700,1536450,15.50
2020-02-06 11:38:00,14.15,14.20,13.80,13.95,13725,1572750,15.50
2020-02-06 11:39:00,14.00,14.30,13.40,13.50,26400,1572750,15.49
2020-02-06 11:40:00,13.55,13.95,13.40,13.80,64050,1572750,15.48
2020-02-06 11:41:00,13.80,13.90,13.50,13.55,24975,1592100,15.48
2020-02-06 11:42:00,13.65,14.00,13.50,13.95,28500,1592100,15.47
2020-02-06 11:43:00,13.90,13.95,13.50,13.60,46500,1592100,15.46
2020-02-06 11:44:00,13.60,14.50,13.60,14.00,53250,1594650,15.46
2020-02-06 11:45:00,14.00,14.20,13.35,13.50,37125,1594650,15.45
2020-02-06 11:46:00,13.40,14.25,13.25,14.10,44850,1594650,15.44
2020-02-06 11:47:00,14.05,14.10,13.30,13.80,12450,1606800,15.44
2020-02-06 11:48:00,13.75,13.75,13.25,13.30,20025,1606800,15.44
2020-02-06 11:49:00,13.30,13.70,13.20,13.40,26250,1606800,15.43
2020-02-06 11:50:00,13.35,13.40,13.05,13.25,22800,1614900,15.43
2020-02-06 11:51:00,13.35,13.35,12.55,12.60,41625,1614900,15.42
2020-02-06 11:52:00,12.60,13.15,12.50,13.10,25950,1614900,15.41
2020-02-06 11:53:00,13.10,13.50,13.00,13.40,21150,1617075,15.41
2020-02-06 11:54:00,13.50,13.50,13.10,13.10,15525,1617075,15.41
2020-02-06 11:55:00,13.30,13.35,13.10,13.30,6675,1617075,15.41
2020-02-06 11:56:00,13.30,14.10,13.10,13.90,41025,1623900,15.40
2020-02-06 11:57:00,13.95,14.20,13.90,13.90,40500,1623900,15.40
2020-02-06 11:58:00,13.90,13.90,13.45,13.50,20250,1623900,15.39
2020-02-06 11:59:00,13.55,14.70,13.55,14.60,34125,1620825,15.39
2020-02-06 12:00:00,14.55,14.60,14.15,14.50,21675,1620825,15.39
2020-02-06 12:01:00,14.35,14.45,13.90,14.25,34575,1620825,15.38
2020-02-06 12:02:00,14.20,14.35,14.00,14.10,12750,1627650,15.38
2020-02-06 12:03:00,14.05,14.35,13.80,14.35,31200,1627650,15.38
2020-02-06 12:04:00,14.40,15.70,14.40,15.35,127125,1627650,15.38
2020-02-06 12:05:00,15.45,16.50,15.45,16.15,185100,1637775,15.39
2020-02-06 12:06:00,16.00,16.20,15.40,15.85,74700,1637775,15.39
2020-02-06 12:07:00,15.85,16.25,15.30,15.30,53550,1637775,15.39
2020-02-06 12:08:00,15.45,15.90,15.45,15.90,34425,1641675,15.39
2020-02-06 12:09:00,15.90,15.90,15.35,15.65,35400,1641675,15.40
2020-02-06 12:10:00,15.60,15.60,14.35,14.65,43200,1641675,15.39
2020-02-06 12:11:00,14.80,15.40,14.75,14.95,48600,1651875,15.39
2020-02-06 12:12:00,14.95,15.25,14.80,15.20,30750,1651875,15.39
2020-02-06 12:13:00,15.15,15.30,14.45,14.80,49125,1651875,15.39
2020-02-06 12:14:00,14.75,15.35,14.75,15.25,25800,1657350,15.39
2020-02-06 12:15:00,15.30,15.75,15.25,15.70,38700,1657350,15.39
2020-02-06 12:16:00,15.70,16.80,15.65,16.65,84975,1657350,15.39
2020-02-06 12:17:00,16.40,16.50,16.05,16.05,50325,1656225,15.40
2020-02-06 12:18:00,16.20,16.30,15.40,15.60,58800,1656225,15.40
2020-02-06 12:19:00,15.65,15.75,14.75,15.40,92850,1656225,15.40
2020-02-06 12:20:00,15.35,15.70,14.90,15.00,50850,1657425,15.40
2020-02-06 12:21:00,15.00,15.15,14.60,14.85,24975,1657425,15.40
2020-02-06 12:22:00,14.80,15.40,14.60,15.40,41850,1657425,15.40
2020-02-06 12:23:00,15.45,15.55,15.10,15.45,45150,1653150,15.40
2020-02-06 12:24:00,15.50,15.50,14.85,15.15,25950,1653150,15.39
2020-02-06 12:25:00,15.10,15.10,14.85,14.90,11625,1653150,15.39
2020-02-06 12:26:00,14.80,14.90,13.90,13.90,58275,1664100,15.39
2020-02-06 12:27:00,14.00,14.15,12.90,13.35,87300,1664100,15.38
2020-02-06 12:28:00,13.30,14.00,13.30,13.90,26700,1664100,15.37
2020-02-06 12:29:00,13.85,14.05,13.60,14.00,27300,1659675,15.37
2020-02-06 12:30:00,14.10,14.80,14.10,14.60,45450,1659675,15.37
2020-02-06 12:31:00,14.65,14.85,14.20,14.25,36825,1659675,15.36
2020-02-06 12:32:00,14.35,15.05,14.35,14.95,33975,1678350,15.36
2020-02-06 12:33:00,14.90,15.30,14.75,14.80,42825,1678350,15.36
2020-02-06 12:34:00,14.80,15.20,14.80,15.05,31125,1678350,15.36
2020-02-06 12:35:00,15.05,15.15,14.85,15.15,21300,1685175,15.36
2020-02-06 12:36:00,15.15,15.80,15.15,15.55,63900,1685175,15.36
2020-02-06 12:37:00,15.65,15.70,15.35,15.65,33750,1685175,15.36
2020-02-06 12:38:00,15.50,15.55,14.00,14.50,74925,1701075,15.36
2020-02-06 12:39:00,14.55,15.50,14.45,15.45,25725,1701075,15.36
2020-02-06 12:40:00,15.50,16.75,15.45,16.65,84825,1701075,15.36
2020-02-06 12:41:00,16.60,18.10,16.60,17.30,155325,1689225,15.39
2020-02-06 12:42:00,17.20,19.20,17.20,19.20,157500,1689225,15.42
2020-02-06 12:43:00,19.15,19.40,18.60,19.20,133950,1689225,15.46
2020-02-06 12:44:00,19.25,20.95,19.25,20.80,181425,1659750,15.52
2020-02-06 12:45:00,20.80,20.85,18.10,18.20,157425,1659750,15.56
2020-02-06 12:46:00,18.40,20.30,18.30,20.30,114750,1659750,15.59
2020-02-06 12:47:00,20.45,22.15,20.45,21.45,203400,1622250,15.67
2020-02-06 12:48:00,21.35,21.50,19.15,20.80,147450,1622250,15.72
2020-02-06 12:49:00,20.70,21.15,19.80,21.15,139200,1622250,15.77
2020-02-06 12:50:00,20.95,22.40,20.70,21.40,197700,1622250,15.84
2020-02-06 12:51:00,21.30,21.70,19.40,20.35,130875,1655325,15.88
2020-02-06 12:52:00,20.40,20.75,19.75,20.05,73575,1655325,15.90
2020-02-06 12:53:00,20.30,20.30,19.45,20.20,69600,1655325,15.92
2020-02-06 12:54:00,20.10,21.00,19.85,20.15,95925,1657425,15.95
2020-02-06 12:55:00,20.10,20.20,18.55,19.25,148500,1657425,15.98
2020-02-06 12:56:00,19.25,20.00,19.20,19.45,64950,1657425,16.00
2020-02-06 12:57:00,19.40,19.65,18.70,18.75,67425,1662300,16.01
2020-02-06 12:58:00,18.55,19.75,17.90,19.55,126600,1662300,16.03
2020-02-06 12:59:00,19.65,20.00,19.00,19.10,179100,1662300,16.07
2020-02-06 13:00:00,19.10,21.20,19.10,20.40,198525,1682400,16.12
2020-02-06 13:01:00,20.40,20.50,19.80,19.90,107700,1682400,16.15
2020-02-06 13:02:00,19.70,21.25,19.70,20.75,164925,1682400,16.20
2020-02-06 13:03:00,20.75,21.60,20.35,20.75,200775,1703100,16.25
2020-02-06 13:04:00,20.90,20.90,18.80,18.80,177300,1703100,16.29
2020-02-06 13:05:00,18.90,20.20,18.90,19.30,96675,1703100,16.31
2020-02-06 13:06:00,19.30,19.30,18.35,18.80,105075,1665525,16.33
2020-02-06 13:07:00,18.75,19.95,18.35,19.95,77925,1665525,16.34
2020-02-06 13:08:00,19.90,20.45,19.50,19.85,87900,1665525,16.36
2020-02-06 13:09:00,19.70,19.70,18.75,19.10,75225,1642875,16.37
2020-02-06 13:10:00,19.15,19.25,18.35,18.65,91200,1642875,16.38
2020-02-06 13:11:00,18.75,19.00,17.00,17.25,138675,1642875,16.39
2020-02-06 13:12:00,17.10,17.65,15.35,16.20,139350,1650300,16.39
2020-02-06 13:13:00,16.05,17.25,16.05,17.05,100875,1650300,16.40
2020-02-06 13:14:00,16.95,17.80,16.80,17.80,73575,1650300,16.40
2020-02-06 13:15:00,17.85,17.95,16.70,16.85,62100,1644000,16.40
2020-02-06 13:16:00,16.75,16.75,15.75,16.15,57825,1644000,16.40
2020-02-06 13:17:00,16.20,16.25,15.35,16.25,96900,1644000,16.40
2020-02-06 13:18:00,16.30,16.55,15.45,15.95,47625,1645200,16.40
2020-02-06 13:19:00,16.00,16.90,15.75,16.90,65475,1645200,16.40
2020-02-06 13:20:00,16.80,17.00,16.40,16.70,47700,1645200,16.40
2020-02-06 13:21:00,16.40,16.70,15.60,16.30,48525,1644750,16.40
2020-02-06 13:22:00,16.40,16.90,16.00,16.00,30225,1644750,16.40
2020-02-06 13:23:00,16.05,16.35,14.75,15.25,107400,1644750,16.39
2020-02-06 13:24:00,15.25,15.75,15.05,15.55,55575,1650150,16.39
2020-02-06 13:25:00,15.50,15.50,14.70,15.45,82125,1650150,16.38
2020-02-06 13:26:00,15.50,16.85,15.45,16.85,68175,1650150,16.38
2020-02-06 13:27:00,17.00,17.75,16.90,17.70,110775,1632075,16.39
2020-02-06 13:28:00,17.55,18.50,17.35,18.00,88725,1632075,16.40
2020-02-06 13:29:00,18.00,18.30,17.50,18.10,57675,1632075,16.40
2020-02-06 13:30:00,18.15,18.85,18.10,18.40,77100,1646700,16.41
2020-02-06 13:31:00,18.50,18.55,17.55,18.15,64425,1646700,16.41
2020-02-06 13:32:00,18.15,18.40,17.20,17.35,49050,1646700,16.42
2020-02-06 13:33:00,17.45,17.90,17.30,17.50,48225,1643100,16.42
2020-02-06 13:34:00,17.55,18.60,17.55,18.30,62775,1643100,16.43
2020-02-06 13:35:00,18.35,19.25,18.20,18.60,105750,1643100,16.44
2020-02-06 13:36:00,18.55,18.85,18.15,18.35,50100,1691700,16.44
2020-02-06 13:37:00,18.30,19.00,18.30,18.85,38475,1691700,16.45
2020-02-06 13:38:00,18.95,19.40,18.70,18.80,67350,1691700,16.46
2020-02-06 13:39:00,18.85,19.40,18.10,18.40,51075,1688850,16.46
2020-02-06 13:40:00,18.25,18.55,16.55,16.80,86250,1688850,16.47
2020-02-06 13:41:00,16.85,17.30,15.55,15.65,73200,1688850,16.47
2020-02-06 13:42:00,15.60,17.20,15.60,16.60,96900,1687575,16.47
2020-02-06 13:43:00,16.60,16.80,16.05,16.30,51975,1687575,16.47
2020-02-06 13:44:00,16.40,16.70,16.20,16.30,30225,1687575,16.47
2020-02-06 13:45:00,16.30,17.45,16.25,16.95,48450,1682925,16.47
2020-02-06 13:46:00,17.00,17.60,16.95,17.20,41625,1682925,16.47
2020-02-06 13:47:00,17.35,18.20,17.25,17.95,34125,1682925,16.47
2020-02-06 13:48:00,17.85,18.90,17.85,18.45,94500,1696275,16.48
2020-02-06 13:49:00,18.35,18.90,18.30,18.50,42075,1696275,16.49
2020-02-06 13:50:00,18.70,18.95,18.40,18.60,49275,1696275,16.49
2020-02-06 13:51:00,18.65,19.70,18.60,19.05,78450,1694475,16.50
2020-02-06 13:52:00,19.05,19.25,18.30,18.65,37875,1694475,16.51
2020-02-06 13:53:00,18.55,19.45,18.55,18.95,65100,1694475,16.52
2020-02-06 13:54:00,18.90,20.30,18.85,20.20,69825,1699950,16.53
2020-02-06 13:55:00,20.25,20.25,19.05,19.35,64350,1699950,16.54
2020-02-06 13:56:00,19.25,19.75,18.25,18.80,75750,1699950,16.55
2020-02-06 13:57:00,18.95,19.00,18.15,18.60,45675,1704225,16.55
2020-02-06 13:58:00,18.65,21.35,18.65,20.40,209400,1704225,16.59
2020-02-06 13:59:00,20.40,20.90,20.00,20.10,88125,1704225,16.61
2020-02-06 14:00:00,20.20,21.75,20.00,21.70,102375,1665750,16.63
2020-02-06 14:01:00,21.75,21.85,21.00,21.15,130725,1665750,16.66
2020-02-06 14:02:00,21.20,21.20,20.30,20.50,125850,1665750,16.68
2020-02-06 14:03:00,20.60,21.35,20.00,21.20,104175,1652625,16.70
2020-02-06 14:04:00,21.20,21.20,19.65,19.80,73500,1652625,16.71
2020-02-06 14:05:00,19.85,19.85,18.35,19.50,108450,1652625,16.72
2020-02-06 14:06:00,19.40,20.40,19.40,19.95,67350,1646850,16.73
2020-02-06 14:07:00,20.00,20.40,19.35,19.65,47175,1646850,16.74
2020-02-06 14:08:00,19.70,20.75,19.70,20.35,59025,1646850,16.75
2020-02-06 14:09:00,20.45,20.45,19.75,19.75,40725,1644225,16.76
2020-02-06 14:10:00,19.85,20.30,19.60,20.10,50325,1644225,16.76
2020-02-06 14:11:00,20.10,20.75,20.00,20.45,46500,1644225,16.77
2020-02-06 14:12:00,20.35,21.90,20.00,20.00,192675,1644600,16.81
2020-02-06 14:13:00,19.95,19.95,19.05,19.35,92025,1644600,16.82
2020-02-06 14:14:00,19.15,19.15,17.75,17.75,131625,1644600,16.83
2020-02-06 14:15:00,17.80,19.30,17.80,18.20,83625,1628850,16.84
2020-02-06 14:16:00,18.10,18.10,16.25,17.00,194025,1628850,16.84
2020-02-06 14:17:00,17.10,17.95,16.95,17.45,62100,1628850,16.84
2020-02-06 14:18:00,17.50,18.25,17.45,17.70,59100,1622325,16.84
2020-02-06 14:19:00,17.85,18.30,17.50,17.85,41625,1622325,16.84
2020-02-06 14:20:00,17.60,18.60,17.45,18.30,66975,1622325,16.85
2020-02-06 14:21:00,18.35,19.10,18.30,18.70,72975,1614075,16.85
2020-02-06 14:22:00,18.85,18.90,18.00,18.70,73125,1614075,16.86
2020-02-06 14:23:00,18.60,18.75,18.05,18.50,68250,1614075,16.86
2020-02-06 14:24:00,18.40,18.75,17.70,17.75,45150,1624575,16.87
2020-02-06 14:25:00,17.85,18.10,16.70,17.05,95250,1624575,16.87
2020-02-06 14:26:00,17.25,18.70,17.25,18.60,92025,1624575,16.87
2020-02-06 14:27:00,18.65,18.85,18.20,18.45,52500,1629225,16.87
2020-02-06 14:28:00,18.55,18.55,16.75,17.25,76875,1629225,16.88
2020-02-06 14:29:00,17.25,17.55,16.80,16.90,71925,1629225,16.88
2020-02-06 14:30:00,17.25,17.30,15.75,16.35,107550,1641825,16.88
2020-02-06 14:31:00,16.30,17.55,16.20,17.30,62175,1641825,16.88
2020-02-06 14:32:00,17.45,17.55,17.00,17.00,75075,1641825,16.88
2020-02-06 14:33:00,17.05,18.05,16.70,18.00,79425,1640250,16.88
2020-02-06 14:34:00,18.00,18.50,17.75,18.00,121875,1640250,16.89
2020-02-06 14:35:00,18.05,19.00,18.05,18.45,128100,1640250,16.89
2020-02-06 14:36:00,18.40,18.65,17.80,18.30,53850,1626450,16.90
2020-02-06 14:37:00,18.35,18.50,17.60,17.60,53100,1626450,16.90
2020-02-06 14:38:00,17.60,18.00,17.45,17.85,55875,1626450,16.90
2020-02-06 14:39:00,17.90,18.05,17.30,17.30,44325,1639575,16.90
2020-02-06 14:40:00,17.25,17.55,16.40,16.40,98700,1639575,16.90
2020-02-06 14:41:00,16.30,17.20,16.15,16.70,47775,1639575,16.90
2020-02-06 14:42:00,16.65,16.90,15.75,16.00,120075,1647000,16.90
2020-02-06 14:43:00,15.95,16.95,15.95,16.75,52725,1647000,16.90
2020-02-06 14:44:00,16.65,17.10,16.50,16.70,48975,1647000,16.90
2020-02-06 14:45:00,16.85,17.55,16.75,17.45,56250,1636725,16.90
2020-02-06 14:46:00,17.50,17.95,17.10,17.20,58725,1636725,16.90
2020-02-06 14:47:00,17.15,17.20,16.65,16.85,59175,1636725,16.90
2020-02-06 14:48:00,16.85,17.40,16.45,17.25,55575,1633575,16.90
2020-02-06 14:49:00,17.35,18.15,17.25,17.25,73500,1633575,16.90
2020-02-06 14:50:00,17.35,17.65,16.55,16.65,52650,1633575,16.90
2020-02-06 14:51:00,16.35,16.80,16.05,16.55,92400,1638825,16.90
2020-02-06 14:52:00,16.45,16.75,16.40,16.45,37575,1638825,16.90
2020-02-06 14:53:00,16.45,16.60,15.85,16.05,44400,1638825,16.90
2020-02-06 14:54:00,16.20,16.95,16.15,16.95,64725,1642350,16.90
2020-02-06 14:55:00,16.80,16.80,16.00,16.00,54225,1642350,16.90
2020-02-06 14:56:00,16.15,16.75,16.00,16.65,29775,1642350,16.90
2020-02-06 14:57:00,16.75,16.95,16.40,16.55,32325,1639500,16.90
2020-02-06 14:58:00,16.50,16.50,15.70,16.25,50325,1639500,16.89
2020-02-06 14:59:00,16.25,17.80,16.25,17.65,141750,1639500,16.90
2020-02-06 15:00:00,17.65,19.05,17.55,18.90,158550,1631925,16.91
2020-02-06 15:01:00,18.85,19.25,18.15,18.40,189450,1631925,16.92
2020-02-06 15:02:00,18.30,18.50,17.15,17.55,143775,1631925,16.92
2020-02-06 15:03:00,17.65,17.95,17.00,17.40,61200,1611525,16.92
2020-02-06 15:04:00,17.30,17.30,16.10,16.20,68100,1611525,16.92
2020-02-06 15:05:00,16.05,17.00,16.05,16.75,76950,1611525,16.92
2020-02-06 15:06:00,16.85,16.95,16.05,16.95,72900,1613475,16.92
2020-02-06 15:07:00,16.95,17.00,16.20,16.40,46950,1613475,16.92
2020-02-06 15:08:00,16.55,17.10,16.55,17.00,36825,1613475,16.92
2020-02-06 15:09:00,17.15,17.60,17.10,17.15,69075,1617825,16.92
2020-02-06 15:10:00,17.20,17.85,16.90,17.80,104250,1617825,16.92
2020-02-06 15:11:00,17.80,18.50,17.75,18.20,159300,1617825,16.93
2020-02-06 15:12:00,18.25,18.65,17.90,17.95,117000,1611225,16.94
2020-02-06 15:13:00,18.05,18.30,17.65,17.70,121125,1611225,16.94
2020-02-06 15:14:00,17.80,17.85,17.10,17.25,132225,1611225,16.94
2020-02-06 15:15:00,17.30,17.80,17.05,17.50,90900,1597200,16.95
2020-02-06 15:16:00,17.40,17.55,17.00,17.30,71325,1597200,16.95
2020-02-06 15:17:00,17.30,17.75,17.15,17.45,67275,1597200,16.95
2020-02-06 15:18:00,17.50,17.80,17.25,17.45,58350,1575525,16.95
2020-02-06 15:19:00,17.50,18.00,17.50,17.95,98925,1575525,16.95
2020-02-06 15:20:00,17.85,18.90,17.60,18.65,143925,1575525,16.96
2020-02-06 15:21:00,18.60,18.90,18.15,18.30,146700,1514775,16.97
2020-02-06 15:22:00,18.40,18.65,18.15,18.55,67425,1514775,16.97
2020-02-06 15:23:00,18.60,18.95,18.45,18.95,102825,1514775,16.98
2020-02-06 15:24:00,19.00,19.15,18.85,18.90,102450,1490175,16.98
2020-02-06 15:25:00,19.10,19.95,19.05,19.20,164175,1490175,17.00
2020-02-06 15:26:00,19.20,19.65,19.20,19.35,107925,1490175,17.01
2020-02-06 15:27:00,19.40,20.35,19.20,20.10,89325,1481550,17.02
2020-02-06 15:28:00,20.15,21.00,20.00,21.00,109050,1481550,17.03
2020-02-06 15:29:01,21.00,22.00,20.90,22.00,198300,1481550,17.06
2020-03-06 09:15:00,37.80,51.55,30.25,46.10,690375,1437675,46.06
2020-03-06 09:16:00,46.75,48.00,44.55,46.50,465375,1437675,46.05
2020-03-06 09:17:00,46.60,47.10,43.40,43.40,422250,1530525,45.94
2020-03-06 09:18:00,43.10,43.15,36.70,39.20,523200,1530525,44.25
2020-03-06 09:19:00,39.70,48.95,39.70,48.95,405750,1530525,44.34
2020-03-06 09:20:00,48.40,50.80,47.05,49.20,528675,1560900,45.12
2020-03-06 09:21:00,48.85,50.50,46.85,48.00,401850,1560900,45.53
2020-03-06 09:22:00,47.50,47.50,39.90,41.40,401925,1560900,45.32
2020-03-06 09:23:00,41.55,47.00,41.35,45.00,334575,1679175,45.26
2020-03-06 09:24:00,44.90,46.55,43.35,43.55,252300,1679175,45.25
2020-03-06 09:25:00,43.75,43.75,41.15,42.10,275475,1679175,45.08
2020-03-06 09:26:00,41.75,43.00,40.60,42.35,255675,1849650,44.90
2020-03-06 09:27:00,42.20,42.90,40.65,42.90,210450,1849650,44.77
2020-03-06 09:28:00,43.50,46.35,43.50,46.35,239325,1849650,44.79
2020-03-06 09:29:00,46.15,46.85,43.95,43.95,176925,1926600,44.81
2020-03-06 09:30:00,44.40,48.20,44.20,46.90,234225,1926600,44.90
2020-03-06 09:31:00,46.40,47.75,45.25,45.40,215925,1926600,44.96
2020-03-06 09:32:00,45.60,45.75,42.60,43.90,206325,1996050,44.93
2020-03-06 09:33:00,43.75,44.90,41.65,44.90,218625,1996050,44.88
2020-03-06 09:34:00,45.00,45.95,43.00,43.25,175650,1996050,44.86
2020-03-06 09:35:00,43.20,44.80,40.55,40.75,259275,2083875,44.78
2020-03-06 09:36:00,40.95,44.45,40.95,44.10,245175,2083875,44.70
2020-03-06 09:37:00,43.85,44.00,39.90,40.95,359175,2083875,44.54
2020-03-06 09:38:00,40.80,42.00,39.75,40.00,277500,2220375,44.40
2020-03-06 09:39:00,40.75,41.80,39.50,40.15,188925,2220375,44.30
2020-03-06 09:40:00,40.60,40.60,38.30,39.40,237975,2220375,44.16
2020-03-06 09:41:00,39.20,41.15,38.30,40.75,216675,2315100,44.06
2020-03-06 09:42:00,40.80,41.00,39.00,39.90,165975,2315100,43.97
2020-03-06 09:43:00,40.05,41.55,39.85,40.20,123600,2315100,43.93
2020-03-06 09:44:00,40.30,40.35,38.35,39.00,176100,2380950,43.84
2020-03-06 09:45:00,39.50,40.60,38.65,38.95,140025,2380950,43.77
2020-03-06 09:46:00,38.40,38.90,35.95,36.10,346575,2380950,43.54
2020-03-06 09:47:00,35.90,38.15,34.70,37.75,378600,2433300,43.27
2020-03-06 09:48:00,38.00,38.05,35.00,35.55,256350,2433300,43.09
2020-03-06 09:49:00,35.70,36.05,31.60,32.75,393000,2433300,42.73
2020-03-06 09:50:00,32.70,34.65,32.00,34.10,248025,2402700,42.52
2020-03-06 09:51:00,33.95,34.05,29.20,30.45,344625,2402700,42.17
2020-03-06 09:52:00,30.45,31.95,29.85,31.55,281550,2402700,41.89
2020-03-06 09:53:00,31.90,32.45,31.15,32.45,197475,2484000,41.72
2020-03-06 09:54:00,32.60,33.95,32.20,32.90,198075,2484000,41.57
2020-03-06 09:55:00,32.70,32.85,29.40,29.40,217575,2484000,41.37
2020-03-06 09:56:00,29.40,33.10,29.00,33.10,311700,2518875,41.11
2020-03-06 09:57:00,33.30,35.45,32.65,34.90,306525,2518875,40.94
2020-03-06 09:58:00,34.60,35.40,33.30,35.40,178650,2518875,40.84
2020-03-06 09:59:00,35.65,37.15,34.85,36.35,233925,2513400,40.76
2020-03-06 10:00:00,36.55,37.00,35.45,35.55,177375,2513400,40.70
2020-03-06 10:01:00,35.20,35.25,33.25,33.30,159825,2513400,40.62
2020-03-06 10:02:00,33.05,33.65,31.05,31.10,181200,2573250,40.50
2020-03-06 10:03:00,31.40,35.20,31.40,35.00,163875,2573250,40.42
2020-03-06 10:04:00,34.75,35.75,33.30,33.60,138825,2573250,40.36
2020-03-06 10:05:00,33.70,35.35,33.70,34.80,121875,2570550,40.31
2020-03-06 10:06:00,34.95,36.25,34.75,36.10,127575,2570550,40.27
2020-03-06 10:07:00,36.25,36.95,35.05,35.10,138825,2570550,40.23
2020-03-06 10:08:00,35.25,35.25,33.15,33.70,138975,2573175,40.17
2020-03-06 10:09:00,33.80,34.65,33.35,33.55,61425,2573175,40.14
2020-03-06 10:10:00,33.65,34.10,31.90,33.10,128175,2573175,40.08
2020-03-06 10:11:00,32.90,33.80,32.60,33.45,88350,2563125,40.03
2020-03-06 10:12:00,33.60,34.05,32.55,32.80,98025,2563125,39.99
2020-03-06 10:13:00,32.80,35.00,32.80,34.55,120900,2563125,39.94
2020-03-06 10:14:00,34.60,35.00,33.55,34.35,76200,2577300,39.91
2020-03-06 10:15:00,33.90,36.30,33.70,36.00,117600,2577300,39.87
2020-03-06 10:16:00,36.10,37.30,35.75,36.70,170700,2577300,39.84
2020-03-06 10:17:00,36.65,36.90,35.55,36.15,91050,2572650,39.82
2020-03-06 10:18:00,36.05,36.15,34.40,35.95,120000,2572650,39.78
2020-03-06 10:19:00,36.00,36.95,35.70,36.65,95025,2572650,39.76
2020-03-06 10:20:00,36.75,37.40,36.00,36.85,147525,2585625,39.73
2020-03-06 10:21:00,36.60,36.65,35.20,35.75,104325,2585625,39.70
2020-03-06 10:22:00,35.70,36.85,35.35,36.25,99375,2585625,39.68
2020-03-06 10:23:00,36.25,36.95,35.90,36.90,106425,2613825,39.66
2020-03-06 10:24:00,36.95,36.95,35.75,35.90,89325,2613825,39.64
2020-03-06 10:25:00,36.00,36.75,35.70,35.75,55650,2613825,39.63
2020-03-06 10:26:00,35.75,35.95,34.85,35.20,90300,2655600,39.60
2020-03-06 10:27:00,35.15,35.80,33.85,34.20,121425,2655600,39.57
2020-03-06 10:28:00,34.45,34.65,32.60,33.35,120825,2655600,39.52
2020-03-06 10:29:00,34.00,35.55,34.00,34.45,85875,2683125,39.50
2020-03-06 10:30:00,34.45,36.90,34.20,36.30,105150,2683125,39.47
2020-03-06 10:31:00,36.40,36.55,35.35,35.70,84150,2683125,39.46
2020-03-06 10:32:00,35.75,37.30,35.75,37.05,200175,2672775,39.42
2020-03-06 10:33:00,37.30,37.30,36.30,36.85,70725,2672775,39.41
2020-03-06 10:34:00,36.75,37.80,36.60,37.30,91725,2672775,39.40
2020-03-06 10:35:00,37.30,39.80,36.90,39.80,151950,2723700,39.39
2020-03-06 10:36:00,39.80,40.35,38.60,38.75,192075,2723700,39.39
2020-03-06 10:37:00,38.65,38.95,38.15,38.45,75450,2723700,39.39
2020-03-06 10:38:00,38.55,40.15,38.45,40.15,140925,2715225,39.39
2020-03-06 10:39:00,40.25,41.60,40.05,41.55,222525,2715225,39.41
2020-03-06 10:40:00,41.60,41.95,39.65,40.25,191475,2715225,39.42
2020-03-06 10:41:00,40.05,41.40,39.90,41.10,92400,2720925,39.43
2020-03-06 10:42:00,41.20,41.80,40.00,40.15,119100,2720925,39.44
2020-03-06 10:43:00,40.15,40.25,38.50,39.70,140325,2720925,39.44
2020-03-06 10:44:00,39.75,40.00,37.30,37.85,102450,2725950,39.43
2020-03-06 10:45:00,37.80,40.85,37.80,40.55,101100,2725950,39.43
2020-03-06 10:46:00,40.70,40.75,38.95,39.75,119850,2725950,39.44
2020-03-06 10:47:00,39.50,39.85,37.45,38.30,105975,2759100,39.43
2020-03-06 10:48:00,38.10,39.60,37.35,37.70,107550,2759100,39.42
2020-03-06 10:49:00,37.80,38.90,37.80,38.30,59700,2759100,39.42
2020-03-06 10:50:00,38.20,38.20,36.00,36.80,120450,2754150,39.41
2020-03-06 10:51:00,36.65,38.20,36.50,38.05,78900,2754150,39.40
2020-03-06 10:52:00,38.15,39.00,38.10,38.20,54375,2754150,39.40
2020-03-06 10:53:00,38.10,38.90,37.50,38.60,53550,2773500,39.39
2020-03-06 10:54:00,38.55,39.00,36.95,37.60,68100,2773500,39.39
2020-03-06 10:55:00,37.50,37.85,36.45,37.00,46425,2773500,39.38
2020-03-06 10:56:00,37.25,37.50,36.45,36.60,48450,2785725,39.38
2020-03-06 10:57:00,36.85,37.00,35.50,36.40,80325,2785725,39.36
2020-03-06 10:58:00,36.60,38.00,36.10,37.40,76500,2785725,39.35
2020-03-06 10:59:00,37.00,37.45,36.10,36.70,42375,2780925,39.35
2020-03-06 11:00:00,36.85,36.85,34.55,35.45,133800,2780925,39.32
2020-03-06 11:01:00,35.70,35.95,33.10,34.75,168600,2780925,39.28
2020-03-06 11:02:00,34.90,35.00,33.15,34.10,124500,2800725,39.24
2020-03-06 11:03:00,34.15,34.35,32.50,32.65,144675,2800725,39.20
2020-03-06 11:04:00,32.80,34.90,32.80,34.20,124350,2800725,39.17
2020-03-06 11:05:00,34.15,35.50,33.50,35.50,86325,2797200,39.15
2020-03-06 11:06:00,35.35,35.50,33.70,34.60,57300,2797200,39.14
2020-03-06 11:07:00,34.50,34.60,33.00,33.50,83850,2797200,39.11
2020-03-06 11:08:00,33.35,34.10,33.30,33.60,44175,2833275,39.10
2020-03-06 11:09:00,33.90,34.85,33.85,34.75,68400,2833275,39.09
2020-03-06 11:10:00,34.90,35.45,33.70,33.70,80475,2833275,39.07
2020-03-06 11:11:00,33.75,33.95,33.05,33.50,65775,2855700,39.05
2020-03-06 11:12:00,33.45,35.15,33.20,34.55,92700,2855700,39.03
2020-03-06 11:13:00,34.60,34.60,33.70,33.85,39750,2855700,39.02
2020-03-06 11:14:00,33.75,34.30,33.60,33.80,22200,2836125,39.02
2020-03-06 11:15:00,34.05,35.65,33.80,35.00,95775,2836125,39.00
2020-03-06 11:16:00,35.20,36.20,34.75,34.75,63900,2836125,38.99
2020-03-06 11:17:00,34.95,36.20,34.95,35.80,64500,2824050,38.98
2020-03-06 11:18:00,35.75,37.10,35.35,36.65,76875,2824050,38.97
2020-03-06 11:19:00,36.65,36.75,35.90,36.05,57000,2824050,38.96
2020-03-06 11:20:00,35.95,36.55,35.00,35.35,73425,2834325,38.95
2020-03-06 11:21:00,35.25,36.30,35.05,35.15,49350,2834325,38.94
2020-03-06 11:22:00,35.35,35.80,34.70,35.70,50925,2834325,38.93
2020-03-06 11:23:00,35.70,36.80,35.70,36.00,63600,2827800,38.92
2020-03-06 11:24:00,36.30,36.75,35.65,36.70,58275,2827800,38.92
2020-03-06 11:25:00,36.70,36.70,35.45,36.35,47625,2827800,38.91
2020-03-06 11:26:00,36.35,36.90,35.60,36.65,51300,2828400,38.91
2020-03-06 11:27:00,36.60,38.90,36.55,38.10,134175,2828400,38.90
2020-03-06 11:28:00,37.95,39.00,37.95,38.30,84450,2828400,38.90
2020-03-06 11:29:00,38.15,38.30,36.80,38.05,76425,2819100,38.89
2020-03-06 11:30:00,37.90,38.55,37.20,38.50,40050,2819100,38.89
2020-03-06 11:31:00,38.60,39.35,38.20,38.95,77700,2819100,38.89
2020-03-06 11:32:00,38.85,40.60,38.35,40.20,150825,2822100,38.90
2020-03-06 11:33:00,40.30,40.30,38.50,38.50,101850,2822100,38.90
2020-03-06 11:34:00,38.50,39.05,37.35,38.20,80175,2822100,38.90
2020-03-06 11:35:00,38.10,38.45,37.50,37.50,48525,2838300,38.90
2020-03-06 11:36:00,37.20,37.85,36.60,36.70,73950,2838300,38.89
2020-03-06 11:37:00,36.30,37.40,35.70,37.05,75600,2838300,38.88
2020-03-06 11:38:00,37.00,37.95,37.00,37.70,65250,2830950,38.88
2020-03-06 11:39:00,37.50,38.50,37.20,38.10,66225,2830950,38.88
2020-03-06 11:40:00,38.00,38.50,37.15,38.35,52050,2830950,38.87
2020-03-06 11:41:00,38.45,38.50,37.30,38.45,28725,2849925,38.87
2020-03-06 11:42:00,38.30,38.35,36.65,36.65,59475,2849925,38.87
2020-03-06 11:43:00,36.70,37.15,36.15,36.85,48225,2849925,38.86
2020-03-06 11:44:00,36.85,37.35,36.10,36.85,30750,2850375,38.86
2020-03-06 11:45:00,36.60,37.45,36.10,36.70,32175,2850375,38.86
2020-03-06 11:46:00,36.85,37.00,36.50,37.00,20025,2850375,38.86
2020-03-06 11:47:00,36.75,38.25,36.75,38.00,63225,2851425,38.85
2020-03-06 11:48:00,38.00,38.00,35.15,35.90,109500,2851425,38.84
2020-03-06 11:49:00,35.75,38.20,35.70,38.00,57975,2851425,38.83
2020-03-06 11:50:00,37.95,39.50,37.95,39.50,129900,2837250,38.83
2020-03-06 11:51:00,39.35,40.00,38.35,39.85,91800,2837250,38.84
2020-03-06 11:52:00,40.00,40.70,39.25,40.10,129750,2837250,38.84
2020-03-06 11:53:00,40.05,41.55,39.35,41.55,149175,2822625,38.85
2020-03-06 11:54:00,41.45,42.15,40.60,41.40,174600,2822625,38.87
2020-03-06 11:55:00,41.65,44.40,40.25,43.45,423375,2822625,38.94
2020-03-06 11:56:00,43.50,44.05,42.05,42.05,188625,2726775,38.97
2020-03-06 11:57:00,42.25,43.95,42.15,43.80,113325,2726775,38.99
2020-03-06 11:58:00,43.90,43.90,41.55,41.75,112725,2726775,39.01
2020-03-06 11:59:00,41.45,42.75,41.40,42.35,89250,2714550,39.02
2020-03-06 12:00:00,42.00,42.60,40.70,40.85,106200,2714550,39.03
2020-03-06 12:01:00,40.95,41.30,40.05,41.20,104850,2714550,39.04
2020-03-06 12:02:00,40.95,41.85,40.50,41.40,90300,2721300,39.04
2020-03-06 12:03:00,41.45,41.60,40.25,41.60,78150,2721300,39.05
2020-03-06 12:04:00,41.40,41.80,41.10,41.80,61125,2721300,39.06
2020-03-06 12:05:00,41.80,43.35,41.75,42.75,139425,2775900,39.08
2020-03-06 12:06:00,43.00,44.50,42.65,44.05,200625,2775900,39.11
2020-03-06 12:07:00,44.10,44.25,42.20,42.75,136050,2775900,39.13
2020-03-06 12:08:00,42.70,43.30,40.55,40.55,120375,2733825,39.15
2020-03-06 12:09:00,40.55,41.65,40.40,40.65,80550,2733825,39.15
2020-03-06 12:10:00,40.55,42.75,40.50,42.15,63525,2733825,39.16
2020-03-06 12:11:00,42.30,42.40,40.65,40.65,57525,2721075,39.16
2020-03-06 12:12:00,40.65,40.95,38.40,38.70,185325,2721075,39.17
2020-03-06 12:13:00,39.00,39.90,38.45,39.60,82800,2721075,39.17
2020-03-06 12:14:00,39.90,40.30,39.00,40.30,58200,2744700,39.17
2020-03-06 12:15:00,40.15,40.25,38.70,39.45,67725,2744700,39.17
2020-03-06 12:16:00,39.35,40.35,38.95,39.80,75075,2744700,39.17
2020-03-06 12:17:00,39.80,39.80,38.50,38.95,39150,2765250,39.17
2020-03-06 12:18:00,39.00,39.60,38.70,39.60,51975,2765250,39.17
2020-03-06 12:19:00,39.65,39.65,38.05,38.30,70875,2765250,39.17
2020-03-06 12:20:00,38.20,38.20,36.80,38.15,141300,2748075,39.16
2020-03-06 12:21:00,38.10,38.35,37.05,38.15,71925,2748075,39.16
2020-03-06 12:22:00,38.00,38.35,37.00,37.55,52500,2748075,39.15
2020-03-06 12:23:00,37.70,37.90,36.90,37.15,71925,2733600,39.15
2020-03-06 12:24:00,37.00,37.50,34.40,34.65,189450,2733600,39.12
2020-03-06 12:25:00,34.60,36.80,34.45,36.50,100500,2733600,39.11
2020-03-06 12:26:00,36.65,36.85,35.50,36.00,46425,2739900,39.11
2020-03-06 12:27:00,35.65,36.40,35.60,35.80,30675,2739900,39.10
2020-03-06 12:28:00,35.75,37.55,35.00,37.25,131475,2739900,39.09
2020-03-06 12:29:00,37.70,38.30,37.10,37.40,84225,2783100,39.08
2020-03-06 12:30:00,37.60,38.00,36.85,37.45,61200,2783100,39.08
2020-03-06 12:31:00,37.45,38.85,37.10,38.75,101550,2783100,39.08
2020-03-06 12:32:00,38.50,39.20,37.95,38.70,91050,2810250,39.08
2020-03-06 12:33:00,38.75,38.75,37.20,38.20,55650,2810250,39.07
2020-03-06 12:34:00,38.30,39.00,38.15,38.35,70125,2810250,39.07
2020-03-06 12:35:00,38.30,38.75,38.05,38.40,39750,2825250,39.07
2020-03-06 12:36:00,38.40,39.10,37.75,38.10,73275,2825250,39.07
2020-03-06 12:37:00,38.00,38.00,36.70,37.20,67650,2825250,39.07
2020-03-06 12:38:00,37.10,37.40,36.25,37.40,68925,2832750,39.06
2020-03-06 12:39:00,37.10,37.95,37.00,37.50,28200,2832750,39.06
2020-03-06 12:40:00,37.45,37.45,35.70,36.15,70725,2832750,39.05
2020-03-06 12:41:00,36.15,36.15,35.30,35.75,69975,2845950,39.04
2020-03-06 12:42:00,35.80,36.40,35.35,36.25,62325,2845950,39.04
2020-03-06 12:43:00,36.05,36.90,35.85,36.65,66300,2845950,39.03
2020-03-06 12:44:00,36.80,37.80,36.60,37.50,56550,2843475,39.03
2020-03-06 12:45:00,37.50,38.75,37.50,38.70,94800,2843475,39.02
2020-03-06 12:46:00,38.80,40.05,38.40,39.15,186225,2843475,39.03
2020-03-06 12:47:00,39.35,39.90,38.25,39.75,69375,2812875,39.03
2020-03-06 12:48:00,39.70,39.70,38.35,38.90,49575,2812875,39.03
2020-03-06 12:49:00,38.90,39.75,38.60,39.00,66225,2812875,39.03
2020-03-06 12:50:00,38.95,39.70,38.25,39.50,54000,2818950,39.03
2020-03-06 12:51:00,39.30,39.50,38.60,39.50,62925,2818950,39.03
2020-03-06 12:52:00,39.50,39.90,37.75,37.75,89475,2818950,39.03
2020-03-06 12:53:00,37.30,37.30,35.50,36.95,125100,2831175,39.01
2020-03-06 12:54:00,36.95,37.70,36.45,37.35,36075,2831175,39.01
2020-03-06 12:55:00,37.55,38.90,37.15,38.35,60000,2831175,39.01
2020-03-06 12:56:00,38.55,39.00,38.10,38.45,48525,2835225,39.01
2020-03-06 12:57:00,38.20,38.60,37.40,38.20,60225,2835225,39.01
2020-03-06 12:58:00,38.30,38.50,37.60,37.70,29700,2835225,39.01
2020-03-06 12:59:00,37.90,38.20,36.50,37.45,92175,2862675,39.00
2020-03-06 13:00:00,37.30,37.50,36.10,36.30,89775,2862675,38.99
2020-03-06 13:01:00,36.55,36.70,34.35,35.25,239400,2862675,38.97
2020-03-06 13:02:00,35.20,36.50,35.20,36.40,84000,2927400,38.96
2020-03-06 13:03:00,36.15,36.70,34.90,35.00,99225,2927400,38.95
2020-03-06 13:04:00,35.15,36.50,34.80,36.40,77850,2927400,38.94
2020-03-06 13:05:00,36.45,36.50,35.10,35.45,68475,2923050,38.93
2020-03-06 13:06:00,35.20,36.00,34.00,34.45,103950,2923050,38.92
2020-03-06 13:07:00,34.70,36.00,34.10,35.60,96000,2923050,38.91
2020-03-06 13:08:00,35.50,36.95,35.40,36.15,81750,2914725,38.90
2020-03-06 13:09:00,36.25,37.55,36.00,37.20,66750,2914725,38.89
2020-03-06 13:10:00,37.10,38.95,37.00,38.50,161025,2914725,38.89
2020-03-06 13:11:00,38.50,38.70,37.50,38.40,67650,2914875,38.89
2020-03-06 13:12:00,38.20,38.75,37.35,37.90,45375,2914875,38.89
2020-03-06 13:13:00,38.10,38.10,36.65,37.40,50025,2914875,38.88
2020-03-06 13:14:00,37.50,38.00,36.70,37.60,56100,2914500,38.88
2020-03-06 13:15:00,37.50,38.50,37.45,38.40,67125,2914500,38.88
2020-03-06 13:16:00,38.35,38.50,37.50,37.55,51675,2914500,38.88
2020-03-06 13:17:00,37.55,38.25,36.45,36.85,60375,2905200,38.88
2020-03-06 13:18:00,37.15,37.25,35.90,36.95,72975,2905200,38.87
2020-03-06 13:19:00,37.15,38.00,37.15,37.35,55050,2905200,38.87
2020-03-06 13:20:00,37.50,38.00,37.10,37.95,38400,2902200,38.87
2020-03-06 13:21:00,38.10,39.00,37.70,37.90,93675,2902200,38.87
2020-03-06 13:22:00,37.80,38.80,37.60,37.70,62250,2902200,38.86
2020-03-06 13:23:00,37.75,37.90,37.20,37.40,35475,2903325,38.86
2020-03-06 13:24:00,37.60,37.70,36.70,37.05,39225,2903325,38.86
2020-03-06 13:25:00,37.15,37.40,35.70,35.70,66375,2903325,38.85
2020-03-06 13:26:00,36.05,37.45,35.95,37.25,37725,2915175,38.85
2020-03-06 13:27:00,37.35,38.00,36.80,37.70,62475,2915175,38.85
2020-03-06 13:28:00,37.70,38.35,37.20,37.85,76650,2915175,38.85
2020-03-06 13:29:00,37.60,41.25,37.50,41.20,390750,2866425,38.86
2020-03-06 13:30:00,41.20,43.85,41.05,42.70,326475,2866425,38.90
2020-03-06 13:31:00,42.75,43.10,39.75,39.80,168750,2866425,38.91
2020-03-06 13:32:00,39.55,40.70,38.25,40.60,130725,2850300,38.91
2020-03-06 13:33:00,40.65,41.40,39.95,40.25,131400,2850300,38.92
2020-03-06 13:34:00,40.75,41.50,38.90,39.20,102675,2850300,38.92
2020-03-06 13:35:00,39.15,40.90,39.00,40.20,71100,2862225,38.92
2020-03-06 13:36:00,40.40,40.40,39.10,39.90,61275,2862225,38.92
2020-03-06 13:37:00,39.70,39.70,38.00,38.45,109950,2862225,38.92
2020-03-06 13:38:00,38.50,38.75,37.20,37.40,73950,2872950,38.92
2020-03-06 13:39:00,37.65,38.50,37.50,38.40,63675,2872950,38.92
2020-03-06 13:40:00,38.25,40.30,38.20,40.30,98625,2872950,38.92
2020-03-06 13:41:00,40.50,40.50,39.10,39.10,63750,2866425,38.92
2020-03-06 13:42:00,39.05,39.90,38.85,39.05,48075,2866425,38.92
2020-03-06 13:43:00,38.90,39.00,37.10,38.30,95475,2866425,38.92
2020-03-06 13:44:00,38.80,38.95,37.15,37.80,75300,2892450,38.92
2020-03-06 13:45:00,37.80,38.00,36.90,37.40,88275,2892450,38.91
2020-03-06 13:46:00,37.10,38.95,37.10,38.95,92250,2892450,38.91
2020-03-06 13:47:00,38.95,39.80,38.80,39.00,82575,2892450,38.91
2020-03-06 13:48:00,38.90,39.15,37.80,38.55,47850,2908500,38.91
2020-03-06 13:49:00,38.75,40.10,38.35,40.10,110100,2908500,38.91
2020-03-06 13:50:00,40.35,41.25,39.05,40.75,168075,2908500,38.92
2020-03-06 13:51:00,40.10,41.55,40.10,40.60,121575,2897775,38.93
2020-03-06 13:52:00,40.55,40.70,38.55,38.80,115575,2897775,38.93
2020-03-06 13:53:00,39.00,39.25,37.90,38.80,110925,2897775,38.93
2020-03-06 13:54:00,38.50,40.80,38.15,40.30,125775,2931750,38.93
2020-03-06 13:55:00,40.50,41.90,39.85,41.25,159825,2931750,38.94
2020-03-06 13:56:00,41.10,42.40,41.10,41.15,206625,2931750,38.96
2020-03-06 13:57:00,41.30,43.00,40.35,42.00,177000,2880750,38.97
2020-03-06 13:58:00,42.40,44.05,42.10,42.10,185550,2880750,38.99
2020-03-06 13:59:00,42.40,42.40,39.95,40.25,225750,2880750,39.01
2020-03-06 14:00:00,40.15,40.70,37.50,38.50,228150,2871375,39.01
2020-03-06 14:01:00,38.25,40.20,37.30,40.20,153975,2871375,39.00
2020-03-06 14:02:00,40.35,41.05,39.70,40.25,132300,2871375,39.01
2020-03-06 14:03:00,40.45,40.90,39.25,40.60,84000,2866875,39.01
2020-03-06 14:04:00,40.70,41.00,39.45,40.30,104475,2866875,39.01
2020-03-06 14:05:00,40.40,40.60,38.50,39.60,146550,2866875,39.02
2020-03-06 14:06:00,39.45,40.25,39.00,39.00,58875,2867700,39.02
2020-03-06 14:07:00,38.95,40.85,38.95,40.15,86100,2867700,39.02
2020-03-06 14:08:00,39.70,41.10,39.60,40.05,71025,2867700,39.02
2020-03-06 14:09:00,40.00,40.60,39.65,40.15,44550,2865825,39.02
2020-03-06 14:10:00,40.15,46.60,40.15,44.90,421350,2865825,39.08
2020-03-06 14:11:00,45.55,49.15,45.35,46.10,391125,2865825,39.17
2020-03-06 14:12:00,45.75,47.00,44.00,44.00,258750,2692350,39.21
2020-03-06 14:13:00,43.90,45.95,43.90,44.00,159150,2692350,39.23
2020-03-06 14:14:00,44.20,47.80,44.10,47.60,169200,2692350,39.26
2020-03-06 14:15:00,47.55,47.55,45.50,45.70,225225,2689500,39.30
2020-03-06 14:16:00,46.20,47.70,45.60,47.70,124500,2689500,39.33
2020-03-06 14:17:00,47.75,50.00,47.20,49.45,367125,2689500,39.42
2020-03-06 14:18:00,49.00,49.30,47.60,48.05,222825,2681775,39.47
2020-03-06 14:19:00,48.05,48.95,46.95,48.25,161700,2681775,39.50
2020-03-06 14:20:00,48.00,48.00,45.55,45.85,181725,2681775,39.53
2020-03-06 14:21:00,45.80,48.70,45.60,46.50,159300,2686200,39.56
2020-03-06 14:22:00,46.45,47.35,45.90,46.50,120000,2686200,39.58
2020-03-06 14:23:00,46.25,46.25,43.70,45.00,151650,2686200,39.60
2020-03-06 14:24:00,45.05,45.25,42.00,42.75,141975,2693100,39.62
2020-03-06 14:25:00,42.95,45.70,42.35,44.80,123975,2693100,39.63
2020-03-06 14:26:00,44.85,45.35,44.00,44.15,57300,2693100,39.64
2020-03-06 14:27:00,43.75,46.60,43.25,45.95,138300,2703300,39.66
2020-03-06 14:28:00,46.00,46.85,44.65,45.50,84300,2703300,39.67
2020-03-06 14:29:00,45.65,48.50,45.30,48.25,205950,2703300,39.71
2020-03-06 14:30:00,48.00,49.90,48.00,48.00,358500,2659875,39.79
2020-03-06 14:31:00,48.05,50.00,47.75,50.00,260550,2659875,39.85
2020-03-06 14:32:00,49.80,51.90,49.55,50.85,447600,2659875,39.96
2020-03-06 14:33:00,50.60,57.70,50.50,57.55,658275,2576325,40.19
2020-03-06 14:34:00,57.30,59.50,52.60,54.55,473100,2576325,40.37
2020-03-06 14:35:00,54.85,59.00,54.85,58.15,306300,2576325,40.49
2020-03-06 14:36:00,58.40,60.00,57.25,57.50,306975,2397225,40.61
2020-03-06 14:37:00,57.30,59.65,56.65,57.00,301725,2397225,40.73
2020-03-06 14:38:00,56.55,57.30,53.75,55.15,264750,2397225,40.82
2020-03-06 14:39:00,55.45,57.95,55.40,56.90,229050,2402700,40.90
2020-03-06 14:40:00,57.25,57.95,55.60,55.60,129975,2402700,40.95
2020-03-06 14:41:00,55.75,56.10,52.35,52.35,237825,2402700,41.02
2020-03-06 14:42:00,52.00,54.40,46.95,46.95,420375,2432400,41.11
2020-03-06 14:43:00,46.35,46.90,42.15,43.55,456225,2432400,41.14
2020-03-06 14:44:00,43.40,43.40,37.15,40.40,510375,2432400,41.13
2020-03-06 14:45:00,40.70,41.15,35.40,39.25,410775,2420325,41.10
2020-03-06 14:46:00,39.00,42.65,38.75,40.65,332775,2420325,41.10
2020-03-06 14:47:00,40.25,42.70,39.50,40.90,350175,2420325,41.10
2020-03-06 14:48:00,40.40,41.00,36.20,37.65,262275,2472900,41.08
2020-03-06 14:49:00,37.50,39.15,36.75,39.00,241950,2472900,41.07
2020-03-06 14:50:00,39.05,39.30,35.75,35.75,244425,2472900,41.05
2020-03-06 14:51:00,36.00,38.80,34.25,38.50,345525,2515500,41.02
2020-03-06 14:52:00,38.50,38.65,35.15,35.85,124950,2515500,41.01
2020-03-06 14:53:00,36.20,37.25,35.40,36.60,130650,2515500,40.99
2020-03-06 14:54:00,36.85,37.40,36.00,36.60,124500,2514825,40.98
2020-03-06 14:55:00,36.45,37.20,35.10,36.85,161700,2514825,40.97
2020-03-06 14:56:00,36.75,38.95,36.45,38.60,191550,2514825,40.95
2020-03-06 14:57:00,38.40,38.45,33.75,33.75,240750,2527425,40.93
2020-03-06 14:58:00,33.70,34.15,24.50,24.85,531600,2527425,40.81
2020-03-06 14:59:00,24.35,26.25,20.30,20.60,547125,2527425,40.63
2020-03-06 15:00:00,20.40,21.00,18.60,21.00,607875,2476875,40.38
2020-03-06 15:01:00,20.75,21.10,14.95,18.50,606525,2476875,40.11
2020-03-06 15:02:00,18.40,20.95,17.50,20.95,310275,2476875,39.99
2020-03-06 15:03:00,20.80,21.90,20.20,20.20,352050,2437650,39.86
2020-03-06 15:04:00,19.85,22.00,19.25,21.65,259800,2437650,39.76
2020-03-06 15:05:00,21.60,22.60,20.85,21.65,273600,2437650,39.67
2020-03-06 15:06:00,21.55,22.50,21.10,22.40,247875,2451900,39.59
2020-03-06 15:07:00,22.00,22.35,21.15,21.45,208875,2451900,39.52
2020-03-06 15:08:00,21.95,22.65,21.10,21.40,224025,2451900,39.44
2020-03-06 15:09:00,21.45,21.45,18.20,18.20,308250,2384850,39.33
2020-03-06 15:10:00,18.10,19.30,17.60,19.05,325425,2384850,39.21
2020-03-06 15:11:00,18.90,19.70,17.20,17.35,220200,2384850,39.12
2020-03-06 15:12:00,17.00,17.00,13.30,13.35,376275,2273250,38.96
2020-03-06 15:13:00,13.45,13.45,12.00,12.25,437100,2273250,38.75
2020-03-06 15:14:00,12.15,14.65,11.35,13.95,383175,2273250,38.57
2020-03-06 15:15:00,14.05,15.15,13.45,14.45,397950,2215950,38.40
2020-03-06 15:16:00,14.40,14.50,13.05,13.95,312750,2215950,38.26
2020-03-06 15:17:00,13.80,14.85,13.45,14.00,266025,2215950,38.15
2020-03-06 15:18:00,14.10,14.20,13.05,13.50,243600,2180325,38.04
2020-03-06 15:19:00,13.40,14.10,13.30,13.70,230775,2180325,37.95
2020-03-06 15:20:00,13.75,15.50,13.75,14.40,297450,2180325,37.82
2020-03-06 15:21:00,14.45,15.75,14.45,15.40,250725,2123175,37.73
2020-03-06 15:22:00,15.40,16.40,15.20,16.30,204525,2123175,37.65
2020-03-06 15:23:00,16.10,17.15,15.45,17.15,233700,2123175,37.56
2020-03-06 15:24:00,16.90,18.30,16.90,17.75,154800,2156700,37.51
2020-03-06 15:25:00,18.00,18.35,16.80,17.70,166650,2156700,37.45
2020-03-06 15:26:00,17.50,17.95,17.30,17.85,126750,2156700,37.41
2020-03-06 15:27:00,18.00,19.45,18.00,19.10,175800,2115000,37.35
2020-03-06 15:28:00,19.00,19.00,17.65,18.75,177375,2115000,37.30
2020-03-06 15:29:01,18.55,18.90,18.10,18.45,185700,2115000,37.24
2020-04-06 09:15:00,8.20,11.00,4.00,8.15,747825,2096100,6.01
2020-04-06 09:16:00,8.70,12.00,8.70,9.05,976425,2096100,8.53
2020-04-06 09:17:00,9.00,9.00,7.30,7.35,749250,2515725,8.40
2020-04-06 09:18:00,7.45,8.40,7.45,7.80,588150,2515725,8.32
2020-04-06 09:19:00,7.95,9.80,7.95,9.80,548700,2515725,8.38
2020-04-06 09:20:00,10.00,10.35,8.65,9.35,859875,2830425,8.60
2020-04-06 09:21:00,9.40,10.65,9.30,9.55,792300,2830425,8.77
2020-04-06 09:22:00,9.50,9.70,8.05,8.55,760800,2830425,8.80
2020-04-06 09:23:00,8.55,8.60,7.55,7.95,659925,3143025,8.74
2020-04-06 09:24:00,8.00,8.80,7.65,8.75,461175,3143025,8.70
2020-04-06 09:25:00,8.85,8.90,8.00,8.45,418050,3143025,8.69
2020-04-06 09:26:00,8.55,8.70,7.70,7.70,412350,3277650,8.66
2020-04-06 09:27:00,7.80,8.10,7.45,7.60,330900,3277650,8.63
2020-04-06 09:28:00,7.55,7.85,7.00,7.15,371250,3277650,8.58
2020-04-06 09:29:00,7.15,7.20,6.40,6.45,313650,3506475,8.52
2020-04-06 09:30:00,6.45,6.80,6.05,6.05,321975,3506475,8.45
2020-04-06 09:31:00,6.05,6.10,5.15,5.20,467400,3506475,8.31
2020-04-06 09:32:00,5.35,5.45,4.40,4.40,628725,3592950,8.10
2020-04-06 09:33:00,4.30,4.30,3.60,3.75,627150,3592950,7.87
2020-04-06 09:34:00,3.75,3.85,3.00,3.45,654600,3592950,7.62
2020-04-06 09:35:00,3.35,3.75,3.30,3.75,539625,3792600,7.44
2020-04-06 09:36:00,3.75,4.95,3.75,4.80,538875,3792600,7.31
2020-04-06 09:37:00,4.80,4.90,4.05,4.10,411525,3792600,7.22
2020-04-06 09:38:00,4.00,4.15,3.60,3.80,415650,3917475,7.12
2020-04-06 09:39:00,3.85,4.00,3.50,3.70,407250,3917475,7.02
2020-04-06 09:40:00,3.65,4.15,3.60,4.15,389925,3917475,6.93
2020-04-06 09:41:00,4.15,4.60,4.00,4.05,285450,3974250,6.88
2020-04-06 09:42:00,4.15,4.20,3.85,3.90,314925,3974250,6.82
2020-04-06 09:43:00,3.90,4.55,3.90,4.35,238950,3974250,6.78
2020-04-06 09:44:00,4.45,4.60,4.20,4.40,275475,4061625,6.73
2020-04-06 09:45:00,4.40,4.50,4.00,4.15,290925,4061625,6.69
2020-04-06 09:46:00,4.15,4.20,3.85,3.90,208200,4061625,6.65
2020-04-06 09:47:00,3.90,3.95,3.75,3.85,261600,4187625,6.61
2020-04-06 09:48:00,3.90,4.05,3.75,3.85,171975,4187625,6.58
2020-04-06 09:49:00,3.85,3.85,3.50,3.65,190050,4187625,6.54
2020-04-06 09:50:00,3.70,3.90,3.70,3.80,247125,4292400,6.50
2020-04-06 09:51:00,3.85,4.15,3.75,4.00,214650,4292400,6.47
2020-04-06 09:52:00,4.00,4.10,3.85,4.00,170100,4292400,6.45
2020-04-06 09:53:00,3.95,4.10,3.75,3.90,155850,4364925,6.43
2020-04-06 09:54:00,3.85,3.90,3.55,3.80,170475,4364925,6.40
2020-04-06 09:55:00,3.75,3.90,3.70,3.75,98325,4364925,6.38
2020-04-06 09:56:00,3.70,3.80,3.50,3.70,136350,4478100,6.36
2020-04-06 09:57:00,3.65,4.10,3.60,4.00,268725,4478100,6.33
2020-04-06 09:58:00,4.00,4.05,3.80,4.00,159525,4478100,6.31
2020-04-06 09:59:00,4.05,4.25,3.90,4.25,206175,4541475,6.28
2020-04-06 10:00:00,4.30,4.70,4.00,4.65,491550,4541475,6.23
2020-04-06 10:01:00,4.60,4.75,4.35,4.35,276600,4541475,6.21
2020-04-06 10:02:00,4.30,5.20,4.25,4.55,344025,4559250,6.18
2020-04-06 10:03:00,4.55,4.75,4.05,4.05,255900,4559250,6.16
2020-04-06 10:04:00,4.05,4.05,3.80,3.85,220575,4559250,6.13
2020-04-06 10:05:00,3.90,3.90,3.50,3.55,211725,4643325,6.11
2020-04-06 10:06:00,3.60,3.95,3.60,3.95,136950,4643325,6.09
2020-04-06 10:07:00,3.95,4.00,3.80,3.80,144300,4643325,6.08
2020-04-06 10:08:00,3.80,4.00,3.65,3.90,97725,4714050,6.06
2020-04-06 10:09:00,3.95,4.25,3.85,4.05,125100,4714050,6.05
2020-04-06 10:10:00,4.05,4.50,4.05,4.25,231075,4714050,6.03
2020-04-06 10:11:00,4.20,4.35,3.85,3.95,130950,4755900,6.02
2020-04-06 10:12:00,4.05,4.10,3.65,3.85,135525,4755900,6.01
2020-04-06 10:13:00,3.75,3.80,3.45,3.45,211500,4755900,5.98
2020-04-06 10:14:00,3.40,3.55,3.25,3.50,205200,4916925,5.96
2020-04-06 10:15:00,3.50,3.70,3.40,3.50,125850,4916925,5.94
2020-04-06 10:16:00,3.55,3.75,3.45,3.60,206025,4916925,5.92
2020-04-06 10:17:00,3.65,3.85,3.60,3.70,123750,4947825,5.91
2020-04-06 10:18:00,3.80,3.80,3.50,3.55,108300,4947825,5.90
2020-04-06 10:19:00,3.50,3.85,3.50,3.85,171450,4947825,5.88
2020-04-06 10:20:00,3.85,3.90,3.50,3.70,169350,4989225,5.87
2020-04-06 10:21:00,3.65,3.70,3.50,3.70,150750,4989225,5.85
2020-04-06 10:22:00,3.70,4.00,3.60,3.90,156450,4989225,5.84
2020-04-06 10:23:00,3.90,4.10,3.75,3.75,169275,4993725,5.82
2020-04-06 10:24:00,3.80,3.95,3.75,3.95,118875,4993725,5.81
2020-04-06 10:25:00,3.90,3.95,3.75,3.80,91050,4993725,5.80
2020-04-06 10:26:00,3.85,4.20,3.85,4.20,139200,5010450,5.79
2020-04-06 10:27:00,4.15,4.40,3.95,3.95,192450,5010450,5.78
2020-04-06 10:28:00,3.95,4.30,3.90,4.30,144825,5010450,5.77
2020-04-06 10:29:00,4.35,4.35,3.95,4.10,141450,5081100,5.76
2020-04-06 10:30:00,4.05,4.10,3.65,3.70,175350,5081100,5.75
2020-04-06 10:31:00,3.70,3.85,3.65,3.70,118425,5081100,5.74
2020-04-06 10:32:00,3.65,3.75,3.50,3.70,131775,5188575,5.72
2020-04-06 10:33:00,3.65,3.80,3.50,3.80,115425,5188575,5.71
2020-04-06 10:34:00,3.80,3.90,3.70,3.80,105225,5188575,5.71
2020-04-06 10:35:00,3.85,3.85,3.50,3.70,107025,5170275,5.70
2020-04-06 10:36:00,3.70,3.85,3.60,3.70,94575,5170275,5.69
2020-04-06 10:37:00,3.75,3.80,3.65,3.70,92550,5170275,5.68
2020-04-06 10:38:00,3.75,3.90,3.70,3.80,137250,5216175,5.67
2020-04-06 10:39:00,3.90,4.10,3.85,3.85,200250,5216175,5.66
2020-04-06 10:40:00,3.85,3.90,3.70,3.80,125400,5216175,5.65
2020-04-06 10:41:00,3.80,4.05,3.70,3.75,128925,5253300,5.64
2020-04-06 10:42:00,3.70,3.75,3.60,3.70,114900,5253300,5.63
2020-04-06 10:43:00,3.60,3.60,3.40,3.45,199725,5253300,5.62
2020-04-06 10:44:00,3.45,3.55,3.30,3.50,183375,5408100,5.60
2020-04-06 10:45:00,3.50,3.65,3.40,3.40,136800,5408100,5.59
2020-04-06 10:46:00,3.40,3.55,3.35,3.50,122925,5408100,5.58
2020-04-06 10:47:00,3.45,3.55,3.35,3.40,97800,5454150,5.57
2020-04-06 10:48:00,3.40,3.55,3.40,3.40,95250,5454150,5.56
2020-04-06 10:49:00,3.40,3.45,2.60,2.80,363975,5454150,5.53
2020-04-06 10:50:00,2.80,2.85,2.50,2.60,266025,5514150,5.50
2020-04-06 10:51:00,2.55,2.60,2.25,2.40,332775,5514150,5.46
2020-04-06 10:52:00,2.40,2.45,2.10,2.20,286575,5514150,5.43
2020-04-06 10:53:00,2.15,2.45,2.10,2.45,243525,5522325,5.40
2020-04-06 10:54:00,2.45,2.70,2.40,2.60,126600,5522325,5.39
2020-04-06 10:55:00,2.65,2.90,2.65,2.75,180525,5522325,5.37
2020-04-06 10:56:00,2.75,2.80,2.65,2.65,118875,5524875,5.36
2020-04-06 10:57:00,2.65,2.65,2.55,2.60,100875,5524875,5.35
2020-04-06 10:58:00,2.55,2.65,2.50,2.60,141600,5524875,5.34
2020-04-06 10:59:00,2.60,2.65,2.55,2.60,105975,5578425,5.33
2020-04-06 11:00:00,2.55,2.60,2.30,2.35,188625,5578425,5.31
2020-04-06 11:01:00,2.35,2.45,2.30,2.45,118875,5578425,5.30
2020-04-06 11:02:00,2.45,2.45,2.30,2.30,109125,5600325,5.28
2020-04-06 11:03:00,2.35,2.35,2.00,2.05,303975,5600325,5.25
2020-04-06 11:04:00,2.00,2.10,1.70,1.75,439425,5600325,5.20
2020-04-06 11:05:00,1.75,1.95,1.75,1.95,227100,5722800,5.18
2020-04-06 11:06:00,1.95,1.95,1.80,1.85,198000,5722800,5.15
2020-04-06 11:07:00,1.85,1.90,1.75,1.75,232275,5722800,5.13
2020-04-06 11:08:00,1.75,1.80,1.60,1.75,313275,5810475,5.09
2020-04-06 11:09:00,1.75,1.80,1.60,1.70,278700,5810475,5.06
2020-04-06 11:10:00,1.70,1.75,1.60,1.75,190575,5810475,5.04
2020-04-06 11:11:00,1.70,1.75,1.70,1.75,150375,5772300,5.03
2020-04-06 11:12:00,1.75,1.90,1.75,1.80,199875,5772300,5.01
2020-04-06 11:13:00,1.80,1.85,1.70,1.75,169950,5772300,4.99
2020-04-06 11:14:00,1.75,1.90,1.75,1.85,102000,5795550,4.98
2020-04-06 11:15:00,1.85,2.00,1.80,1.95,232050,5795550,4.96
2020-04-06 11:16:00,1.95,1.95,1.80,1.85,125475,5795550,4.95
2020-04-06 11:17:00,1.90,1.95,1.80,1.85,170625,5905575,4.93
2020-04-06 11:18:00,1.85,1.90,1.60,1.60,299775,5905575,4.90
2020-04-06 11:19:00,1.60,1.65,1.45,1.60,312375,5905575,4.87
2020-04-06 11:20:00,1.55,1.60,1.40,1.45,229125,6043800,4.84
2020-04-06 11:21:00,1.45,1.55,1.40,1.45,199650,6043800,4.82
2020-04-06 11:22:00,1.40,1.50,1.20,1.20,349800,6043800,4.79
2020-04-06 11:23:00,1.25,1.30,1.15,1.25,333000,6058650,4.75
2020-04-06 11:24:00,1.30,1.30,1.15,1.25,321600,6058650,4.72
2020-04-06 11:25:00,1.20,1.35,1.20,1.35,314475,6058650,4.69
2020-04-06 11:26:00,1.35,1.40,1.30,1.35,196275,6042525,4.67
2020-04-06 11:27:00,1.35,1.45,1.25,1.25,200025,6042525,4.65
2020-04-06 11:28:00,1.25,1.30,1.20,1.20,288825,6042525,4.62
2020-04-06 11:29:00,1.25,1.35,1.25,1.30,219600,6053400,4.60
2020-04-06 11:30:00,1.35,1.35,1.10,1.20,309300,6053400,4.57
2020-04-06 11:31:00,1.20,1.20,1.10,1.15,313950,6053400,4.54
2020-04-06 11:32:00,1.15,1.25,1.10,1.20,326775,6083550,4.51
2020-04-06 11:33:00,1.20,1.30,1.15,1.30,246525,6083550,4.49
2020-04-06 11:34:00,1.25,1.35,1.20,1.25,225675,6083550,4.47
2020-04-06 11:35:00,1.25,1.30,1.15,1.15,248250,6063900,4.45
2020-04-06 11:36:00,1.15,1.20,1.05,1.15,327300,6063900,4.42
2020-04-06 11:37:00,1.15,1.15,1.05,1.10,332850,6063900,4.39
2020-04-06 11:38:00,1.15,1.15,0.95,0.95,382425,5999700,4.36
2020-04-06 11:39:00,1.00,1.00,0.90,0.95,251025,5999700,4.34
2020-04-06 11:40:00,1.00,1.10,1.00,1.10,239775,5999700,4.32
2020-04-06 11:41:00,1.10,1.20,1.05,1.15,271275,6001200,4.29
2020-04-06 11:42:00,1.15,1.25,1.10,1.15,208950,6001200,4.28
2020-04-06 11:43:00,1.20,1.25,1.15,1.25,220500,6001200,4.26
2020-04-06 11:44:00,1.20,1.25,1.10,1.10,206400,6014775,4.24
2020-04-06 11:45:00,1.10,1.15,1.00,1.00,266850,6014775,4.22
2020-04-06 11:46:00,1.00,1.05,0.90,0.90,321225,6014775,4.20
2020-04-06 11:47:00,0.90,1.00,0.90,0.90,372225,6078375,4.17
2020-04-06 11:48:00,0.85,0.95,0.80,0.85,413625,6078375,4.13
2020-04-06 11:49:00,0.90,0.90,0.80,0.85,293850,6078375,4.11
2020-04-06 11:50:00,0.85,0.90,0.75,0.90,358500,5991825,4.08
2020-04-06 11:51:00,0.85,0.90,0.80,0.85,202950,5991825,4.07
2020-04-06 11:52:00,0.85,0.90,0.85,0.90,93750,5991825,4.06
2020-04-06 11:53:00,0.85,0.90,0.80,0.80,141750,5949900,4.05
2020-04-06 11:54:00,0.80,0.85,0.75,0.75,248100,5949900,4.03
2020-04-06 11:55:00,0.75,0.85,0.75,0.85,221025,5949900,4.01
2020-04-06 11:56:00,0.80,0.85,0.80,0.80,119550,5892300,4.00
2020-04-06 11:57:00,0.80,0.85,0.80,0.85,108075,5892300,4.00
2020-04-06 11:58:00,0.85,0.90,0.80,0.80,323775,5892300,3.97
2020-04-06 11:59:00,0.80,0.90,0.80,0.80,263400,6000225,3.95
2020-04-06 12:00:00,0.80,0.90,0.80,0.85,205350,6000225,3.94
2020-04-06 12:01:00,0.85,0.85,0.80,0.80,98025,6000225,3.93
2020-04-06 12:02:00,0.80,0.85,0.75,0.75,244875,5956875,3.91
2020-04-06 12:03:00,0.80,0.80,0.75,0.80,87450,5956875,3.91
2020-04-06 12:04:00,0.80,0.80,0.70,0.70,156150,5956875,3.90
2020-04-06 12:05:00,0.70,0.75,0.70,0.75,107175,5967975,3.89
2020-04-06 12:06:00,0.70,0.75,0.70,0.75,192150,5967975,3.88
2020-04-06 12:07:00,0.75,0.75,0.65,0.75,283500,5967975,3.86
2020-04-06 12:08:00,0.70,0.75,0.65,0.70,153525,6023250,3.85
2020-04-06 12:09:00,0.70,0.75,0.65,0.70,139875,6023250,3.84
2020-04-06 12:10:00,0.65,0.70,0.65,0.65,221925,6023250,3.82
2020-04-06 12:11:00,0.70,0.70,0.60,0.65,148500,6055650,3.81
2020-04-06 12:12:00,0.65,0.65,0.60,0.65,86475,6055650,3.80
2020-04-06 12:13:00,0.60,0.65,0.55,0.60,346950,6055650,3.78
2020-04-06 12:14:00,0.60,0.60,0.55,0.55,124800,5958825,3.77
2020-04-06 12:15:00,0.55,0.60,0.50,0.55,360750,5958825,3.75
2020-04-06 12:16:00,0.60,0.60,0.55,0.55,281250,5958825,3.73
2020-04-06 12:17:00,0.55,0.60,0.50,0.55,172275,5819025,3.71
2020-04-06 12:18:00,0.55,0.55,0.50,0.55,120450,5819025,3.71
2020-04-06 12:19:00,0.50,0.55,0.50,0.55,97200,5819025,3.70
2020-04-06 12:20:00,0.50,0.55,0.50,0.50,90750,5759325,3.69
2020-04-06 12:21:00,0.55,0.55,0.50,0.55,72075,5759325,3.69
2020-04-06 12:22:00,0.50,0.55,0.50,0.50,138150,5759325,3.68
2020-04-06 12:23:00,0.55,0.55,0.50,0.55,143025,5652450,3.67
2020-04-06 12:24:00,0.55,0.55,0.50,0.50,147000,5652450,3.66
2020-04-06 12:25:00,0.50,0.55,0.50,0.55,63150,5652450,3.66
2020-04-06 12:26:00,0.55,0.55,0.50,0.55,109350,5572500,3.65
2020-04-06 12:27:00,0.55,0.60,0.50,0.55,82200,5572500,3.64
2020-04-06 12:28:00,0.55,0.60,0.50,0.55,204825,5572500,3.63
2020-04-06 12:29:00,0.55,0.55,0.50,0.50,63225,5520000,3.63
2020-04-06 12:30:00,0.55,0.60,0.50,0.60,174900,5520000,3.62
2020-04-06 12:31:00,0.60,0.60,0.55,0.60,83250,5520000,3.61
2020-04-06 12:32:00,0.55,0.60,0.55,0.60,109425,5503200,3.60
2020-04-06 12:33:00,0.55,0.60,0.55,0.55,68775,5503200,3.60
2020-04-06 12:34:00,0.60,0.60,0.55,0.60,102750,5503200,3.59
2020-04-06 12:35:00,0.55,0.60,0.55,0.55,69750,5453400,3.59
2020-04-06 12:36:00,0.60,0.65,0.55,0.60,389550,5453400,3.56
2020-04-06 12:37:00,0.60,0.65,0.55,0.55,252975,5453400,3.55
2020-04-06 12:38:00,0.55,0.60,0.50,0.55,210525,5550375,3.54
2020-04-06 12:39:00,0.55,0.55,0.50,0.55,169875,5550375,3.53
2020-04-06 12:40:00,0.55,0.55,0.50,0.50,31575,5550375,3.52
2020-04-06 12:41:00,0.55,0.55,0.50,0.55,108675,5580300,3.52
2020-04-06 12:42:00,0.50,0.55,0.50,0.50,118275,5580300,3.51
2020-04-06 12:43:00,0.50,0.55,0.50,0.50,24900,5580300,3.51
2020-04-06 12:44:00,0.55,0.55,0.50,0.50,36300,5629500,3.51
2020-04-06 12:45:00,0.55,0.55,0.50,0.55,78225,5629500,3.50
2020-04-06 12:46:00,0.50,0.55,0.50,0.50,65775,5629500,3.50
2020-04-06 12:47:00,0.50,0.55,0.50,0.50,21600,5661750,3.50
2020-04-06 12:48:00,0.50,0.55,0.50,0.55,45000,5661750,3.50
2020-04-06 12:49:00,0.50,0.55,0.50,0.50,18075,5661750,3.49
2020-04-06 12:50:00,0.55,0.55,0.50,0.55,37875,5637600,3.49
2020-04-06 12:51:00,0.55,0.55,0.45,0.50,162375,5637600,3.48
2020-04-06 12:52:00,0.45,0.50,0.45,0.50,41250,5637600,3.48
2020-04-06 12:53:00,0.45,0.50,0.45,0.45,76950,5560950,3.48
2020-04-06 12:54:00,0.45,0.50,0.45,0.45,42000,5560950,3.47
2020-04-06 12:55:00,0.50,0.50,0.45,0.45,21525,5560950,3.47
2020-04-06 12:56:00,0.50,0.55,0.50,0.50,183300,5560950,3.46
2020-04-06 12:57:00,0.50,0.55,0.45,0.45,99600,5439975,3.45
2020-04-06 12:58:00,0.50,0.50,0.45,0.45,29775,5439975,3.45
2020-04-06 12:59:00,0.50,0.50,0.45,0.50,35025,5439975,3.45
2020-04-06 13:00:00,0.50,0.50,0.45,0.45,44925,5398275,3.45
2020-04-06 13:01:00,0.45,0.55,0.45,0.50,86625,5398275,3.44
2020-04-06 13:02:00,0.55,0.55,0.50,0.50,63450,5398275,3.44
2020-04-06 13:03:00,0.50,0.55,0.50,0.55,30600,5353650,3.44
2020-04-06 13:04:00,0.50,0.55,0.50,0.55,54450,5353650,3.44
2020-04-06 13:05:00,0.55,0.55,0.50,0.50,43050,5353650,3.43
2020-04-06 13:06:00,0.50,0.55,0.50,0.55,61650,5304600,3.43
2020-04-06 13:07:00,0.50,0.50,0.45,0.50,148425,5304600,3.42
2020-04-06 13:08:00,0.45,0.50,0.45,0.50,30750,5304600,3.42
2020-04-06 13:09:00,0.45,0.50,0.45,0.50,10800,5242800,3.42
2020-04-06 13:10:00,0.50,0.50,0.40,0.40,168225,5242800,3.41
2020-04-06 13:11:00,0.40,0.45,0.40,0.40,66600,5242800,3.40
2020-04-06 13:12:00,0.40,0.45,0.40,0.40,43950,5190675,3.40
2020-04-06 13:13:00,0.40,0.45,0.35,0.35,169200,5190675,3.39
2020-04-06 13:14:00,0.35,0.40,0.35,0.40,66825,5190675,3.39
2020-04-06 13:15:00,0.35,0.35,0.30,0.35,217800,5105475,3.38
2020-04-06 13:16:00,0.30,0.35,0.30,0.30,66300,5105475,3.37
2020-04-06 13:17:00,0.35,0.35,0.30,0.35,46050,5105475,3.37
2020-04-06 13:18:00,0.30,0.35,0.30,0.35,71850,5055300,3.37
2020-04-06 13:19:00,0.30,0.35,0.30,0.35,57600,5055300,3.36
2020-04-06 13:20:00,0.35,0.35,0.30,0.30,53625,5055300,3.36
2020-04-06 13:21:00,0.30,0.35,0.30,0.30,41325,4979550,3.36
2020-04-06 13:22:00,0.35,0.35,0.30,0.30,102075,4979550,3.35
2020-04-06 13:23:00,0.30,0.35,0.25,0.25,141825,4979550,3.34
2020-04-06 13:24:00,0.30,0.30,0.25,0.25,40725,4892400,3.34
2020-04-06 13:25:00,0.25,0.30,0.25,0.25,137025,4892400,3.33
2020-04-06 13:26:00,0.30,0.30,0.25,0.30,51750,4892400,3.33
2020-04-06 13:27:00,0.30,0.30,0.25,0.25,46425,4805700,3.33
2020-04-06 13:28:00,0.30,0.35,0.25,0.30,175275,4805700,3.32
2020-04-06 13:29:00,0.30,0.35,0.30,0.30,69525,4805700,3.31
2020-04-06 13:30:00,0.30,0.35,0.30,0.35,56700,4736175,3.31
2020-04-06 13:31:00,0.40,0.40,0.35,0.35,113475,4736175,3.30
2020-04-06 13:32:00,0.40,0.40,0.35,0.40,51525,4736175,3.30
2020-04-06 13:33:00,0.35,0.40,0.35,0.40,56550,4680675,3.30
2020-04-06 13:34:00,0.40,0.45,0.35,0.40,64500,4680675,3.29
2020-04-06 13:35:00,0.40,0.40,0.30,0.35,104850,4680675,3.29
2020-04-06 13:36:00,0.30,0.35,0.30,0.35,30975,4703925,3.29
2020-04-06 13:37:00,0.35,0.40,0.30,0.40,135000,4703925,3.28
2020-04-06 13:38:00,0.35,0.45,0.35,0.40,76350,4703925,3.28
2020-04-06 13:39:00,0.35,0.40,0.35,0.40,34575,4676100,3.27
2020-04-06 13:40:00,0.40,0.40,0.35,0.40,12075,4676100,3.27
2020-04-06 13:41:00,0.40,0.40,0.30,0.35,170250,4676100,3.26
2020-04-06 13:42:00,0.40,0.50,0.35,0.50,199875,4655400,3.25
2020-04-06 13:43:00,0.45,0.65,0.45,0.55,161775,4655400,3.25
2020-04-06 13:44:00,0.60,0.70,0.55,0.60,241950,4655400,3.23
2020-04-06 13:45:00,0.60,0.70,0.55,0.60,179175,4621125,3.23
2020-04-06 13:46:00,0.65,0.65,0.55,0.60,212625,4621125,3.22
2020-04-06 13:47:00,0.55,0.55,0.40,0.40,205050,4621125,3.21
2020-04-06 13:48:00,0.45,0.50,0.40,0.50,190050,4659900,3.20
2020-04-06 13:49:00,0.50,0.55,0.45,0.45,87300,4659900,3.19
2020-04-06 13:50:00,0.50,0.50,0.40,0.40,101325,4659900,3.19
2020-04-06 13:51:00,0.35,0.40,0.35,0.35,76575,4634625,3.18
2020-04-06 13:52:00,0.35,0.35,0.30,0.30,104400,4634625,3.18
2020-04-06 13:53:00,0.30,0.30,0.25,0.30,172650,4634625,3.17
2020-04-06 13:54:00,0.25,0.35,0.25,0.35,121350,4666425,3.16
2020-04-06 13:55:00,0.35,0.35,0.30,0.30,44400,4666425,3.16
2020-04-06 13:56:00,0.35,0.35,0.30,0.30,19125,4666425,3.16
2020-04-06 13:57:00,0.30,0.35,0.25,0.30,159900,4625175,3.15
2020-04-06 13:58:00,0.35,0.35,0.30,0.35,29925,4625175,3.15
2020-04-06 13:59:00,0.35,0.40,0.30,0.35,102600,4625175,3.14
2020-04-06 14:00:00,0.30,0.35,0.30,0.30,22350,4579875,3.14
2020-04-06 14:01:00,0.35,0.35,0.30,0.30,36975,4579875,3.14
2020-04-06 14:02:00,0.35,0.35,0.30,0.30,46350,4579875,3.14
2020-04-06 14:03:00,0.30,0.35,0.30,0.30,47025,4563000,3.14
2020-04-06 14:04:00,0.30,0.40,0.30,0.35,93675,4563000,3.13
2020-04-06 14:05:00,0.35,0.40,0.30,0.35,96225,4563000,3.13
2020-04-06 14:06:00,0.30,0.35,0.30,0.30,76950,4570575,3.12
2020-04-06 14:07:00,0.35,0.35,0.25,0.30,177825,4570575,3.12
2020-04-06 14:08:00,0.30,0.30,0.25,0.25,66600,4570575,3.11
2020-04-06 14:09:00,0.30,0.30,0.25,0.25,47475,4592925,3.11
2020-04-06 14:10:00,0.25,0.30,0.25,0.30,49500,4592925,3.11
2020-04-06 14:11:00,0.30,0.30,0.25,0.30,53175,4592925,3.10
2020-04-06 14:12:00,0.30,0.30,0.25,0.25,57750,4543950,3.10
2020-04-06 14:13:00,0.25,0.30,0.25,0.30,89475,4543950,3.10
2020-04-06 14:14:00,0.30,0.30,0.20,0.25,176475,4543950,3.09
2020-04-06 14:15:00,0.20,0.25,0.20,0.25,89475,4543200,3.08
2020-04-06 14:16:00,0.20,0.25,0.15,0.20,211200,4543200,3.07
2020-04-06 14:17:00,0.15,0.20,0.15,0.20,147000,4543200,3.07
2020-04-06 14:18:00,0.15,0.20,0.15,0.20,80850,4462650,3.06
2020-04-06 14:19:00,0.20,0.20,0.15,0.15,92475,4462650,3.06
2020-04-06 14:20:00,0.15,0.20,0.15,0.15,58425,4462650,3.05
2020-04-06 14:21:00,0.15,0.20,0.15,0.15,82275,4459425,3.05
2020-04-06 14:22:00,0.15,0.20,0.15,0.20,80700,4459425,3.05
2020-04-06 14:23:00,0.20,0.20,0.15,0.20,49200,4459425,3.04
2020-04-06 14:24:00,0.20,0.25,0.15,0.25,198375,4322850,3.03
2020-04-06 14:25:00,0.25,0.25,0.20,0.20,56400,4322850,3.03
2020-04-06 14:26:00,0.25,0.25,0.20,0.20,67275,4322850,3.03
2020-04-06 14:27:00,0.20,0.25,0.20,0.25,40200,4290825,3.03
2020-04-06 14:28:00,0.25,0.25,0.20,0.20,105675,4290825,3.02
2020-04-06 14:29:00,0.20,0.25,0.15,0.15,130425,4290825,3.02
2020-04-06 14:30:00,0.15,0.20,0.15,0.15,20925,4245825,3.01
2020-04-06 14:31:00,0.15,0.25,0.15,0.20,67875,4245825,3.01
2020-04-06 14:32:00,0.25,0.25,0.15,0.20,52125,4245825,3.01
2020-04-06 14:33:00,0.25,0.25,0.15,0.20,69750,4202700,3.01
2020-04-06 14:34:00,0.20,0.20,0.15,0.20,41700,4202700,3.00
2020-04-06 14:35:00,0.15,0.20,0.15,0.15,60750,4202700,3.00
2020-04-06 14:36:00,0.15,0.20,0.15,0.15,73500,4226775,3.00
2020-04-06 14:37:00,0.15,0.20,0.15,0.15,31800,4226775,3.00
2020-04-06 14:38:00,0.15,0.20,0.15,0.15,89250,4226775,2.99
2020-04-06 14:39:00,0.15,0.20,0.15,0.15,15000,4175700,2.99
2020-04-06 14:40:00,0.20,0.20,0.15,0.15,48450,4175700,2.99
2020-04-06 14:41:00,0.15,0.20,0.15,0.15,52725,4175700,2.99
2020-04-06 14:42:00,0.15,0.20,0.15,0.20,51000,4152000,2.98
2020-04-06 14:43:00,0.15,0.20,0.15,0.15,86625,4152000,2.98
2020-04-06 14:44:00,0.15,0.20,0.15,0.15,68775,4152000,2.98
2020-04-06 14:45:00,0.15,0.20,0.10,0.10,150450,4065150,2.97
2020-04-06 14:46:00,0.10,0.15,0.10,0.10,65775,4065150,2.97
2020-04-06 14:47:00,0.10,0.15,0.10,0.10,28800,4065150,2.97
2020-04-06 14:48:00,0.10,0.15,0.10,0.15,54000,4033050,2.96
2020-04-06 14:49:00,0.15,0.15,0.10,0.10,45450,4033050,2.96
2020-04-06 14:50:00,0.10,0.15,0.10,0.10,70875,4033050,2.96
2020-04-06 14:51:00,0.15,0.15,0.10,0.10,74250,4038225,2.95
2020-04-06 14:52:00,0.10,0.15,0.10,0.10,241200,4038225,2.94
2020-04-06 14:53:00,0.10,0.15,0.05,0.05,197025,4038225,2.93
2020-04-06 14:54:00,0.10,0.10,0.05,0.05,79875,3897000,2.93
2020-04-06 14:55:00,0.05,0.10,0.05,0.05,55950,3897000,2.93
2020-04-06 14:56:00,0.05,0.10,0.05,0.05,16800,3897000,2.93
2020-04-06 14:57:00,0.10,0.10,0.05,0.05,37275,3862950,2.92
2020-04-06 14:58:00,0.10,0.10,0.05,0.05,56400,3862950,2.92
2020-04-06 14:59:00,0.10,0.10,0.05,0.05,45075,3862950,2.92
2020-04-06 15:00:00,0.05,0.10,0.05,0.05,23550,3783600,2.92
2020-04-06 15:01:00,0.10,0.10,0.05,0.05,34050,3783600,2.92
2020-04-06 15:02:00,0.05,0.10,0.05,0.05,18000,3783600,2.92
2020-04-06 15:03:00,0.05,0.10,0.05,0.10,51900,3706875,2.91
2020-04-06 15:04:00,0.05,0.10,0.05,0.05,47025,3706875,2.91
2020-04-06 15:05:00,0.05,0.10,0.05,0.10,63525,3706875,2.91
2020-04-06 15:06:00,0.05,0.10,0.05,0.10,68775,3711825,2.91
2020-04-06 15:07:00,0.05,0.10,0.05,0.05,34050,3711825,2.90
2020-04-06 15:08:00,0.05,0.10,0.05,0.10,63150,3711825,2.90
2020-04-06 15:09:00,0.05,0.10,0.05,0.10,18675,3685425,2.90
2020-04-06 15:10:00,0.10,0.10,0.05,0.05,49050,3685425,2.90
2020-04-06 15:11:00,0.10,0.10,0.05,0.10,48900,3685425,2.90
2020-04-06 15:12:00,0.10,0.10,0.05,0.10,27975,3695175,2.89
2020-04-06 15:13:00,0.10,0.10,0.05,0.05,37200,3695175,2.89
2020-04-06 15:14:00,0.05,0.10,0.05,0.10,31800,3695175,2.89
2020-04-06 15:15:00,0.05,0.10,0.05,0.05,56550,3620550,2.89
2020-04-06 15:16:00,0.10,0.10,0.05,0.05,50250,3620550,2.89
2020-04-06 15:17:00,0.05,0.10,0.05,0.10,145275,3620550,2.88
2020-04-06 15:18:00,0.05,0.10,0.05,0.05,236775,3430425,2.87
2020-04-06 15:19:00,0.10,0.10,0.05,0.05,86175,3430425,2.87
2020-04-06 15:20:00,0.10,0.10,0.05,0.05,34275,3430425,2.86
2020-04-06 15:21:00,0.05,0.10,0.05,0.05,53475,3154800,2.86
2020-04-06 15:22:00,0.05,0.10,0.05,0.05,24900,3154800,2.86
2020-04-06 15:23:00,0.10,0.10,0.05,0.05,33300,3154800,2.86
2020-04-06 15:24:00,0.05,0.05,0.05,0.05,14250,3081000,2.86
2020-04-06 15:25:00,0.05,0.10,0.05,0.05,86025,3081000,2.85
2020-04-06 15:26:00,0.05,0.05,0.05,0.05,6525,3081000,2.85
2020-04-06 15:27:00,0.05,0.05,0.05,0.05,1950,3002475,2.85
2020-04-06 15:28:00,0.05,0.05,0.05,0.05,3750,3002475,2.85
2020-04-06 15:29:01,0.05,0.05,0.05,0.05,1500,3002475,2.85
