date,open,high,low,close,volume,oi
2018-11-27 15:25:00,839.00,839.00,839.00,839.00,0,0
2018-11-27 15:26:00,839.00,839.00,839.00,839.00,0,0
2018-11-27 15:27:00,839.00,839.00,839.00,839.00,0,0
2018-11-27 15:28:00,839.00,839.00,839.00,839.00,0,20
2018-11-27 15:29:01,815.85,815.85,815.85,815.85,0,0
2018-11-28 13:28:00,800.00,800.00,800.00,800.00,0,40
2018-11-28 13:29:00,800.00,800.00,800.00,800.00,0,0
2018-11-28 13:30:00,800.00,800.00,800.00,800.00,0,0
2018-11-28 13:31:00,800.00,800.00,800.00,800.00,0,0
2018-11-28 13:32:00,800.00,800.00,800.00,800.00,0,0
2018-11-28 13:33:00,800.00,800.00,800.00,800.00,0,80
2018-11-28 13:34:00,800.00,800.00,800.00,800.00,0,0
2018-11-28 13:35:00,800.00,800.00,800.00,800.00,0,0
2018-11-28 13:36:00,800.00,800.00,756.50,756.50,20,120
2018-11-28 13:37:00,756.50,756.50,756.50,756.50,0,0
2018-11-28 13:38:00,756.50,756.50,756.50,756.50,0,0
2018-11-28 13:39:00,756.50,756.50,756.50,756.50,0,0
2018-11-28 13:40:00,756.50,756.50,756.50,756.50,0,0
2018-11-28 13:41:00,756.50,756.50,756.50,756.50,0,0
2018-11-28 13:42:00,756.50,756.50,756.50,756.50,0,0
2018-11-28 13:43:00,756.50,756.50,756.50,756.50,0,0
2018-11-28 13:44:00,756.50,756.50,756.50,756.50,0,0
2018-11-28 13:45:00,756.50,756.50,756.50,756.50,0,0
2018-11-28 13:46:00,756.50,756.50,756.50,756.50,0,0
2018-11-28 13:47:00,756.50,756.50,756.50,756.50,0,0
2018-11-28 13:48:00,756.50,756.50,756.50,756.50,0,0
2018-11-28 13:49:00,756.50,756.50,756.50,756.50,0,0
2018-11-28 13:50:00,756.50,756.50,756.50,756.50,0,0
2018-11-28 13:51:00,756.50,756.50,756.50,756.50,0,0
2018-11-28 13:52:00,756.50,756.50,756.50,756.50,0,0
2018-11-28 13:53:00,756.50,756.50,756.50,756.50,0,0
2018-11-28 13:54:00,756.50,756.50,756.50,756.50,0,0
2018-11-28 13:55:00,756.50,756.50,756.50,756.50,0,0
2018-11-28 13:56:00,756.50,756.50,756.50,756.50,0,0
2018-11-28 13:57:00,756.50,756.50,756.50,756.50,0,0
2018-11-28 13:58:00,756.50,756.50,756.50,756.50,0,0
2018-11-28 13:59:00,756.50,756.50,756.50,756.50,0,0
2018-11-28 14:00:00,756.50,756.50,756.50,756.50,0,0
2018-11-28 14:01:00,756.50,756.50,756.50,756.50,0,0
2018-11-28 14:02:00,756.50,756.50,756.50,756.50,0,0
2018-11-28 14:03:00,756.50,756.50,756.50,756.50,0,0
2018-11-28 14:04:00,756.50,756.50,756.50,756.50,0,0
2018-11-28 14:05:00,756.50,756.50,756.50,756.50,0,0
2018-11-28 14:06:00,756.50,756.50,756.50,756.50,0,0
2018-11-28 14:07:00,756.50,756.50,756.50,756.50,0,0
2018-11-28 14:08:00,756.50,756.50,756.50,756.50,0,0
2018-11-28 14:09:00,756.50,756.50,756.50,756.50,0,0
2018-11-28 14:10:00,756.50,756.50,756.50,756.50,0,0
2018-11-28 14:11:00,756.50,756.50,756.50,756.50,0,0
2018-11-28 14:12:00,756.50,756.50,756.50,756.50,0,0
2018-11-28 14:13:00,756.50,756.50,756.50,756.50,0,0
2018-11-28 14:14:00,756.50,756.50,756.50,756.50,0,0
2018-11-28 14:15:00,756.50,756.50,756.50,756.50,0,0
2018-11-28 14:16:00,756.50,756.50,756.50,756.50,0,0
2018-11-28 14:17:00,756.50,756.50,756.50,756.50,0,0
2018-11-28 14:18:00,756.50,756.50,756.50,756.50,0,0
2018-11-28 14:19:00,756.50,756.50,756.50,756.50,0,0
2018-11-28 14:20:00,756.50,756.50,756.50,756.50,0,0
2018-11-28 14:21:00,756.50,756.50,756.50,756.50,0,0
2018-11-28 14:22:00,756.50,756.50,756.50,756.50,0,0
2018-11-28 14:23:00,756.50,756.50,756.50,756.50,0,0
2018-11-28 14:24:00,756.50,756.50,756.50,756.50,0,0
2018-11-28 14:25:00,756.50,756.50,756.50,756.50,0,0
2018-11-28 14:26:00,756.50,756.50,756.50,756.50,0,0
2018-11-28 14:27:00,756.50,756.50,756.50,756.50,0,0
2018-11-28 14:28:00,756.50,756.50,756.50,756.50,0,0
2018-11-28 14:29:00,756.50,756.50,756.50,756.50,0,0
2018-11-28 14:30:00,756.50,756.50,756.50,756.50,0,0
2018-11-28 14:31:00,756.50,756.50,756.50,756.50,0,0
2018-11-28 14:32:00,756.50,756.50,756.50,756.50,0,0
2018-11-28 14:33:00,756.50,756.50,756.50,756.50,0,0
2018-11-28 14:34:00,756.50,756.50,756.50,756.50,0,0
2018-11-28 14:35:00,756.50,756.50,756.50,756.50,0,0
2018-11-28 14:36:00,756.50,756.50,756.50,756.50,0,0
2018-11-28 14:37:00,756.50,756.50,756.50,756.50,0,0
2018-11-28 14:38:00,756.50,756.50,756.50,756.50,0,0
2018-11-28 14:39:00,756.50,756.50,756.50,756.50,0,0
2018-11-28 14:40:00,756.50,756.50,756.50,756.50,0,0
2018-11-28 14:41:00,756.50,756.50,756.50,756.50,0,0
2018-11-28 14:42:00,756.50,756.50,756.50,756.50,0,0
2018-11-28 14:43:00,756.50,756.50,756.50,756.50,0,0
2018-11-28 14:44:00,756.50,756.50,756.50,756.50,0,0
2018-11-28 14:45:00,756.50,756.50,756.50,756.50,0,0
2018-11-28 14:46:00,756.50,756.50,756.50,756.50,0,0
2018-11-28 14:47:00,756.50,756.50,756.50,756.50,0,0
2018-11-28 14:48:00,756.50,756.50,756.50,756.50,0,0
2018-11-28 14:49:00,756.50,756.50,756.50,756.50,0,0
2018-11-28 14:50:00,756.50,756.50,756.50,756.50,0,0
2018-11-28 14:51:00,756.50,756.50,756.50,756.50,0,0
2018-11-28 14:52:00,756.50,756.50,756.50,756.50,0,0
2018-11-28 14:53:00,756.50,756.50,756.50,756.50,0,0
2018-11-28 14:54:00,756.50,756.50,756.50,756.50,0,0
2018-11-28 14:55:00,756.50,756.50,756.50,756.50,0,0
2018-11-28 14:56:00,756.50,756.50,756.50,756.50,0,0
2018-11-28 14:57:00,756.50,756.50,756.50,756.50,0,0
2018-11-28 14:58:00,756.50,756.50,756.50,756.50,0,0
2018-11-28 14:59:00,756.50,756.50,756.50,756.50,0,0
2018-11-28 15:00:00,756.50,756.50,756.50,756.50,0,0
2018-11-28 15:01:00,756.50,756.50,756.50,756.50,0,0
2018-11-28 15:02:00,756.50,756.50,756.50,756.50,0,0
2018-11-28 15:03:00,756.50,756.50,756.50,756.50,0,0
2018-11-28 15:04:00,756.50,756.50,756.50,756.50,0,0
2018-11-28 15:05:00,756.50,756.50,756.50,756.50,0,0
2018-11-28 15:06:00,756.50,756.50,756.50,756.50,0,0
2018-11-28 15:07:00,756.50,756.50,756.50,756.50,0,0
2018-11-28 15:08:00,756.50,756.50,756.50,756.50,0,0
2018-11-28 15:09:00,756.50,756.50,756.50,756.50,0,0
2018-11-28 15:10:00,756.50,756.50,756.50,756.50,0,0
2018-11-28 15:11:00,756.50,756.50,756.50,756.50,0,0
2018-11-28 15:12:00,756.50,756.50,756.50,756.50,0,0
2018-11-28 15:13:00,756.50,756.50,756.50,756.50,0,0
2018-11-28 15:14:00,756.50,756.50,756.50,756.50,0,0
2018-11-28 15:15:00,756.50,756.50,756.50,756.50,0,0
2018-11-28 15:16:00,756.50,756.50,756.50,756.50,0,0
2018-11-28 15:17:00,756.50,756.50,756.50,756.50,0,0
2018-11-28 15:18:00,756.50,756.50,756.50,756.50,0,0
2018-11-28 15:19:00,756.50,756.50,756.50,756.50,0,0
2018-11-28 15:20:00,756.50,756.50,756.50,756.50,0,0
2018-11-28 15:21:00,756.50,756.50,756.50,756.50,0,0
2018-11-28 15:22:00,756.50,756.50,756.50,756.50,0,0
2018-11-28 15:23:00,756.50,756.50,756.50,756.50,0,0
2018-11-28 15:24:00,756.50,756.50,756.50,756.50,0,0
2018-11-28 15:25:00,756.50,756.50,756.50,756.50,0,0
2018-11-28 15:26:00,756.50,756.50,756.50,756.50,0,0
2018-11-28 15:27:00,756.50,756.50,756.50,756.50,0,0
2018-11-28 15:28:00,756.50,756.50,756.50,756.50,0,0
2018-11-28 15:29:01,756.50,756.50,756.50,756.50,0,0
2018-11-29 14:31:00,975.00,975.00,975.00,975.00,0,120
2018-11-29 14:32:00,975.00,975.00,975.00,975.00,0,0
2018-11-29 14:33:00,975.00,975.00,975.00,975.00,0,0
2018-11-29 14:34:00,975.00,975.00,975.00,975.00,0,0
2018-11-29 14:35:00,975.00,975.00,975.00,975.00,0,0
2018-11-29 14:36:00,975.00,975.00,975.00,975.00,0,0
2018-11-29 14:37:00,975.00,975.00,975.00,975.00,0,0
2018-11-29 14:38:00,975.00,975.00,950.00,950.00,20,120
2018-11-29 14:39:00,950.00,950.00,950.00,950.00,0,0
2018-11-29 14:40:00,950.00,950.00,950.00,950.00,0,0
2018-11-29 14:41:00,950.00,950.00,950.00,950.00,0,0
2018-11-29 14:42:00,950.00,950.00,950.00,950.00,0,0
2018-11-29 14:43:00,950.00,950.00,950.00,950.00,0,0
2018-11-29 14:44:00,950.00,950.00,950.00,950.00,0,0
2018-11-29 14:45:00,950.00,950.00,950.00,950.00,0,0
2018-11-29 14:46:00,950.00,950.00,950.00,950.00,0,0
2018-11-29 14:47:00,950.00,950.00,950.00,950.00,0,0
2018-11-29 14:48:00,950.00,950.00,950.00,950.00,0,0
2018-11-29 14:49:00,950.00,950.00,950.00,950.00,0,0
2018-11-29 14:50:00,950.00,950.00,950.00,950.00,0,0
2018-11-29 14:51:00,950.00,950.00,950.00,950.00,20,120
2018-11-29 14:52:00,950.00,950.00,950.00,950.00,0,0
2018-11-29 14:53:00,950.00,950.00,950.00,950.00,0,0
2018-11-29 14:54:00,950.00,950.00,950.00,950.00,0,0
2018-11-29 14:55:00,950.00,950.00,950.00,950.00,0,0
2018-11-29 14:56:00,950.00,950.00,950.00,950.00,0,0
2018-11-29 14:57:00,950.00,950.00,950.00,950.00,0,0
2018-11-29 14:58:00,950.00,950.00,950.00,950.00,0,0
2018-11-29 14:59:00,950.00,950.00,950.00,950.00,0,0
2018-11-29 15:00:00,950.00,950.00,950.00,950.00,0,0
2018-11-29 15:01:00,950.00,950.00,950.00,950.00,0,0
2018-11-29 15:02:00,950.00,950.00,950.00,950.00,0,0
2018-11-29 15:03:00,950.00,950.00,950.00,950.00,0,0
2018-11-29 15:04:00,950.00,950.00,950.00,950.00,0,0
2018-11-29 15:05:00,950.00,950.00,950.00,950.00,0,0
2018-11-29 15:06:00,950.00,950.00,950.00,950.00,0,0
2018-11-29 15:07:00,950.00,950.00,950.00,950.00,0,0
2018-11-29 15:08:00,950.00,950.00,950.00,950.00,0,0
2018-11-29 15:09:00,950.00,950.00,950.00,950.00,0,0
2018-11-29 15:10:00,950.00,950.00,950.00,950.00,0,0
2018-11-29 15:11:00,950.00,950.00,950.00,950.00,0,0
2018-11-29 15:12:00,950.00,950.00,950.00,950.00,0,0
2018-11-29 15:13:00,950.00,950.00,950.00,950.00,0,0
2018-11-29 15:14:00,950.00,950.00,950.00,950.00,0,0
2018-11-29 15:15:00,950.00,950.00,950.00,950.00,0,0
2018-11-29 15:16:00,950.00,950.00,950.00,950.00,0,0
2018-11-29 15:17:00,950.00,950.00,950.00,950.00,0,0
2018-11-29 15:18:00,950.00,950.00,950.00,950.00,0,0
2018-11-29 15:19:00,950.00,950.00,950.00,950.00,0,0
2018-11-29 15:20:00,950.00,950.00,950.00,950.00,0,0
2018-11-29 15:21:00,950.00,950.00,950.00,950.00,0,0
2018-11-29 15:22:00,950.00,950.00,950.00,950.00,0,0
2018-11-29 15:23:00,950.00,950.00,950.00,950.00,0,0
2018-11-29 15:24:00,950.00,950.00,950.00,950.00,0,0
2018-11-29 15:25:00,950.00,970.00,950.00,970.00,20,120
2018-11-29 15:26:00,970.00,970.00,970.00,970.00,0,0
2018-11-29 15:27:00,970.00,970.00,970.00,970.00,0,0
2018-11-29 15:28:00,970.00,970.00,970.00,970.00,0,0
2018-11-29 15:29:01,970.00,970.00,970.00,970.00,0,0
2018-11-30 09:58:00,1061.85,1061.85,1061.85,1061.85,0,140
2018-11-30 09:59:00,1061.85,1061.85,1061.85,1061.85,0,0
2018-11-30 10:00:00,1061.85,1061.85,1061.85,1061.85,0,0
2018-11-30 10:01:00,1061.85,1061.85,1061.85,1061.85,0,0
2018-11-30 10:02:00,1040.00,1040.00,1040.00,1040.00,0,160
2018-11-30 10:03:00,1040.00,1064.55,1040.00,1064.55,40,160
2018-11-30 10:04:00,1064.55,1064.55,1064.55,1064.55,0,0
2018-11-30 10:05:00,1064.55,1064.55,1064.55,1064.55,0,0
2018-11-30 10:06:00,1064.55,1064.55,1064.55,1064.55,0,0
2018-11-30 10:07:00,1064.55,1064.55,1064.55,1064.55,0,0
2018-11-30 10:08:00,1064.55,1064.55,1064.55,1064.55,0,0
2018-11-30 10:09:00,1064.55,1064.55,1064.55,1064.55,0,0
2018-11-30 10:10:00,1064.55,1064.55,1064.55,1064.55,0,0
2018-11-30 10:11:00,1064.55,1064.55,1064.55,1064.55,0,0
2018-11-30 10:12:00,1064.55,1064.55,1064.55,1064.55,0,0
2018-11-30 10:13:00,1064.55,1064.55,1064.55,1064.55,0,0
2018-11-30 10:14:00,1064.55,1064.55,1064.55,1064.55,0,0
2018-11-30 10:15:00,1064.55,1064.55,1064.55,1064.55,0,0
2018-11-30 10:16:00,1064.55,1064.55,1064.55,1064.55,0,0
2018-11-30 10:17:00,1064.55,1064.55,1064.55,1064.55,0,0
2018-11-30 10:18:00,1064.55,1064.55,1064.55,1064.55,0,0
2018-11-30 10:19:00,1064.55,1064.55,1064.55,1064.55,0,0
2018-11-30 10:20:00,1064.55,1064.55,1064.55,1064.55,0,0
2018-11-30 10:21:00,1064.55,1064.55,1064.55,1064.55,0,0
2018-11-30 10:22:00,1064.55,1064.55,1064.55,1064.55,0,0
2018-11-30 10:23:00,1064.55,1064.55,1064.55,1064.55,0,0
2018-11-30 10:24:00,1064.55,1064.55,1064.55,1064.55,0,0
2018-11-30 10:25:00,1064.55,1064.55,1064.55,1064.55,0,0
2018-11-30 10:26:00,1064.55,1064.55,1064.55,1064.55,0,0
2018-11-30 10:27:00,1064.55,1064.55,1064.55,1064.55,0,0
2018-11-30 10:28:00,1064.55,1064.55,1064.55,1064.55,0,0
2018-11-30 10:29:00,1064.55,1064.55,1064.55,1064.55,0,0
2018-11-30 10:30:00,1064.55,1064.55,1064.55,1064.55,0,0
2018-11-30 10:31:00,1064.55,1064.55,1064.55,1064.55,0,0
2018-11-30 10:32:00,1064.55,1064.55,1064.55,1064.55,0,0
2018-11-30 10:33:00,1064.55,1064.55,1064.55,1064.55,0,0
2018-11-30 10:34:00,1064.55,1064.55,1064.55,1064.55,0,0
2018-11-30 10:35:00,1064.55,1064.55,1064.55,1064.55,0,0
2018-11-30 10:36:00,1064.55,1064.55,1064.55,1064.55,0,0
2018-11-30 10:37:00,1064.55,1064.55,1064.55,1064.55,0,0
2018-11-30 10:38:00,1064.55,1064.55,1064.55,1064.55,0,0
2018-11-30 10:39:00,1064.55,1064.55,1064.55,1064.55,0,0
2018-11-30 10:40:00,1064.55,1064.55,1064.55,1064.55,0,0
2018-11-30 10:41:00,1064.55,1064.55,1064.55,1064.55,0,0
2018-11-30 10:42:00,1064.55,1064.55,1064.55,1064.55,0,0
2018-11-30 10:43:00,1064.55,1064.55,1064.55,1064.55,0,0
2018-11-30 10:44:00,1064.55,1064.55,1064.55,1064.55,0,0
2018-11-30 10:45:00,1064.55,1064.55,1064.55,1064.55,0,0
2018-11-30 10:46:00,1064.55,1064.55,1064.55,1064.55,0,0
2018-11-30 10:47:00,1064.55,1064.55,1064.55,1064.55,0,0
2018-11-30 10:48:00,1064.55,1064.55,1064.55,1064.55,0,0
2018-11-30 10:49:00,1064.55,1064.55,1064.55,1064.55,0,0
2018-11-30 10:50:00,1064.55,1064.55,1064.55,1064.55,0,0
2018-11-30 10:51:00,1064.55,1064.55,1064.55,1064.55,0,0
2018-11-30 10:52:00,1064.55,1064.55,1064.55,1064.55,0,0
2018-11-30 10:53:00,1064.55,1064.55,1064.55,1064.55,0,0
2018-11-30 10:54:00,1064.55,1064.55,1064.55,1064.55,0,0
2018-11-30 10:55:00,1064.55,1064.55,1064.55,1064.55,0,0
2018-11-30 10:56:00,1064.55,1064.55,1064.55,1064.55,0,0
2018-11-30 10:57:00,1064.55,1064.55,1064.55,1064.55,0,0
2018-11-30 10:58:00,1064.55,1064.55,1064.55,1064.55,0,0
2018-11-30 10:59:00,1064.55,1064.55,1064.55,1064.55,0,0
2018-11-30 11:00:00,1064.55,1064.55,1064.55,1064.55,0,0
2018-11-30 11:01:00,1064.55,1064.55,1064.55,1064.55,0,0
2018-11-30 11:02:00,1064.55,1064.55,1064.55,1064.55,0,0
2018-11-30 11:03:00,1064.55,1064.55,1064.55,1064.55,0,0
2018-11-30 11:04:00,1064.55,1064.55,1064.55,1064.55,0,0
2018-11-30 11:05:00,1064.55,1064.55,1064.55,1064.55,0,0
2018-11-30 11:06:00,1064.55,1064.55,1064.55,1064.55,0,0
2018-11-30 11:07:00,1064.55,1064.55,1064.55,1064.55,0,0
2018-11-30 11:08:00,1064.55,1064.55,1064.55,1064.55,0,0
2018-11-30 11:09:00,1064.55,1064.55,1064.55,1064.55,0,0
2018-11-30 11:10:00,1064.55,1064.55,1064.55,1064.55,0,0
2018-11-30 11:11:00,1064.55,1064.55,1064.55,1064.55,0,0
2018-11-30 11:12:00,1064.55,1064.55,1064.55,1064.55,0,0
2018-11-30 11:13:00,1064.55,1064.55,1064.55,1064.55,0,0
2018-11-30 11:14:00,1064.55,1064.55,1064.55,1064.55,0,0
2018-11-30 11:15:00,1064.55,1064.55,1064.55,1064.55,0,0
2018-11-30 11:16:00,1064.55,1064.55,1064.55,1064.55,0,0
2018-11-30 11:17:00,1064.55,1064.55,1064.55,1064.55,0,0
2018-11-30 11:18:00,1064.55,1064.55,1064.55,1064.55,0,0
2018-11-30 11:19:00,1064.55,1064.55,1064.55,1064.55,0,0
2018-11-30 11:20:00,1064.55,1064.55,1064.55,1064.55,0,0
2018-11-30 11:21:00,1064.55,1064.55,1064.55,1064.55,0,0
2018-11-30 11:22:00,1064.55,1064.55,1064.55,1064.55,0,0
2018-11-30 11:23:00,1064.55,1064.55,1064.55,1064.55,0,0
2018-11-30 11:24:00,1064.55,1064.55,1064.55,1064.55,0,0
2018-11-30 11:25:00,1064.55,1064.55,1064.55,1064.55,0,0
2018-11-30 11:26:00,1064.55,1064.55,1064.55,1064.55,0,0
2018-11-30 11:27:00,1064.55,1064.55,1064.55,1064.55,0,0
2018-11-30 11:28:00,1064.55,1064.55,1064.55,1064.55,0,0
2018-11-30 11:29:00,1064.55,1064.55,1064.55,1064.55,0,0
2018-11-30 11:30:00,1064.55,1064.55,1064.55,1064.55,0,0
2018-11-30 11:31:00,1064.55,1064.55,1064.55,1064.55,0,0
2018-11-30 11:32:00,1064.55,1064.55,1064.55,1064.55,0,0
2018-11-30 11:33:00,1064.55,1064.55,1064.55,1064.55,0,0
2018-11-30 11:34:00,1064.55,1064.55,1064.55,1064.55,0,0
2018-11-30 11:35:00,1064.55,1064.55,1064.55,1064.55,0,0
2018-11-30 11:36:00,1064.55,1064.55,1064.55,1064.55,0,0
2018-11-30 11:37:00,1064.55,1064.55,1064.55,1064.55,0,0
2018-11-30 11:38:00,1064.55,1064.55,1064.55,1064.55,0,0
2018-11-30 11:39:00,1064.55,1064.55,1064.55,1064.55,0,0
2018-11-30 11:40:00,1064.55,1064.55,1064.55,1064.55,0,0
2018-11-30 11:41:00,1064.55,1064.55,1064.55,1064.55,0,0
2018-11-30 11:42:00,1064.55,1064.55,1064.55,1064.55,0,0
2018-11-30 11:43:00,1064.55,1064.55,1064.55,1064.55,0,0
2018-11-30 11:44:00,1064.55,1064.55,1064.55,1064.55,0,0
2018-11-30 11:45:00,1064.55,1064.55,1064.55,1064.55,0,0
2018-11-30 11:46:00,1064.55,1064.55,1064.55,1064.55,0,0
2018-11-30 11:47:00,1064.55,1064.55,1064.55,1064.55,0,0
2018-11-30 11:48:00,1064.55,1064.55,1064.55,1064.55,0,0
2018-11-30 11:49:00,1064.55,1064.55,1064.55,1064.55,0,0
2018-11-30 11:50:00,1064.55,1064.55,1064.55,1064.55,0,0
2018-11-30 11:51:00,1064.55,1064.55,1064.55,1064.55,0,0
2018-11-30 11:52:00,1064.55,1064.55,1064.55,1064.55,0,0
2018-11-30 11:53:00,1064.55,1064.55,1064.55,1064.55,0,0
2018-11-30 11:54:00,1064.55,1064.55,1064.55,1064.55,0,0
2018-11-30 11:55:00,1064.55,1064.55,1064.55,1064.55,0,0
2018-11-30 11:56:00,1064.55,1064.55,1064.55,1064.55,0,0
2018-11-30 11:57:00,1064.55,1064.55,1064.55,1064.55,0,0
2018-11-30 11:58:00,1064.55,1064.55,1064.55,1064.55,0,0
2018-11-30 11:59:00,1064.55,1064.55,1064.55,1064.55,0,0
2018-11-30 12:00:00,1064.55,1064.55,1064.55,1064.55,0,0
2018-11-30 12:01:00,1064.55,1064.55,1064.55,1064.55,0,0
2018-11-30 12:02:00,1064.55,1064.55,1064.55,1064.55,0,0
2018-11-30 12:03:00,1064.55,1064.55,1064.55,1064.55,0,0
2018-11-30 12:04:00,1064.55,1064.55,1064.55,1064.55,0,0
2018-11-30 12:05:00,1064.55,1064.55,1064.55,1064.55,0,0
2018-11-30 12:06:00,1064.55,1064.55,1064.55,1064.55,0,0
2018-11-30 12:07:00,1064.55,1064.55,1064.55,1064.55,0,0
2018-11-30 12:08:00,1064.55,1064.55,1064.55,1064.55,0,0
2018-11-30 12:09:00,1064.55,1064.55,1064.55,1064.55,0,0
2018-11-30 12:10:00,1064.55,1064.55,1064.55,1064.55,0,0
2018-11-30 12:11:00,1064.55,1064.55,1064.55,1064.55,0,0
2018-11-30 12:12:00,1064.55,1064.55,1064.55,1064.55,0,0
2018-11-30 12:13:00,1064.55,1064.55,1064.55,1064.55,0,0
2018-11-30 12:14:00,1064.55,1064.55,1064.55,1064.55,0,0
2018-11-30 12:15:00,1064.55,1064.55,1064.55,1064.55,0,0
2018-11-30 12:16:00,1064.55,1064.55,1064.55,1064.55,0,0
2018-11-30 12:17:00,1064.55,1064.55,1064.55,1064.55,0,0
2018-11-30 12:18:00,1064.55,1064.55,1064.55,1064.55,0,0
2018-11-30 12:19:00,1064.55,1064.55,1064.55,1064.55,0,0
2018-11-30 12:20:00,1064.55,1064.55,1064.55,1064.55,0,0
2018-11-30 12:21:00,1064.55,1064.55,1064.55,1064.55,0,0
2018-11-30 12:22:00,1064.55,1064.55,1064.55,1064.55,0,0
2018-11-30 12:23:00,1064.55,1064.55,1064.55,1064.55,0,0
2018-11-30 12:24:00,1064.55,1064.55,1064.55,1064.55,0,0
2018-11-30 12:25:00,1064.55,1064.55,1064.55,1064.55,0,0
2018-11-30 12:26:00,1064.55,1064.55,1064.55,1064.55,0,0
2018-11-30 12:27:00,1064.55,1064.55,1064.55,1064.55,0,0
2018-11-30 12:28:00,1064.55,1064.55,1064.55,1064.55,0,0
2018-11-30 12:29:00,1064.55,1064.55,1064.55,1064.55,0,0
2018-11-30 12:30:00,1064.55,1064.55,1064.55,1064.55,0,0
2018-11-30 12:31:00,1064.55,1064.55,1064.55,1064.55,0,0
2018-11-30 12:32:00,1064.55,1064.55,1064.55,1064.55,0,0
2018-11-30 12:33:00,1064.55,1064.55,1064.55,1064.55,0,0
2018-11-30 12:34:00,1064.55,1064.55,1064.55,1064.55,0,0
2018-11-30 12:35:00,1064.55,1064.55,1064.55,1064.55,0,0
2018-11-30 12:36:00,1064.55,1064.55,1064.55,1064.55,0,0
2018-11-30 12:37:00,1064.55,1064.55,1064.55,1064.55,0,0
2018-11-30 12:38:00,1064.55,1064.55,1064.55,1064.55,0,0
2018-11-30 12:39:00,1064.55,1064.55,1064.55,1064.55,0,0
2018-11-30 12:40:00,1064.55,1064.55,1064.55,1064.55,0,0
2018-11-30 12:41:00,1064.55,1064.55,1064.55,1064.55,0,0
2018-11-30 12:42:00,1064.55,1064.55,1064.55,1064.55,0,0
2018-11-30 12:43:00,1064.55,1064.55,1064.55,1064.55,0,0
2018-11-30 12:44:00,1064.55,1064.55,1064.55,1064.55,0,0
2018-11-30 12:45:00,1064.55,1064.55,1064.55,1064.55,0,0
2018-11-30 12:46:00,1064.55,1064.55,1064.55,1064.55,0,0
2018-11-30 12:47:00,1064.55,1064.55,1064.55,1064.55,0,0
2018-11-30 12:48:00,1064.55,1064.55,1064.55,1064.55,0,0
2018-11-30 12:49:00,1064.55,1064.55,1064.55,1064.55,0,0
2018-11-30 12:50:00,1064.55,1064.55,1064.55,1064.55,0,0
2018-11-30 12:51:00,1064.55,1064.55,1064.55,1064.55,0,0
2018-11-30 12:52:00,1064.55,1064.55,1064.55,1064.55,0,0
2018-11-30 12:53:00,1064.55,1064.55,1064.55,1064.55,0,0
2018-11-30 12:54:00,1064.55,1064.55,1064.55,1064.55,0,0
2018-11-30 12:55:00,1064.55,1064.55,1064.55,1064.55,0,0
2018-11-30 12:56:00,1064.55,1064.55,1064.55,1064.55,0,0
2018-11-30 12:57:00,1064.55,1064.55,1064.55,1064.55,0,0
2018-11-30 12:58:00,1064.55,1064.55,1064.55,1064.55,0,0
2018-11-30 12:59:00,1064.55,1064.55,1064.55,1064.55,0,0
2018-11-30 13:00:00,1064.55,1064.55,1064.55,1064.55,0,0
2018-11-30 13:01:00,1064.55,1064.55,1064.55,1064.55,0,0
2018-11-30 13:02:00,1064.55,1064.55,1064.55,1064.55,0,0
2018-11-30 13:03:00,1064.55,1064.55,1064.55,1064.55,0,0
2018-11-30 13:04:00,1064.55,1064.55,1064.55,1064.55,0,0
2018-11-30 13:05:00,1064.55,1064.55,1064.55,1064.55,0,0
2018-11-30 13:06:00,1064.55,1064.55,1064.55,1064.55,0,0
2018-11-30 13:07:00,1064.55,1064.55,1064.55,1064.55,0,0
2018-11-30 13:08:00,1064.55,1064.55,1064.55,1064.55,0,0
2018-11-30 13:09:00,1064.55,1064.55,1064.55,1064.55,0,0
2018-11-30 13:10:00,1064.55,1064.55,1064.55,1064.55,0,0
2018-11-30 13:11:00,1064.55,1064.55,1064.55,1064.55,0,0
2018-11-30 13:12:00,1064.55,1064.55,1064.55,1064.55,0,0
2018-11-30 13:13:00,1064.55,1064.55,1064.55,1064.55,0,0
2018-11-30 13:14:00,1064.55,1064.55,1064.55,1064.55,0,0
2018-11-30 13:15:00,1064.55,1064.55,1064.55,1064.55,0,0
2018-11-30 13:16:00,1064.55,1064.55,1064.55,1064.55,0,0
2018-11-30 13:17:00,1064.55,1064.55,1064.55,1064.55,0,0
2018-11-30 13:18:00,1064.55,1064.55,1064.55,1064.55,0,0
2018-11-30 13:19:00,1064.55,1064.55,1064.55,1064.55,0,0
2018-11-30 13:20:00,1064.55,1064.55,1064.55,1064.55,0,0
2018-11-30 13:21:00,1064.55,1064.55,1064.55,1064.55,0,0
2018-11-30 13:22:00,1064.55,1064.55,1064.55,1064.55,0,0
2018-11-30 13:23:00,1064.55,1064.55,1064.55,1064.55,0,0
2018-11-30 13:24:00,1064.55,1064.55,1064.55,1064.55,0,0
2018-11-30 13:25:00,1064.55,1064.55,1064.55,1064.55,0,0
2018-11-30 13:26:00,1064.55,1064.55,1064.55,1064.55,0,0
2018-11-30 13:27:00,1064.55,1064.55,1064.55,1064.55,0,0
2018-11-30 13:28:00,1064.55,1064.55,1064.55,1064.55,0,0
2018-11-30 13:29:00,1064.55,1064.55,1064.55,1064.55,0,0
2018-11-30 13:30:00,1064.55,1064.55,1064.55,1064.55,0,0
2018-11-30 13:31:00,1064.55,1064.55,1064.55,1064.55,0,0
2018-11-30 13:32:00,1064.55,1064.55,1064.55,1064.55,0,0
2018-11-30 13:33:00,1064.55,1064.55,1064.55,1064.55,0,0
2018-11-30 13:34:00,1064.55,1064.55,1064.55,1064.55,0,0
2018-11-30 13:35:00,1064.55,1064.55,1064.55,1064.55,0,0
2018-11-30 13:36:00,1064.55,1064.55,1064.55,1064.55,0,0
2018-11-30 13:37:00,1064.55,1064.55,1064.55,1064.55,0,0
2018-11-30 13:38:00,1064.55,1064.55,1064.55,1064.55,0,0
2018-11-30 13:39:00,1064.55,1064.55,1064.55,1064.55,0,0
2018-11-30 13:40:00,1064.55,1064.55,1064.55,1064.55,0,0
2018-11-30 13:41:00,1064.55,1064.55,1064.55,1064.55,0,0
2018-11-30 13:42:00,1064.55,1064.55,1064.55,1064.55,0,0
2018-11-30 13:43:00,1064.55,1064.55,1064.55,1064.55,0,0
2018-11-30 13:44:00,1064.55,1064.55,1064.55,1064.55,0,0
2018-11-30 13:45:00,1064.55,1064.55,1064.55,1064.55,0,0
2018-11-30 13:46:00,1064.55,1064.55,1064.55,1064.55,0,0
2018-11-30 13:47:00,1064.55,1064.55,1064.55,1064.55,0,0
2018-11-30 13:48:00,1064.55,1064.55,1064.55,1064.55,0,0
2018-11-30 13:49:00,1064.55,1064.55,1064.55,1064.55,0,0
2018-11-30 13:50:00,1064.55,1064.55,1064.55,1064.55,0,0
2018-11-30 13:51:00,1064.55,1064.55,1064.55,1064.55,0,0
2018-11-30 13:52:00,1064.55,1064.55,1064.55,1064.55,0,0
2018-11-30 13:53:00,1064.55,1064.55,1064.55,1064.55,0,0
2018-11-30 13:54:00,1064.55,1064.55,1064.55,1064.55,0,0
2018-11-30 13:55:00,1064.55,1064.55,1064.55,1064.55,0,0
2018-11-30 13:56:00,1064.55,1064.55,1064.55,1064.55,0,0
2018-11-30 13:57:00,1064.55,1064.55,1064.55,1064.55,0,0
2018-11-30 13:58:00,1064.55,1064.55,1064.55,1064.55,0,0
2018-11-30 13:59:00,1064.55,1064.55,1064.55,1064.55,0,0
2018-11-30 14:00:00,1064.55,1064.55,1064.55,1064.55,0,0
2018-11-30 14:01:00,1064.55,1064.55,1064.55,1064.55,0,0
2018-11-30 14:02:00,1064.55,1064.55,1064.55,1064.55,0,0
2018-11-30 14:03:00,1064.55,1064.55,1064.55,1064.55,0,0
2018-11-30 14:04:00,1064.55,1064.55,1064.55,1064.55,0,0
2018-11-30 14:05:00,1064.55,1064.55,1064.55,1064.55,0,0
2018-11-30 14:06:00,1064.55,1064.55,1064.55,1064.55,0,0
2018-11-30 14:07:00,1064.55,1064.55,1064.55,1064.55,0,0
2018-11-30 14:08:00,1064.55,1064.55,1064.55,1064.55,0,0
2018-11-30 14:09:00,1064.55,1064.55,1064.55,1064.55,0,0
2018-11-30 14:10:00,1064.55,1064.55,1064.55,1064.55,0,0
2018-11-30 14:11:00,1064.55,1064.55,1064.55,1064.55,0,0
2018-11-30 14:12:00,1064.55,1064.55,1064.55,1064.55,0,0
2018-11-30 14:13:00,1064.55,1064.55,1064.55,1064.55,0,0
2018-11-30 14:14:00,1064.55,1064.55,1064.55,1064.55,0,0
2018-11-30 14:15:00,1064.55,1064.55,1064.55,1064.55,0,0
2018-11-30 14:16:00,1064.55,1064.55,1064.55,1064.55,0,0
2018-11-30 14:17:00,1064.55,1064.55,1064.55,1064.55,0,0
2018-11-30 14:18:00,1064.55,1064.55,1064.55,1064.55,0,0
2018-11-30 14:19:00,1064.55,1064.55,1064.55,1064.55,0,0
2018-11-30 14:20:00,1064.55,1064.55,1064.55,1064.55,0,0
2018-11-30 14:21:00,1064.55,1064.55,1064.55,1064.55,0,0
2018-11-30 14:22:00,1064.55,1064.55,1064.55,1064.55,0,0
2018-11-30 14:23:00,1064.55,1064.55,1064.55,1064.55,0,0
2018-11-30 14:24:00,1064.55,1064.55,1064.55,1064.55,0,0
2018-11-30 14:25:00,1064.55,1064.55,1064.55,1064.55,0,0
2018-11-30 14:26:00,1064.55,1064.55,1064.55,1064.55,0,0
2018-11-30 14:27:00,1064.55,1064.55,1064.55,1064.55,0,0
2018-11-30 14:28:00,1064.55,1064.55,1064.55,1064.55,0,0
2018-11-30 14:29:00,1064.55,1064.55,1064.55,1064.55,0,0
2018-11-30 14:30:00,1064.55,1064.55,1064.55,1064.55,0,0
2018-11-30 14:31:00,1064.55,1064.55,1064.55,1064.55,0,0
2018-11-30 14:32:00,1064.55,1064.55,1064.55,1064.55,0,0
2018-11-30 14:33:00,1064.55,1064.55,1064.55,1064.55,0,0
2018-11-30 14:34:00,1064.55,1064.55,1064.55,1064.55,0,0
2018-11-30 14:35:00,1064.55,1064.55,1064.55,1064.55,0,0
2018-11-30 14:36:00,1064.55,1064.55,1064.55,1064.55,0,0
2018-11-30 14:37:00,1064.55,1064.55,1064.55,1064.55,0,0
2018-11-30 14:38:00,1064.55,1064.55,1064.55,1064.55,0,0
2018-11-30 14:39:00,1064.55,1064.55,1064.55,1064.55,0,0
2018-11-30 14:40:00,1064.55,1064.55,1064.55,1064.55,0,0
2018-11-30 14:41:00,1064.55,1064.55,1064.55,1064.55,0,0
2018-11-30 14:42:00,1064.55,1064.55,1064.55,1064.55,0,0
2018-11-30 14:43:00,1064.55,1064.55,1064.55,1064.55,0,0
2018-11-30 14:44:00,1064.55,1064.55,1064.55,1064.55,0,0
2018-11-30 14:45:00,1064.55,1064.55,1064.55,1064.55,0,0
2018-11-30 14:46:00,1064.55,1064.55,1064.55,1064.55,0,0
2018-11-30 14:47:00,1064.55,1064.55,1064.55,1064.55,0,0
2018-11-30 14:48:00,1064.55,1064.55,1064.55,1064.55,0,0
2018-11-30 14:49:00,1064.55,1064.55,1064.55,1064.55,0,0
2018-11-30 14:50:00,1064.55,1064.55,1064.55,1064.55,0,0
2018-11-30 14:51:00,1064.55,1064.55,1064.55,1064.55,0,0
2018-11-30 14:52:00,1064.55,1064.55,1064.55,1064.55,0,0
2018-11-30 14:53:00,1064.55,1064.55,1064.55,1064.55,0,0
2018-11-30 14:54:00,1064.55,1064.55,1064.55,1064.55,0,0
2018-11-30 14:55:00,1064.55,1064.55,1064.55,1064.55,0,0
2018-11-30 14:56:00,1064.55,1064.55,1064.55,1064.55,0,0
2018-11-30 14:57:00,1064.55,1064.55,1064.55,1064.55,0,0
2018-11-30 14:58:00,1064.55,1064.55,1064.55,1064.55,0,0
2018-11-30 14:59:00,1064.55,1064.55,1064.55,1064.55,0,0
2018-11-30 15:00:00,1064.55,1064.55,1064.55,1064.55,0,0
2018-11-30 15:01:00,1064.55,1064.55,1064.55,1064.55,0,0
2018-11-30 15:02:00,1064.55,1064.55,1064.55,1064.55,0,0
2018-11-30 15:03:00,1064.55,1064.55,1064.55,1064.55,0,0
2018-11-30 15:04:00,1064.55,1064.55,1064.55,1064.55,0,0
2018-11-30 15:05:00,1064.55,1064.55,1064.55,1064.55,0,0
2018-11-30 15:06:00,1064.55,1064.55,1064.55,1064.55,0,0
2018-11-30 15:07:00,1064.55,1064.55,1064.55,1064.55,0,0
2018-11-30 15:08:00,1064.55,1064.55,1064.55,1064.55,0,0
2018-11-30 15:09:00,1064.55,1064.55,1064.55,1064.55,0,0
2018-11-30 15:10:00,1064.55,1064.55,1064.55,1064.55,0,0
2018-11-30 15:11:00,1064.55,1064.55,1064.55,1064.55,0,0
2018-11-30 15:12:00,1064.55,1064.55,1064.55,1064.55,0,0
2018-11-30 15:13:00,1064.55,1064.55,1064.55,1064.55,0,0
2018-11-30 15:14:00,1064.55,1064.55,1064.55,1064.55,0,0
2018-11-30 15:15:00,1064.55,1064.55,1064.55,1064.55,0,0
2018-11-30 15:16:00,1064.55,1064.55,1064.55,1064.55,0,0
2018-11-30 15:17:00,1064.55,1064.55,1064.55,1064.55,0,0
2018-11-30 15:18:00,1064.55,1064.55,1064.55,1064.55,0,0
2018-11-30 15:19:00,1064.55,1064.55,1064.55,1064.55,0,0
2018-11-30 15:20:00,1064.55,1064.55,1064.55,1064.55,0,0
2018-11-30 15:21:00,1064.55,1064.55,1064.55,1064.55,0,0
2018-11-30 15:22:00,1064.55,1064.55,1064.55,1064.55,0,0
2018-11-30 15:23:00,1064.55,1064.55,1064.55,1064.55,0,0
2018-11-30 15:24:00,1064.55,1064.55,1064.55,1064.55,0,0
2018-11-30 15:25:00,1064.55,1064.55,1040.45,1040.45,20,200
2018-11-30 15:26:00,1040.45,1040.45,1040.45,1040.45,0,0
2018-11-30 15:27:00,1040.45,1040.45,1040.45,1040.45,0,0
2018-11-30 15:28:00,1040.45,1040.45,1040.45,1040.45,0,0
2018-11-30 15:29:01,1040.45,1040.45,1040.45,1040.45,0,0
2018-03-12 11:34:00,1045.00,1045.00,1045.00,1045.00,0,200
2018-03-12 11:35:00,1045.00,1045.00,1045.00,1045.00,0,0
2018-03-12 11:36:00,1045.00,1045.00,1045.00,1045.00,0,0
2018-03-12 11:37:00,1045.00,1045.00,1045.00,1045.00,0,0
2018-03-12 11:38:00,1045.00,1045.00,1045.00,1045.00,0,0
2018-03-12 11:39:00,1045.00,1045.00,1045.00,1045.00,0,0
2018-03-12 11:40:00,1045.00,1045.00,1045.00,1045.00,0,0
2018-03-12 11:41:00,1045.00,1045.00,1045.00,1045.00,0,0
2018-03-12 11:42:00,1045.00,1045.00,1045.00,1045.00,0,0
2018-03-12 11:43:00,1045.00,1045.00,1045.00,1045.00,0,0
2018-03-12 11:44:00,1045.00,1045.00,1045.00,1045.00,0,0
2018-03-12 11:45:00,1045.00,1045.00,1045.00,1045.00,0,0
2018-03-12 11:46:00,1045.00,1045.00,1045.00,1045.00,0,0
2018-03-12 11:47:00,1045.00,1045.00,1045.00,1045.00,0,0
2018-03-12 11:48:00,1045.00,1045.00,1045.00,1045.00,0,0
2018-03-12 11:49:00,1045.00,1045.00,1045.00,1045.00,0,0
2018-03-12 11:50:00,1045.00,1045.00,1045.00,1045.00,0,0
2018-03-12 11:51:00,1045.00,1045.00,1045.00,1045.00,0,0
2018-03-12 11:52:00,1045.00,1045.00,1045.00,1045.00,0,0
2018-03-12 11:53:00,1045.00,1045.00,1045.00,1045.00,0,0
2018-03-12 11:54:00,1045.00,1045.00,1045.00,1045.00,0,0
2018-03-12 11:55:00,1045.00,1045.00,1045.00,1045.00,0,0
2018-03-12 11:56:00,1045.00,1045.00,1045.00,1045.00,0,0
2018-03-12 11:57:00,1045.00,1045.00,1045.00,1045.00,0,0
2018-03-12 11:58:00,1045.00,1045.00,1045.00,1045.00,0,0
2018-03-12 11:59:00,1045.00,1045.00,1045.00,1045.00,0,0
2018-03-12 12:00:00,1045.00,1045.00,1045.00,1045.00,0,0
2018-03-12 12:01:00,1045.00,1045.00,1045.00,1045.00,0,0
2018-03-12 12:02:00,1045.00,1045.00,1045.00,1045.00,0,0
2018-03-12 12:03:00,1045.00,1045.00,1045.00,1045.00,0,0
2018-03-12 12:04:00,1045.00,1045.00,1045.00,1045.00,0,0
2018-03-12 12:05:00,1045.00,1045.00,1045.00,1045.00,0,0
2018-03-12 12:06:00,1045.00,1045.00,1045.00,1045.00,0,0
2018-03-12 12:07:00,1045.00,1045.00,1045.00,1045.00,0,0
2018-03-12 12:08:00,1045.00,1045.00,1045.00,1045.00,0,0
2018-03-12 12:09:00,1045.00,1045.00,1045.00,1045.00,0,0
2018-03-12 12:10:00,1045.00,1045.00,1045.00,1045.00,0,0
2018-03-12 12:11:00,1045.00,1045.00,1045.00,1045.00,0,0
2018-03-12 12:12:00,1045.00,1045.00,1045.00,1045.00,0,0
2018-03-12 12:13:00,1045.00,1045.00,1045.00,1045.00,0,0
2018-03-12 12:14:00,1045.00,1045.00,1045.00,1045.00,0,0
2018-03-12 12:15:00,1045.00,1045.00,1045.00,1045.00,0,0
2018-03-12 12:16:00,1045.00,1045.00,1045.00,1045.00,0,0
2018-03-12 12:17:00,1045.00,1045.00,1045.00,1045.00,0,0
2018-03-12 12:18:00,1045.00,1045.00,1045.00,1045.00,0,0
2018-03-12 12:19:00,1045.00,1045.00,1045.00,1045.00,0,0
2018-03-12 12:20:00,1045.00,1045.00,1045.00,1045.00,0,0
2018-03-12 12:21:00,1045.00,1045.00,1045.00,1045.00,0,0
2018-03-12 12:22:00,1045.00,1045.00,1045.00,1045.00,0,0
2018-03-12 12:23:00,1045.00,1045.00,1045.00,1045.00,0,0
2018-03-12 12:24:00,1045.00,1045.00,1045.00,1045.00,0,0
2018-03-12 12:25:00,1045.00,1045.00,1045.00,1045.00,0,0
2018-03-12 12:26:00,1045.00,1045.00,1011.25,1011.25,20,220
2018-03-12 12:27:00,1011.25,1011.25,1011.25,1011.25,0,0
2018-03-12 12:28:00,1011.25,1011.25,1011.25,1011.25,0,0
2018-03-12 12:29:00,1011.25,1011.25,1011.25,1011.25,0,0
2018-03-12 12:30:00,1011.25,1011.25,1011.25,1011.25,0,0
2018-03-12 12:31:00,1011.25,1011.25,1011.25,1011.25,0,0
2018-03-12 12:32:00,1011.25,1011.25,1011.25,1011.25,0,0
2018-03-12 12:33:00,1011.25,1011.25,1011.25,1011.25,0,0
2018-03-12 12:34:00,1011.25,1011.25,1011.25,1011.25,0,0
2018-03-12 12:35:00,1011.25,1011.25,1011.25,1011.25,0,0
2018-03-12 12:36:00,1011.25,1011.25,1011.25,1011.25,0,0
2018-03-12 12:37:00,1011.25,1011.25,1011.25,1011.25,0,0
2018-03-12 12:38:00,1011.25,1011.25,1011.25,1011.25,0,220
2018-03-12 12:39:00,1011.25,1011.25,1011.25,1011.25,0,0
2018-03-12 12:40:00,1011.25,1011.25,1011.25,1011.25,0,0
2018-03-12 12:41:00,1011.25,1011.25,1011.25,1011.25,0,0
2018-03-12 12:42:00,1011.25,1011.25,1011.25,1011.25,0,0
2018-03-12 12:43:00,1011.25,1011.25,1011.25,1011.25,0,0
2018-03-12 12:44:00,1011.25,1011.25,1011.25,1011.25,0,0
2018-03-12 12:45:00,1011.25,1011.25,1011.25,1011.25,0,0
2018-03-12 12:46:00,1011.25,1011.25,1011.25,1011.25,0,0
2018-03-12 12:47:00,1011.25,1025.00,1011.25,1025.00,40,220
2018-03-12 12:48:00,1025.00,1025.00,1025.00,1025.00,0,0
2018-03-12 12:49:00,1025.00,1025.00,1025.00,1025.00,0,0
2018-03-12 12:50:00,1025.00,1025.00,1025.00,1025.00,0,0
2018-03-12 12:51:00,1025.00,1025.00,1025.00,1025.00,0,0
2018-03-12 12:52:00,1025.00,1025.00,1025.00,1025.00,0,0
2018-03-12 12:53:00,1025.00,1025.00,1025.00,1025.00,0,0
2018-03-12 12:54:00,1025.00,1025.00,1025.00,1025.00,0,0
2018-03-12 12:55:00,1025.00,1025.00,1025.00,1025.00,0,0
2018-03-12 12:56:00,1025.00,1025.00,1025.00,1025.00,0,0
2018-03-12 12:57:00,1025.00,1025.00,1025.00,1025.00,0,0
2018-03-12 12:58:00,1025.00,1025.00,1025.00,1025.00,0,0
2018-03-12 12:59:00,1025.00,1025.00,1025.00,1025.00,0,0
2018-03-12 13:00:00,1025.00,1025.00,1025.00,1025.00,0,0
2018-03-12 13:01:00,1025.00,1025.00,1025.00,1025.00,0,0
2018-03-12 13:02:00,1025.00,1025.00,1025.00,1025.00,0,0
2018-03-12 13:03:00,1025.00,1025.00,1025.00,1025.00,0,0
2018-03-12 13:04:00,1025.00,1025.00,1025.00,1025.00,0,0
2018-03-12 13:05:00,1025.00,1025.00,1025.00,1025.00,0,0
2018-03-12 13:06:00,1025.00,1025.00,1025.00,1025.00,0,0
2018-03-12 13:07:00,1025.00,1025.00,1025.00,1025.00,0,0
2018-03-12 13:08:00,1025.00,1025.00,1025.00,1025.00,0,0
2018-03-12 13:09:00,1025.00,1025.00,1025.00,1025.00,0,0
2018-03-12 13:10:00,1025.00,1025.00,1025.00,1025.00,0,0
2018-03-12 13:11:00,1025.00,1025.00,1025.00,1025.00,0,0
2018-03-12 13:12:00,1025.00,1025.00,1025.00,1025.00,0,0
2018-03-12 13:13:00,1025.00,1025.00,1025.00,1025.00,0,0
2018-03-12 13:14:00,1025.00,1025.00,1025.00,1025.00,0,0
2018-03-12 13:15:00,1025.00,1025.00,1025.00,1025.00,0,0
2018-03-12 13:16:00,1025.00,1025.00,1025.00,1025.00,0,0
2018-03-12 13:17:00,1025.00,1025.00,1025.00,1025.00,0,0
2018-03-12 13:18:00,1025.00,1025.00,1025.00,1025.00,0,0
2018-03-12 13:19:00,1025.00,1025.00,1025.00,1025.00,0,0
2018-03-12 13:20:00,1025.00,1025.00,1025.00,1025.00,0,0
2018-03-12 13:21:00,1025.00,1025.00,1025.00,1025.00,0,0
2018-03-12 13:22:00,1025.00,1025.00,1025.00,1025.00,0,0
2018-03-12 13:23:00,1025.00,1025.00,1025.00,1025.00,0,0
2018-03-12 13:24:00,1025.00,1025.00,1025.00,1025.00,0,0
2018-03-12 13:25:00,1025.00,1025.00,1025.00,1025.00,0,0
2018-03-12 13:26:00,1025.00,1025.00,1025.00,1025.00,0,0
2018-03-12 13:27:00,1025.00,1025.00,1025.00,1025.00,0,0
2018-03-12 13:28:00,1025.00,1025.00,1025.00,1025.00,0,0
2018-03-12 13:29:00,1025.00,1025.00,1025.00,1025.00,0,0
2018-03-12 13:30:00,1025.00,1025.00,1025.00,1025.00,0,0
2018-03-12 13:31:00,1025.00,1025.00,1025.00,1025.00,0,0
2018-03-12 13:32:00,1025.00,1025.00,1025.00,1025.00,0,0
2018-03-12 13:33:00,1025.00,1025.00,1025.00,1025.00,0,0
2018-03-12 13:34:00,1025.00,1025.00,1025.00,1025.00,0,0
2018-03-12 13:35:00,1025.00,1025.00,1025.00,1025.00,0,0
2018-03-12 13:36:00,1025.00,1025.00,1025.00,1025.00,0,0
2018-03-12 13:37:00,1025.00,1025.00,1025.00,1025.00,0,0
2018-03-12 13:38:00,1025.00,1025.00,1025.00,1025.00,0,0
2018-03-12 13:39:00,1025.00,1025.00,1025.00,1025.00,0,0
2018-03-12 13:40:00,1025.00,1025.00,1025.00,1025.00,0,0
2018-03-12 13:41:00,1025.00,1025.00,1025.00,1025.00,0,0
2018-03-12 13:42:00,1025.00,1025.00,1025.00,1025.00,0,0
2018-03-12 13:43:00,1025.00,1025.00,1025.00,1025.00,0,0
2018-03-12 13:44:00,1025.00,1025.00,1025.00,1025.00,0,0
2018-03-12 13:45:00,1025.00,1025.00,1025.00,1025.00,0,0
2018-03-12 13:46:00,1025.00,1025.00,1025.00,1025.00,0,0
2018-03-12 13:47:00,1025.00,1025.00,1025.00,1025.00,0,0
2018-03-12 13:48:00,1025.00,1025.00,1025.00,1025.00,0,0
2018-03-12 13:49:00,1025.00,1025.00,1025.00,1025.00,0,0
2018-03-12 13:50:00,1025.00,1025.00,1025.00,1025.00,0,0
2018-03-12 13:51:00,1025.00,1025.00,1025.00,1025.00,0,0
2018-03-12 13:52:00,1025.00,1025.00,1025.00,1025.00,0,0
2018-03-12 13:53:00,1025.00,1025.00,1025.00,1025.00,0,0
2018-03-12 13:54:00,1025.00,1025.00,1025.00,1025.00,0,0
2018-03-12 13:55:00,1025.00,1025.00,1025.00,1025.00,0,0
2018-03-12 13:56:00,1025.00,1025.00,1025.00,1025.00,0,0
2018-03-12 13:57:00,1025.00,1025.00,1025.00,1025.00,0,0
2018-03-12 13:58:00,1025.00,1025.00,1025.00,1025.00,0,0
2018-03-12 13:59:00,1025.00,1025.00,1025.00,1025.00,0,0
2018-03-12 14:00:00,1025.00,1025.00,1025.00,1025.00,0,0
2018-03-12 14:01:00,1025.00,1025.00,1025.00,1025.00,0,0
2018-03-12 14:02:00,1025.00,1025.00,1025.00,1025.00,0,0
2018-03-12 14:03:00,1025.00,1025.00,1025.00,1025.00,0,0
2018-03-12 14:04:00,1025.00,1025.00,1025.00,1025.00,0,0
2018-03-12 14:05:00,1025.00,1025.00,1025.00,1025.00,0,0
2018-03-12 14:06:00,1025.00,1025.00,1025.00,1025.00,0,0
2018-03-12 14:07:00,1025.00,1025.00,1025.00,1025.00,0,0
2018-03-12 14:08:00,1025.00,1025.00,1025.00,1025.00,0,0
2018-03-12 14:09:00,1025.00,1025.00,1025.00,1025.00,0,0
2018-03-12 14:10:00,1025.00,1025.00,1025.00,1025.00,0,0
2018-03-12 14:11:00,1025.00,1025.00,1025.00,1025.00,0,0
2018-03-12 14:12:00,1025.00,1025.00,1025.00,1025.00,0,0
2018-03-12 14:13:00,1025.00,1025.00,1025.00,1025.00,0,0
2018-03-12 14:14:00,1025.00,1025.00,1025.00,1025.00,0,0
2018-03-12 14:15:00,1025.00,1025.00,1025.00,1025.00,0,0
2018-03-12 14:16:00,1025.00,1025.00,1025.00,1025.00,0,0
2018-03-12 14:17:00,1025.00,1025.00,1025.00,1025.00,0,0
2018-03-12 14:18:00,1025.00,1025.00,1025.00,1025.00,0,0
2018-03-12 14:19:00,1025.00,1025.00,1025.00,1025.00,0,0
2018-03-12 14:20:00,1025.00,1025.00,1025.00,1025.00,0,0
2018-03-12 14:21:00,1025.00,1025.00,1025.00,1025.00,0,0
2018-03-12 14:22:00,1025.00,1025.00,1025.00,1025.00,0,0
2018-03-12 14:23:00,1025.00,1025.00,1025.00,1025.00,0,0
2018-03-12 14:24:00,1025.00,1025.00,1025.00,1025.00,0,0
2018-03-12 14:25:00,1025.00,1025.00,1025.00,1025.00,0,0
2018-03-12 14:26:00,1025.00,1025.00,1025.00,1025.00,0,0
2018-03-12 14:27:00,1025.00,1025.00,1025.00,1025.00,0,0
2018-03-12 14:28:00,1025.00,1025.00,1025.00,1025.00,0,0
2018-03-12 14:29:00,1025.00,1025.00,1025.00,1025.00,0,0
2018-03-12 14:30:00,1025.00,1025.00,1025.00,1025.00,0,0
2018-03-12 14:31:00,1025.00,1025.00,1025.00,1025.00,0,0
2018-03-12 14:32:00,1025.00,1025.00,1025.00,1025.00,0,0
2018-03-12 14:33:00,1025.00,1025.00,1025.00,1025.00,0,0
2018-03-12 14:34:00,1025.00,1025.00,1025.00,1025.00,0,0
2018-03-12 14:35:00,1025.00,1025.00,1025.00,1025.00,0,0
2018-03-12 14:36:00,1025.00,1025.00,1025.00,1025.00,0,0
2018-03-12 14:37:00,1025.00,1025.00,1025.00,1025.00,0,0
2018-03-12 14:38:00,1025.00,1025.00,1025.00,1025.00,0,0
2018-03-12 14:39:00,1025.00,1025.00,1025.00,1025.00,0,0
2018-03-12 14:40:00,1025.00,1025.00,1025.00,1025.00,0,0
2018-03-12 14:41:00,1025.00,1025.00,1025.00,1025.00,0,0
2018-03-12 14:42:00,1025.00,1025.00,1025.00,1025.00,0,0
2018-03-12 14:43:00,1025.00,1025.00,1025.00,1025.00,0,0
2018-03-12 14:44:00,1025.00,1025.00,1025.00,1025.00,0,0
2018-03-12 14:45:00,1025.00,1025.00,1025.00,1025.00,0,0
2018-03-12 14:46:00,1025.00,1025.00,1025.00,1025.00,0,0
2018-03-12 14:47:00,1025.00,1025.00,1025.00,1025.00,0,0
2018-03-12 14:48:00,1025.00,1025.00,1025.00,1025.00,0,0
2018-03-12 14:49:00,1025.00,1025.00,1025.00,1025.00,0,0
2018-03-12 14:50:00,1025.00,1025.00,1025.00,1025.00,0,0
2018-03-12 14:51:00,1025.00,1025.00,1025.00,1025.00,0,0
2018-03-12 14:52:00,1025.00,1025.00,1025.00,1025.00,0,0
2018-03-12 14:53:00,1025.00,1025.00,1025.00,1025.00,0,0
2018-03-12 14:54:00,1025.00,1025.00,1025.00,1025.00,0,0
2018-03-12 14:55:00,1025.00,1025.00,1025.00,1025.00,0,0
2018-03-12 14:56:00,1025.00,1025.00,1025.00,1025.00,0,0
2018-03-12 14:57:00,1025.00,1025.00,1025.00,1025.00,0,0
2018-03-12 14:58:00,1025.00,1025.00,1025.00,1025.00,0,0
2018-03-12 14:59:00,1025.00,1025.00,1025.00,1025.00,0,0
2018-03-12 15:00:00,1025.00,1025.00,1025.00,1025.00,0,0
2018-03-12 15:01:00,1025.00,1025.00,1025.00,1025.00,20,260
2018-03-12 15:02:00,1025.00,1025.00,1025.00,1025.00,0,0
2018-03-12 15:03:00,1025.00,1025.00,1025.00,1025.00,0,0
2018-03-12 15:04:00,1025.00,1025.00,1025.00,1025.00,0,0
2018-03-12 15:05:00,1025.00,1025.00,1025.00,1025.00,0,0
2018-03-12 15:06:00,1025.00,1025.00,1025.00,1025.00,0,0
2018-03-12 15:07:00,1025.00,1025.00,1025.00,1025.00,0,0
2018-03-12 15:08:00,1025.00,1025.00,1025.00,1025.00,0,0
2018-03-12 15:09:00,1025.00,1025.00,1025.00,1025.00,0,0
2018-03-12 15:10:00,1025.00,1025.00,1025.00,1025.00,0,0
2018-03-12 15:11:00,1025.00,1025.00,1025.00,1025.00,0,0
2018-03-12 15:12:00,1025.00,1025.00,1025.00,1025.00,0,0
2018-03-12 15:13:00,1025.00,1025.00,1025.00,1025.00,0,0
2018-03-12 15:14:00,1025.00,1025.00,1025.00,1025.00,0,0
2018-03-12 15:15:00,1025.00,1025.00,1025.00,1025.00,0,0
2018-03-12 15:16:00,1025.00,1025.00,1025.00,1025.00,0,0
2018-03-12 15:17:00,1025.00,1025.00,1025.00,1025.00,0,0
2018-03-12 15:18:00,1025.00,1025.00,1025.00,1025.00,0,0
2018-03-12 15:19:00,1025.00,1025.00,1025.00,1025.00,0,0
2018-03-12 15:20:00,1025.00,1025.00,1025.00,1025.00,0,0
2018-03-12 15:21:00,1025.00,1025.00,1025.00,1025.00,0,0
2018-03-12 15:22:00,1025.00,1025.00,1025.00,1025.00,0,0
2018-03-12 15:23:00,1025.00,1025.00,1025.00,1025.00,0,0
2018-03-12 15:24:00,1025.00,1025.00,1025.00,1025.00,0,0
2018-03-12 15:25:00,1025.00,1025.00,1025.00,1025.00,0,0
2018-03-12 15:26:00,1025.00,1025.00,1025.00,1025.00,0,0
2018-03-12 15:27:00,1025.00,1057.20,1025.00,1057.20,20,260
2018-03-12 15:28:00,1057.20,1057.20,1057.20,1057.20,0,0
2018-03-12 15:29:01,1057.20,1057.20,1057.20,1057.20,0,0
2018-04-12 10:47:00,930.35,930.35,930.35,930.35,0,260
2018-04-12 10:48:00,930.35,930.35,929.95,930.00,60,260
2018-04-12 10:49:00,930.00,930.00,930.00,930.00,0,0
2018-04-12 10:50:00,930.00,930.00,930.00,930.00,0,0
2018-04-12 10:51:00,930.00,930.00,930.00,930.00,0,0
2018-04-12 10:52:00,930.00,930.00,930.00,930.00,0,0
2018-04-12 10:53:00,930.00,930.00,930.00,930.00,0,0
2018-04-12 10:54:00,930.00,930.00,930.00,930.00,0,0
2018-04-12 10:55:00,930.00,930.00,930.00,930.00,0,0
2018-04-12 10:56:00,930.00,930.00,930.00,930.00,20,260
2018-04-12 10:57:00,930.00,930.00,930.00,930.00,0,0
2018-04-12 10:58:00,930.00,930.00,930.00,930.00,0,0
2018-04-12 10:59:00,930.00,930.00,930.00,930.00,0,0
2018-04-12 11:00:00,930.00,930.00,930.00,930.00,0,0
2018-04-12 11:01:00,930.00,930.00,930.00,930.00,0,0
2018-04-12 11:02:00,930.00,930.00,930.00,930.00,0,0
2018-04-12 11:03:00,930.00,930.00,930.00,930.00,0,0
2018-04-12 11:04:00,930.00,930.00,930.00,930.00,0,0
2018-04-12 11:05:00,930.00,930.00,930.00,930.00,40,260
2018-04-12 11:06:00,930.00,930.00,930.00,930.00,0,0
2018-04-12 11:07:00,930.00,930.00,930.00,930.00,0,0
2018-04-12 11:08:00,930.00,930.00,930.00,930.00,0,0
2018-04-12 11:09:00,930.00,930.00,930.00,930.00,0,0
2018-04-12 11:10:00,930.00,930.00,930.00,930.00,0,0
2018-04-12 11:11:00,930.00,930.00,930.00,930.00,0,0
2018-04-12 11:12:00,930.00,930.00,930.00,930.00,0,0
2018-04-12 11:13:00,930.00,930.00,930.00,930.00,0,0
2018-04-12 11:14:00,930.00,930.00,930.00,930.00,0,0
2018-04-12 11:15:00,930.00,930.00,930.00,930.00,0,0
2018-04-12 11:16:00,930.00,930.00,930.00,930.00,0,0
2018-04-12 11:17:00,930.00,930.00,930.00,930.00,0,0
2018-04-12 11:18:00,930.00,930.00,930.00,930.00,0,0
2018-04-12 11:19:00,930.00,930.00,930.00,930.00,0,0
2018-04-12 11:20:00,930.00,930.00,930.00,930.00,0,0
2018-04-12 11:21:00,930.00,930.00,930.00,930.00,0,0
2018-04-12 11:22:00,930.00,930.00,930.00,930.00,0,0
2018-04-12 11:23:00,930.00,930.00,930.00,930.00,0,0
2018-04-12 11:24:00,930.00,930.00,930.00,930.00,0,0
2018-04-12 11:25:00,930.00,930.00,930.00,930.00,0,0
2018-04-12 11:26:00,930.00,930.00,930.00,930.00,0,0
2018-04-12 11:27:00,930.00,930.00,930.00,930.00,0,0
2018-04-12 11:28:00,930.00,930.00,930.00,930.00,0,0
2018-04-12 11:29:00,930.00,930.00,930.00,930.00,0,0
2018-04-12 11:30:00,930.00,930.00,930.00,930.00,0,0
2018-04-12 11:31:00,930.00,930.00,930.00,930.00,0,0
2018-04-12 11:32:00,930.00,930.00,930.00,930.00,0,0
2018-04-12 11:33:00,930.00,930.00,930.00,930.00,0,0
2018-04-12 11:34:00,930.00,930.00,930.00,930.00,0,0
2018-04-12 11:35:00,930.00,930.00,930.00,930.00,0,0
2018-04-12 11:36:00,930.00,930.00,930.00,930.00,0,0
2018-04-12 11:37:00,930.00,930.00,930.00,930.00,0,0
2018-04-12 11:38:00,930.00,930.00,930.00,930.00,0,0
2018-04-12 11:39:00,930.00,930.00,930.00,930.00,0,0
2018-04-12 11:40:00,930.00,930.00,930.00,930.00,0,0
2018-04-12 11:41:00,930.00,930.00,930.00,930.00,0,0
2018-04-12 11:42:00,930.00,930.00,930.00,930.00,0,0
2018-04-12 11:43:00,930.00,930.00,930.00,930.00,0,0
2018-04-12 11:44:00,930.00,930.00,930.00,930.00,0,0
2018-04-12 11:45:00,930.00,930.00,930.00,930.00,0,0
2018-04-12 11:46:00,930.00,930.00,930.00,930.00,0,0
2018-04-12 11:47:00,930.00,930.00,930.00,930.00,0,0
2018-04-12 11:48:00,930.00,930.00,930.00,930.00,0,0
2018-04-12 11:49:00,930.00,930.00,930.00,930.00,0,0
2018-04-12 11:50:00,930.00,930.00,930.00,930.00,0,0
2018-04-12 11:51:00,930.00,930.00,930.00,930.00,0,0
2018-04-12 11:52:00,930.00,930.00,930.00,930.00,0,0
2018-04-12 11:53:00,930.00,930.00,930.00,930.00,0,0
2018-04-12 11:54:00,930.00,930.00,930.00,930.00,0,0
2018-04-12 11:55:00,930.00,930.00,930.00,930.00,0,0
2018-04-12 11:56:00,930.00,930.00,930.00,930.00,0,0
2018-04-12 11:57:00,930.00,930.00,930.00,930.00,0,0
2018-04-12 11:58:00,930.00,930.00,930.00,930.00,0,0
2018-04-12 11:59:00,930.00,930.00,930.00,930.00,0,0
2018-04-12 12:00:00,930.00,930.00,930.00,930.00,0,0
2018-04-12 12:01:00,930.00,930.00,930.00,930.00,0,0
2018-04-12 12:02:00,930.00,930.00,930.00,930.00,0,0
2018-04-12 12:03:00,930.00,930.00,930.00,930.00,0,0
2018-04-12 12:04:00,930.00,930.00,930.00,930.00,0,0
2018-04-12 12:05:00,930.00,930.00,930.00,930.00,0,0
2018-04-12 12:06:00,930.00,930.00,930.00,930.00,0,0
2018-04-12 12:07:00,930.00,930.00,930.00,930.00,0,0
2018-04-12 12:08:00,930.00,930.00,930.00,930.00,0,0
2018-04-12 12:09:00,930.00,930.00,930.00,930.00,0,0
2018-04-12 12:10:00,930.00,930.00,930.00,930.00,0,0
2018-04-12 12:11:00,930.00,930.00,930.00,930.00,0,0
2018-04-12 12:12:00,930.00,930.00,930.00,930.00,0,0
2018-04-12 12:13:00,930.00,930.00,930.00,930.00,0,0
2018-04-12 12:14:00,930.00,930.00,930.00,930.00,0,0
2018-04-12 12:15:00,930.00,930.00,930.00,930.00,0,0
2018-04-12 12:16:00,930.00,930.00,930.00,930.00,0,0
2018-04-12 12:17:00,930.00,930.00,930.00,930.00,0,0
2018-04-12 12:18:00,930.00,930.00,930.00,930.00,0,0
2018-04-12 12:19:00,930.00,930.00,930.00,930.00,0,0
2018-04-12 12:20:00,930.00,930.00,930.00,930.00,0,0
2018-04-12 12:21:00,930.00,930.00,930.00,930.00,0,0
2018-04-12 12:22:00,930.00,930.00,930.00,930.00,0,0
2018-04-12 12:23:00,930.00,930.00,930.00,930.00,0,0
2018-04-12 12:24:00,930.00,930.00,930.00,930.00,0,0
2018-04-12 12:25:00,930.00,930.00,930.00,930.00,0,0
2018-04-12 12:26:00,930.00,930.00,930.00,930.00,0,0
2018-04-12 12:27:00,930.00,930.00,930.00,930.00,0,0
2018-04-12 12:28:00,930.00,930.00,930.00,930.00,0,0
2018-04-12 12:29:00,930.00,930.00,930.00,930.00,0,0
2018-04-12 12:30:00,930.00,930.00,930.00,930.00,0,0
2018-04-12 12:31:00,930.00,930.00,930.00,930.00,0,0
2018-04-12 12:32:00,930.00,930.00,930.00,930.00,0,0
2018-04-12 12:33:00,930.00,930.00,930.00,930.00,0,0
2018-04-12 12:34:00,930.00,930.00,930.00,930.00,0,0
2018-04-12 12:35:00,930.00,930.00,930.00,930.00,0,0
2018-04-12 12:36:00,930.00,930.00,930.00,930.00,0,0
2018-04-12 12:37:00,930.00,930.00,930.00,930.00,0,0
2018-04-12 12:38:00,930.00,930.00,930.00,930.00,0,0
2018-04-12 12:39:00,930.00,930.00,930.00,930.00,0,0
2018-04-12 12:40:00,930.00,930.00,930.00,930.00,0,0
2018-04-12 12:41:00,930.00,930.00,930.00,930.00,0,0
2018-04-12 12:42:00,930.00,930.00,930.00,930.00,0,0
2018-04-12 12:43:00,930.00,930.00,930.00,930.00,0,0
2018-04-12 12:44:00,930.00,930.00,930.00,930.00,0,0
2018-04-12 12:45:00,930.00,930.00,930.00,930.00,0,0
2018-04-12 12:46:00,930.00,930.00,930.00,930.00,0,0
2018-04-12 12:47:00,930.00,930.00,930.00,930.00,0,0
2018-04-12 12:48:00,930.00,930.00,930.00,930.00,0,0
2018-04-12 12:49:00,930.00,930.00,930.00,930.00,0,0
2018-04-12 12:50:00,930.00,930.00,930.00,930.00,0,0
2018-04-12 12:51:00,930.00,930.00,930.00,930.00,0,0
2018-04-12 12:52:00,930.00,930.00,930.00,930.00,0,0
2018-04-12 12:53:00,930.00,930.00,930.00,930.00,0,0
2018-04-12 12:54:00,930.00,930.00,930.00,930.00,0,0
2018-04-12 12:55:00,930.00,930.00,930.00,930.00,0,0
2018-04-12 12:56:00,930.00,930.00,930.00,930.00,0,0
2018-04-12 12:57:00,930.00,930.00,930.00,930.00,0,0
2018-04-12 12:58:00,930.00,930.00,930.00,930.00,0,0
2018-04-12 12:59:00,930.00,930.00,930.00,930.00,0,0
2018-04-12 13:00:00,930.00,930.00,930.00,930.00,0,0
2018-04-12 13:01:00,930.00,930.00,930.00,930.00,0,0
2018-04-12 13:02:00,930.00,930.00,930.00,930.00,0,0
2018-04-12 13:03:00,930.00,930.00,930.00,930.00,0,0
2018-04-12 13:04:00,930.00,930.00,930.00,930.00,0,0
2018-04-12 13:05:00,930.00,930.00,930.00,930.00,0,0
2018-04-12 13:06:00,930.00,930.00,930.00,930.00,0,0
2018-04-12 13:07:00,930.00,930.00,930.00,930.00,0,0
2018-04-12 13:08:00,930.00,930.00,930.00,930.00,0,0
2018-04-12 13:09:00,930.00,930.00,930.00,930.00,0,0
2018-04-12 13:10:00,930.00,930.00,930.00,930.00,0,0
2018-04-12 13:11:00,930.00,930.00,930.00,930.00,0,0
2018-04-12 13:12:00,930.00,930.00,930.00,930.00,0,0
2018-04-12 13:13:00,930.00,930.00,930.00,930.00,0,0
2018-04-12 13:14:00,930.00,930.00,930.00,930.00,0,0
2018-04-12 13:15:00,930.00,930.00,906.90,906.90,20,260
2018-04-12 13:16:00,906.90,906.90,906.90,906.90,0,0
2018-04-12 13:17:00,906.90,906.90,906.90,906.90,0,0
2018-04-12 13:18:00,906.90,906.90,906.90,906.90,0,0
2018-04-12 13:19:00,906.90,906.90,906.90,906.90,0,0
2018-04-12 13:20:00,906.90,906.90,906.90,906.90,0,0
2018-04-12 13:21:00,906.90,906.90,906.90,906.90,0,0
2018-04-12 13:22:00,906.90,906.90,906.90,906.90,0,0
2018-04-12 13:23:00,906.90,906.90,906.90,906.90,0,0
2018-04-12 13:24:00,906.90,906.90,906.90,906.90,0,0
2018-04-12 13:25:00,906.90,906.90,906.90,906.90,0,0
2018-04-12 13:26:00,906.90,906.90,906.90,906.90,0,0
2018-04-12 13:27:00,906.90,906.90,906.90,906.90,0,0
2018-04-12 13:28:00,906.90,906.90,906.90,906.90,0,0
2018-04-12 13:29:00,906.90,906.90,906.90,906.90,0,0
2018-04-12 13:30:00,906.90,906.90,906.90,906.90,0,0
2018-04-12 13:31:00,906.90,906.90,906.90,906.90,0,0
2018-04-12 13:32:00,906.90,906.90,906.90,906.90,0,0
2018-04-12 13:33:00,906.90,906.90,906.90,906.90,0,0
2018-04-12 13:34:00,906.90,906.90,906.90,906.90,0,0
2018-04-12 13:35:00,906.90,906.90,906.90,906.90,0,0
2018-04-12 13:36:00,906.90,906.90,906.90,906.90,0,0
2018-04-12 13:37:00,906.90,906.90,906.90,906.90,0,0
2018-04-12 13:38:00,906.90,913.00,906.90,913.00,20,280
2018-04-12 13:39:00,913.00,913.00,913.00,913.00,0,0
2018-04-12 13:40:00,913.00,913.00,913.00,913.00,0,0
2018-04-12 13:41:00,913.00,913.00,913.00,913.00,0,0
2018-04-12 13:42:00,913.00,913.00,913.00,913.00,0,0
2018-04-12 13:43:00,913.00,913.00,913.00,913.00,0,0
2018-04-12 13:44:00,913.00,913.00,913.00,913.00,0,0
2018-04-12 13:45:00,913.00,939.90,913.00,939.90,20,280
2018-04-12 13:46:00,939.90,939.90,939.90,939.90,0,0
2018-04-12 13:47:00,939.90,939.90,939.90,939.90,0,0
2018-04-12 13:48:00,939.90,939.90,939.90,939.90,0,0
2018-04-12 13:49:00,939.90,939.90,939.90,939.90,0,0
2018-04-12 13:50:00,939.90,939.90,939.90,939.90,0,0
2018-04-12 13:51:00,939.90,939.90,939.90,939.90,0,0
2018-04-12 13:52:00,939.90,939.90,939.90,939.90,0,0
2018-04-12 13:53:00,939.90,939.90,939.90,939.90,0,0
2018-04-12 13:54:00,939.90,939.90,939.90,939.90,0,0
2018-04-12 13:55:00,939.90,939.90,939.90,939.90,0,0
2018-04-12 13:56:00,939.90,939.90,939.90,939.90,0,0
2018-04-12 13:57:00,939.90,939.90,939.90,939.90,0,0
2018-04-12 13:58:00,939.90,939.90,939.90,939.90,0,0
2018-04-12 13:59:00,939.90,939.90,939.90,939.90,0,0
2018-04-12 14:00:00,939.90,939.90,939.90,939.90,0,0
2018-04-12 14:01:00,939.90,939.90,939.90,939.90,0,0
2018-04-12 14:02:00,939.90,939.90,939.90,939.90,0,0
2018-04-12 14:03:00,939.90,939.90,939.90,939.90,0,0
2018-04-12 14:04:00,939.90,939.90,939.90,939.90,0,0
2018-04-12 14:05:00,939.90,939.90,939.90,939.90,0,0
2018-04-12 14:06:00,939.90,939.90,939.90,939.90,0,0
2018-04-12 14:07:00,939.90,939.90,939.90,939.90,0,0
2018-04-12 14:08:00,939.90,939.90,939.90,939.90,0,0
2018-04-12 14:09:00,939.90,939.90,939.90,939.90,0,0
2018-04-12 14:10:00,939.90,939.90,939.90,939.90,0,0
2018-04-12 14:11:00,939.90,939.90,939.90,939.90,0,0
2018-04-12 14:12:00,939.90,939.90,939.90,939.90,0,0
2018-04-12 14:13:00,939.90,939.90,939.90,939.90,0,0
2018-04-12 14:14:00,939.90,939.90,939.90,939.90,0,0
2018-04-12 14:15:00,939.90,939.90,939.90,939.90,0,0
2018-04-12 14:16:00,939.90,939.90,939.90,939.90,0,0
2018-04-12 14:17:00,939.90,939.90,939.90,939.90,0,0
2018-04-12 14:18:00,939.90,939.90,939.90,939.90,0,0
2018-04-12 14:19:00,939.90,939.90,939.90,939.90,0,0
2018-04-12 14:20:00,939.90,939.90,939.90,939.90,0,0
2018-04-12 14:21:00,939.90,939.90,939.90,939.90,0,0
2018-04-12 14:22:00,939.90,939.90,939.90,939.90,0,0
2018-04-12 14:23:00,939.90,939.90,939.90,939.90,0,0
2018-04-12 14:24:00,939.90,939.90,939.90,939.90,0,0
2018-04-12 14:25:00,939.90,939.90,939.90,939.90,0,0
2018-04-12 14:26:00,939.90,939.90,939.90,939.90,0,0
2018-04-12 14:27:00,939.90,939.90,939.90,939.90,0,0
2018-04-12 14:28:00,939.90,939.90,939.90,939.90,0,0
2018-04-12 14:29:00,939.90,939.90,939.90,939.90,0,0
2018-04-12 14:30:00,939.90,939.90,939.90,939.90,0,0
2018-04-12 14:31:00,939.90,939.90,939.90,939.90,0,0
2018-04-12 14:32:00,939.90,939.90,939.90,939.90,0,0
2018-04-12 14:33:00,939.90,939.90,939.90,939.90,0,0
2018-04-12 14:34:00,939.90,939.90,939.90,939.90,0,0
2018-04-12 14:35:00,939.90,939.90,939.90,939.90,0,0
2018-04-12 14:36:00,939.90,939.90,939.90,939.90,0,0
2018-04-12 14:37:00,939.90,939.90,939.90,939.90,0,0
2018-04-12 14:38:00,939.90,939.90,939.90,939.90,0,0
2018-04-12 14:39:00,939.90,939.90,939.90,939.90,0,0
2018-04-12 14:40:00,939.90,939.90,923.25,923.25,20,300
2018-04-12 14:41:00,923.25,923.25,923.25,923.25,0,0
2018-04-12 14:42:00,923.25,923.25,923.25,923.25,0,0
2018-04-12 14:43:00,923.25,923.25,923.25,923.25,0,0
2018-04-12 14:44:00,923.25,923.25,923.25,923.25,0,0
2018-04-12 14:45:00,923.25,923.25,923.25,923.25,0,0
2018-04-12 14:46:00,923.25,923.25,923.25,923.25,0,0
2018-04-12 14:47:00,923.25,923.25,923.25,923.25,0,0
2018-04-12 14:48:00,923.25,923.25,923.25,923.25,0,0
2018-04-12 14:49:00,923.25,923.25,923.25,923.25,0,0
2018-04-12 14:50:00,923.25,923.25,923.25,923.25,0,0
2018-04-12 14:51:00,923.25,923.25,923.25,923.25,0,0
2018-04-12 14:52:00,923.25,923.25,923.25,923.25,0,0
2018-04-12 14:53:00,923.25,923.25,923.25,923.25,0,0
2018-04-12 14:54:00,923.25,923.25,923.25,923.25,0,0
2018-04-12 14:55:00,923.25,923.25,923.25,923.25,0,0
2018-04-12 14:56:00,923.25,923.25,923.25,923.25,0,0
2018-04-12 14:57:00,923.25,923.25,923.25,923.25,0,0
2018-04-12 14:58:00,923.25,923.25,923.25,923.25,0,0
2018-04-12 14:59:00,923.25,923.25,923.25,923.25,0,0
2018-04-12 15:00:00,923.25,923.25,923.25,923.25,0,0
2018-04-12 15:01:00,923.25,923.25,923.25,923.25,0,0
2018-04-12 15:02:00,923.25,923.25,923.25,923.25,0,0
2018-04-12 15:03:00,923.25,923.25,923.25,923.25,0,0
2018-04-12 15:04:00,923.25,923.25,923.25,923.25,0,0
2018-04-12 15:05:00,923.25,923.25,923.25,923.25,0,0
2018-04-12 15:06:00,923.25,923.25,923.25,923.25,0,0
2018-04-12 15:07:00,923.25,923.25,923.25,923.25,0,0
2018-04-12 15:08:00,923.25,923.25,923.25,923.25,0,0
2018-04-12 15:09:00,923.25,923.25,923.25,923.25,0,0
2018-04-12 15:10:00,923.25,923.25,923.25,923.25,0,0
2018-04-12 15:11:00,923.25,923.25,923.25,923.25,0,0
2018-04-12 15:12:00,923.25,923.25,923.25,923.25,0,0
2018-04-12 15:13:00,923.25,923.25,923.25,923.25,0,0
2018-04-12 15:14:00,923.25,923.25,923.25,923.25,0,0
2018-04-12 15:15:00,923.25,923.25,923.25,923.25,0,0
2018-04-12 15:16:00,923.25,923.25,923.25,923.25,0,0
2018-04-12 15:17:00,923.25,923.25,923.25,923.25,0,0
2018-04-12 15:18:00,923.25,923.25,923.25,923.25,0,0
2018-04-12 15:19:00,923.25,923.25,923.25,923.25,0,0
2018-04-12 15:20:00,923.25,923.25,923.25,923.25,0,0
2018-04-12 15:21:00,923.25,923.25,923.25,923.25,0,0
2018-04-12 15:22:00,923.25,923.25,923.25,923.25,0,0
2018-04-12 15:23:00,923.25,923.25,923.25,923.25,0,0
2018-04-12 15:24:00,923.25,923.25,923.25,923.25,0,0
2018-04-12 15:25:00,923.25,923.25,923.25,923.25,0,0
2018-04-12 15:26:00,923.25,923.25,923.25,923.25,0,0
2018-04-12 15:27:00,923.25,923.25,923.25,923.25,0,0
2018-04-12 15:28:00,923.25,923.25,923.25,923.25,0,0
2018-04-12 15:29:01,923.25,923.25,923.25,923.25,0,0
2018-05-12 09:43:00,795.00,795.00,795.00,795.00,0,300
2018-05-12 09:44:00,795.00,795.00,795.00,795.00,0,0
2018-05-12 09:45:00,795.00,795.00,795.00,795.00,0,0
2018-05-12 09:46:00,795.00,795.00,795.00,795.00,0,0
2018-05-12 09:47:00,795.00,797.90,795.00,797.90,20,320
2018-05-12 09:48:00,797.90,797.90,797.90,797.90,0,0
2018-05-12 09:49:00,797.90,797.90,796.45,796.45,20,340
2018-05-12 09:50:00,796.45,796.45,796.45,796.45,0,0
2018-05-12 09:51:00,796.45,796.45,794.00,794.00,20,340
2018-05-12 09:52:00,794.00,794.00,794.00,794.00,0,0
2018-05-12 09:53:00,794.00,794.00,794.00,794.00,0,0
2018-05-12 09:54:00,794.00,794.00,794.00,794.00,0,0
2018-05-12 09:55:00,794.00,794.00,794.00,794.00,0,0
2018-05-12 09:56:00,794.00,794.00,794.00,794.00,0,0
2018-05-12 09:57:00,794.00,794.00,794.00,794.00,0,0
2018-05-12 09:58:00,794.00,794.00,794.00,794.00,0,0
2018-05-12 09:59:00,794.00,794.00,794.00,794.00,0,0
2018-05-12 10:00:00,794.00,794.00,788.80,788.80,20,380
2018-05-12 10:01:00,788.80,788.80,788.80,788.80,0,0
2018-05-12 10:02:00,788.80,788.80,788.80,788.80,0,0
2018-05-12 10:03:00,788.80,788.80,788.80,788.80,0,0
2018-05-12 10:04:00,788.80,788.80,788.80,788.80,0,0
2018-05-12 10:05:00,788.80,788.80,788.80,788.80,20,0
2018-05-12 10:06:00,788.80,788.80,788.80,788.80,0,0
2018-05-12 10:07:00,788.80,788.80,788.80,788.80,0,0
2018-05-12 10:08:00,788.80,788.80,788.80,788.80,0,0
2018-05-12 10:09:00,788.80,788.80,788.80,788.80,0,0
2018-05-12 10:10:00,788.80,830.10,788.80,830.10,20,400
2018-05-12 10:11:00,830.10,830.10,830.10,830.10,0,0
2018-05-12 10:12:00,830.10,830.10,820.20,820.20,20,400
2018-05-12 10:13:00,820.20,820.20,820.20,820.20,0,0
2018-05-12 10:14:00,820.20,820.20,820.20,820.20,0,0
2018-05-12 10:15:00,820.20,832.00,820.20,832.00,200,400
2018-05-12 10:16:00,832.00,832.00,832.00,832.00,0,0
2018-05-12 10:17:00,832.00,832.00,832.00,832.00,0,0
2018-05-12 10:18:00,832.00,832.00,832.00,832.00,0,0
2018-05-12 10:19:00,832.00,832.00,832.00,832.00,0,0
2018-05-12 10:20:00,832.00,832.00,832.00,832.00,0,0
2018-05-12 10:21:00,832.00,832.00,832.00,832.00,0,0
2018-05-12 10:22:00,832.00,832.00,832.00,832.00,0,0
2018-05-12 10:23:00,832.00,832.00,832.00,832.00,0,0
2018-05-12 10:24:00,832.00,832.00,832.00,832.00,0,0
2018-05-12 10:25:00,832.00,832.00,832.00,832.00,0,0
2018-05-12 10:26:00,832.00,832.00,832.00,832.00,0,0
2018-05-12 10:27:00,832.00,832.00,832.00,832.00,0,0
2018-05-12 10:28:00,832.00,832.00,832.00,832.00,0,0
2018-05-12 10:29:00,832.00,832.00,832.00,832.00,0,0
2018-05-12 10:30:00,832.00,832.00,832.00,832.00,0,0
2018-05-12 10:31:00,832.00,832.00,832.00,832.00,0,0
2018-05-12 10:32:00,832.00,832.00,832.00,832.00,0,0
2018-05-12 10:33:00,832.00,832.00,814.10,814.10,20,540
2018-05-12 10:34:00,814.10,814.10,814.10,814.10,0,0
2018-05-12 10:35:00,814.10,814.10,814.10,814.10,0,0
2018-05-12 10:36:00,814.10,814.10,814.10,814.10,0,0
2018-05-12 10:37:00,814.10,814.10,814.10,814.10,0,0
2018-05-12 10:38:00,814.10,814.10,814.10,814.10,0,0
2018-05-12 10:39:00,814.10,814.10,814.10,814.10,0,0
2018-05-12 10:40:00,814.10,814.10,814.10,814.10,0,0
2018-05-12 10:41:00,814.10,814.10,814.10,814.10,0,0
2018-05-12 10:42:00,814.10,814.10,814.10,814.10,0,0
2018-05-12 10:43:00,814.10,814.10,814.10,814.10,0,0
2018-05-12 10:44:00,814.10,814.10,814.10,814.10,0,0
2018-05-12 10:45:00,814.10,814.10,814.10,814.10,0,0
2018-05-12 10:46:00,814.10,814.10,814.10,814.10,0,0
2018-05-12 10:47:00,814.10,814.10,814.10,814.10,0,0
2018-05-12 10:48:00,814.10,814.10,814.10,814.10,0,0
2018-05-12 10:49:00,814.10,814.10,814.10,814.10,0,0
2018-05-12 10:50:00,814.10,814.10,814.10,814.10,0,0
2018-05-12 10:51:00,814.10,814.10,814.10,814.10,0,0
2018-05-12 10:52:00,814.10,814.10,814.10,814.10,0,0
2018-05-12 10:53:00,814.10,814.10,814.10,814.10,0,0
2018-05-12 10:54:00,814.10,814.10,814.10,814.10,0,0
2018-05-12 10:55:00,814.10,814.10,814.10,814.10,0,0
2018-05-12 10:56:00,814.10,814.10,814.10,814.10,0,0
2018-05-12 10:57:00,814.10,814.10,814.10,814.10,0,0
2018-05-12 10:58:00,814.10,814.10,814.10,814.10,0,0
2018-05-12 10:59:00,814.10,814.10,814.10,814.10,0,0
2018-05-12 11:00:00,814.10,814.10,814.10,814.10,0,0
2018-05-12 11:01:00,814.10,814.10,814.10,814.10,0,0
2018-05-12 11:02:00,814.10,814.10,814.10,814.10,0,0
2018-05-12 11:03:00,814.10,814.10,814.10,814.10,0,0
2018-05-12 11:04:00,814.10,814.10,814.10,814.10,0,0
2018-05-12 11:05:00,814.10,814.10,814.10,814.10,0,0
2018-05-12 11:06:00,814.10,814.10,814.10,814.10,0,0
2018-05-12 11:07:00,814.10,814.10,814.10,814.10,0,0
2018-05-12 11:08:00,814.10,814.10,814.10,814.10,0,0
2018-05-12 11:09:00,814.10,814.10,814.10,814.10,0,0
2018-05-12 11:10:00,814.10,814.10,814.10,814.10,0,0
2018-05-12 11:11:00,814.10,814.10,814.10,814.10,0,0
2018-05-12 11:12:00,814.10,814.10,814.10,814.10,0,0
2018-05-12 11:13:00,814.10,814.10,814.10,814.10,0,0
2018-05-12 11:14:00,814.10,814.10,814.10,814.10,0,0
2018-05-12 11:15:00,814.10,814.10,814.10,814.10,0,0
2018-05-12 11:16:00,814.10,814.10,814.10,814.10,0,0
2018-05-12 11:17:00,814.10,814.10,814.10,814.10,0,0
2018-05-12 11:18:00,814.10,814.10,814.10,814.10,0,0
2018-05-12 11:19:00,814.10,814.10,814.10,814.10,0,0
2018-05-12 11:20:00,814.10,814.10,814.10,814.10,0,0
2018-05-12 11:21:00,814.10,814.10,814.10,814.10,0,0
2018-05-12 11:22:00,814.10,814.10,814.10,814.10,0,0
2018-05-12 11:23:00,814.10,814.10,814.10,814.10,0,0
2018-05-12 11:24:00,814.10,814.10,814.10,814.10,0,0
2018-05-12 11:25:00,814.10,830.85,814.10,830.85,20,540
2018-05-12 11:26:00,830.85,830.85,830.85,830.85,0,0
2018-05-12 11:27:00,830.85,830.85,830.85,830.85,0,0
2018-05-12 11:28:00,830.85,830.85,830.85,830.85,0,0
2018-05-12 11:29:00,830.85,830.85,830.85,830.85,0,0
2018-05-12 11:30:00,830.85,830.85,830.85,830.85,0,0
2018-05-12 11:31:00,830.85,830.85,830.85,830.85,0,0
2018-05-12 11:32:00,830.85,830.85,830.85,830.85,0,0
2018-05-12 11:33:00,830.85,830.85,830.85,830.85,0,0
2018-05-12 11:34:00,830.85,830.85,830.85,830.85,0,0
2018-05-12 11:35:00,830.85,830.85,830.85,830.85,0,0
2018-05-12 11:36:00,830.85,830.85,830.85,830.85,0,0
2018-05-12 11:37:00,830.85,830.85,830.85,830.85,0,0
2018-05-12 11:38:00,830.85,830.85,830.85,830.85,0,0
2018-05-12 11:39:00,830.85,830.85,830.85,830.85,0,0
2018-05-12 11:40:00,830.85,830.85,830.85,830.85,0,0
2018-05-12 11:41:00,830.85,830.85,830.85,830.85,0,0
2018-05-12 11:42:00,830.85,830.85,830.85,830.85,0,0
2018-05-12 11:43:00,830.85,830.85,830.85,830.85,0,0
2018-05-12 11:44:00,830.85,830.85,830.85,830.85,0,0
2018-05-12 11:45:00,830.85,830.85,830.85,830.85,0,0
2018-05-12 11:46:00,830.85,830.85,830.85,830.85,0,0
2018-05-12 11:47:00,830.85,830.85,830.85,830.85,0,0
2018-05-12 11:48:00,830.85,830.85,830.85,830.85,0,0
2018-05-12 11:49:00,830.85,830.85,830.85,830.85,0,0
2018-05-12 11:50:00,830.85,830.85,830.85,830.85,0,0
2018-05-12 11:51:00,830.85,830.85,830.85,830.85,0,0
2018-05-12 11:52:00,830.85,830.85,830.85,830.85,0,0
2018-05-12 11:53:00,830.85,830.85,830.85,830.85,0,0
2018-05-12 11:54:00,830.85,830.85,830.85,830.85,0,0
2018-05-12 11:55:00,830.85,830.85,830.85,830.85,0,0
2018-05-12 11:56:00,830.85,830.85,830.85,830.85,0,0
2018-05-12 11:57:00,830.85,830.85,830.85,830.85,0,0
2018-05-12 11:58:00,830.85,830.85,830.85,830.85,0,0
2018-05-12 11:59:00,830.85,830.85,830.85,830.85,0,0
2018-05-12 12:00:00,830.85,830.85,830.85,830.85,0,0
2018-05-12 12:01:00,830.85,830.85,830.85,830.85,0,0
2018-05-12 12:02:00,830.85,830.85,830.85,830.85,0,0
2018-05-12 12:03:00,830.85,830.85,830.85,830.85,0,0
2018-05-12 12:04:00,830.85,830.85,830.85,830.85,0,0
2018-05-12 12:05:00,830.85,830.85,830.85,830.85,0,0
2018-05-12 12:06:00,830.85,830.85,830.85,830.85,0,0
2018-05-12 12:07:00,830.85,830.85,830.85,830.85,0,0
2018-05-12 12:08:00,830.85,830.85,830.85,830.85,0,0
2018-05-12 12:09:00,830.85,830.85,830.85,830.85,0,0
2018-05-12 12:10:00,830.85,830.85,830.85,830.85,0,0
2018-05-12 12:11:00,830.85,830.85,830.85,830.85,0,0
2018-05-12 12:12:00,830.85,830.85,830.85,830.85,0,0
2018-05-12 12:13:00,830.85,830.85,830.85,830.85,0,0
2018-05-12 12:14:00,830.85,830.85,830.85,830.85,0,0
2018-05-12 12:15:00,830.85,830.85,830.85,830.85,0,0
2018-05-12 12:16:00,830.85,830.85,830.85,830.85,0,0
2018-05-12 12:17:00,830.85,830.85,830.85,830.85,0,0
2018-05-12 12:18:00,830.85,830.85,830.85,830.85,0,0
2018-05-12 12:19:00,830.85,830.85,830.85,830.85,0,0
2018-05-12 12:20:00,830.85,830.85,830.85,830.85,0,0
2018-05-12 12:21:00,830.85,830.85,830.85,830.85,0,0
2018-05-12 12:22:00,830.85,830.85,830.85,830.85,0,0
2018-05-12 12:23:00,830.85,830.85,830.85,830.85,0,0
2018-05-12 12:24:00,830.85,830.85,830.85,830.85,0,0
2018-05-12 12:25:00,830.85,830.85,830.85,830.85,0,0
2018-05-12 12:26:00,830.85,830.85,830.85,830.85,0,0
2018-05-12 12:27:00,830.85,830.85,830.85,830.85,0,0
2018-05-12 12:28:00,830.85,830.85,830.85,830.85,0,0
2018-05-12 12:29:00,830.85,830.85,830.85,830.85,0,0
2018-05-12 12:30:00,830.85,830.85,830.85,830.85,0,0
2018-05-12 12:31:00,830.85,830.85,830.85,830.85,0,0
2018-05-12 12:32:00,830.85,830.85,830.85,830.85,0,0
2018-05-12 12:33:00,830.85,830.85,830.85,830.85,0,0
2018-05-12 12:34:00,830.85,830.85,830.85,830.85,0,0
2018-05-12 12:35:00,830.85,830.85,830.85,830.85,0,0
2018-05-12 12:36:00,830.85,830.85,830.85,830.85,0,0
2018-05-12 12:37:00,830.85,830.85,830.85,830.85,0,0
2018-05-12 12:38:00,830.85,830.85,830.85,830.85,0,0
2018-05-12 12:39:00,830.85,830.85,830.85,830.85,0,0
2018-05-12 12:40:00,830.85,830.85,830.85,830.85,0,0
2018-05-12 12:41:00,830.85,830.85,830.85,830.85,0,0
2018-05-12 12:42:00,830.85,830.85,830.85,830.85,0,0
2018-05-12 12:43:00,830.85,830.85,830.85,830.85,0,0
2018-05-12 12:44:00,830.85,830.85,830.85,830.85,0,0
2018-05-12 12:45:00,830.85,830.85,830.85,830.85,0,0
2018-05-12 12:46:00,830.85,830.85,830.85,830.85,0,0
2018-05-12 12:47:00,830.85,830.85,830.85,830.85,0,0
2018-05-12 12:48:00,830.85,830.85,830.85,830.85,0,0
2018-05-12 12:49:00,830.85,830.85,830.85,830.85,0,0
2018-05-12 12:50:00,830.85,830.85,830.85,830.85,0,0
2018-05-12 12:51:00,830.85,830.85,830.85,830.85,0,0
2018-05-12 12:52:00,830.85,830.85,830.85,830.85,0,0
2018-05-12 12:53:00,830.85,830.85,830.85,830.85,0,0
2018-05-12 12:54:00,830.85,830.85,830.85,830.85,0,0
2018-05-12 12:55:00,830.85,830.85,830.85,830.85,0,0
2018-05-12 12:56:00,830.85,830.85,819.85,819.85,20,560
2018-05-12 12:57:00,819.85,819.85,819.85,819.85,0,0
2018-05-12 12:58:00,819.85,819.85,819.85,819.85,0,0
2018-05-12 12:59:00,819.85,819.85,819.85,819.85,0,0
2018-05-12 13:00:00,819.85,819.85,819.85,819.85,0,0
2018-05-12 13:01:00,819.85,819.85,819.85,819.85,0,0
2018-05-12 13:02:00,819.85,819.85,819.85,819.85,0,0
2018-05-12 13:03:00,819.85,819.85,819.85,819.85,0,0
2018-05-12 13:04:00,819.85,819.85,819.85,819.85,0,0
2018-05-12 13:05:00,819.85,820.60,819.85,820.60,20,560
2018-05-12 13:06:00,820.60,820.60,820.60,820.60,0,0
2018-05-12 13:07:00,820.60,820.60,820.60,820.60,0,0
2018-05-12 13:08:00,820.60,820.60,820.60,820.60,0,0
2018-05-12 13:09:00,820.60,820.60,820.60,820.60,0,0
2018-05-12 13:10:00,820.60,820.60,820.60,820.60,0,0
2018-05-12 13:11:00,820.60,820.60,820.60,820.60,0,0
2018-05-12 13:12:00,820.60,820.60,820.60,820.60,0,0
2018-05-12 13:13:00,820.60,820.60,820.60,820.60,0,0
2018-05-12 13:14:00,820.60,820.60,820.60,820.60,0,0
2018-05-12 13:15:00,820.60,820.60,820.60,820.60,0,0
2018-05-12 13:16:00,820.60,820.60,820.60,820.60,0,0
2018-05-12 13:17:00,820.60,820.60,820.60,820.60,0,0
2018-05-12 13:18:00,820.60,820.60,820.60,820.60,0,0
2018-05-12 13:19:00,820.60,820.60,820.60,820.60,0,0
2018-05-12 13:20:00,820.60,820.60,820.60,820.60,0,0
2018-05-12 13:21:00,820.60,820.60,820.60,820.60,0,0
2018-05-12 13:22:00,820.60,820.60,820.60,820.60,0,0
2018-05-12 13:23:00,820.60,820.60,820.60,820.60,0,0
2018-05-12 13:24:00,820.60,820.60,820.60,820.60,0,0
2018-05-12 13:25:00,820.60,820.60,820.60,820.60,0,0
2018-05-12 13:26:00,820.60,820.60,820.60,820.60,0,0
2018-05-12 13:27:00,820.60,820.60,820.60,820.60,0,0
2018-05-12 13:28:00,820.60,820.60,820.60,820.60,0,0
2018-05-12 13:29:00,820.60,820.60,820.60,820.60,0,0
2018-05-12 13:30:00,820.60,820.60,820.60,820.60,0,0
2018-05-12 13:31:00,820.60,820.60,820.60,820.60,0,0
2018-05-12 13:32:00,820.60,820.60,820.60,820.60,0,0
2018-05-12 13:33:00,820.60,820.60,820.60,820.60,0,0
2018-05-12 13:34:00,820.60,820.60,820.60,820.60,0,0
2018-05-12 13:35:00,820.60,820.60,820.60,820.60,0,0
2018-05-12 13:36:00,820.60,820.60,820.60,820.60,0,0
2018-05-12 13:37:00,820.60,820.60,820.60,820.60,0,0
2018-05-12 13:38:00,820.60,820.60,820.60,820.60,0,0
2018-05-12 13:39:00,820.60,820.60,820.60,820.60,0,0
2018-05-12 13:40:00,820.60,820.60,820.60,820.60,0,0
2018-05-12 13:41:00,820.60,820.60,820.60,820.60,0,0
2018-05-12 13:42:00,820.60,820.60,820.60,820.60,0,0
2018-05-12 13:43:00,820.60,820.60,820.60,820.60,0,0
2018-05-12 13:44:00,820.60,820.60,820.60,820.60,0,0
2018-05-12 13:45:00,820.60,820.60,820.60,820.60,0,0
2018-05-12 13:46:00,820.60,820.60,820.60,820.60,0,0
2018-05-12 13:47:00,820.60,820.60,820.60,820.60,0,0
2018-05-12 13:48:00,820.60,820.60,820.60,820.60,0,0
2018-05-12 13:49:00,820.60,820.60,820.60,820.60,0,0
2018-05-12 13:50:00,820.60,820.60,820.60,820.60,0,0
2018-05-12 13:51:00,820.60,820.60,820.60,820.60,0,0
2018-05-12 13:52:00,820.60,820.60,820.60,820.60,0,0
2018-05-12 13:53:00,820.60,820.60,820.60,820.60,0,0
2018-05-12 13:54:00,820.60,820.60,820.60,820.60,0,0
2018-05-12 13:55:00,820.60,820.60,820.60,820.60,0,0
2018-05-12 13:56:00,820.60,820.60,820.60,820.60,0,0
2018-05-12 13:57:00,820.60,820.60,820.60,820.60,0,0
2018-05-12 13:58:00,820.60,820.60,820.60,820.60,0,0
2018-05-12 13:59:00,820.60,820.60,820.60,820.60,0,0
2018-05-12 14:00:00,820.60,820.60,820.60,820.60,0,0
2018-05-12 14:01:00,820.60,820.60,820.60,820.60,0,0
2018-05-12 14:02:00,820.60,820.60,820.60,820.60,0,0
2018-05-12 14:03:00,820.60,820.60,820.60,820.60,0,0
2018-05-12 14:04:00,820.60,820.60,820.60,820.60,0,0
2018-05-12 14:05:00,820.60,820.60,820.60,820.60,0,0
2018-05-12 14:06:00,820.60,820.60,820.60,820.60,0,0
2018-05-12 14:07:00,820.60,820.60,820.60,820.60,0,0
2018-05-12 14:08:00,820.60,820.60,820.60,820.60,0,0
2018-05-12 14:09:00,820.60,820.60,820.60,820.60,0,0
2018-05-12 14:10:00,820.60,820.60,820.60,820.60,0,0
2018-05-12 14:11:00,820.60,820.60,820.60,820.60,0,0
2018-05-12 14:12:00,820.60,820.60,820.60,820.60,0,0
2018-05-12 14:13:00,820.60,820.60,820.60,820.60,0,0
2018-05-12 14:14:00,820.60,820.60,820.60,820.60,0,0
2018-05-12 14:15:00,820.60,820.60,820.60,820.60,0,0
2018-05-12 14:16:00,820.60,820.60,820.60,820.60,0,0
2018-05-12 14:17:00,820.60,820.60,820.60,820.60,0,0
2018-05-12 14:18:00,820.60,820.60,820.60,820.60,0,0
2018-05-12 14:19:00,820.60,820.60,820.60,820.60,0,0
2018-05-12 14:20:00,820.60,820.60,820.60,820.60,0,0
2018-05-12 14:21:00,820.60,820.60,820.60,820.60,0,0
2018-05-12 14:22:00,820.60,820.60,820.60,820.60,0,0
2018-05-12 14:23:00,820.60,820.60,820.60,820.60,0,0
2018-05-12 14:24:00,820.60,820.60,820.60,820.60,0,0
2018-05-12 14:25:00,820.60,820.60,820.60,820.60,0,0
2018-05-12 14:26:00,820.60,820.60,820.60,820.60,0,0
2018-05-12 14:27:00,820.60,820.60,820.60,820.60,0,0
2018-05-12 14:28:00,820.60,820.60,820.60,820.60,0,0
2018-05-12 14:29:00,820.60,820.60,820.60,820.60,0,0
2018-05-12 14:30:00,820.60,840.00,820.60,840.00,20,560
2018-05-12 14:31:00,840.00,840.00,840.00,840.00,0,0
2018-05-12 14:32:00,840.00,840.00,840.00,840.00,0,0
2018-05-12 14:33:00,840.00,840.00,840.00,840.00,0,0
2018-05-12 14:34:00,840.00,840.00,840.00,840.00,0,0
2018-05-12 14:35:00,840.00,840.00,840.00,840.00,0,0
2018-05-12 14:36:00,840.00,840.00,835.00,835.00,20,0
2018-05-12 14:37:00,835.00,835.00,835.00,835.00,0,0
2018-05-12 14:38:00,835.00,835.00,835.00,835.00,0,0
2018-05-12 14:39:00,835.00,835.00,835.00,835.00,0,0
2018-05-12 14:40:00,835.00,835.00,835.00,835.00,0,0
2018-05-12 14:41:00,835.00,835.00,835.00,835.00,0,0
2018-05-12 14:42:00,835.00,835.00,835.00,835.00,0,0
2018-05-12 14:43:00,835.00,835.00,835.00,835.00,0,0
2018-05-12 14:44:00,835.00,835.00,835.00,835.00,0,0
2018-05-12 14:45:00,835.00,835.00,805.10,805.10,20,0
2018-05-12 14:46:00,805.10,805.10,805.10,805.10,0,0
2018-05-12 14:47:00,805.10,805.10,805.10,805.10,0,0
2018-05-12 14:48:00,805.10,805.10,805.10,805.10,0,0
2018-05-12 14:49:00,805.10,805.10,805.10,805.10,0,0
2018-05-12 14:50:00,805.10,805.10,805.10,805.10,0,0
2018-05-12 14:51:00,805.10,805.10,805.10,805.10,0,0
2018-05-12 14:52:00,805.10,805.10,805.10,805.10,0,0
2018-05-12 14:53:00,805.10,805.10,805.10,805.10,0,0
2018-05-12 14:54:00,805.10,805.10,805.10,805.10,0,0
2018-05-12 14:55:00,805.10,805.10,805.10,805.10,0,0
2018-05-12 14:56:00,805.10,805.10,805.10,805.10,0,0
2018-05-12 14:57:00,805.10,805.10,805.10,805.10,0,0
2018-05-12 14:58:00,805.10,805.10,805.10,805.10,0,0
2018-05-12 14:59:00,805.10,805.10,805.10,805.10,0,0
2018-05-12 15:00:00,805.10,805.10,805.10,805.10,0,0
2018-05-12 15:01:00,805.10,805.10,805.10,805.10,0,0
2018-05-12 15:02:00,805.10,805.10,805.10,805.10,0,0
2018-05-12 15:03:00,805.10,805.10,805.10,805.10,0,0
2018-05-12 15:04:00,805.10,805.10,805.10,805.10,0,0
2018-05-12 15:05:00,805.10,805.10,805.10,805.10,0,0
2018-05-12 15:06:00,805.10,805.10,805.10,805.10,0,0
2018-05-12 15:07:00,805.10,805.10,805.10,805.10,0,0
2018-05-12 15:08:00,805.10,805.10,805.10,805.10,0,0
2018-05-12 15:09:00,805.10,805.10,805.10,805.10,0,0
2018-05-12 15:10:00,805.10,805.10,805.10,805.10,0,0
2018-05-12 15:11:00,805.10,805.10,805.10,805.10,0,0
2018-05-12 15:12:00,805.10,805.10,805.10,805.10,0,0
2018-05-12 15:13:00,805.10,805.10,805.10,805.10,0,0
2018-05-12 15:14:00,805.10,805.10,805.10,805.10,0,0
2018-05-12 15:15:00,805.10,805.10,805.10,805.10,0,0
2018-05-12 15:16:00,805.10,805.10,805.10,805.10,0,0
2018-05-12 15:17:00,805.10,805.10,805.10,805.10,0,0
2018-05-12 15:18:00,805.10,805.10,805.10,805.10,0,0
2018-05-12 15:19:00,805.10,805.10,805.10,805.10,0,0
2018-05-12 15:20:00,805.10,805.10,805.10,805.10,0,0
2018-05-12 15:21:00,805.10,805.10,805.10,805.10,0,0
2018-05-12 15:22:00,805.10,805.10,805.10,805.10,0,0
2018-05-12 15:23:00,805.10,805.10,805.10,805.10,0,0
2018-05-12 15:24:00,805.10,805.10,805.10,805.10,0,0
2018-05-12 15:25:00,805.10,805.10,805.10,805.10,0,0
2018-05-12 15:26:00,805.10,805.10,805.10,805.10,0,0
2018-05-12 15:27:00,805.10,805.10,805.10,805.10,0,0
2018-05-12 15:28:00,805.10,815.80,805.10,815.80,20,560
2018-05-12 15:29:01,815.80,815.80,815.80,815.80,0,0
2018-06-12 09:15:00,737.45,737.45,737.45,737.45,0,0
2018-06-12 09:16:00,737.45,737.45,662.35,662.35,20,0
2018-06-12 09:17:00,662.35,662.35,662.35,662.35,0,0
2018-06-12 09:18:00,662.35,662.35,662.35,662.35,0,0
2018-06-12 09:19:00,662.35,662.35,662.35,662.35,0,0
2018-06-12 09:20:00,662.35,662.35,662.35,662.35,0,0
2018-06-12 09:21:00,662.35,662.35,662.35,662.35,0,0
2018-06-12 09:22:00,662.35,662.35,662.35,662.35,0,0
2018-06-12 09:23:00,662.35,662.35,662.35,662.35,0,0
2018-06-12 09:24:00,662.35,662.35,662.35,662.35,0,0
2018-06-12 09:25:00,662.35,662.35,650.15,650.15,20,560
2018-06-12 09:26:00,650.15,650.15,650.15,650.15,0,0
2018-06-12 09:27:00,650.15,650.15,650.15,650.15,0,0
2018-06-12 09:28:00,650.15,650.15,650.15,650.15,0,0
2018-06-12 09:29:00,650.15,650.15,650.15,650.15,0,0
2018-06-12 09:30:00,650.15,650.15,650.15,650.15,0,0
2018-06-12 09:31:00,650.15,650.15,650.15,650.15,0,0
2018-06-12 09:32:00,650.15,650.15,650.15,650.15,0,0
2018-06-12 09:33:00,650.15,650.15,650.15,650.15,0,0
2018-06-12 09:34:00,650.15,650.15,650.15,650.15,0,0
2018-06-12 09:35:00,650.15,650.15,640.00,640.00,160,560
2018-06-12 09:36:00,640.00,640.00,640.00,640.00,0,0
2018-06-12 09:37:00,640.00,652.00,640.00,652.00,80,620
2018-06-12 09:38:00,652.00,652.00,646.10,646.10,40,620
2018-06-12 09:39:00,646.10,646.10,646.10,646.10,0,0
2018-06-12 09:40:00,646.10,654.00,646.10,654.00,40,700
2018-06-12 09:41:00,654.00,654.00,654.00,654.00,0,0
2018-06-12 09:42:00,654.00,655.00,652.00,652.00,80,700
2018-06-12 09:43:00,652.00,652.00,652.00,652.00,0,0
2018-06-12 09:44:00,652.00,652.00,652.00,652.00,0,0
2018-06-12 09:45:00,652.00,652.00,652.00,652.00,0,0
2018-06-12 09:46:00,652.00,652.00,652.00,652.00,0,0
2018-06-12 09:47:00,652.00,652.00,652.00,652.00,0,0
2018-06-12 09:48:00,652.00,652.00,652.00,652.00,0,0
2018-06-12 09:49:00,652.00,652.00,652.00,652.00,0,0
2018-06-12 09:50:00,652.00,652.00,652.00,652.00,0,0
2018-06-12 09:51:00,652.00,652.00,652.00,652.00,0,0
2018-06-12 09:52:00,652.00,652.00,604.30,604.30,40,820
2018-06-12 09:53:00,604.30,649.90,604.30,649.90,20,820
2018-06-12 09:54:00,649.90,649.90,649.90,649.90,0,0
2018-06-12 09:55:00,649.90,649.90,649.90,649.90,0,0
2018-06-12 09:56:00,649.90,649.90,649.90,649.90,0,0
2018-06-12 09:57:00,649.90,649.90,625.00,625.00,20,820
2018-06-12 09:58:00,625.00,630.00,625.00,630.00,20,840
2018-06-12 09:59:00,630.00,630.00,630.00,630.00,0,0
2018-06-12 10:00:00,630.00,630.00,630.00,630.00,80,860
2018-06-12 10:01:00,630.00,630.00,630.00,630.00,0,0
2018-06-12 10:02:00,630.00,630.00,630.00,630.00,0,0
2018-06-12 10:03:00,630.00,630.00,630.00,630.00,0,0
2018-06-12 10:04:00,630.00,630.00,630.00,630.00,0,0
2018-06-12 10:05:00,630.00,630.00,630.00,630.00,0,0
2018-06-12 10:06:00,630.00,630.00,630.00,630.00,0,0
2018-06-12 10:07:00,630.00,630.00,630.00,630.00,0,0
2018-06-12 10:08:00,630.00,630.00,630.00,630.00,0,0
2018-06-12 10:09:00,630.00,630.00,630.00,630.00,0,0
2018-06-12 10:10:00,630.00,630.00,630.00,630.00,0,0
2018-06-12 10:11:00,630.00,630.00,630.00,630.00,0,0
2018-06-12 10:12:00,630.00,630.00,630.00,630.00,0,0
2018-06-12 10:13:00,630.00,630.00,626.00,626.00,20,900
2018-06-12 10:14:00,626.00,626.00,626.00,626.00,0,0
2018-06-12 10:15:00,626.00,626.00,626.00,626.00,0,0
2018-06-12 10:16:00,626.00,628.00,626.00,628.00,40,920
2018-06-12 10:17:00,628.00,628.00,628.00,628.00,20,0
2018-06-12 10:18:00,628.00,628.00,628.00,628.00,20,980
2018-06-12 10:19:00,628.00,628.00,628.00,628.00,0,0
2018-06-12 10:20:00,628.00,628.00,628.00,628.00,0,0
2018-06-12 10:21:00,628.00,628.00,628.00,628.00,0,0
2018-06-12 10:22:00,628.00,628.00,628.00,628.00,0,0
2018-06-12 10:23:00,628.00,628.00,628.00,628.00,0,0
2018-06-12 10:24:00,628.00,628.00,628.00,628.00,0,0
2018-06-12 10:25:00,628.00,628.00,628.00,628.00,0,0
2018-06-12 10:26:00,628.00,628.00,628.00,628.00,0,0
2018-06-12 10:27:00,628.00,628.00,628.00,628.00,0,0
2018-06-12 10:28:00,628.00,628.00,625.00,625.00,20,980
2018-06-12 10:29:00,625.00,625.00,625.00,625.00,0,0
2018-06-12 10:30:00,625.00,625.00,625.00,625.00,0,0
2018-06-12 10:31:00,625.00,625.00,625.00,625.00,0,0
2018-06-12 10:32:00,625.00,625.00,625.00,625.00,0,0
2018-06-12 10:33:00,625.00,625.00,620.00,620.00,40,1000
2018-06-12 10:34:00,620.00,620.00,620.00,620.00,0,0
2018-06-12 10:35:00,620.00,620.00,620.00,620.00,0,0
2018-06-12 10:36:00,620.00,620.00,620.00,620.00,0,0
2018-06-12 10:37:00,620.00,620.00,620.00,620.00,0,0
2018-06-12 10:38:00,620.00,620.00,620.00,620.00,0,0
2018-06-12 10:39:00,620.00,620.00,620.00,620.00,0,0
2018-06-12 10:40:00,620.00,620.00,620.00,620.00,0,0
2018-06-12 10:41:00,620.00,630.00,620.00,630.00,20,1040
2018-06-12 10:42:00,630.00,630.00,630.00,630.00,0,0
2018-06-12 10:43:00,630.00,630.00,630.00,630.00,0,0
2018-06-12 10:44:00,630.00,630.00,630.00,630.00,0,0
2018-06-12 10:45:00,630.00,630.00,630.00,630.00,0,0
2018-06-12 10:46:00,630.00,630.00,630.00,630.00,0,0
2018-06-12 10:47:00,630.00,630.00,630.00,630.00,0,0
2018-06-12 10:48:00,630.00,630.00,630.00,630.00,0,0
2018-06-12 10:49:00,630.00,630.00,630.00,630.00,0,0
2018-06-12 10:50:00,630.00,630.00,625.00,625.00,20,1040
2018-06-12 10:51:00,625.00,625.00,625.00,625.00,20,1040
2018-06-12 10:52:00,625.00,625.00,625.00,625.00,20,1040
2018-06-12 10:53:00,625.00,625.00,625.00,625.00,0,0
2018-06-12 10:54:00,625.00,625.00,620.00,620.00,20,1040
2018-06-12 10:55:00,620.00,620.00,620.00,620.00,0,0
2018-06-12 10:56:00,620.00,620.00,620.00,620.00,20,1060
2018-06-12 10:57:00,620.00,620.00,620.00,620.00,0,0
2018-06-12 10:58:00,620.00,620.00,620.00,620.00,0,0
2018-06-12 10:59:00,620.00,620.00,620.00,620.00,0,0
2018-06-12 11:00:00,620.00,620.00,620.00,620.00,0,0
2018-06-12 11:01:00,620.00,620.00,620.00,620.00,0,0
2018-06-12 11:02:00,620.00,620.00,620.00,620.00,0,0
2018-06-12 11:03:00,620.00,620.00,620.00,620.00,0,0
2018-06-12 11:04:00,620.00,620.00,620.00,620.00,0,0
2018-06-12 11:05:00,620.00,620.00,620.00,620.00,0,0
2018-06-12 11:06:00,620.00,620.00,611.05,611.05,60,1080
2018-06-12 11:07:00,611.05,611.05,611.05,611.05,0,0
2018-06-12 11:08:00,611.05,611.05,611.05,611.05,0,0
2018-06-12 11:09:00,611.05,611.05,611.05,611.05,0,0
2018-06-12 11:10:00,611.05,611.05,611.05,611.05,0,0
2018-06-12 11:11:00,611.05,611.05,611.05,611.05,0,0
2018-06-12 11:12:00,611.05,611.05,611.05,611.05,0,0
2018-06-12 11:13:00,611.05,611.05,611.00,611.00,0,1140
2018-06-12 11:14:00,611.00,611.00,611.00,611.00,0,0
2018-06-12 11:15:00,611.00,611.00,611.00,611.00,0,0
2018-06-12 11:16:00,611.00,611.00,611.00,611.00,0,0
2018-06-12 11:17:00,611.00,611.00,611.00,611.00,0,0
2018-06-12 11:18:00,611.00,611.00,611.00,611.00,0,0
2018-06-12 11:19:00,611.00,626.55,611.00,626.55,40,1120
2018-06-12 11:20:00,626.55,626.55,626.55,626.55,0,0
2018-06-12 11:21:00,626.55,626.55,626.55,626.55,0,0
2018-06-12 11:22:00,626.55,626.55,626.55,626.55,0,0
2018-06-12 11:23:00,626.55,626.65,626.55,626.65,20,1140
2018-06-12 11:24:00,626.65,634.90,626.65,634.90,20,1120
2018-06-12 11:25:00,634.90,634.90,634.45,634.45,20,1120
2018-06-12 11:26:00,634.45,634.45,634.45,634.45,0,0
2018-06-12 11:27:00,634.45,634.45,634.45,634.45,0,0
2018-06-12 11:28:00,634.45,634.45,634.45,634.45,0,0
2018-06-12 11:29:00,634.45,634.45,634.45,634.45,0,0
2018-06-12 11:30:00,634.45,634.45,634.45,634.45,0,0
2018-06-12 11:31:00,634.45,635.00,634.45,635.00,20,1140
2018-06-12 11:32:00,635.00,635.00,635.00,635.00,0,0
2018-06-12 11:33:00,635.00,635.00,635.00,635.00,0,0
2018-06-12 11:34:00,635.00,635.00,635.00,635.00,0,0
2018-06-12 11:35:00,635.00,635.00,635.00,635.00,0,0
2018-06-12 11:36:00,635.00,635.00,635.00,635.00,0,0
2018-06-12 11:37:00,635.00,635.00,635.00,635.00,0,0
2018-06-12 11:38:00,635.00,635.00,635.00,635.00,0,0
2018-06-12 11:39:00,635.00,635.00,635.00,635.00,0,0
2018-06-12 11:40:00,635.00,635.00,635.00,635.00,0,0
2018-06-12 11:41:00,635.00,635.00,620.00,620.00,20,1140
2018-06-12 11:42:00,620.00,620.00,620.00,620.00,0,0
2018-06-12 11:43:00,620.00,620.00,620.00,620.00,0,0
2018-06-12 11:44:00,620.00,620.00,620.00,620.00,0,0
2018-06-12 11:45:00,620.00,620.00,620.00,620.00,0,0
2018-06-12 11:46:00,620.00,620.00,620.00,620.00,0,0
2018-06-12 11:47:00,620.00,620.00,620.00,620.00,0,0
2018-06-12 11:48:00,620.00,620.00,620.00,620.00,0,0
2018-06-12 11:49:00,620.00,620.00,620.00,620.00,0,0
2018-06-12 11:50:00,620.00,620.00,620.00,620.00,0,0
2018-06-12 11:51:00,620.00,620.00,620.00,620.00,0,0
2018-06-12 11:52:00,620.00,620.00,620.00,620.00,0,0
2018-06-12 11:53:00,620.00,620.00,620.00,620.00,0,0
2018-06-12 11:54:00,620.00,620.00,620.00,620.00,0,0
2018-06-12 11:55:00,620.00,620.00,620.00,620.00,0,0
2018-06-12 11:56:00,620.00,620.00,620.00,620.00,0,0
2018-06-12 11:57:00,620.00,620.00,620.00,620.00,0,0
2018-06-12 11:58:00,620.00,620.00,620.00,620.00,0,0
2018-06-12 11:59:00,620.00,632.25,620.00,632.25,40,1140
2018-06-12 12:00:00,632.25,632.25,632.25,632.25,0,0
2018-06-12 12:01:00,632.25,632.25,632.25,632.25,0,0
2018-06-12 12:02:00,632.25,632.25,632.25,632.25,0,0
2018-06-12 12:03:00,632.25,632.25,632.25,632.25,0,0
2018-06-12 12:04:00,632.25,632.25,632.25,632.25,0,0
2018-06-12 12:05:00,632.25,632.25,632.25,632.25,0,0
2018-06-12 12:06:00,632.25,632.25,620.05,620.05,20,0
2018-06-12 12:07:00,620.05,620.25,620.05,620.25,20,0
2018-06-12 12:08:00,620.25,620.25,620.25,620.25,0,0
2018-06-12 12:09:00,620.25,620.25,620.25,620.25,0,0
2018-06-12 12:10:00,620.25,620.25,620.25,620.25,0,0
2018-06-12 12:11:00,620.25,620.25,620.00,620.00,20,1180
2018-06-12 12:12:00,620.00,620.00,620.00,620.00,0,0
2018-06-12 12:13:00,620.00,620.00,620.00,620.00,0,0
2018-06-12 12:14:00,620.00,620.00,620.00,620.00,0,0
2018-06-12 12:15:00,620.00,620.00,620.00,620.00,0,0
2018-06-12 12:16:00,620.00,620.00,620.00,620.00,0,0
2018-06-12 12:17:00,620.00,620.00,620.00,620.00,0,0
2018-06-12 12:18:00,620.00,620.00,620.00,620.00,0,0
2018-06-12 12:19:00,620.00,620.00,620.00,620.00,0,0
2018-06-12 12:20:00,620.00,620.00,620.00,620.00,0,0
2018-06-12 12:21:00,620.00,620.00,620.00,620.00,0,0
2018-06-12 12:22:00,620.00,620.00,620.00,620.00,0,0
2018-06-12 12:23:00,620.00,620.00,620.00,620.00,0,0
2018-06-12 12:24:00,620.00,620.00,620.00,620.00,0,0
2018-06-12 12:25:00,620.00,620.00,620.00,620.00,0,0
2018-06-12 12:26:00,620.00,620.00,620.00,620.00,0,0
2018-06-12 12:27:00,620.00,620.00,620.00,620.00,0,0
2018-06-12 12:28:00,620.00,620.00,620.00,620.00,0,0
2018-06-12 12:29:00,620.00,620.00,620.00,620.00,0,0
2018-06-12 12:30:00,620.00,620.00,611.85,611.85,20,1200
2018-06-12 12:31:00,611.85,611.85,611.85,611.85,0,0
2018-06-12 12:32:00,611.85,611.85,611.85,611.85,0,0
2018-06-12 12:33:00,611.85,611.85,611.85,611.85,0,0
2018-06-12 12:34:00,611.85,611.85,611.85,611.85,0,0
2018-06-12 12:35:00,611.85,611.85,611.85,611.85,0,0
2018-06-12 12:36:00,611.85,611.85,611.85,611.85,0,0
2018-06-12 12:37:00,611.85,611.85,611.85,611.85,0,0
2018-06-12 12:38:00,611.85,611.85,611.85,611.85,0,0
2018-06-12 12:39:00,611.85,611.85,611.85,611.85,0,0
2018-06-12 12:40:00,611.85,611.85,611.85,611.85,0,0
2018-06-12 12:41:00,611.85,611.85,611.85,611.85,0,0
2018-06-12 12:42:00,611.85,611.85,611.85,611.85,0,0
2018-06-12 12:43:00,611.85,611.85,611.85,611.85,0,0
2018-06-12 12:44:00,611.85,611.85,611.85,611.85,0,0
2018-06-12 12:45:00,611.85,611.85,611.85,611.85,0,0
2018-06-12 12:46:00,611.85,611.85,611.85,611.85,0,0
2018-06-12 12:47:00,611.85,611.85,611.85,611.85,0,0
2018-06-12 12:48:00,611.85,611.85,611.85,611.85,0,0
2018-06-12 12:49:00,611.85,611.85,611.85,611.85,0,0
2018-06-12 12:50:00,611.85,611.85,611.85,611.85,0,0
2018-06-12 12:51:00,611.85,611.85,611.85,611.85,0,0
2018-06-12 12:52:00,611.85,611.85,611.85,611.85,0,0
2018-06-12 12:53:00,611.85,611.85,611.85,611.85,0,0
2018-06-12 12:54:00,611.85,630.00,611.85,630.00,20,1200
2018-06-12 12:55:00,630.00,635.00,630.00,635.00,20,1200
2018-06-12 12:56:00,635.00,635.00,635.00,635.00,0,0
2018-06-12 12:57:00,635.00,635.00,635.00,635.00,0,0
2018-06-12 12:58:00,635.00,635.00,635.00,635.00,0,0
2018-06-12 12:59:00,635.00,635.00,635.00,635.00,0,0
2018-06-12 13:00:00,635.00,635.00,635.00,635.00,0,0
2018-06-12 13:01:00,635.00,635.00,635.00,635.00,0,0
2018-06-12 13:02:00,635.00,635.00,635.00,635.00,0,0
2018-06-12 13:03:00,635.00,635.00,635.00,635.00,0,0
2018-06-12 13:04:00,635.00,635.00,635.00,635.00,0,0
2018-06-12 13:05:00,635.00,635.00,635.00,635.00,0,0
2018-06-12 13:06:00,635.00,635.00,635.00,635.00,0,0
2018-06-12 13:07:00,635.00,635.00,635.00,635.00,0,0
2018-06-12 13:08:00,635.00,635.00,635.00,635.00,0,0
2018-06-12 13:09:00,635.00,660.00,635.00,660.00,20,1200
2018-06-12 13:10:00,660.00,660.00,660.00,660.00,0,0
2018-06-12 13:11:00,660.00,660.00,660.00,660.00,0,0
2018-06-12 13:12:00,660.00,660.00,660.00,660.00,0,0
2018-06-12 13:13:00,660.00,660.00,660.00,660.00,0,0
2018-06-12 13:14:00,660.00,660.00,660.00,660.00,0,0
2018-06-12 13:15:00,660.00,668.80,660.00,668.80,40,1200
2018-06-12 13:16:00,668.80,668.80,668.80,668.80,0,0
2018-06-12 13:17:00,668.80,668.80,668.80,668.80,0,0
2018-06-12 13:18:00,668.80,668.80,665.00,665.00,20,1240
2018-06-12 13:19:00,665.00,665.00,665.00,665.00,0,0
2018-06-12 13:20:00,665.00,665.00,665.00,665.00,0,0
2018-06-12 13:21:00,665.00,665.00,665.00,665.00,0,0
2018-06-12 13:22:00,665.00,685.10,665.00,685.10,40,1260
2018-06-12 13:23:00,685.10,685.10,685.10,685.10,0,0
2018-06-12 13:24:00,685.10,685.10,685.10,685.10,0,0
2018-06-12 13:25:00,685.10,685.10,685.10,685.10,0,0
2018-06-12 13:26:00,685.10,685.10,685.10,685.10,0,0
2018-06-12 13:27:00,685.10,685.10,685.10,685.10,0,0
2018-06-12 13:28:00,685.10,685.10,685.10,685.10,0,0
2018-06-12 13:29:00,685.10,685.10,685.10,685.10,0,0
2018-06-12 13:30:00,685.10,685.10,685.10,685.10,0,0
2018-06-12 13:31:00,685.10,685.10,685.10,685.10,0,0
2018-06-12 13:32:00,685.10,685.10,685.10,685.10,0,0
2018-06-12 13:33:00,685.10,685.10,685.10,685.10,0,0
2018-06-12 13:34:00,685.10,685.10,685.10,685.10,0,0
2018-06-12 13:35:00,685.10,685.10,630.00,630.00,20,1300
2018-06-12 13:36:00,630.00,630.00,630.00,630.00,0,0
2018-06-12 13:37:00,630.00,630.00,630.00,630.00,0,0
2018-06-12 13:38:00,630.00,630.00,630.00,630.00,0,0
2018-06-12 13:39:00,630.00,630.00,630.00,630.00,0,0
2018-06-12 13:40:00,630.00,630.00,630.00,630.00,0,0
2018-06-12 13:41:00,630.00,630.00,630.00,630.00,0,0
2018-06-12 13:42:00,630.00,630.00,630.00,630.00,0,0
2018-06-12 13:43:00,630.00,630.00,630.00,630.00,0,0
2018-06-12 13:44:00,630.00,630.00,630.00,630.00,0,0
2018-06-12 13:45:00,630.00,630.00,630.00,630.00,0,0
2018-06-12 13:46:00,630.00,630.00,630.00,630.00,0,0
2018-06-12 13:47:00,630.00,630.00,630.00,630.00,0,0
2018-06-12 13:48:00,630.00,630.00,630.00,630.00,0,0
2018-06-12 13:49:00,630.00,630.00,630.00,630.00,0,0
2018-06-12 13:50:00,630.00,630.00,630.00,630.00,0,0
2018-06-12 13:51:00,630.00,630.00,630.00,630.00,0,0
2018-06-12 13:52:00,630.00,630.00,630.00,630.00,0,0
2018-06-12 13:53:00,630.00,630.00,630.00,630.00,0,0
2018-06-12 13:54:00,630.00,630.00,630.00,630.00,0,0
2018-06-12 13:55:00,630.00,630.00,611.00,611.00,20,1300
2018-06-12 13:56:00,611.00,611.00,611.00,611.00,0,0
2018-06-12 13:57:00,611.00,611.00,611.00,611.00,0,0
2018-06-12 13:58:00,611.00,611.00,611.00,611.00,20,1320
2018-06-12 13:59:00,611.00,611.00,611.00,611.00,0,0
2018-06-12 14:00:00,611.00,611.00,611.00,611.00,0,0
2018-06-12 14:01:00,611.00,611.00,611.00,611.00,0,0
2018-06-12 14:02:00,611.00,611.00,611.00,611.00,0,0
2018-06-12 14:03:00,611.00,611.00,611.00,611.00,0,0
2018-06-12 14:04:00,611.00,611.00,611.00,611.00,0,0
2018-06-12 14:05:00,611.00,611.00,611.00,611.00,0,0
2018-06-12 14:06:00,611.00,611.00,611.00,611.00,0,0
2018-06-12 14:07:00,611.00,611.00,611.00,611.00,0,0
2018-06-12 14:08:00,611.00,611.00,611.00,611.00,0,0
2018-06-12 14:09:00,611.00,611.00,611.00,611.00,0,0
2018-06-12 14:10:00,611.00,611.00,611.00,611.00,0,0
2018-06-12 14:11:00,611.00,611.00,611.00,611.00,0,0
2018-06-12 14:12:00,611.00,611.00,611.00,611.00,0,0
2018-06-12 14:13:00,611.00,611.00,611.00,611.00,0,0
2018-06-12 14:14:00,611.00,611.00,611.00,611.00,0,0
2018-06-12 14:15:00,611.00,611.00,611.00,611.00,0,0
2018-06-12 14:16:00,611.00,611.00,611.00,611.00,0,0
2018-06-12 14:17:00,611.00,611.00,611.00,611.00,0,0
2018-06-12 14:18:00,611.00,611.00,611.00,611.00,0,0
2018-06-12 14:19:00,611.00,611.00,611.00,611.00,0,0
2018-06-12 14:20:00,611.00,611.00,611.00,611.00,0,0
2018-06-12 14:21:00,611.00,611.00,611.00,611.00,0,0
2018-06-12 14:22:00,611.00,611.00,611.00,611.00,0,0
2018-06-12 14:23:00,611.00,611.00,611.00,611.00,0,0
2018-06-12 14:24:00,611.00,611.00,611.00,611.00,0,0
2018-06-12 14:25:00,611.00,611.00,611.00,611.00,0,0
2018-06-12 14:26:00,611.00,611.00,611.00,611.00,0,0
2018-06-12 14:27:00,611.00,611.00,611.00,611.00,0,0
2018-06-12 14:28:00,611.00,611.00,611.00,611.00,0,0
2018-06-12 14:29:00,611.00,611.00,611.00,611.00,0,0
2018-06-12 14:30:00,611.00,611.00,611.00,611.00,0,0
2018-06-12 14:31:00,611.00,611.00,611.00,611.00,0,0
2018-06-12 14:32:00,611.00,611.00,611.00,611.00,0,0
2018-06-12 14:33:00,611.00,611.00,611.00,611.00,0,0
2018-06-12 14:34:00,611.00,611.00,611.00,611.00,0,0
2018-06-12 14:35:00,611.00,611.00,611.00,611.00,0,0
2018-06-12 14:36:00,611.00,611.00,611.00,611.00,0,0
2018-06-12 14:37:00,611.00,611.00,611.00,611.00,0,0
2018-06-12 14:38:00,611.00,611.00,611.00,611.00,0,0
2018-06-12 14:39:00,611.00,615.00,611.00,615.00,20,1320
2018-06-12 14:40:00,615.00,615.00,615.00,615.00,0,0
2018-06-12 14:41:00,615.00,615.00,615.00,615.00,0,0
2018-06-12 14:42:00,615.00,615.00,615.00,615.00,0,0
2018-06-12 14:43:00,615.00,615.00,615.00,615.00,0,0
2018-06-12 14:44:00,615.00,615.00,615.00,615.00,0,0
2018-06-12 14:45:00,615.00,615.00,615.00,615.00,0,0
2018-06-12 14:46:00,615.00,615.00,615.00,615.00,0,0
2018-06-12 14:47:00,615.00,615.00,615.00,615.00,0,0
2018-06-12 14:48:00,615.00,615.00,615.00,615.00,0,0
2018-06-12 14:49:00,615.00,615.00,615.00,615.00,0,0
2018-06-12 14:50:00,615.00,615.00,615.00,615.00,0,0
2018-06-12 14:51:00,615.00,620.00,615.00,620.00,40,1320
2018-06-12 14:52:00,620.00,620.00,620.00,620.00,0,0
2018-06-12 14:53:00,620.00,620.00,620.00,620.00,0,0
2018-06-12 14:54:00,620.00,620.00,620.00,620.00,0,0
2018-06-12 14:55:00,620.00,620.00,592.65,592.65,20,1360
2018-06-12 14:56:00,592.65,592.65,592.65,592.65,0,0
2018-06-12 14:57:00,592.65,592.65,592.65,592.65,0,0
2018-06-12 14:58:00,592.65,592.65,592.65,592.65,0,0
2018-06-12 14:59:00,592.65,592.65,592.65,592.65,0,0
2018-06-12 15:00:00,592.65,592.65,592.65,592.65,0,0
2018-06-12 15:01:00,592.65,592.65,592.65,592.65,0,0
2018-06-12 15:02:00,592.65,592.65,592.65,592.65,0,0
2018-06-12 15:03:00,592.65,592.65,592.65,592.65,0,0
2018-06-12 15:04:00,592.65,592.65,592.65,592.65,0,0
2018-06-12 15:05:00,592.65,592.65,592.65,592.65,0,0
2018-06-12 15:06:00,592.65,592.65,592.65,592.65,0,0
2018-06-12 15:07:00,592.65,592.65,592.65,592.65,0,0
2018-06-12 15:08:00,592.65,592.65,592.65,592.65,0,0
2018-06-12 15:09:00,592.65,592.65,592.65,592.65,0,0
2018-06-12 15:10:00,592.65,592.65,592.65,592.65,0,0
2018-06-12 15:11:00,592.65,609.95,592.65,609.95,20,1340
2018-06-12 15:12:00,609.95,609.95,609.95,609.95,0,0
2018-06-12 15:13:00,609.95,609.95,609.95,609.95,0,0
2018-06-12 15:14:00,609.95,609.95,609.95,609.95,0,0
2018-06-12 15:15:00,609.95,609.95,603.85,603.85,20,0
2018-06-12 15:16:00,603.85,603.85,603.85,603.85,0,0
2018-06-12 15:17:00,603.85,603.85,603.85,603.85,0,0
2018-06-12 15:18:00,603.85,603.85,603.85,603.85,0,0
2018-06-12 15:19:00,603.85,603.85,603.85,603.85,0,0
2018-06-12 15:20:00,603.85,603.85,603.85,603.85,0,0
2018-06-12 15:21:00,603.85,603.85,603.85,603.85,0,0
2018-06-12 15:22:00,603.85,603.85,603.85,603.85,0,0
2018-06-12 15:23:00,603.85,603.85,603.85,603.85,0,0
2018-06-12 15:24:00,603.85,603.85,603.85,603.85,0,0
2018-06-12 15:25:00,603.85,615.00,603.85,615.00,20,1320
2018-06-12 15:26:00,615.00,615.00,615.00,615.00,0,0
2018-06-12 15:27:00,615.00,615.00,615.00,615.00,0,0
2018-06-12 15:28:00,615.00,615.00,615.00,615.00,0,0
2018-06-12 15:29:01,615.00,615.00,615.00,615.00,0,0
2018-07-12 09:26:00,650.00,650.00,650.00,650.00,0,1320
2018-07-12 09:27:00,650.00,650.00,650.00,650.00,0,0
2018-07-12 09:28:00,650.00,650.00,650.00,650.00,0,0
2018-07-12 09:29:00,650.00,650.00,650.00,650.00,0,0
2018-07-12 09:30:00,650.00,666.30,650.00,666.30,20,0
2018-07-12 09:31:00,666.30,666.30,666.30,666.30,0,0
2018-07-12 09:32:00,666.30,666.30,666.30,666.30,0,0
2018-07-12 09:33:00,666.30,674.95,666.30,674.95,40,1360
2018-07-12 09:34:00,674.95,674.95,674.95,674.95,0,0
2018-07-12 09:35:00,674.95,679.90,674.95,679.90,40,1360
2018-07-12 09:36:00,679.90,679.90,679.90,679.90,0,0
2018-07-12 09:37:00,679.90,679.90,679.90,679.90,0,0
2018-07-12 09:38:00,679.90,679.90,679.90,679.90,0,0
2018-07-12 09:39:00,679.90,679.90,678.75,678.75,20,1440
2018-07-12 09:40:00,678.75,678.75,678.75,678.75,0,0
2018-07-12 09:41:00,678.75,678.75,678.75,678.75,0,0
2018-07-12 09:42:00,678.75,678.75,678.75,678.75,0,0
2018-07-12 09:43:00,678.75,678.75,678.75,678.75,0,0
2018-07-12 09:44:00,678.75,678.75,678.75,678.75,0,0
2018-07-12 09:45:00,678.75,678.75,652.80,652.80,40,1440
2018-07-12 09:46:00,652.80,652.80,652.80,652.80,0,0
2018-07-12 09:47:00,652.80,652.80,652.80,652.80,0,0
2018-07-12 09:48:00,652.80,652.80,652.80,652.80,0,0
2018-07-12 09:49:00,652.80,652.80,652.80,652.80,0,0
2018-07-12 09:50:00,652.80,652.80,652.80,652.80,0,0
2018-07-12 09:51:00,652.80,652.80,652.80,652.80,0,0
2018-07-12 09:52:00,652.80,652.80,652.80,652.80,0,0
2018-07-12 09:53:00,652.80,652.80,652.80,652.80,0,0
2018-07-12 09:54:00,652.80,652.80,652.80,652.80,0,0
2018-07-12 09:55:00,652.80,652.80,652.80,652.80,0,0
2018-07-12 09:56:00,652.80,660.50,652.80,660.50,40,1480
2018-07-12 09:57:00,660.50,660.50,660.50,660.50,0,0
2018-07-12 09:58:00,660.50,660.50,660.50,660.50,0,0
2018-07-12 09:59:00,660.50,669.50,660.50,669.50,20,1480
2018-07-12 10:00:00,669.50,669.50,669.50,669.50,0,0
2018-07-12 10:01:00,669.50,669.50,669.50,669.50,0,0
2018-07-12 10:02:00,669.50,669.50,669.50,669.50,0,0
2018-07-12 10:03:00,669.50,669.50,669.50,669.50,0,0
2018-07-12 10:04:00,669.50,669.50,669.50,669.50,0,0
2018-07-12 10:05:00,669.50,669.50,669.50,669.50,0,0
2018-07-12 10:06:00,669.50,669.50,669.50,669.50,0,0
2018-07-12 10:07:00,669.50,669.50,669.50,669.50,0,0
2018-07-12 10:08:00,669.50,669.50,669.50,669.50,0,0
2018-07-12 10:09:00,669.50,669.50,669.50,669.50,0,0
2018-07-12 10:10:00,670.00,670.00,670.00,670.00,0,1480
2018-07-12 10:11:00,670.00,684.90,670.00,684.90,40,1480
2018-07-12 10:12:00,684.90,684.90,684.90,684.90,0,0
2018-07-12 10:13:00,684.90,684.90,684.90,684.90,0,0
2018-07-12 10:14:00,684.90,684.90,680.00,680.00,0,1520
2018-07-12 10:15:00,680.00,680.00,680.00,680.00,0,0
2018-07-12 10:16:00,680.00,680.00,680.00,680.00,0,0
2018-07-12 10:17:00,680.00,680.00,680.00,680.00,0,0
2018-07-12 10:18:00,680.00,680.00,680.00,680.00,0,0
2018-07-12 10:19:00,680.00,680.00,680.00,680.00,0,0
2018-07-12 10:20:00,680.00,680.00,680.00,680.00,0,0
2018-07-12 10:21:00,680.00,680.00,680.00,680.00,0,0
2018-07-12 10:22:00,680.00,680.00,680.00,680.00,0,0
2018-07-12 10:23:00,680.00,685.55,680.00,685.55,20,1540
2018-07-12 10:24:00,685.55,685.55,685.55,685.55,0,0
2018-07-12 10:25:00,685.55,685.55,685.55,685.55,0,0
2018-07-12 10:26:00,685.55,685.55,685.55,685.55,0,0
2018-07-12 10:27:00,685.55,685.55,685.55,685.55,0,0
2018-07-12 10:28:00,685.55,685.55,685.55,685.55,0,0
2018-07-12 10:29:00,685.55,685.55,685.55,685.55,0,0
2018-07-12 10:30:00,685.55,685.55,685.55,685.55,0,0
2018-07-12 10:31:00,685.55,685.55,685.55,685.55,0,0
2018-07-12 10:32:00,685.55,685.55,685.55,685.55,0,0
2018-07-12 10:33:00,685.55,685.55,685.55,685.55,20,1540
2018-07-12 10:34:00,685.55,685.55,685.55,685.55,0,0
2018-07-12 10:35:00,685.55,685.55,685.55,685.55,0,0
2018-07-12 10:36:00,685.55,685.55,685.55,685.55,0,0
2018-07-12 10:37:00,685.55,685.55,685.55,685.55,0,0
2018-07-12 10:38:00,685.55,685.55,685.55,685.55,0,0
2018-07-12 10:39:00,685.55,685.55,685.55,685.55,0,0
2018-07-12 10:40:00,685.55,685.55,685.55,685.55,0,0
2018-07-12 10:41:00,685.55,685.55,685.55,685.55,0,0
2018-07-12 10:42:00,685.55,685.55,685.55,685.55,0,0
2018-07-12 10:43:00,685.55,685.55,685.55,685.55,0,0
2018-07-12 10:44:00,685.55,691.85,685.55,691.85,20,1540
2018-07-12 10:45:00,691.85,691.85,691.85,691.85,0,0
2018-07-12 10:46:00,691.85,691.85,691.85,691.85,0,0
2018-07-12 10:47:00,691.85,691.85,691.85,691.85,0,0
2018-07-12 10:48:00,691.85,691.85,691.85,691.85,0,0
2018-07-12 10:49:00,691.85,691.85,691.85,691.85,0,0
2018-07-12 10:50:00,691.85,691.85,691.85,691.85,0,0
2018-07-12 10:51:00,691.85,691.85,691.85,691.85,0,0
2018-07-12 10:52:00,691.85,691.85,691.85,691.85,0,0
2018-07-12 10:53:00,691.85,691.85,691.85,691.85,0,0
2018-07-12 10:54:00,691.85,691.85,691.85,691.85,0,0
2018-07-12 10:55:00,691.85,691.85,691.85,691.85,0,0
2018-07-12 10:56:00,691.85,691.85,691.85,691.85,0,0
2018-07-12 10:57:00,691.85,691.85,691.85,691.85,0,0
2018-07-12 10:58:00,691.85,691.85,691.85,691.85,0,0
2018-07-12 10:59:00,691.85,691.85,691.85,691.85,0,0
2018-07-12 11:00:00,691.85,691.85,691.85,691.85,0,0
2018-07-12 11:01:00,691.85,691.85,691.85,691.85,0,0
2018-07-12 11:02:00,691.85,691.85,691.85,691.85,0,0
2018-07-12 11:03:00,691.85,691.85,691.85,691.85,0,0
2018-07-12 11:04:00,691.85,691.85,691.85,691.85,0,0
2018-07-12 11:05:00,691.85,691.85,691.85,691.85,0,0
2018-07-12 11:06:00,691.85,691.85,691.85,691.85,0,0
2018-07-12 11:07:00,691.85,691.85,691.85,691.85,0,0
2018-07-12 11:08:00,691.85,691.85,691.85,691.85,0,0
2018-07-12 11:09:00,691.85,691.85,691.85,691.85,0,0
2018-07-12 11:10:00,691.85,691.85,691.85,691.85,0,0
2018-07-12 11:11:00,691.85,691.85,691.85,691.85,0,0
2018-07-12 11:12:00,691.85,691.85,691.85,691.85,0,0
2018-07-12 11:13:00,691.85,691.85,691.85,691.85,0,0
2018-07-12 11:14:00,691.85,691.85,691.85,691.85,0,0
2018-07-12 11:15:00,691.85,691.85,691.85,691.85,0,0
2018-07-12 11:16:00,691.85,691.85,691.85,691.85,0,0
2018-07-12 11:17:00,691.85,691.85,691.85,691.85,0,0
2018-07-12 11:18:00,691.85,691.85,691.85,691.85,0,0
2018-07-12 11:19:00,691.85,691.85,691.85,691.85,0,0
2018-07-12 11:20:00,691.85,691.85,691.85,691.85,0,0
2018-07-12 11:21:00,691.85,691.85,691.85,691.85,0,0
2018-07-12 11:22:00,691.85,691.85,691.85,691.85,0,0
2018-07-12 11:23:00,691.85,691.85,691.85,691.85,0,0
2018-07-12 11:24:00,691.85,691.85,691.85,691.85,0,0
2018-07-12 11:25:00,691.85,691.85,691.85,691.85,0,0
2018-07-12 11:26:00,691.85,691.85,691.85,691.85,0,0
2018-07-12 11:27:00,691.85,700.00,691.85,700.00,20,1520
2018-07-12 11:28:00,700.00,714.40,700.00,714.40,20,0
2018-07-12 11:29:00,714.40,720.00,714.40,720.00,20,0
2018-07-12 11:30:00,720.00,720.00,720.00,720.00,0,0
2018-07-12 11:31:00,720.00,720.00,720.00,720.00,0,0
2018-07-12 11:32:00,720.00,720.00,720.00,720.00,0,0
2018-07-12 11:33:00,720.00,720.00,720.00,720.00,0,0
2018-07-12 11:34:00,720.00,720.00,720.00,720.00,0,0
2018-07-12 11:35:00,720.00,720.00,720.00,720.00,0,0
2018-07-12 11:36:00,720.00,720.00,720.00,720.00,0,0
2018-07-12 11:37:00,720.00,720.00,720.00,720.00,0,0
2018-07-12 11:38:00,720.00,720.00,720.00,720.00,0,0
2018-07-12 11:39:00,720.00,720.00,720.00,720.00,0,0
2018-07-12 11:40:00,720.00,720.00,720.00,720.00,0,0
2018-07-12 11:41:00,720.00,720.00,720.00,720.00,0,0
2018-07-12 11:42:00,720.00,720.00,720.00,720.00,0,0
2018-07-12 11:43:00,720.00,720.00,720.00,720.00,0,0
2018-07-12 11:44:00,720.00,720.00,720.00,720.00,0,0
2018-07-12 11:45:00,720.00,720.00,720.00,720.00,0,0
2018-07-12 11:46:00,720.00,720.00,720.00,720.00,0,0
2018-07-12 11:47:00,720.00,720.00,720.00,720.00,0,0
2018-07-12 11:48:00,720.00,720.00,720.00,720.00,0,0
2018-07-12 11:49:00,720.00,720.00,720.00,720.00,0,0
2018-07-12 11:50:00,720.00,720.00,720.00,720.00,0,0
2018-07-12 11:51:00,720.00,720.00,720.00,720.00,0,0
2018-07-12 11:52:00,720.00,720.00,720.00,720.00,0,0
2018-07-12 11:53:00,720.00,720.00,720.00,720.00,0,0
2018-07-12 11:54:00,720.00,720.00,720.00,720.00,0,0
2018-07-12 11:55:00,720.00,720.00,720.00,720.00,0,0
2018-07-12 11:56:00,720.00,720.00,720.00,720.00,0,0
2018-07-12 11:57:00,720.00,720.00,720.00,720.00,0,0
2018-07-12 11:58:00,720.00,720.00,720.00,720.00,0,0
2018-07-12 11:59:00,720.00,720.00,720.00,720.00,0,0
2018-07-12 12:00:00,720.00,720.00,720.00,720.00,0,0
2018-07-12 12:01:00,720.00,720.00,720.00,720.00,0,0
2018-07-12 12:02:00,720.00,720.00,720.00,720.00,0,0
2018-07-12 12:03:00,720.00,720.00,720.00,720.00,0,0
2018-07-12 12:04:00,720.00,720.00,720.00,720.00,0,0
2018-07-12 12:05:00,720.00,720.00,720.00,720.00,0,0
2018-07-12 12:06:00,720.00,720.00,720.00,720.00,0,0
2018-07-12 12:07:00,720.00,720.00,720.00,720.00,0,0
2018-07-12 12:08:00,720.00,720.00,720.00,720.00,0,0
2018-07-12 12:09:00,720.00,720.00,720.00,720.00,0,0
2018-07-12 12:10:00,720.00,720.00,720.00,720.00,0,0
2018-07-12 12:11:00,720.00,720.00,720.00,720.00,0,0
2018-07-12 12:12:00,720.00,720.00,720.00,720.00,0,0
2018-07-12 12:13:00,720.00,720.00,720.00,720.00,0,0
2018-07-12 12:14:00,720.00,720.00,720.00,720.00,0,0
2018-07-12 12:15:00,720.00,720.00,720.00,720.00,0,0
2018-07-12 12:16:00,720.00,720.00,720.00,720.00,0,0
2018-07-12 12:17:00,720.00,720.00,720.00,720.00,0,0
2018-07-12 12:18:00,720.00,720.00,720.00,720.00,0,0
2018-07-12 12:19:00,720.00,720.00,720.00,720.00,0,0
2018-07-12 12:20:00,720.00,720.00,720.00,720.00,0,0
2018-07-12 12:21:00,720.00,720.00,720.00,720.00,0,0
2018-07-12 12:22:00,720.00,720.00,720.00,720.00,0,0
2018-07-12 12:23:00,720.00,720.00,720.00,720.00,0,0
2018-07-12 12:24:00,720.00,720.00,720.00,720.00,0,0
2018-07-12 12:25:00,720.00,720.00,720.00,720.00,0,0
2018-07-12 12:26:00,720.00,720.00,720.00,720.00,0,0
2018-07-12 12:27:00,720.00,720.00,720.00,720.00,0,0
2018-07-12 12:28:00,720.00,720.00,720.00,720.00,0,0
2018-07-12 12:29:00,720.00,720.00,720.00,720.00,0,0
2018-07-12 12:30:00,720.00,720.00,720.00,720.00,0,0
2018-07-12 12:31:00,720.00,720.00,720.00,720.00,0,0
2018-07-12 12:32:00,720.00,720.00,720.00,720.00,0,0
2018-07-12 12:33:00,720.00,720.00,720.00,720.00,0,0
2018-07-12 12:34:00,720.00,720.00,720.00,720.00,0,0
2018-07-12 12:35:00,720.00,720.00,720.00,720.00,0,0
2018-07-12 12:36:00,720.00,720.00,720.00,720.00,0,0
2018-07-12 12:37:00,720.00,720.00,720.00,720.00,0,0
2018-07-12 12:38:00,720.00,720.00,720.00,720.00,0,0
2018-07-12 12:39:00,720.00,720.00,720.00,720.00,0,0
2018-07-12 12:40:00,720.00,720.00,720.00,720.00,0,0
2018-07-12 12:41:00,720.00,720.00,720.00,720.00,0,0
2018-07-12 12:42:00,720.00,720.00,720.00,720.00,0,0
2018-07-12 12:43:00,720.00,720.00,720.00,720.00,0,0
2018-07-12 12:44:00,720.00,720.00,720.00,720.00,0,0
2018-07-12 12:45:00,720.00,720.00,720.00,720.00,0,0
2018-07-12 12:46:00,720.00,720.00,720.00,720.00,0,0
2018-07-12 12:47:00,720.00,720.00,720.00,720.00,0,0
2018-07-12 12:48:00,720.00,720.00,720.00,720.00,0,0
2018-07-12 12:49:00,720.00,720.00,720.00,720.00,0,0
2018-07-12 12:50:00,720.00,720.00,720.00,720.00,0,0
2018-07-12 12:51:00,720.00,720.00,720.00,720.00,0,0
2018-07-12 12:52:00,720.00,720.00,720.00,720.00,0,0
2018-07-12 12:53:00,720.00,720.00,720.00,720.00,0,0
2018-07-12 12:54:00,720.00,720.00,720.00,720.00,0,0
2018-07-12 12:55:00,720.00,720.00,720.00,720.00,0,0
2018-07-12 12:56:00,720.00,720.00,720.00,720.00,0,0
2018-07-12 12:57:00,720.00,720.00,720.00,720.00,0,0
2018-07-12 12:58:00,720.00,720.00,720.00,720.00,0,0
2018-07-12 12:59:00,720.00,720.00,710.00,710.00,20,1520
2018-07-12 13:00:00,710.00,710.00,710.00,710.00,0,0
2018-07-12 13:01:00,710.00,710.00,710.00,710.00,0,0
2018-07-12 13:02:00,710.00,710.00,710.00,710.00,0,0
2018-07-12 13:03:00,710.00,710.00,710.00,710.00,0,0
2018-07-12 13:04:00,710.00,710.00,710.00,710.00,0,0
2018-07-12 13:05:00,710.00,710.00,710.00,710.00,0,0
2018-07-12 13:06:00,710.00,710.00,710.00,710.00,0,0
2018-07-12 13:07:00,710.00,710.00,710.00,710.00,0,0
2018-07-12 13:08:00,710.00,710.00,710.00,710.00,0,0
2018-07-12 13:09:00,710.00,710.00,710.00,710.00,0,0
2018-07-12 13:10:00,710.00,710.00,710.00,710.00,0,0
2018-07-12 13:11:00,710.00,710.00,710.00,710.00,0,0
2018-07-12 13:12:00,710.00,710.00,710.00,710.00,0,0
2018-07-12 13:13:00,710.00,710.00,710.00,710.00,0,0
2018-07-12 13:14:00,710.00,710.00,710.00,710.00,0,0
2018-07-12 13:15:00,710.00,710.00,710.00,710.00,0,0
2018-07-12 13:16:00,710.00,710.00,710.00,710.00,0,0
2018-07-12 13:17:00,710.00,710.00,710.00,710.00,0,0
2018-07-12 13:18:00,710.00,710.00,710.00,710.00,0,0
2018-07-12 13:19:00,710.00,710.00,710.00,710.00,0,0
2018-07-12 13:20:00,710.00,710.00,710.00,710.00,0,0
2018-07-12 13:21:00,710.00,710.00,710.00,710.00,0,0
2018-07-12 13:22:00,710.00,710.00,710.00,710.00,0,0
2018-07-12 13:23:00,710.00,710.00,710.00,710.00,0,0
2018-07-12 13:24:00,710.00,710.00,710.00,710.00,0,0
2018-07-12 13:25:00,710.00,710.00,710.00,710.00,0,0
2018-07-12 13:26:00,710.00,710.00,710.00,710.00,0,0
2018-07-12 13:27:00,710.00,710.00,710.00,710.00,0,0
2018-07-12 13:28:00,710.00,710.00,710.00,710.00,0,0
2018-07-12 13:29:00,710.00,710.00,710.00,710.00,0,0
2018-07-12 13:30:00,710.00,710.00,710.00,710.00,20,0
2018-07-12 13:31:00,710.00,710.00,710.00,710.00,0,0
2018-07-12 13:32:00,710.00,710.00,710.00,710.00,0,0
2018-07-12 13:33:00,710.00,710.00,710.00,710.00,0,0
2018-07-12 13:34:00,710.00,710.00,710.00,710.00,0,0
2018-07-12 13:35:00,710.00,710.00,710.00,710.00,0,0
2018-07-12 13:36:00,710.00,710.00,710.00,710.00,0,0
2018-07-12 13:37:00,710.00,710.00,710.00,710.00,0,0
2018-07-12 13:38:00,710.00,710.00,710.00,710.00,0,0
2018-07-12 13:39:00,710.00,710.00,710.00,710.00,0,0
2018-07-12 13:40:00,710.00,710.00,710.00,710.00,0,0
2018-07-12 13:41:00,710.00,710.00,710.00,710.00,0,0
2018-07-12 13:42:00,710.00,710.00,710.00,710.00,0,0
2018-07-12 13:43:00,710.00,710.00,710.00,710.00,0,0
2018-07-12 13:44:00,710.00,710.00,710.00,710.00,0,0
2018-07-12 13:45:00,710.00,710.00,710.00,710.00,0,0
2018-07-12 13:46:00,710.00,710.00,710.00,710.00,0,0
2018-07-12 13:47:00,710.00,710.00,710.00,710.00,0,0
2018-07-12 13:48:00,710.00,710.00,710.00,710.00,0,0
2018-07-12 13:49:00,710.00,710.00,710.00,710.00,0,0
2018-07-12 13:50:00,710.00,710.00,710.00,710.00,0,0
2018-07-12 13:51:00,710.00,710.00,710.00,710.00,0,0
2018-07-12 13:52:00,710.00,710.00,710.00,710.00,0,0
2018-07-12 13:53:00,710.00,710.00,710.00,710.00,0,0
2018-07-12 13:54:00,710.00,710.00,710.00,710.00,0,0
2018-07-12 13:55:00,710.00,710.00,710.00,710.00,0,0
2018-07-12 13:56:00,710.00,710.00,710.00,710.00,0,0
2018-07-12 13:57:00,710.00,710.00,710.00,710.00,0,0
2018-07-12 13:58:00,710.00,710.00,710.00,710.00,0,0
2018-07-12 13:59:00,710.00,710.00,710.00,710.00,0,0
2018-07-12 14:00:00,710.00,710.00,710.00,710.00,0,0
2018-07-12 14:01:00,710.00,710.00,710.00,710.00,0,0
2018-07-12 14:02:00,710.00,710.00,710.00,710.00,0,0
2018-07-12 14:03:00,710.00,710.00,710.00,710.00,0,0
2018-07-12 14:04:00,710.00,710.00,710.00,710.00,0,0
2018-07-12 14:05:00,710.00,710.00,710.00,710.00,0,0
2018-07-12 14:06:00,710.00,710.00,710.00,710.00,0,0
2018-07-12 14:07:00,710.00,710.00,710.00,710.00,0,0
2018-07-12 14:08:00,710.00,710.00,710.00,710.00,0,0
2018-07-12 14:09:00,710.00,710.00,710.00,710.00,0,0
2018-07-12 14:10:00,710.00,710.00,710.00,710.00,0,0
2018-07-12 14:11:00,710.00,710.00,710.00,710.00,0,0
2018-07-12 14:12:00,710.00,710.00,710.00,710.00,0,0
2018-07-12 14:13:00,710.00,710.00,710.00,710.00,0,0
2018-07-12 14:14:00,710.00,710.00,710.00,710.00,0,0
2018-07-12 14:15:00,710.00,710.00,710.00,710.00,0,0
2018-07-12 14:16:00,710.00,710.00,710.00,710.00,0,0
2018-07-12 14:17:00,710.00,710.00,710.00,710.00,0,0
2018-07-12 14:18:00,710.00,710.00,710.00,710.00,0,0
2018-07-12 14:19:00,710.00,710.00,710.00,710.00,0,0
2018-07-12 14:20:00,710.00,710.00,710.00,710.00,0,0
2018-07-12 14:21:00,710.00,710.00,710.00,710.00,0,0
2018-07-12 14:22:00,710.00,710.00,682.05,682.05,20,0
2018-07-12 14:23:00,682.05,682.05,682.05,682.05,0,0
2018-07-12 14:24:00,682.05,682.05,682.05,682.05,0,0
2018-07-12 14:25:00,682.05,682.05,682.05,682.05,0,0
2018-07-12 14:26:00,682.05,682.05,682.05,682.05,0,0
2018-07-12 14:27:00,682.05,682.05,682.05,682.05,0,0
2018-07-12 14:28:00,682.05,682.05,682.05,682.05,0,0
2018-07-12 14:29:00,682.05,682.05,682.05,682.05,0,0
2018-07-12 14:30:00,682.05,682.05,682.05,682.05,0,0
2018-07-12 14:31:00,682.05,682.05,682.05,682.05,0,0
2018-07-12 14:32:00,682.05,682.05,682.05,682.05,0,0
2018-07-12 14:33:00,682.05,682.05,682.05,682.05,0,0
2018-07-12 14:34:00,682.05,682.05,682.05,682.05,0,0
2018-07-12 14:35:00,682.05,682.05,682.05,682.05,0,0
2018-07-12 14:36:00,682.05,682.05,682.05,682.05,0,0
2018-07-12 14:37:00,682.05,682.05,682.05,682.05,0,0
2018-07-12 14:38:00,682.05,682.05,682.05,682.05,0,0
2018-07-12 14:39:00,682.05,682.05,682.05,682.05,0,0
2018-07-12 14:40:00,682.05,715.00,682.05,715.00,180,1540
2018-07-12 14:41:00,715.00,715.00,715.00,715.00,0,0
2018-07-12 14:42:00,715.00,715.00,715.00,715.00,0,0
2018-07-12 14:43:00,715.00,715.00,715.00,715.00,0,0
2018-07-12 14:44:00,715.00,715.00,715.00,715.00,0,0
2018-07-12 14:45:00,715.00,744.70,715.00,744.70,20,1720
2018-07-12 14:46:00,744.70,744.70,744.70,744.70,0,0
2018-07-12 14:47:00,744.70,744.70,744.70,744.70,0,0
2018-07-12 14:48:00,744.70,744.70,744.70,744.70,0,0
2018-07-12 14:49:00,744.70,744.70,744.70,744.70,0,0
2018-07-12 14:50:00,744.70,744.70,744.70,744.70,0,0
2018-07-12 14:51:00,744.70,744.70,744.70,744.70,0,0
2018-07-12 14:52:00,744.70,744.70,744.70,744.70,0,0
2018-07-12 14:53:00,744.70,744.70,744.70,744.70,0,0
2018-07-12 14:54:00,744.70,744.70,744.70,744.70,0,0
2018-07-12 14:55:00,744.70,744.70,744.70,744.70,0,0
2018-07-12 14:56:00,744.70,744.70,744.70,744.70,0,0
2018-07-12 14:57:00,744.70,744.70,744.70,744.70,0,0
2018-07-12 14:58:00,744.70,744.70,744.70,744.70,0,0
2018-07-12 14:59:00,744.70,744.70,744.70,744.70,0,0
2018-07-12 15:00:00,744.70,744.70,744.70,744.70,0,0
2018-07-12 15:01:00,744.70,777.10,744.70,777.10,20,1740
2018-07-12 15:02:00,777.10,777.10,777.10,777.10,0,0
2018-07-12 15:03:00,777.10,777.10,777.10,777.10,0,0
2018-07-12 15:04:00,777.10,777.10,777.10,777.10,0,0
2018-07-12 15:05:00,777.10,777.10,765.00,765.00,20,1760
2018-07-12 15:06:00,765.00,765.00,765.00,765.00,0,0
2018-07-12 15:07:00,765.00,765.00,765.00,765.00,0,0
2018-07-12 15:08:00,765.00,765.00,765.00,765.00,0,0
2018-07-12 15:09:00,765.00,765.00,765.00,765.00,0,0
2018-07-12 15:10:00,765.00,765.00,765.00,765.00,0,0
2018-07-12 15:11:00,765.00,765.00,765.00,765.00,0,0
2018-07-12 15:12:00,765.00,765.00,765.00,765.00,0,0
2018-07-12 15:13:00,765.00,765.00,765.00,765.00,0,0
2018-07-12 15:14:00,765.00,765.00,765.00,765.00,0,0
2018-07-12 15:15:00,765.00,765.00,765.00,765.00,0,0
2018-07-12 15:16:00,765.00,765.00,765.00,765.00,0,0
2018-07-12 15:17:00,765.00,765.00,765.00,765.00,0,0
2018-07-12 15:18:00,765.00,765.00,765.00,765.00,0,0
2018-07-12 15:19:00,765.00,765.00,765.00,765.00,0,0
2018-07-12 15:20:00,765.00,814.10,765.00,813.00,40,1780
2018-07-12 15:21:00,813.00,813.00,813.00,813.00,0,0
2018-07-12 15:22:00,813.00,813.00,813.00,813.00,0,0
2018-07-12 15:23:00,813.00,813.00,813.00,813.00,0,0
2018-07-12 15:24:00,813.00,813.00,813.00,813.00,0,0
2018-07-12 15:25:00,813.00,813.00,813.00,813.00,0,0
2018-07-12 15:26:00,813.00,813.00,813.00,813.00,0,0
2018-07-12 15:27:00,813.00,813.00,813.00,813.00,0,0
2018-07-12 15:28:00,813.00,813.00,813.00,813.00,0,0
2018-07-12 15:29:01,813.00,813.00,813.00,813.00,0,0
2018-10-12 09:16:00,484.95,648.25,484.95,484.95,0,1760
2018-10-12 09:17:00,484.95,484.95,484.95,484.95,0,0
2018-10-12 09:18:00,484.95,545.05,484.95,545.05,20,1760
2018-10-12 09:19:00,545.05,545.05,545.05,545.05,0,0
2018-10-12 09:20:00,545.05,545.05,545.05,545.05,0,0
2018-10-12 09:21:00,545.05,545.05,545.05,545.05,0,0
2018-10-12 09:22:00,545.05,545.05,545.05,545.05,0,0
2018-10-12 09:23:00,545.05,545.05,545.05,545.05,0,0
2018-10-12 09:24:00,545.05,545.05,545.05,545.05,0,0
2018-10-12 09:25:00,545.05,545.05,545.05,545.05,0,0
2018-10-12 09:26:00,545.05,545.05,545.05,545.05,0,0
2018-10-12 09:27:00,545.05,545.05,545.05,545.05,0,0
2018-10-12 09:28:00,600.00,600.00,537.75,537.75,20,1760
2018-10-12 09:29:00,537.75,537.75,537.75,537.75,0,0
2018-10-12 09:30:00,537.75,537.75,537.75,537.75,0,0
2018-10-12 09:31:00,537.75,606.90,537.75,606.90,20,1780
2018-10-12 09:32:00,606.90,606.90,600.00,600.00,20,1780
2018-10-12 09:33:00,600.00,600.00,600.00,600.00,0,0
2018-10-12 09:34:00,600.00,600.00,600.00,600.00,0,0
2018-10-12 09:35:00,600.00,600.00,600.00,600.00,0,0
2018-10-12 09:36:00,600.00,600.00,600.00,600.00,0,0
2018-10-12 09:37:00,600.00,600.00,600.00,600.00,20,1780
2018-10-12 09:38:00,600.00,600.50,600.00,600.50,20,1780
2018-10-12 09:39:00,600.50,600.50,600.50,600.50,0,0
2018-10-12 09:40:00,600.50,600.50,600.50,600.50,0,0
2018-10-12 09:41:00,600.50,600.50,600.50,600.50,0,0
2018-10-12 09:42:00,600.50,600.50,600.50,600.50,0,0
2018-10-12 09:43:00,600.50,600.50,600.50,600.50,0,0
2018-10-12 09:44:00,600.50,600.50,600.50,600.50,0,0
2018-10-12 09:45:00,600.50,620.00,600.50,620.00,20,1800
2018-10-12 09:46:00,620.00,620.00,620.00,620.00,80,1820
2018-10-12 09:47:00,620.00,620.00,620.00,620.00,0,0
2018-10-12 09:48:00,620.00,620.00,620.00,620.00,0,0
2018-10-12 09:49:00,620.00,620.00,620.00,620.00,0,0
2018-10-12 09:50:00,620.00,620.00,620.00,620.00,0,0
2018-10-12 09:51:00,620.00,620.00,620.00,620.00,0,0
2018-10-12 09:52:00,620.00,620.00,620.00,620.00,0,0
2018-10-12 09:53:00,620.00,620.00,620.00,620.00,0,0
2018-10-12 09:54:00,620.00,620.00,620.00,620.00,0,0
2018-10-12 09:55:00,620.00,620.00,620.00,620.00,0,0
2018-10-12 09:56:00,620.00,620.00,620.00,620.00,0,0
2018-10-12 09:57:00,620.00,620.00,620.00,620.00,0,0
2018-10-12 09:58:00,620.00,620.00,620.00,620.00,0,0
2018-10-12 09:59:00,620.00,620.00,620.00,620.00,0,0
2018-10-12 10:00:00,620.00,620.00,620.00,620.00,0,0
2018-10-12 10:01:00,620.00,620.00,620.00,620.00,0,0
2018-10-12 10:02:00,620.00,620.00,620.00,620.00,0,0
2018-10-12 10:03:00,620.00,620.00,620.00,620.00,0,0
2018-10-12 10:04:00,620.00,620.00,620.00,620.00,0,0
2018-10-12 10:05:00,620.00,620.00,620.00,620.00,0,0
2018-10-12 10:06:00,620.00,620.00,620.00,620.00,0,0
2018-10-12 10:07:00,620.00,620.00,620.00,620.00,0,0
2018-10-12 10:08:00,620.00,620.00,620.00,620.00,0,0
2018-10-12 10:09:00,620.00,620.00,620.00,620.00,0,0
2018-10-12 10:10:00,620.00,630.00,620.00,630.00,160,1840
2018-10-12 10:11:00,630.00,630.00,630.00,630.00,0,0
2018-10-12 10:12:00,630.00,630.00,630.00,630.00,0,0
2018-10-12 10:13:00,630.00,630.00,630.00,630.00,0,0
2018-10-12 10:14:00,630.00,630.00,630.00,630.00,0,0
2018-10-12 10:15:00,630.00,630.00,630.00,630.00,0,0
2018-10-12 10:16:00,630.00,630.00,630.00,630.00,0,0
2018-10-12 10:17:00,630.00,630.00,630.00,630.00,0,0
2018-10-12 10:18:00,630.00,630.00,630.00,630.00,0,0
2018-10-12 10:19:00,630.00,630.00,630.00,630.00,0,0
2018-10-12 10:20:00,630.00,630.00,630.00,630.00,0,0
2018-10-12 10:21:00,630.00,630.00,630.00,630.00,0,0
2018-10-12 10:22:00,630.00,630.00,630.00,630.00,0,0
2018-10-12 10:23:00,630.00,630.00,630.00,630.00,0,0
2018-10-12 10:24:00,630.00,630.00,630.00,630.00,0,0
2018-10-12 10:25:00,630.00,630.00,630.00,630.00,0,0
2018-10-12 10:26:00,630.00,630.00,630.00,630.00,0,0
2018-10-12 10:27:00,630.00,630.00,630.00,630.00,0,0
2018-10-12 10:28:00,630.00,630.00,630.00,630.00,0,0
2018-10-12 10:29:00,630.00,630.00,630.00,630.00,0,0
2018-10-12 10:30:00,630.00,630.00,630.00,630.00,0,0
2018-10-12 10:31:00,630.00,630.00,630.00,630.00,0,0
2018-10-12 10:32:00,630.00,630.00,630.00,630.00,0,0
2018-10-12 10:33:00,630.00,630.00,630.00,630.00,0,0
2018-10-12 10:34:00,630.00,630.00,630.00,630.00,0,0
2018-10-12 10:35:00,630.00,630.00,630.00,630.00,0,0
2018-10-12 10:36:00,630.00,630.00,630.00,630.00,0,0
2018-10-12 10:37:00,630.00,630.00,630.00,630.00,0,0
2018-10-12 10:38:00,630.00,630.00,630.00,630.00,0,0
2018-10-12 10:39:00,630.00,630.00,630.00,630.00,0,0
2018-10-12 10:40:00,630.00,630.00,630.00,630.00,0,0
2018-10-12 10:41:00,630.00,630.00,630.00,630.00,0,0
2018-10-12 10:42:00,630.00,630.00,630.00,630.00,0,0
2018-10-12 10:43:00,630.00,630.00,630.00,630.00,0,0
2018-10-12 10:44:00,630.00,630.00,630.00,630.00,0,0
2018-10-12 10:45:00,630.00,630.00,630.00,630.00,0,0
2018-10-12 10:46:00,630.00,630.00,630.00,630.00,0,0
2018-10-12 10:47:00,630.00,630.00,630.00,630.00,0,0
2018-10-12 10:48:00,630.00,630.00,630.00,630.00,0,0
2018-10-12 10:49:00,630.00,630.00,630.00,630.00,0,0
2018-10-12 10:50:00,630.00,630.00,630.00,630.00,0,0
2018-10-12 10:51:00,630.00,630.00,630.00,630.00,0,0
2018-10-12 10:52:00,630.00,630.00,630.00,630.00,0,0
2018-10-12 10:53:00,630.00,630.00,630.00,630.00,0,0
2018-10-12 10:54:00,630.00,630.00,630.00,630.00,0,0
2018-10-12 10:55:00,630.00,630.00,630.00,630.00,0,0
2018-10-12 10:56:00,630.00,630.00,630.00,630.00,0,0
2018-10-12 10:57:00,630.00,630.00,630.00,630.00,0,0
2018-10-12 10:58:00,630.00,630.00,630.00,630.00,0,0
2018-10-12 10:59:00,630.00,630.00,630.00,630.00,0,0
2018-10-12 11:00:00,630.00,630.00,630.00,630.00,0,0
2018-10-12 11:01:00,630.00,630.00,630.00,630.00,0,0
2018-10-12 11:02:00,630.00,630.00,630.00,630.00,0,0
2018-10-12 11:03:00,630.00,630.00,630.00,630.00,0,0
2018-10-12 11:04:00,630.00,630.00,630.00,630.00,0,0
2018-10-12 11:05:00,630.00,630.00,630.00,630.00,0,0
2018-10-12 11:06:00,630.00,630.00,630.00,630.00,0,0
2018-10-12 11:07:00,630.00,630.00,630.00,630.00,0,0
2018-10-12 11:08:00,630.00,630.00,630.00,630.00,0,0
2018-10-12 11:09:00,630.00,630.00,630.00,630.00,0,0
2018-10-12 11:10:00,630.00,630.00,630.00,630.00,0,0
2018-10-12 11:11:00,630.00,630.00,630.00,630.00,0,0
2018-10-12 11:12:00,630.00,630.00,630.00,630.00,0,0
2018-10-12 11:13:00,630.00,630.00,630.00,630.00,0,0
2018-10-12 11:14:00,630.00,630.00,630.00,630.00,0,0
2018-10-12 11:15:00,630.00,630.00,630.00,630.00,0,0
2018-10-12 11:16:00,630.00,630.00,630.00,630.00,0,0
2018-10-12 11:17:00,630.00,630.00,630.00,630.00,0,0
2018-10-12 11:18:00,630.00,630.00,630.00,630.00,0,0
2018-10-12 11:19:00,630.00,640.00,630.00,640.00,100,2000
2018-10-12 11:20:00,640.00,640.00,640.00,640.00,0,0
2018-10-12 11:21:00,640.00,640.00,640.00,640.00,0,0
2018-10-12 11:22:00,640.00,640.00,640.00,640.00,0,0
2018-10-12 11:23:00,640.00,640.00,640.00,640.00,0,0
2018-10-12 11:24:00,640.00,640.00,640.00,640.00,0,0
2018-10-12 11:25:00,640.00,656.10,640.00,656.10,20,1980
2018-10-12 11:26:00,656.10,656.10,656.10,656.10,0,0
2018-10-12 11:27:00,656.10,656.10,656.10,656.10,0,0
2018-10-12 11:28:00,656.10,656.10,656.10,656.10,0,0
2018-10-12 11:29:00,656.10,656.10,656.10,656.10,0,0
2018-10-12 11:30:00,656.10,656.10,656.10,656.10,0,0
2018-10-12 11:31:00,656.10,656.10,656.10,656.10,0,0
2018-10-12 11:32:00,656.10,656.10,656.10,656.10,0,0
2018-10-12 11:33:00,656.10,656.10,656.10,656.10,0,0
2018-10-12 11:34:00,656.10,656.10,656.10,656.10,0,0
2018-10-12 11:35:00,656.10,656.10,656.10,656.10,0,0
2018-10-12 11:36:00,656.10,656.10,656.10,656.10,0,0
2018-10-12 11:37:00,656.10,656.10,656.10,656.10,0,0
2018-10-12 11:38:00,656.10,656.10,656.10,656.10,0,0
2018-10-12 11:39:00,656.10,656.10,656.10,656.10,0,0
2018-10-12 11:40:00,656.10,656.10,656.10,656.10,0,0
2018-10-12 11:41:00,656.10,656.10,656.10,656.10,0,0
2018-10-12 11:42:00,656.10,656.10,656.10,656.10,0,0
2018-10-12 11:43:00,656.10,656.10,656.10,656.10,0,0
2018-10-12 11:44:00,656.10,656.10,656.10,656.10,0,0
2018-10-12 11:45:00,656.10,656.10,656.10,656.10,0,0
2018-10-12 11:46:00,656.10,656.10,656.10,656.10,0,0
2018-10-12 11:47:00,656.10,656.10,656.10,656.10,0,0
2018-10-12 11:48:00,656.10,656.10,656.10,656.10,0,0
2018-10-12 11:49:00,656.10,656.10,656.10,656.10,0,0
2018-10-12 11:50:00,656.10,656.10,656.10,656.10,0,0
2018-10-12 11:51:00,656.10,656.10,656.10,656.10,0,0
2018-10-12 11:52:00,656.10,656.10,656.10,656.10,0,0
2018-10-12 11:53:00,656.10,656.10,656.10,656.10,0,0
2018-10-12 11:54:00,656.10,656.10,656.10,656.10,0,0
2018-10-12 11:55:00,656.10,656.10,656.10,656.10,0,0
2018-10-12 11:56:00,656.10,656.10,656.10,656.10,0,0
2018-10-12 11:57:00,656.10,656.10,656.10,656.10,0,0
2018-10-12 11:58:00,656.10,656.10,656.10,656.10,0,0
2018-10-12 11:59:00,656.10,656.10,656.10,656.10,0,0
2018-10-12 12:00:00,656.10,656.10,656.10,656.10,0,0
2018-10-12 12:01:00,656.10,656.10,656.10,656.10,0,0
2018-10-12 12:02:00,656.10,656.10,656.10,656.10,0,0
2018-10-12 12:03:00,656.10,656.10,656.10,656.10,0,0
2018-10-12 12:04:00,656.10,656.10,656.10,656.10,0,0
2018-10-12 12:05:00,656.10,656.10,656.10,656.10,0,0
2018-10-12 12:06:00,656.10,656.10,656.10,656.10,0,0
2018-10-12 12:07:00,656.10,656.10,656.10,656.10,0,0
2018-10-12 12:08:00,656.10,656.10,656.10,656.10,0,0
2018-10-12 12:09:00,656.10,656.10,633.40,633.40,20,2000
2018-10-12 12:10:00,633.40,633.40,629.30,629.30,20,2000
2018-10-12 12:11:00,629.30,629.30,629.30,629.30,0,0
2018-10-12 12:12:00,629.30,629.30,629.30,629.30,0,0
2018-10-12 12:13:00,629.30,629.30,629.30,629.30,0,0
2018-10-12 12:14:00,629.30,629.30,629.30,629.30,0,0
2018-10-12 12:15:00,629.30,629.30,629.30,629.30,0,0
2018-10-12 12:16:00,629.30,629.30,629.30,629.30,0,0
2018-10-12 12:17:00,629.30,629.30,629.30,629.30,0,0
2018-10-12 12:18:00,629.30,629.30,629.30,629.30,0,0
2018-10-12 12:19:00,629.30,629.30,629.30,629.30,0,0
2018-10-12 12:20:00,629.30,629.30,629.30,629.30,0,0
2018-10-12 12:21:00,629.30,629.30,629.30,629.30,0,0
2018-10-12 12:22:00,629.30,629.30,629.30,629.30,0,0
2018-10-12 12:23:00,629.30,635.55,629.30,635.55,20,2000
2018-10-12 12:24:00,635.55,635.55,635.55,635.55,0,0
2018-10-12 12:25:00,635.55,635.55,635.55,635.55,0,0
2018-10-12 12:26:00,635.55,635.55,635.55,635.55,0,0
2018-10-12 12:27:00,635.55,635.55,635.55,635.55,0,0
2018-10-12 12:28:00,635.55,635.55,635.55,635.55,0,0
2018-10-12 12:29:00,635.55,635.55,635.55,635.55,0,0
2018-10-12 12:30:00,635.55,635.55,635.55,635.55,0,0
2018-10-12 12:31:00,635.55,635.55,635.55,635.55,0,0
2018-10-12 12:32:00,635.55,635.55,635.55,635.55,0,0
2018-10-12 12:33:00,635.55,635.55,635.55,635.55,0,0
2018-10-12 12:34:00,635.55,635.55,635.55,635.55,0,0
2018-10-12 12:35:00,635.55,635.55,635.55,635.55,0,0
2018-10-12 12:36:00,635.55,635.55,627.05,627.05,20,2000
2018-10-12 12:37:00,627.05,627.05,627.05,627.05,0,0
2018-10-12 12:38:00,627.05,627.05,627.05,627.05,0,0
2018-10-12 12:39:00,627.05,627.05,627.05,627.05,0,0
2018-10-12 12:40:00,627.05,627.05,627.05,627.05,0,0
2018-10-12 12:41:00,627.05,627.05,627.05,627.05,0,0
2018-10-12 12:42:00,627.05,627.05,627.05,627.05,0,0
2018-10-12 12:43:00,627.05,627.05,627.05,627.05,0,0
2018-10-12 12:44:00,627.05,627.05,627.05,627.05,0,0
2018-10-12 12:45:00,627.05,627.05,627.05,627.05,0,0
2018-10-12 12:46:00,627.05,627.05,627.05,627.05,0,0
2018-10-12 12:47:00,627.05,627.05,627.05,627.05,0,0
2018-10-12 12:48:00,627.05,627.05,627.05,627.05,0,0
2018-10-12 12:49:00,627.05,627.05,627.05,627.05,0,0
2018-10-12 12:50:00,627.05,627.05,627.05,627.05,0,0
2018-10-12 12:51:00,627.05,627.05,627.05,627.05,0,0
2018-10-12 12:52:00,627.05,627.05,627.05,627.05,0,0
2018-10-12 12:53:00,627.05,627.05,627.05,627.05,0,0
2018-10-12 12:54:00,627.05,627.05,627.05,627.05,0,0
2018-10-12 12:55:00,627.05,636.40,627.05,636.40,40,2000
2018-10-12 12:56:00,636.40,636.40,636.40,636.40,0,0
2018-10-12 12:57:00,636.40,636.40,636.40,636.40,0,0
2018-10-12 12:58:00,636.40,636.40,636.40,636.40,0,0
2018-10-12 12:59:00,636.40,636.40,636.40,636.40,0,0
2018-10-12 13:00:00,636.40,636.40,636.40,636.40,0,0
2018-10-12 13:01:00,636.40,636.40,636.40,636.40,0,0
2018-10-12 13:02:00,636.40,636.40,636.40,636.40,0,0
2018-10-12 13:03:00,636.40,636.40,636.40,636.40,0,0
2018-10-12 13:04:00,636.40,636.40,636.40,636.40,0,0
2018-10-12 13:05:00,636.40,636.40,636.40,636.40,0,0
2018-10-12 13:06:00,636.40,636.40,636.40,636.40,0,0
2018-10-12 13:07:00,636.40,636.40,636.40,636.40,0,0
2018-10-12 13:08:00,636.40,636.40,636.40,636.40,0,0
2018-10-12 13:09:00,636.40,636.40,636.40,636.40,0,0
2018-10-12 13:10:00,636.40,636.40,623.70,623.70,40,2020
2018-10-12 13:11:00,623.70,623.70,623.70,623.70,0,0
2018-10-12 13:12:00,623.70,623.70,623.70,623.70,0,0
2018-10-12 13:13:00,623.70,623.70,623.70,623.70,0,0
2018-10-12 13:14:00,623.70,623.70,623.70,623.70,0,0
2018-10-12 13:15:00,623.70,623.70,623.70,623.70,0,0
2018-10-12 13:16:00,623.70,623.70,623.70,623.70,0,0
2018-10-12 13:17:00,623.70,623.70,623.70,623.70,0,0
2018-10-12 13:18:00,623.70,623.70,623.70,623.70,0,0
2018-10-12 13:19:00,623.70,623.70,623.70,623.70,0,0
2018-10-12 13:20:00,623.70,623.70,623.70,623.70,0,0
2018-10-12 13:21:00,623.70,623.70,623.70,623.70,0,0
2018-10-12 13:22:00,623.70,623.70,623.70,623.70,0,0
2018-10-12 13:23:00,623.70,623.70,623.70,623.70,0,0
2018-10-12 13:24:00,623.70,623.70,623.70,623.70,0,0
2018-10-12 13:25:00,623.70,623.70,623.70,623.70,0,0
2018-10-12 13:26:00,623.70,623.70,623.70,623.70,0,0
2018-10-12 13:27:00,623.70,623.70,623.70,623.70,0,0
2018-10-12 13:28:00,623.70,623.70,623.70,623.70,0,0
2018-10-12 13:29:00,623.70,623.70,623.70,623.70,0,0
2018-10-12 13:30:00,623.70,623.70,623.70,623.70,0,0
2018-10-12 13:31:00,623.70,623.70,623.70,623.70,0,0
2018-10-12 13:32:00,623.70,640.00,623.70,640.00,40,2040
2018-10-12 13:33:00,640.00,640.00,640.00,640.00,0,0
2018-10-12 13:34:00,640.00,640.00,640.00,640.00,0,0
2018-10-12 13:35:00,640.00,640.00,640.00,640.00,0,0
2018-10-12 13:36:00,640.00,640.00,640.00,640.00,0,0
2018-10-12 13:37:00,640.00,640.00,640.00,640.00,0,0
2018-10-12 13:38:00,640.00,640.00,640.00,640.00,0,0
2018-10-12 13:39:00,640.00,640.00,640.00,640.00,0,0
2018-10-12 13:40:00,640.00,640.00,640.00,640.00,0,0
2018-10-12 13:41:00,640.00,640.00,640.00,640.00,0,0
2018-10-12 13:42:00,640.00,640.00,635.20,635.20,20,2080
2018-10-12 13:43:00,635.20,635.20,635.20,635.20,0,0
2018-10-12 13:44:00,635.20,635.20,635.20,635.20,0,0
2018-10-12 13:45:00,635.20,635.20,635.20,635.20,0,0
2018-10-12 13:46:00,635.20,635.20,635.20,635.20,0,0
2018-10-12 13:47:00,635.20,635.20,635.20,635.20,0,0
2018-10-12 13:48:00,635.20,635.20,635.20,635.20,0,0
2018-10-12 13:49:00,635.20,635.20,635.20,635.20,0,0
2018-10-12 13:50:00,635.20,635.20,635.20,635.20,0,0
2018-10-12 13:51:00,635.20,635.20,635.20,635.20,0,0
2018-10-12 13:52:00,635.20,635.20,635.20,635.20,0,0
2018-10-12 13:53:00,635.20,635.20,635.20,635.20,0,0
2018-10-12 13:54:00,635.20,635.20,635.20,635.20,0,0
2018-10-12 13:55:00,635.20,635.20,635.20,635.20,0,0
2018-10-12 13:56:00,635.20,635.20,635.20,635.20,0,0
2018-10-12 13:57:00,635.20,635.20,635.20,635.20,0,0
2018-10-12 13:58:00,635.20,635.20,635.20,635.20,0,0
2018-10-12 13:59:00,635.20,635.20,635.20,635.20,0,0
2018-10-12 14:00:00,635.20,635.20,635.20,635.20,0,0
2018-10-12 14:01:00,635.20,635.20,635.20,635.20,0,0
2018-10-12 14:02:00,635.20,635.20,635.20,635.20,0,0
2018-10-12 14:03:00,635.20,635.20,635.20,635.20,0,0
2018-10-12 14:04:00,635.20,635.20,635.20,635.20,0,0
2018-10-12 14:05:00,635.20,635.20,590.45,590.45,20,2100
2018-10-12 14:06:00,590.45,590.45,590.45,590.45,0,0
2018-10-12 14:07:00,590.45,590.45,590.45,590.45,0,0
2018-10-12 14:08:00,590.45,607.60,590.45,607.60,20,2120
2018-10-12 14:09:00,607.60,607.60,607.60,607.60,0,0
2018-10-12 14:10:00,607.60,607.60,607.60,607.60,0,0
2018-10-12 14:11:00,607.60,607.60,607.60,607.60,0,0
2018-10-12 14:12:00,607.60,607.60,607.60,607.60,0,0
2018-10-12 14:13:00,607.60,607.60,607.60,607.60,0,0
2018-10-12 14:14:00,607.60,607.60,607.60,607.60,0,0
2018-10-12 14:15:00,607.60,607.60,607.60,607.60,0,0
2018-10-12 14:16:00,607.60,607.60,607.60,607.60,0,0
2018-10-12 14:17:00,607.60,607.60,607.60,607.60,0,0
2018-10-12 14:18:00,607.60,607.60,607.60,607.60,0,0
2018-10-12 14:19:00,607.60,607.60,607.60,607.60,0,0
2018-10-12 14:20:00,607.60,607.60,607.60,607.60,0,0
2018-10-12 14:21:00,607.60,607.60,607.60,607.60,0,0
2018-10-12 14:22:00,607.60,607.60,607.60,607.60,0,0
2018-10-12 14:23:00,607.60,607.60,607.60,607.60,0,0
2018-10-12 14:24:00,607.60,607.60,582.25,582.25,20,2100
2018-10-12 14:25:00,582.25,582.25,582.25,582.25,0,0
2018-10-12 14:26:00,582.25,582.25,582.25,582.25,0,0
2018-10-12 14:27:00,582.25,582.25,582.25,582.25,0,0
2018-10-12 14:28:00,582.25,582.25,582.25,582.25,0,0
2018-10-12 14:29:00,582.25,582.25,582.25,582.25,0,0
2018-10-12 14:30:00,582.25,582.25,582.25,582.25,0,0
2018-10-12 14:31:00,582.25,582.25,582.25,582.25,0,0
2018-10-12 14:32:00,582.25,582.25,582.25,582.25,0,0
2018-10-12 14:33:00,582.25,582.25,582.25,582.25,0,0
2018-10-12 14:34:00,582.25,582.25,582.25,582.25,0,0
2018-10-12 14:35:00,582.25,582.25,582.25,582.25,0,0
2018-10-12 14:36:00,582.25,582.25,570.00,570.00,20,2100
2018-10-12 14:37:00,570.00,570.00,570.00,570.00,0,0
2018-10-12 14:38:00,570.00,570.00,570.00,570.00,0,0
2018-10-12 14:39:00,570.00,570.00,570.00,570.00,0,0
2018-10-12 14:40:00,570.00,570.00,570.00,570.00,0,0
2018-10-12 14:41:00,570.00,570.00,570.00,570.00,0,0
2018-10-12 14:42:00,570.00,570.00,570.00,570.00,0,0
2018-10-12 14:43:00,570.00,570.00,570.00,570.00,0,0
2018-10-12 14:44:00,570.00,570.00,570.00,570.00,0,0
2018-10-12 14:45:00,570.00,596.75,570.00,596.75,0,2120
2018-10-12 14:46:00,596.75,596.75,596.75,596.75,0,0
2018-10-12 14:47:00,596.75,596.75,596.75,596.75,0,0
2018-10-12 14:48:00,596.75,596.75,596.75,596.75,0,0
2018-10-12 14:49:00,596.75,596.75,589.65,589.65,20,2120
2018-10-12 14:50:00,589.65,589.65,589.65,589.65,0,0
2018-10-12 14:51:00,589.65,589.65,589.65,589.65,0,0
2018-10-12 14:52:00,589.65,589.65,589.65,589.65,0,0
2018-10-12 14:53:00,589.65,589.65,589.65,589.65,0,0
2018-10-12 14:54:00,589.65,589.65,589.65,589.65,0,0
2018-10-12 14:55:00,589.65,589.65,589.65,589.65,0,0
2018-10-12 14:56:00,589.65,589.65,589.65,589.65,0,0
2018-10-12 14:57:00,589.65,589.65,589.65,589.65,0,0
2018-10-12 14:58:00,589.65,589.65,589.65,589.65,0,0
2018-10-12 14:59:00,589.65,589.65,589.65,589.65,0,0
2018-10-12 15:00:00,589.65,589.65,589.65,589.65,0,0
2018-10-12 15:01:00,589.65,589.65,589.65,589.65,0,0
2018-10-12 15:02:00,589.65,589.65,589.65,589.65,0,0
2018-10-12 15:03:00,589.65,589.65,589.65,589.65,0,0
2018-10-12 15:04:00,589.65,589.65,589.65,589.65,0,0
2018-10-12 15:05:00,589.65,589.65,589.65,589.65,0,0
2018-10-12 15:06:00,589.65,589.65,589.65,589.65,0,0
2018-10-12 15:07:00,589.65,589.65,589.65,589.65,0,0
2018-10-12 15:08:00,589.65,589.65,589.65,589.65,0,0
2018-10-12 15:09:00,589.65,589.65,589.65,589.65,0,0
2018-10-12 15:10:00,589.65,589.65,589.65,589.65,0,0
2018-10-12 15:11:00,589.65,589.65,589.65,589.65,0,0
2018-10-12 15:12:00,589.65,589.65,589.65,589.65,0,0
2018-10-12 15:13:00,589.65,589.65,589.65,589.65,0,0
2018-10-12 15:14:00,589.65,589.65,589.65,589.65,0,0
2018-10-12 15:15:00,589.65,589.65,589.65,589.65,0,0
2018-10-12 15:16:00,589.65,589.65,589.65,589.65,0,0
2018-10-12 15:17:00,589.65,589.65,589.65,589.65,0,0
2018-10-12 15:18:00,589.65,589.65,589.65,589.65,0,0
2018-10-12 15:19:00,589.65,589.65,589.65,589.65,0,0
2018-10-12 15:20:00,589.65,589.65,589.65,589.65,0,0
2018-10-12 15:21:00,589.65,589.65,589.65,589.65,0,0
2018-10-12 15:22:00,589.65,589.65,589.65,589.65,0,0
2018-10-12 15:23:00,589.65,589.65,589.65,589.65,0,0
2018-10-12 15:24:00,589.65,589.65,589.65,589.65,0,0
2018-10-12 15:25:00,589.65,589.65,589.65,589.65,0,0
2018-10-12 15:26:00,589.65,589.65,580.00,580.00,20,2120
2018-10-12 15:27:00,580.00,580.00,572.50,572.50,40,2180
2018-10-12 15:28:00,572.40,572.40,571.90,571.90,20,2180
2018-10-12 15:29:01,571.90,571.90,571.90,571.90,0,0
2018-11-12 09:15:00,309.00,309.00,309.00,309.00,0,2160
2018-11-12 09:16:00,309.00,348.75,309.00,348.75,40,2160
2018-11-12 09:17:00,348.75,348.75,348.75,348.75,0,0
2018-11-12 09:18:00,348.75,348.75,348.75,348.75,0,0
2018-11-12 09:19:00,348.75,348.75,348.75,348.75,0,0
2018-11-12 09:20:00,348.75,348.75,348.75,348.75,0,0
2018-11-12 09:21:00,348.75,391.15,348.75,391.15,20,0
2018-11-12 09:22:00,391.15,391.15,391.15,391.15,0,0
2018-11-12 09:23:00,391.15,391.15,391.15,391.15,0,0
2018-11-12 09:24:00,391.15,391.15,391.15,391.15,0,0
2018-11-12 09:25:00,391.15,391.15,391.15,391.15,0,0
2018-11-12 09:26:00,391.15,391.15,391.15,391.15,0,0
2018-11-12 09:27:00,391.15,433.95,391.15,433.95,20,2220
2018-11-12 09:28:00,433.95,433.95,433.95,433.95,0,0
2018-11-12 09:29:00,433.95,433.95,433.95,433.95,0,0
2018-11-12 09:30:00,433.95,433.95,433.95,433.95,0,0
2018-11-12 09:31:00,433.95,433.95,433.95,433.95,0,0
2018-11-12 09:32:00,433.95,433.95,433.95,433.95,0,0
2018-11-12 09:33:00,433.95,433.95,433.90,433.90,20,2200
2018-11-12 09:34:00,433.90,433.90,433.90,433.90,0,0
2018-11-12 09:35:00,433.90,433.90,400.65,410.00,80,2200
2018-11-12 09:36:00,410.00,410.00,410.00,410.00,0,0
2018-11-12 09:37:00,410.00,410.00,410.00,410.00,0,0
2018-11-12 09:38:00,410.00,410.05,410.00,410.05,20,2200
2018-11-12 09:39:00,410.05,410.05,410.05,410.05,0,0
2018-11-12 09:40:00,410.05,410.05,410.05,410.05,0,0
2018-11-12 09:41:00,410.05,410.05,410.05,410.05,0,0
2018-11-12 09:42:00,410.05,410.05,410.05,410.05,0,0
2018-11-12 09:43:00,410.05,410.05,410.05,410.05,0,0
2018-11-12 09:44:00,410.05,410.05,375.00,375.00,20,2220
2018-11-12 09:45:00,375.00,375.00,375.00,375.00,0,0
2018-11-12 09:46:00,375.00,375.00,375.00,375.00,0,0
2018-11-12 09:47:00,375.00,375.00,375.00,375.00,0,0
2018-11-12 09:48:00,375.00,375.00,375.00,375.00,0,0
2018-11-12 09:49:00,375.00,399.30,375.00,399.30,40,2220
2018-11-12 09:50:00,399.30,399.30,399.30,399.30,0,0
2018-11-12 09:51:00,399.30,410.00,399.30,410.00,20,2220
2018-11-12 09:52:00,410.00,410.00,410.00,410.00,0,0
2018-11-12 09:53:00,410.00,410.00,410.00,410.00,0,0
2018-11-12 09:54:00,410.00,410.00,410.00,410.00,0,0
2018-11-12 09:55:00,410.00,410.00,410.00,410.00,120,2240
2018-11-12 09:56:00,410.00,410.00,410.00,410.00,0,0
2018-11-12 09:57:00,410.00,410.00,393.55,400.00,60,2240
2018-11-12 09:58:00,400.00,400.00,400.00,400.00,0,0
2018-11-12 09:59:00,400.00,400.00,400.00,400.00,0,0
2018-11-12 10:00:00,400.00,400.00,400.00,400.00,0,0
2018-11-12 10:01:00,400.00,400.00,400.00,400.00,0,0
2018-11-12 10:02:00,400.00,400.00,400.00,400.00,0,0
2018-11-12 10:03:00,400.00,404.95,400.00,404.95,20,2300
2018-11-12 10:04:00,404.95,404.95,404.95,404.95,0,0
2018-11-12 10:05:00,404.95,404.95,404.95,404.95,0,0
2018-11-12 10:06:00,404.95,404.95,404.95,404.95,0,0
2018-11-12 10:07:00,404.95,404.95,404.95,404.95,0,0
2018-11-12 10:08:00,404.95,404.95,404.95,404.95,0,0
2018-11-12 10:09:00,404.95,404.95,404.95,404.95,0,0
2018-11-12 10:10:00,404.95,404.95,404.95,404.95,0,0
2018-11-12 10:11:00,404.95,404.95,404.95,404.95,0,0
2018-11-12 10:12:00,404.95,404.95,404.95,404.95,0,0
2018-11-12 10:13:00,404.95,404.95,404.95,404.95,0,0
2018-11-12 10:14:00,404.95,404.95,404.95,404.95,0,0
2018-11-12 10:15:00,404.95,404.95,404.95,404.95,0,0
2018-11-12 10:16:00,404.95,404.95,404.95,404.95,0,0
2018-11-12 10:17:00,404.95,404.95,404.95,404.95,0,0
2018-11-12 10:18:00,404.95,404.95,404.95,404.95,0,0
2018-11-12 10:19:00,404.95,404.95,404.95,404.95,0,0
2018-11-12 10:20:00,404.95,404.95,398.00,398.00,20,2280
2018-11-12 10:21:00,398.00,398.00,398.00,398.00,0,0
2018-11-12 10:22:00,398.00,398.00,398.00,398.00,0,0
2018-11-12 10:23:00,398.00,398.00,398.00,398.00,0,0
2018-11-12 10:24:00,398.00,398.00,398.00,398.00,0,0
2018-11-12 10:25:00,398.00,400.00,398.00,400.00,20,2300
2018-11-12 10:26:00,400.00,400.00,400.00,400.00,0,0
2018-11-12 10:27:00,400.00,400.00,400.00,400.00,0,0
2018-11-12 10:28:00,400.00,430.00,400.00,430.00,20,2300
2018-11-12 10:29:00,430.00,430.00,430.00,430.00,0,0
2018-11-12 10:30:00,430.00,430.00,430.00,430.00,0,0
2018-11-12 10:31:00,430.00,430.00,430.00,430.00,0,0
2018-11-12 10:32:00,430.00,430.00,408.00,408.00,20,2300
2018-11-12 10:33:00,408.00,408.00,375.05,375.05,20,2300
2018-11-12 10:34:00,375.05,375.05,375.05,375.05,0,0
2018-11-12 10:35:00,375.05,375.05,375.05,375.05,0,0
2018-11-12 10:36:00,375.05,375.05,375.05,375.05,0,0
2018-11-12 10:37:00,375.05,375.05,375.05,375.05,0,0
2018-11-12 10:38:00,375.05,375.05,375.05,375.05,0,0
2018-11-12 10:39:00,375.05,375.05,375.05,375.05,0,0
2018-11-12 10:40:00,375.05,375.05,375.05,375.05,20,2300
2018-11-12 10:41:00,375.05,375.05,375.05,375.05,0,0
2018-11-12 10:42:00,375.05,375.05,375.05,375.05,0,0
2018-11-12 10:43:00,375.05,375.05,375.05,375.05,0,0
2018-11-12 10:44:00,375.05,375.05,375.05,375.05,0,0
2018-11-12 10:45:00,375.05,375.05,375.05,375.05,0,0
2018-11-12 10:46:00,375.05,375.05,375.05,375.05,0,0
2018-11-12 10:47:00,375.05,388.00,375.05,388.00,20,2300
2018-11-12 10:48:00,388.00,388.00,388.00,388.00,0,0
2018-11-12 10:49:00,388.00,388.00,388.00,388.00,0,0
2018-11-12 10:50:00,388.00,388.00,388.00,388.00,0,0
2018-11-12 10:51:00,388.00,388.00,388.00,388.00,0,0
2018-11-12 10:52:00,388.00,388.00,388.00,388.00,0,0
2018-11-12 10:53:00,388.00,388.00,388.00,388.00,0,0
2018-11-12 10:54:00,388.00,388.00,388.00,388.00,0,0
2018-11-12 10:55:00,388.00,388.00,388.00,388.00,0,0
2018-11-12 10:56:00,388.00,397.90,388.00,397.90,20,2300
2018-11-12 10:57:00,397.90,397.90,397.90,397.90,0,0
2018-11-12 10:58:00,397.90,399.95,397.90,399.95,20,2300
2018-11-12 10:59:00,399.95,399.95,399.95,399.95,0,0
2018-11-12 11:00:00,399.95,399.95,399.95,399.95,0,0
2018-11-12 11:01:00,399.95,399.95,399.95,399.95,0,0
2018-11-12 11:02:00,399.95,399.95,390.00,390.00,120,2300
2018-11-12 11:03:00,390.00,390.00,390.00,390.00,0,0
2018-11-12 11:04:00,390.00,395.50,390.00,394.05,560,2380
2018-11-12 11:05:00,394.05,394.10,391.95,391.95,280,2940
2018-11-12 11:06:00,391.95,400.00,391.95,400.00,260,2940
2018-11-12 11:07:00,400.00,414.70,398.95,412.45,1100,2940
2018-11-12 11:08:00,412.45,417.85,412.45,417.85,40,2940
2018-11-12 11:09:00,417.85,417.85,417.85,417.85,0,0
2018-11-12 11:10:00,417.85,417.85,417.85,417.85,0,0
2018-11-12 11:11:00,417.85,417.85,417.85,417.85,0,0
2018-11-12 11:12:00,417.85,417.85,417.85,417.85,0,0
2018-11-12 11:13:00,417.85,417.85,417.85,417.85,0,0
2018-11-12 11:14:00,417.85,420.45,417.85,420.45,20,4600
2018-11-12 11:15:00,420.45,420.45,420.45,420.45,0,0
2018-11-12 11:16:00,420.45,420.45,420.45,420.45,0,0
2018-11-12 11:17:00,420.45,420.45,420.45,420.45,0,0
2018-11-12 11:18:00,420.45,420.45,420.45,420.45,0,0
2018-11-12 11:19:00,420.45,460.10,420.45,460.00,160,4600
2018-11-12 11:20:00,460.00,460.10,460.00,460.10,20,0
2018-11-12 11:21:00,460.10,503.15,460.10,503.15,20,4760
2018-11-12 11:22:00,503.15,503.15,503.15,503.15,0,0
2018-11-12 11:23:00,503.15,503.15,480.00,480.00,40,4800
2018-11-12 11:24:00,480.00,480.00,468.45,471.35,40,4800
2018-11-12 11:25:00,471.35,471.35,471.35,471.35,0,0
2018-11-12 11:26:00,471.35,471.35,471.35,471.35,0,0
2018-11-12 11:27:00,471.35,471.35,471.35,471.35,0,0
2018-11-12 11:28:00,471.35,471.35,471.35,471.35,0,0
2018-11-12 11:29:00,471.35,471.35,471.35,471.35,0,0
2018-11-12 11:30:00,471.35,471.35,471.35,471.35,0,0
2018-11-12 11:31:00,471.35,471.35,471.35,471.35,0,0
2018-11-12 11:32:00,471.35,471.35,471.35,471.35,0,0
2018-11-12 11:33:00,471.35,471.35,471.35,471.35,0,0
2018-11-12 11:34:00,471.35,471.35,471.35,471.35,0,0
2018-11-12 11:35:00,471.35,471.35,471.00,471.00,120,4780
2018-11-12 11:36:00,471.00,471.00,457.85,457.85,20,4780
2018-11-12 11:37:00,457.85,457.85,457.85,457.85,0,0
2018-11-12 11:38:00,457.85,457.85,457.85,457.85,0,0
2018-11-12 11:39:00,457.85,499.10,457.85,497.10,400,4900
2018-11-12 11:40:00,497.10,506.60,497.10,506.60,160,4900
2018-11-12 11:41:00,506.60,506.60,506.60,506.60,0,0
2018-11-12 11:42:00,506.60,523.10,506.60,523.10,20,5460
2018-11-12 11:43:00,523.10,523.10,523.10,523.10,0,5460
2018-11-12 11:44:00,523.00,523.00,523.00,523.00,0,0
2018-11-12 11:45:00,523.00,542.60,523.00,542.60,20,5480
2018-11-12 11:46:00,542.60,544.60,542.60,544.60,20,5480
2018-11-12 11:47:00,544.60,544.60,544.60,544.60,0,0
2018-11-12 11:48:00,544.60,544.60,544.60,544.60,0,0
2018-11-12 11:49:00,544.60,544.60,544.60,544.60,0,0
2018-11-12 11:50:00,544.60,544.60,544.60,544.60,0,0
2018-11-12 11:51:00,544.60,544.60,544.60,544.60,0,0
2018-11-12 11:52:00,544.60,544.60,544.60,544.60,0,0
2018-11-12 11:53:00,544.60,544.60,544.60,544.60,0,0
2018-11-12 11:54:00,544.60,544.60,544.60,544.60,0,0
2018-11-12 11:55:00,544.60,544.60,544.60,544.60,0,0
2018-11-12 11:56:00,544.60,544.60,544.60,544.60,0,0
2018-11-12 11:57:00,544.60,544.60,544.60,544.60,0,0
2018-11-12 11:58:00,544.60,544.60,544.60,544.60,0,0
2018-11-12 11:59:00,544.60,544.60,544.60,544.60,0,0
2018-11-12 12:00:00,544.60,544.60,544.60,544.60,0,0
2018-11-12 12:01:00,544.60,544.60,544.60,544.60,0,0
2018-11-12 12:02:00,544.60,544.60,464.75,464.75,20,5460
2018-11-12 12:03:00,464.75,464.75,464.75,464.75,0,0
2018-11-12 12:04:00,464.75,464.75,464.75,464.75,0,0
2018-11-12 12:05:00,464.75,464.75,464.75,464.75,0,0
2018-11-12 12:06:00,464.75,464.75,452.95,452.95,260,5480
2018-11-12 12:07:00,452.95,463.65,452.95,455.50,380,5480
2018-11-12 12:08:00,455.50,462.45,455.50,462.45,160,5480
2018-11-12 12:09:00,462.45,462.45,450.20,450.20,180,6180
2018-11-12 12:10:00,450.20,450.20,446.40,446.40,160,6180
2018-11-12 12:11:00,446.40,448.10,443.00,448.10,300,6600
2018-11-12 12:12:00,448.10,448.10,448.10,448.10,0,0
2018-11-12 12:13:00,448.10,448.10,448.10,448.10,0,0
2018-11-12 12:14:00,448.10,448.10,448.10,448.10,0,0
2018-11-12 12:15:00,448.10,448.10,445.45,445.45,20,7040
2018-11-12 12:16:00,445.45,445.45,445.45,445.45,0,0
2018-11-12 12:17:00,445.45,445.55,445.45,445.55,80,7040
2018-11-12 12:18:00,445.55,445.55,445.55,445.55,0,0
2018-11-12 12:19:00,445.55,445.55,425.95,440.85,40,7040
2018-11-12 12:20:00,440.85,440.85,440.85,440.85,0,0
2018-11-12 12:21:00,440.85,440.85,440.85,440.85,0,0
2018-11-12 12:22:00,440.85,440.85,440.85,440.85,0,0
2018-11-12 12:23:00,440.85,459.20,440.85,459.20,20,7140
2018-11-12 12:24:00,459.20,459.20,459.20,459.20,0,0
2018-11-12 12:25:00,459.20,459.20,459.20,459.20,0,0
2018-11-12 12:26:00,459.20,459.20,459.20,459.20,0,0
2018-11-12 12:27:00,459.20,459.20,459.20,459.20,0,0
2018-11-12 12:28:00,459.20,459.20,459.20,459.20,0,0
2018-11-12 12:29:00,459.20,459.20,459.20,459.20,0,0
2018-11-12 12:30:00,459.20,459.20,459.20,459.20,0,0
2018-11-12 12:31:00,459.20,459.20,459.20,459.20,0,0
2018-11-12 12:32:00,459.20,459.20,459.20,459.20,0,0
2018-11-12 12:33:00,459.20,470.00,459.20,470.00,140,7160
2018-11-12 12:34:00,470.00,470.00,470.00,470.00,0,0
2018-11-12 12:35:00,470.00,470.00,470.00,470.00,0,0
2018-11-12 12:36:00,470.00,470.00,453.65,453.65,20,7160
2018-11-12 12:37:00,453.65,453.65,453.65,453.65,0,0
2018-11-12 12:38:00,453.65,453.65,453.65,453.65,0,0
2018-11-12 12:39:00,453.65,453.65,453.65,453.65,0,0
2018-11-12 12:40:00,453.65,453.65,453.65,453.65,0,0
2018-11-12 12:41:00,453.65,453.65,453.65,453.65,0,0
2018-11-12 12:42:00,453.65,453.65,453.65,453.65,0,0
2018-11-12 12:43:00,453.65,470.00,453.65,470.00,20,7160
2018-11-12 12:44:00,470.00,470.00,470.00,470.00,0,0
2018-11-12 12:45:00,470.00,470.00,470.00,470.00,0,0
2018-11-12 12:46:00,470.00,470.00,470.00,470.00,0,0
2018-11-12 12:47:00,470.00,470.00,470.00,470.00,0,0
2018-11-12 12:48:00,470.00,474.45,468.05,468.05,140,7160
2018-11-12 12:49:00,468.05,468.05,468.05,468.05,0,0
2018-11-12 12:50:00,468.05,468.05,468.05,468.05,0,0
2018-11-12 12:51:00,468.05,468.05,468.05,468.05,0,0
2018-11-12 12:52:00,468.05,468.05,468.05,468.05,0,0
2018-11-12 12:53:00,468.05,468.05,468.05,468.05,0,0
2018-11-12 12:54:00,468.05,468.05,468.05,468.05,0,0
2018-11-12 12:55:00,468.05,468.05,468.05,468.05,0,0
2018-11-12 12:56:00,468.05,468.05,465.90,465.90,20,7300
2018-11-12 12:57:00,465.90,465.90,465.90,465.90,0,0
2018-11-12 12:58:00,465.90,465.90,465.90,465.90,0,0
2018-11-12 12:59:00,465.90,465.90,465.90,465.90,0,0
2018-11-12 13:00:00,465.90,465.90,465.90,465.90,0,0
2018-11-12 13:01:00,465.90,465.90,465.90,465.90,0,0
2018-11-12 13:02:00,465.90,465.90,465.90,465.90,0,0
2018-11-12 13:03:00,465.90,465.90,465.90,465.90,0,0
2018-11-12 13:04:00,465.90,465.90,465.90,465.90,0,0
2018-11-12 13:05:00,465.90,465.90,465.90,465.90,0,0
2018-11-12 13:06:00,465.90,465.90,465.90,465.90,0,0
2018-11-12 13:07:00,465.90,513.00,465.90,513.00,40,7300
2018-11-12 13:08:00,513.00,522.00,513.00,522.00,40,7300
2018-11-12 13:09:00,522.00,522.00,522.00,522.00,0,0
2018-11-12 13:10:00,522.00,540.05,522.00,540.05,180,7300
2018-11-12 13:11:00,540.05,549.95,540.05,542.10,260,7580
2018-11-12 13:12:00,542.10,542.10,540.00,540.00,40,7580
2018-11-12 13:13:00,540.00,540.00,540.00,540.00,0,0
2018-11-12 13:14:00,540.00,540.00,540.00,540.00,0,0
2018-11-12 13:15:00,540.00,540.00,528.25,528.25,80,7740
2018-11-12 13:16:00,528.25,528.25,528.25,528.25,0,0
2018-11-12 13:17:00,528.25,528.25,528.25,528.25,0,0
2018-11-12 13:18:00,528.25,528.25,528.25,528.25,0,0
2018-11-12 13:19:00,528.25,528.25,528.25,528.25,0,0
2018-11-12 13:20:00,528.25,528.25,528.25,528.25,0,0
2018-11-12 13:21:00,528.25,528.25,528.25,528.25,0,0
2018-11-12 13:22:00,528.25,528.25,528.25,528.25,0,0
2018-11-12 13:23:00,528.25,528.25,528.25,528.25,0,0
2018-11-12 13:24:00,528.25,528.25,528.25,528.25,0,0
2018-11-12 13:25:00,528.25,528.25,528.25,528.25,0,0
2018-11-12 13:26:00,528.25,528.25,528.25,528.25,0,0
2018-11-12 13:27:00,528.25,528.25,503.00,503.00,40,7820
2018-11-12 13:28:00,503.00,503.00,503.00,503.00,0,0
2018-11-12 13:29:00,503.00,503.00,487.65,487.65,40,7820
2018-11-12 13:30:00,487.65,487.65,487.65,487.65,0,0
2018-11-12 13:31:00,487.65,487.65,487.65,487.65,0,0
2018-11-12 13:32:00,487.65,487.65,487.65,487.65,0,0
2018-11-12 13:33:00,487.65,487.65,487.65,487.65,0,0
2018-11-12 13:34:00,487.65,487.65,487.65,487.65,0,0
2018-11-12 13:35:00,487.65,487.65,487.65,487.65,0,0
2018-11-12 13:36:00,487.65,487.65,487.65,487.65,0,0
2018-11-12 13:37:00,487.65,487.65,487.65,487.65,0,0
2018-11-12 13:38:00,487.65,487.65,487.65,487.65,0,0
2018-11-12 13:39:00,487.65,487.65,487.65,487.65,0,0
2018-11-12 13:40:00,487.65,487.65,487.65,487.65,0,0
2018-11-12 13:41:00,487.65,487.65,487.65,487.65,0,0
2018-11-12 13:42:00,487.65,487.65,487.65,487.65,0,0
2018-11-12 13:43:00,487.65,487.65,487.65,487.65,0,0
2018-11-12 13:44:00,487.65,487.65,487.65,487.65,0,0
2018-11-12 13:45:00,487.65,487.65,487.65,487.65,0,0
2018-11-12 13:46:00,487.65,487.65,487.65,487.65,0,0
2018-11-12 13:47:00,487.65,487.65,487.65,487.65,0,0
2018-11-12 13:48:00,487.65,487.65,487.65,487.65,0,0
2018-11-12 13:49:00,487.65,487.65,487.65,487.65,0,0
2018-11-12 13:50:00,487.65,487.65,487.65,487.65,0,0
2018-11-12 13:51:00,487.65,487.65,487.65,487.65,0,0
2018-11-12 13:52:00,487.65,487.65,487.65,487.65,0,0
2018-11-12 13:53:00,487.65,487.65,487.65,487.65,0,0
2018-11-12 13:54:00,487.65,487.65,487.65,487.65,0,0
2018-11-12 13:55:00,487.65,487.65,487.65,487.65,0,0
2018-11-12 13:56:00,487.65,487.65,487.65,487.65,0,0
2018-11-12 13:57:00,487.65,487.65,487.65,487.65,0,0
2018-11-12 13:58:00,487.65,487.65,487.65,487.65,0,0
2018-11-12 13:59:00,487.65,487.65,487.65,487.65,0,0
2018-11-12 14:00:00,487.65,487.65,487.65,487.65,0,0
2018-11-12 14:01:00,487.65,487.65,487.65,487.65,0,0
2018-11-12 14:02:00,487.65,487.65,487.65,487.65,0,0
2018-11-12 14:03:00,487.65,487.65,487.65,487.65,0,0
2018-11-12 14:04:00,487.65,487.65,487.65,487.65,0,7840
2018-11-12 14:05:00,481.65,481.65,481.65,481.65,0,0
2018-11-12 14:06:00,481.65,481.65,481.65,481.65,0,0
2018-11-12 14:07:00,481.65,481.65,481.65,481.65,0,0
2018-11-12 14:08:00,481.65,481.65,481.65,481.65,0,0
2018-11-12 14:09:00,481.65,481.65,481.65,481.65,0,0
2018-11-12 14:10:00,481.65,481.65,481.65,481.65,0,0
2018-11-12 14:11:00,481.65,481.65,481.65,481.65,0,0
2018-11-12 14:12:00,481.65,481.65,481.65,481.65,0,0
2018-11-12 14:13:00,481.65,481.65,481.65,481.65,0,0
2018-11-12 14:14:00,481.65,481.65,481.65,481.65,0,0
2018-11-12 14:15:00,481.65,481.65,481.65,481.65,0,0
2018-11-12 14:16:00,481.65,481.65,481.65,481.65,0,0
2018-11-12 14:17:00,481.65,500.00,481.65,500.00,60,7860
2018-11-12 14:18:00,500.00,500.00,500.00,500.00,20,7860
2018-11-12 14:19:00,500.00,500.00,500.00,500.00,0,0
2018-11-12 14:20:00,500.00,500.00,500.00,500.00,0,0
2018-11-12 14:21:00,500.00,500.00,500.00,500.00,0,0
2018-11-12 14:22:00,500.00,500.00,500.00,500.00,0,0
2018-11-12 14:23:00,500.00,500.00,500.00,500.00,0,0
2018-11-12 14:24:00,500.00,500.00,500.00,500.00,0,0
2018-11-12 14:25:00,500.00,500.00,500.00,500.00,0,0
2018-11-12 14:26:00,500.00,500.00,490.00,490.00,20,7880
2018-11-12 14:27:00,490.00,490.00,490.00,490.00,0,0
2018-11-12 14:28:00,490.00,490.00,490.00,490.00,40,7880
2018-11-12 14:29:00,490.00,500.00,490.00,500.00,20,7940
2018-11-12 14:30:00,500.00,502.00,500.00,502.00,20,7940
2018-11-12 14:31:00,502.00,503.00,502.00,503.00,20,7940
2018-11-12 14:32:00,503.00,515.30,503.00,510.00,80,8000
2018-11-12 14:33:00,510.00,510.00,510.00,510.00,0,0
2018-11-12 14:34:00,510.00,515.00,510.00,515.00,20,8000
2018-11-12 14:35:00,515.00,515.00,515.00,515.00,0,0
2018-11-12 14:36:00,515.00,515.00,515.00,515.00,0,0
2018-11-12 14:37:00,515.00,520.00,515.00,520.00,20,8100
2018-11-12 14:38:00,520.00,520.00,520.00,520.00,0,0
2018-11-12 14:39:00,520.00,540.00,520.00,540.00,40,8120
2018-11-12 14:40:00,540.00,540.00,526.10,526.10,220,8120
2018-11-12 14:41:00,526.10,526.10,511.80,511.80,20,8200
2018-11-12 14:42:00,511.80,511.80,511.80,511.80,0,0
2018-11-12 14:43:00,511.80,520.00,511.80,520.00,20,0
2018-11-12 14:44:00,520.00,520.00,520.00,520.00,0,0
2018-11-12 14:45:00,520.00,520.00,520.00,520.00,0,0
2018-11-12 14:46:00,520.00,520.00,520.00,520.00,0,0
2018-11-12 14:47:00,520.00,520.00,520.00,520.00,20,8220
2018-11-12 14:48:00,520.00,520.00,520.00,520.00,20,8220
2018-11-12 14:49:00,520.00,520.00,520.00,520.00,20,8220
2018-11-12 14:50:00,520.00,520.05,519.95,520.05,40,8220
2018-11-12 14:51:00,520.05,520.05,520.00,520.00,20,8180
2018-11-12 14:52:00,520.00,520.00,520.00,520.00,0,0
2018-11-12 14:53:00,520.00,520.00,520.00,520.00,0,0
2018-11-12 14:54:00,520.00,520.00,490.00,490.00,40,8200
2018-11-12 14:55:00,490.00,490.00,490.00,490.00,0,0
2018-11-12 14:56:00,490.00,505.00,490.00,505.00,40,8200
2018-11-12 14:57:00,505.00,505.00,500.00,500.00,20,8240
2018-11-12 14:58:00,500.00,500.00,500.00,500.00,0,0
2018-11-12 14:59:00,500.00,500.00,500.00,500.00,0,0
2018-11-12 15:00:00,500.00,500.00,500.00,500.00,0,0
2018-11-12 15:01:00,500.00,500.00,500.00,500.00,0,0
2018-11-12 15:02:00,500.00,500.00,500.00,500.00,0,0
2018-11-12 15:03:00,500.00,500.00,500.00,500.00,0,0
2018-11-12 15:04:00,500.00,500.00,500.00,500.00,0,0
2018-11-12 15:05:00,500.00,500.00,500.00,500.00,0,0
2018-11-12 15:06:00,500.00,500.00,500.00,500.00,0,0
2018-11-12 15:07:00,500.00,500.00,499.90,500.00,60,8300
2018-11-12 15:08:00,500.00,500.00,500.00,500.00,0,0
2018-11-12 15:09:00,500.00,505.30,500.00,505.30,100,8300
2018-11-12 15:10:00,505.30,505.30,502.00,502.00,20,8300
2018-11-12 15:11:00,502.00,502.00,500.10,500.30,560,8420
2018-11-12 15:12:00,500.30,502.25,500.30,502.25,20,8420
2018-11-12 15:13:00,502.25,505.30,502.25,505.30,180,8420
2018-11-12 15:14:00,505.30,505.30,505.30,505.30,0,0
2018-11-12 15:15:00,505.30,505.30,505.30,505.30,0,0
2018-11-12 15:16:00,505.30,538.35,505.30,538.35,80,9140
2018-11-12 15:17:00,538.35,543.85,538.35,543.85,40,9220
2018-11-12 15:18:00,543.85,543.85,543.85,543.85,0,0
2018-11-12 15:19:00,543.85,543.85,532.00,532.00,180,9220
2018-11-12 15:20:00,532.00,532.00,532.00,532.00,0,0
2018-11-12 15:21:00,545.00,545.00,543.85,543.85,80,9340
2018-11-12 15:22:00,543.85,543.85,543.85,543.85,0,0
2018-11-12 15:23:00,543.85,554.15,543.85,554.15,60,9460
2018-11-12 15:24:00,554.15,554.15,554.15,554.15,0,0
2018-11-12 15:25:00,554.15,554.15,554.00,554.00,80,9460
2018-11-12 15:26:00,554.00,554.00,554.00,554.00,0,0
2018-11-12 15:27:00,554.00,554.00,554.00,554.00,0,0
2018-11-12 15:28:00,554.00,560.00,554.00,560.00,60,9540
2018-11-12 15:29:01,560.00,560.00,559.25,559.25,20,9560
2018-12-12 09:16:00,562.40,562.45,562.40,562.40,0,9580
2018-12-12 09:17:00,562.40,562.40,562.40,562.40,0,0
2018-12-12 09:18:00,562.40,562.40,562.40,562.40,0,0
2018-12-12 09:19:00,562.40,562.40,562.40,562.40,0,9580
2018-12-12 09:20:00,598.00,600.00,598.00,600.00,20,9580
2018-12-12 09:21:00,600.00,600.00,599.95,599.95,20,9580
2018-12-12 09:22:00,599.95,604.95,599.95,604.95,60,9580
2018-12-12 09:23:00,604.95,604.95,604.95,604.95,0,0
2018-12-12 09:24:00,604.95,604.95,604.95,604.95,0,0
2018-12-12 09:25:00,604.95,617.50,604.95,617.50,20,9600
2018-12-12 09:26:00,617.50,623.95,617.50,623.95,40,0
2018-12-12 09:27:00,623.95,623.95,623.95,623.95,0,0
2018-12-12 09:28:00,623.95,623.95,623.95,623.95,0,0
2018-12-12 09:29:00,623.95,623.95,623.95,623.95,0,0
2018-12-12 09:30:00,623.95,623.95,616.50,616.50,20,9660
2018-12-12 09:31:00,616.50,616.50,615.00,615.00,140,9660
2018-12-12 09:32:00,615.00,615.00,615.00,615.00,0,0
2018-12-12 09:33:00,615.00,630.30,615.00,630.30,20,9840
2018-12-12 09:34:00,630.30,630.30,630.30,630.30,0,0
2018-12-12 09:35:00,630.30,630.30,630.30,630.30,0,0
2018-12-12 09:36:00,630.30,630.30,620.00,620.00,20,9840
2018-12-12 09:37:00,620.00,625.00,620.00,625.00,60,9840
2018-12-12 09:38:00,625.00,625.00,625.00,625.00,0,0
2018-12-12 09:39:00,625.00,625.00,623.40,623.40,20,9900
2018-12-12 09:40:00,623.40,633.00,623.40,633.00,0,9900
2018-12-12 09:41:00,633.00,640.00,633.00,640.00,140,9900
2018-12-12 09:42:00,640.00,640.00,629.85,629.85,20,0
2018-12-12 09:43:00,629.85,629.85,629.85,629.85,0,0
2018-12-12 09:44:00,629.85,629.85,629.85,629.85,0,0
2018-12-12 09:45:00,629.85,644.00,629.85,644.00,40,0
2018-12-12 09:46:00,644.00,644.00,644.00,644.00,0,0
2018-12-12 09:47:00,644.00,644.00,644.00,644.00,0,0
2018-12-12 09:48:00,644.00,644.00,644.00,644.00,0,0
2018-12-12 09:49:00,644.00,644.00,644.00,644.00,0,0
2018-12-12 09:50:00,644.00,660.00,644.00,649.25,40,9880
2018-12-12 09:51:00,649.25,649.25,649.25,649.25,0,0
2018-12-12 09:52:00,649.25,650.00,649.25,650.00,40,9920
2018-12-12 09:53:00,650.00,650.00,650.00,650.00,0,0
2018-12-12 09:54:00,650.00,650.00,650.00,650.00,0,0
2018-12-12 09:55:00,650.00,650.00,650.00,650.00,0,0
2018-12-12 09:56:00,650.00,650.00,650.00,650.00,0,0
2018-12-12 09:57:00,650.00,650.00,650.00,650.00,0,0
2018-12-12 09:58:00,650.00,650.00,650.00,650.00,0,0
2018-12-12 09:59:00,650.00,650.00,650.00,650.00,0,0
2018-12-12 10:00:00,650.00,650.00,650.00,650.00,0,0
2018-12-12 10:01:00,650.00,650.00,650.00,650.00,0,0
2018-12-12 10:02:00,650.00,650.00,650.00,650.00,0,0
2018-12-12 10:03:00,650.00,650.00,650.00,650.00,0,0
2018-12-12 10:04:00,650.00,650.00,650.00,650.00,0,0
2018-12-12 10:05:00,650.00,650.00,650.00,650.00,0,0
2018-12-12 10:06:00,650.00,650.00,650.00,650.00,0,0
2018-12-12 10:07:00,650.00,650.00,650.00,650.00,0,0
2018-12-12 10:08:00,650.00,650.00,650.00,650.00,0,0
2018-12-12 10:09:00,650.00,650.00,650.00,650.00,0,0
2018-12-12 10:10:00,650.00,650.00,645.00,645.00,60,9920
2018-12-12 10:11:00,645.00,645.00,645.00,645.00,0,0
2018-12-12 10:12:00,645.00,645.00,645.00,645.00,0,0
2018-12-12 10:13:00,645.00,645.00,645.00,645.00,0,0
2018-12-12 10:14:00,645.00,645.00,637.05,637.05,20,9860
2018-12-12 10:15:00,637.05,637.05,637.05,637.05,0,0
2018-12-12 10:16:00,637.05,637.05,637.05,637.05,0,0
2018-12-12 10:17:00,637.05,645.00,637.05,645.00,20,9860
2018-12-12 10:18:00,645.00,645.00,645.00,645.00,0,0
2018-12-12 10:19:00,645.00,645.00,645.00,645.00,0,0
2018-12-12 10:20:00,645.00,645.00,645.00,645.00,0,0
2018-12-12 10:21:00,645.00,645.00,645.00,645.00,0,0
2018-12-12 10:22:00,645.00,645.00,645.00,645.00,0,0
2018-12-12 10:23:00,645.00,645.00,645.00,645.00,0,0
2018-12-12 10:24:00,645.00,660.00,645.00,660.00,20,9860
2018-12-12 10:25:00,660.00,660.00,660.00,660.00,80,9860
2018-12-12 10:26:00,660.00,660.00,660.00,660.00,20,9940
2018-12-12 10:27:00,660.00,660.00,660.00,660.00,0,0
2018-12-12 10:28:00,660.00,660.00,660.00,660.00,0,0
2018-12-12 10:29:00,660.00,660.00,660.00,660.00,0,0
2018-12-12 10:30:00,660.00,660.00,660.00,660.00,0,0
2018-12-12 10:31:00,660.00,660.00,653.60,653.60,60,9960
2018-12-12 10:32:00,653.60,653.60,653.60,653.60,0,0
2018-12-12 10:33:00,653.60,653.60,653.60,653.60,0,0
2018-12-12 10:34:00,653.60,653.60,653.60,653.60,0,0
2018-12-12 10:35:00,653.60,653.60,653.60,653.60,0,0
2018-12-12 10:36:00,653.60,656.50,653.60,656.50,60,9960
2018-12-12 10:37:00,656.50,656.50,653.00,653.00,20,0
2018-12-12 10:38:00,653.00,653.00,653.00,653.00,0,0
2018-12-12 10:39:00,653.00,653.00,653.00,653.00,0,0
2018-12-12 10:40:00,653.00,654.40,653.00,654.40,20,0
2018-12-12 10:41:00,654.40,662.00,654.40,662.00,0,9980
2018-12-12 10:42:00,662.00,662.00,662.00,662.00,0,0
2018-12-12 10:43:00,662.00,662.00,662.00,662.00,0,0
2018-12-12 10:44:00,662.00,662.00,659.95,660.00,40,10000
2018-12-12 10:45:00,660.00,662.00,660.00,662.00,20,10040
2018-12-12 10:46:00,662.00,662.00,659.35,660.00,40,10040
2018-12-12 10:47:00,660.00,660.00,660.00,660.00,0,0
2018-12-12 10:48:00,660.00,660.00,660.00,660.00,0,0
2018-12-12 10:49:00,660.00,660.00,660.00,660.00,0,0
2018-12-12 10:50:00,660.00,660.00,660.00,660.00,0,0
2018-12-12 10:51:00,660.00,660.00,660.00,660.00,0,0
2018-12-12 10:52:00,660.00,661.40,659.95,659.95,40,10060
2018-12-12 10:53:00,659.95,659.95,659.95,659.95,0,0
2018-12-12 10:54:00,659.95,659.95,659.95,659.95,0,0
2018-12-12 10:55:00,659.95,659.95,659.95,659.95,0,0
2018-12-12 10:56:00,659.95,659.95,659.95,659.95,0,0
2018-12-12 10:57:00,659.95,659.95,659.95,659.95,0,0
2018-12-12 10:58:00,659.95,659.95,659.95,659.95,0,0
2018-12-12 10:59:00,659.95,659.95,655.20,655.25,40,10080
2018-12-12 11:00:00,655.25,655.25,655.25,655.25,0,0
2018-12-12 11:01:00,655.25,655.25,655.25,655.25,0,0
2018-12-12 11:02:00,655.25,655.25,655.25,655.25,0,0
2018-12-12 11:03:00,655.25,655.25,655.25,655.25,0,0
2018-12-12 11:04:00,655.25,655.25,655.25,655.25,0,0
2018-12-12 11:05:00,655.25,655.25,655.25,655.25,0,0
2018-12-12 11:06:00,655.25,655.25,655.25,655.25,0,0
2018-12-12 11:07:00,655.25,655.25,655.25,655.25,0,0
2018-12-12 11:08:00,655.25,670.00,655.25,670.00,40,10080
2018-12-12 11:09:00,670.00,670.00,669.95,669.95,20,10080
2018-12-12 11:10:00,669.95,669.95,661.40,661.40,60,10080
2018-12-12 11:11:00,661.40,661.40,661.40,661.40,0,0
2018-12-12 11:12:00,661.40,661.40,661.40,661.40,0,0
2018-12-12 11:13:00,661.40,661.40,661.40,661.40,0,0
2018-12-12 11:14:00,661.40,661.40,661.40,661.40,0,0
2018-12-12 11:15:00,661.40,661.40,661.40,661.40,0,0
2018-12-12 11:16:00,661.40,675.00,661.40,675.00,20,10120
2018-12-12 11:17:00,675.00,675.00,675.00,675.00,80,10120
2018-12-12 11:18:00,675.00,675.00,675.00,675.00,0,0
2018-12-12 11:19:00,675.00,675.00,675.00,675.00,0,0
2018-12-12 11:20:00,675.00,675.00,675.00,675.00,0,0
2018-12-12 11:21:00,675.00,675.00,675.00,675.00,0,0
2018-12-12 11:22:00,675.00,675.00,675.00,675.00,0,0
2018-12-12 11:23:00,675.00,680.25,675.00,680.20,80,10120
2018-12-12 11:24:00,680.20,680.20,680.20,680.20,0,0
2018-12-12 11:25:00,680.20,680.20,680.20,680.20,0,0
2018-12-12 11:26:00,680.20,680.20,680.20,680.20,0,0
2018-12-12 11:27:00,680.20,691.65,680.20,691.05,60,10060
2018-12-12 11:28:00,691.05,700.00,691.05,695.00,80,10060
2018-12-12 11:29:00,695.00,700.00,694.70,694.70,100,10080
2018-12-12 11:30:00,694.70,700.00,694.05,700.00,40,10080
2018-12-12 11:31:00,700.00,700.00,690.45,690.45,20,10080
2018-12-12 11:32:00,690.45,690.45,681.70,681.70,40,10080
2018-12-12 11:33:00,681.70,681.70,681.70,681.70,0,0
2018-12-12 11:34:00,681.70,681.70,679.75,679.75,60,10120
2018-12-12 11:35:00,679.75,689.65,679.75,689.65,40,10100
2018-12-12 11:36:00,689.65,689.65,689.65,689.65,0,0
2018-12-12 11:37:00,689.65,689.65,689.20,689.20,20,10100
2018-12-12 11:38:00,689.20,689.20,681.75,681.75,20,10140
2018-12-12 11:39:00,681.75,681.75,681.75,681.75,0,0
2018-12-12 11:40:00,681.75,695.00,681.75,695.00,20,10140
2018-12-12 11:41:00,695.00,695.00,695.00,695.00,0,0
2018-12-12 11:42:00,695.00,695.00,680.65,680.65,40,10120
2018-12-12 11:43:00,680.65,680.65,680.65,680.65,0,0
2018-12-12 11:44:00,680.65,700.00,680.65,700.00,40,10120
2018-12-12 11:45:00,700.00,700.00,700.00,700.00,0,0
2018-12-12 11:46:00,700.00,700.00,700.00,700.00,20,10120
2018-12-12 11:47:00,700.00,700.00,693.25,693.25,20,10120
2018-12-12 11:48:00,693.25,695.00,693.25,695.00,20,10160
2018-12-12 11:49:00,695.00,695.00,695.00,695.00,0,0
2018-12-12 11:50:00,695.00,695.00,682.60,682.60,20,10180
2018-12-12 11:51:00,682.60,682.60,682.60,682.60,0,0
2018-12-12 11:52:00,682.60,682.60,682.60,682.60,0,0
2018-12-12 11:53:00,682.60,682.60,682.60,682.60,0,0
2018-12-12 11:54:00,682.60,682.60,682.60,682.60,0,0
2018-12-12 11:55:00,682.60,700.00,682.60,700.00,40,10200
2018-12-12 11:56:00,700.00,700.00,700.00,700.00,20,10200
2018-12-12 11:57:00,700.00,700.00,700.00,700.00,0,0
2018-12-12 11:58:00,700.00,700.00,700.00,700.00,0,0
2018-12-12 11:59:00,700.00,700.00,682.75,682.75,100,10260
2018-12-12 12:00:00,682.75,682.75,682.75,682.75,0,0
2018-12-12 12:01:00,682.75,690.00,682.75,690.00,40,10240
2018-12-12 12:02:00,690.00,690.00,690.00,690.00,0,0
2018-12-12 12:03:00,690.00,690.00,690.00,690.00,0,0
2018-12-12 12:04:00,690.00,690.00,690.00,690.00,0,0
2018-12-12 12:05:00,690.00,690.00,690.00,690.00,40,10320
2018-12-12 12:06:00,690.00,690.00,681.00,681.00,40,10320
2018-12-12 12:07:00,681.00,681.00,681.00,681.00,0,0
2018-12-12 12:08:00,681.00,681.00,677.70,677.70,40,10320
2018-12-12 12:09:00,677.70,677.70,677.70,677.70,0,0
2018-12-12 12:10:00,677.70,677.70,677.70,677.70,0,0
2018-12-12 12:11:00,677.70,684.95,677.70,684.95,40,10400
2018-12-12 12:12:00,684.95,684.95,684.95,684.95,0,10400
2018-12-12 12:13:00,684.95,684.95,684.95,684.95,0,0
2018-12-12 12:14:00,684.95,684.95,684.95,684.95,0,0
2018-12-12 12:15:00,684.95,685.00,675.60,685.00,60,10420
2018-12-12 12:16:00,685.00,685.00,685.00,685.00,0,0
2018-12-12 12:17:00,685.00,685.00,685.00,685.00,20,10440
2018-12-12 12:18:00,685.00,685.00,685.00,685.00,0,0
2018-12-12 12:19:00,685.00,685.00,685.00,685.00,0,0
2018-12-12 12:20:00,685.00,685.00,685.00,685.00,0,0
2018-12-12 12:21:00,683.85,683.85,683.85,683.85,0,10460
2018-12-12 12:22:00,683.85,683.85,683.85,683.85,0,0
2018-12-12 12:23:00,683.85,683.85,683.85,683.85,0,0
2018-12-12 12:24:00,683.85,683.85,672.65,672.65,40,10460
2018-12-12 12:25:00,672.65,683.85,670.25,670.25,60,10460
2018-12-12 12:26:00,670.25,675.00,670.25,675.00,20,10460
2018-12-12 12:27:00,675.00,680.00,675.00,680.00,20,0
2018-12-12 12:28:00,680.00,680.00,675.00,675.00,20,0
2018-12-12 12:29:00,675.00,675.00,675.00,675.00,0,0
2018-12-12 12:30:00,675.00,675.05,672.75,672.75,100,10520
2018-12-12 12:31:00,672.75,672.75,669.85,669.85,180,10520
2018-12-12 12:32:00,669.85,669.85,669.85,669.85,0,0
2018-12-12 12:33:00,669.85,669.85,664.90,664.90,20,10600
2018-12-12 12:34:00,664.90,664.90,664.90,664.90,0,0
2018-12-12 12:35:00,664.90,669.45,664.90,669.45,20,10600
2018-12-12 12:36:00,669.45,680.00,669.45,680.00,20,10640
2018-12-12 12:37:00,680.00,680.00,680.00,680.00,20,10640
2018-12-12 12:38:00,680.00,680.00,680.00,680.00,0,0
2018-12-12 12:39:00,680.00,680.00,677.70,678.80,220,10680
2018-12-12 12:40:00,678.80,680.00,677.75,680.00,660,10680
2018-12-12 12:41:00,680.00,680.00,680.00,680.00,0,0
2018-12-12 12:42:00,680.00,680.00,680.00,680.00,80,11300
2018-12-12 12:43:00,680.00,680.00,678.45,678.45,40,11300
2018-12-12 12:44:00,678.45,678.45,678.45,678.45,0,0
2018-12-12 12:45:00,678.45,680.00,678.45,680.00,20,11420
2018-12-12 12:46:00,680.00,682.45,680.00,682.45,60,11420
2018-12-12 12:47:00,682.45,682.45,682.45,682.45,0,0
2018-12-12 12:48:00,682.45,682.45,682.45,682.45,0,0
2018-12-12 12:49:00,682.45,682.45,677.05,677.05,20,11480
2018-12-12 12:50:00,677.05,685.00,677.05,685.00,40,11480
2018-12-12 12:51:00,685.00,685.00,685.00,685.00,0,0
2018-12-12 12:52:00,685.00,685.00,682.00,682.00,20,0
2018-12-12 12:53:00,682.00,682.00,682.00,682.00,0,0
2018-12-12 12:54:00,682.00,682.00,682.00,682.00,0,0
2018-12-12 12:55:00,682.00,682.00,662.15,662.15,40,11540
2018-12-12 12:56:00,662.15,662.15,662.15,662.15,0,0
2018-12-12 12:57:00,662.15,662.15,662.15,662.15,0,0
2018-12-12 12:58:00,662.15,662.15,662.15,662.15,0,0
2018-12-12 12:59:00,662.15,662.15,662.15,662.15,0,0
2018-12-12 13:00:00,662.15,662.15,662.15,662.15,0,0
2018-12-12 13:01:00,662.15,662.15,662.15,662.15,0,0
2018-12-12 13:02:00,662.15,662.15,662.15,662.15,0,0
2018-12-12 13:03:00,662.15,662.15,662.15,662.15,0,0
2018-12-12 13:04:00,662.15,675.00,662.15,675.00,20,11580
2018-12-12 13:05:00,675.00,680.00,671.90,671.90,40,11580
2018-12-12 13:06:00,671.90,671.90,671.90,671.90,0,11620
2018-12-12 13:07:00,679.30,679.30,677.20,677.20,20,11620
2018-12-12 13:08:00,677.20,679.00,677.20,679.00,20,0
2018-12-12 13:09:00,679.00,685.00,679.00,685.00,40,11620
2018-12-12 13:10:00,685.00,685.00,675.00,675.00,40,11620
2018-12-12 13:11:00,675.00,675.00,675.00,675.00,0,0
2018-12-12 13:12:00,675.00,680.00,674.00,674.00,40,11680
2018-12-12 13:13:00,674.00,674.00,663.80,663.80,20,11680
2018-12-12 13:14:00,663.80,663.80,663.80,663.80,0,0
2018-12-12 13:15:00,663.80,663.80,663.80,663.80,0,0
2018-12-12 13:16:00,663.80,663.80,663.80,663.80,0,0
2018-12-12 13:17:00,663.80,674.00,663.80,674.00,20,11720
2018-12-12 13:18:00,674.00,674.00,674.00,674.00,0,0
2018-12-12 13:19:00,674.00,674.00,674.00,674.00,0,0
2018-12-12 13:20:00,674.00,674.00,674.00,674.00,0,0
2018-12-12 13:21:00,674.00,674.00,674.00,674.00,0,0
2018-12-12 13:22:00,674.00,674.00,669.85,669.85,40,11740
2018-12-12 13:23:00,669.85,669.85,669.85,669.85,0,0
2018-12-12 13:24:00,669.85,675.00,669.85,675.00,40,11780
2018-12-12 13:25:00,675.00,675.00,675.00,675.00,20,11780
2018-12-12 13:26:00,675.00,675.00,675.00,675.00,0,0
2018-12-12 13:27:00,675.00,675.00,675.00,675.00,0,0
2018-12-12 13:28:00,675.00,675.00,675.00,675.00,0,0
2018-12-12 13:29:00,675.00,675.00,675.00,675.00,0,0
2018-12-12 13:30:00,675.00,675.00,675.00,675.00,0,0
2018-12-12 13:31:00,675.00,675.00,675.00,675.00,0,0
2018-12-12 13:32:00,675.00,680.00,675.00,680.00,100,11840
2018-12-12 13:33:00,680.00,680.00,680.00,680.00,0,0
2018-12-12 13:34:00,680.00,680.00,680.00,680.00,0,0
2018-12-12 13:35:00,680.00,680.00,680.00,680.00,0,0
2018-12-12 13:36:00,680.00,680.00,680.00,680.00,0,0
2018-12-12 13:37:00,680.00,680.00,680.00,680.00,0,0
2018-12-12 13:38:00,680.00,680.00,680.00,680.00,0,0
2018-12-12 13:39:00,680.00,680.00,680.00,680.00,0,0
2018-12-12 13:40:00,680.00,680.00,680.00,680.00,0,0
2018-12-12 13:41:00,680.00,689.40,680.00,685.80,80,11880
2018-12-12 13:42:00,685.80,685.80,685.80,685.80,0,0
2018-12-12 13:43:00,685.80,685.80,685.80,685.80,0,0
2018-12-12 13:44:00,685.80,700.00,685.80,700.00,80,11940
2018-12-12 13:45:00,700.00,700.00,700.00,700.00,0,0
2018-12-12 13:46:00,700.00,700.00,700.00,700.00,0,0
2018-12-12 13:47:00,700.00,718.00,700.00,718.00,20,11940
2018-12-12 13:48:00,718.00,718.00,715.15,715.15,20,11980
2018-12-12 13:49:00,715.15,715.15,715.15,715.15,0,0
2018-12-12 13:50:00,715.15,732.00,715.15,730.00,200,11980
2018-12-12 13:51:00,730.00,735.00,730.00,735.00,340,0
2018-12-12 13:52:00,735.00,735.00,730.00,730.00,420,12140
2018-12-12 13:53:00,730.00,730.00,730.00,730.00,0,0
2018-12-12 13:54:00,730.00,730.00,730.00,730.00,0,0
2018-12-12 13:55:00,730.00,730.00,730.00,730.00,0,0
2018-12-12 13:56:00,730.00,730.00,720.65,720.65,20,12720
2018-12-12 13:57:00,720.65,720.65,717.45,717.45,20,0
2018-12-12 13:58:00,717.45,717.45,716.90,716.90,20,12720
2018-12-12 13:59:00,716.90,726.00,716.90,726.00,20,12740
2018-12-12 14:00:00,726.00,730.00,726.00,730.00,40,12740
2018-12-12 14:01:00,730.00,730.00,730.00,730.00,40,0
2018-12-12 14:02:00,730.00,730.00,730.00,730.00,0,0
2018-12-12 14:03:00,730.00,730.00,730.00,730.00,20,12760
2018-12-12 14:04:00,730.00,730.00,727.95,727.95,40,12760
2018-12-12 14:05:00,727.95,727.95,727.95,727.95,0,0
2018-12-12 14:06:00,727.95,727.95,727.95,727.95,0,0
2018-12-12 14:07:00,727.95,727.95,725.95,725.95,20,12800
2018-12-12 14:08:00,725.95,725.95,725.95,725.95,0,0
2018-12-12 14:09:00,725.95,725.95,725.95,725.95,0,0
2018-12-12 14:10:00,725.95,725.95,725.95,725.95,0,0
2018-12-12 14:11:00,725.95,725.95,725.95,725.95,0,0
2018-12-12 14:12:00,725.95,725.95,725.95,725.95,0,0
2018-12-12 14:13:00,725.95,725.95,725.95,725.95,0,0
2018-12-12 14:14:00,725.95,730.00,725.95,729.80,100,12800
2018-12-12 14:15:00,729.80,729.80,729.80,729.80,0,0
2018-12-12 14:16:00,729.80,729.80,729.80,729.80,0,0
2018-12-12 14:17:00,729.80,729.80,729.80,729.80,0,0
2018-12-12 14:18:00,729.80,729.80,728.50,728.50,20,12840
2018-12-12 14:19:00,728.50,728.50,728.50,728.50,0,0
2018-12-12 14:20:00,728.50,728.50,728.50,728.50,0,0
2018-12-12 14:21:00,728.50,732.00,728.50,731.45,60,12840
2018-12-12 14:22:00,731.45,731.45,731.45,731.45,0,0
2018-12-12 14:23:00,731.45,731.45,731.45,731.45,0,0
2018-12-12 14:24:00,731.45,731.45,720.00,720.00,60,12840
2018-12-12 14:25:00,720.00,720.00,720.00,720.00,0,0
2018-12-12 14:26:00,720.00,720.00,720.00,720.00,0,0
2018-12-12 14:27:00,720.00,720.00,720.00,720.00,0,0
2018-12-12 14:28:00,720.00,720.00,720.00,720.00,0,0
2018-12-12 14:29:00,720.00,720.00,720.00,720.00,0,0
2018-12-12 14:30:00,720.00,720.00,720.00,720.00,0,0
2018-12-12 14:31:00,720.00,720.00,720.00,720.00,0,0
2018-12-12 14:32:00,720.00,720.00,720.00,720.00,0,0
2018-12-12 14:33:00,720.00,749.90,720.00,749.90,60,12820
2018-12-12 14:34:00,749.90,749.90,741.30,741.30,20,12820
2018-12-12 14:35:00,741.30,741.30,741.30,741.30,0,0
2018-12-12 14:36:00,741.30,748.95,741.30,748.95,60,12820
2018-12-12 14:37:00,748.95,748.95,748.95,748.95,0,0
2018-12-12 14:38:00,748.95,748.95,748.95,748.95,0,0
2018-12-12 14:39:00,748.95,748.95,748.95,748.95,0,0
2018-12-12 14:40:00,748.95,752.45,748.95,752.35,80,12820
2018-12-12 14:41:00,752.35,752.35,752.35,752.35,0,0
2018-12-12 14:42:00,752.35,761.90,752.35,761.90,40,12820
2018-12-12 14:43:00,761.90,764.45,758.75,758.75,60,12820
2018-12-12 14:44:00,758.75,758.75,758.75,758.75,0,0
2018-12-12 14:45:00,758.75,758.75,758.75,758.75,0,0
2018-12-12 14:46:00,758.75,758.75,758.75,758.75,0,0
2018-12-12 14:47:00,758.75,758.75,758.75,758.75,0,0
2018-12-12 14:48:00,758.75,758.75,758.75,758.75,0,0
2018-12-12 14:49:00,758.75,760.00,758.75,760.00,20,12800
2018-12-12 14:50:00,760.00,790.00,760.00,785.95,80,12800
2018-12-12 14:51:00,785.95,785.95,785.95,785.95,0,0
2018-12-12 14:52:00,785.95,785.95,785.95,785.95,0,0
2018-12-12 14:53:00,785.95,785.95,785.95,785.95,0,0
2018-12-12 14:54:00,785.95,785.95,785.95,785.95,0,0
2018-12-12 14:55:00,785.95,785.95,785.00,785.00,40,12820
2018-12-12 14:56:00,785.00,785.85,785.00,785.85,20,12820
2018-12-12 14:57:00,785.85,785.85,785.85,785.85,0,0
2018-12-12 14:58:00,785.85,785.85,785.85,785.85,0,0
2018-12-12 14:59:00,785.85,785.85,785.85,785.85,0,0
2018-12-12 15:00:00,785.85,785.85,785.85,785.85,0,0
2018-12-12 15:01:00,785.85,785.85,785.85,785.85,0,0
2018-12-12 15:02:00,785.85,785.85,785.85,785.85,0,0
2018-12-12 15:03:00,785.85,800.00,785.85,796.50,40,12860
2018-12-12 15:04:00,796.50,799.90,796.50,799.90,40,12860
2018-12-12 15:05:00,799.90,799.90,785.00,785.00,40,12900
2018-12-12 15:06:00,785.00,785.00,785.00,785.00,0,0
2018-12-12 15:07:00,785.00,809.00,785.00,809.00,40,12900
2018-12-12 15:08:00,809.00,809.00,754.25,754.25,100,12860
2018-12-12 15:09:00,754.25,754.25,754.25,754.25,0,0
2018-12-12 15:10:00,754.25,754.25,754.25,754.25,0,0
2018-12-12 15:11:00,754.25,754.25,754.25,754.25,0,0
2018-12-12 15:12:00,754.25,754.25,754.25,754.25,0,0
2018-12-12 15:13:00,754.25,790.00,754.25,787.65,60,12920
2018-12-12 15:14:00,787.65,787.65,787.65,787.65,0,0
2018-12-12 15:15:00,787.65,787.65,787.65,787.65,0,0
2018-12-12 15:16:00,787.65,787.65,787.65,787.65,0,0
2018-12-12 15:17:00,787.65,791.95,787.65,791.95,20,0
2018-12-12 15:18:00,792.00,795.00,792.00,795.00,20,12940
2018-12-12 15:19:00,795.00,795.00,795.00,795.00,0,0
2018-12-12 15:20:00,795.00,795.00,782.00,782.00,0,12940
2018-12-12 15:21:00,782.00,798.45,782.00,798.45,20,12980
2018-12-12 15:22:00,798.45,798.45,798.45,798.45,0,0
2018-12-12 15:23:00,798.45,798.45,797.20,797.20,40,12980
2018-12-12 15:24:00,797.20,797.20,797.20,797.20,0,0
2018-12-12 15:25:00,797.20,797.20,797.20,797.20,0,0
2018-12-12 15:26:00,797.20,797.20,797.20,797.20,0,0
2018-12-12 15:27:00,797.20,797.20,797.20,797.20,0,0
2018-12-12 15:28:00,797.20,797.20,797.20,797.20,0,0
2018-12-12 15:29:01,797.20,797.20,797.20,797.20,0,0
2018-12-13 09:16:00,868.65,868.65,856.35,856.75,60,13040
2018-12-13 09:17:00,856.75,856.75,856.75,856.75,0,0
2018-12-13 09:18:00,856.75,856.75,856.75,856.75,0,0
2018-12-13 09:19:00,856.75,856.75,856.75,856.75,0,0
2018-12-13 09:20:00,856.75,881.65,853.85,880.00,360,13060
2018-12-13 09:21:00,880.00,880.00,880.00,880.00,0,0
2018-12-13 09:22:00,880.00,880.00,880.00,880.00,0,0
2018-12-13 09:23:00,880.00,880.00,880.00,880.00,0,0
2018-12-13 09:24:00,880.00,880.00,880.00,880.00,0,0
2018-12-13 09:25:00,880.00,880.00,880.00,880.00,0,0
2018-12-13 09:26:00,880.00,899.00,880.00,899.00,60,12860
2018-12-13 09:27:00,899.00,899.00,899.00,899.00,0,0
2018-12-13 09:28:00,899.00,899.00,899.00,899.00,0,0
2018-12-13 09:29:00,899.00,899.00,899.00,899.00,0,0
2018-12-13 09:30:00,899.00,899.00,899.00,899.00,0,0
2018-12-13 09:31:00,899.00,899.00,899.00,899.00,0,0
2018-12-13 09:32:00,899.00,899.00,899.00,899.00,0,0
2018-12-13 09:33:00,899.00,899.00,899.00,899.00,0,0
2018-12-13 09:34:00,899.00,899.00,899.00,899.00,0,0
2018-12-13 09:35:00,899.00,899.00,899.00,899.00,0,0
2018-12-13 09:36:00,899.00,899.00,899.00,899.00,0,0
2018-12-13 09:37:00,899.00,899.00,899.00,899.00,0,0
2018-12-13 09:38:00,899.00,899.00,899.00,899.00,0,0
2018-12-13 09:39:00,899.00,899.00,899.00,899.00,0,0
2018-12-13 09:40:00,899.00,899.00,899.00,899.00,0,0
2018-12-13 09:41:00,899.00,899.00,899.00,899.00,0,0
2018-12-13 09:42:00,899.00,899.00,899.00,899.00,0,0
2018-12-13 09:43:00,899.00,899.00,899.00,899.00,0,0
2018-12-13 09:44:00,899.00,899.00,899.00,899.00,0,0
2018-12-13 09:45:00,899.00,914.40,899.00,914.40,20,12840
2018-12-13 09:46:00,914.40,914.40,914.40,914.40,0,0
2018-12-13 09:47:00,914.40,914.40,914.40,914.40,0,0
2018-12-13 09:48:00,914.40,914.40,914.40,914.40,0,0
2018-12-13 09:49:00,914.40,914.40,914.40,914.40,0,0
2018-12-13 09:50:00,914.40,914.40,907.00,910.00,140,12840
2018-12-13 09:51:00,910.00,910.00,910.00,910.00,0,0
2018-12-13 09:52:00,910.00,910.00,910.00,910.00,0,0
2018-12-13 09:53:00,910.00,910.00,910.00,910.00,0,0
2018-12-13 09:54:00,910.00,910.00,910.00,910.00,0,0
2018-12-13 09:55:00,910.00,910.00,910.00,910.00,0,0
2018-12-13 09:56:00,910.00,910.00,910.00,910.00,0,0
2018-12-13 09:57:00,910.00,915.00,910.00,915.00,20,12980
2018-12-13 09:58:00,915.00,915.00,915.00,915.00,0,0
2018-12-13 09:59:00,915.00,930.05,915.00,930.05,20,12980
2018-12-13 10:00:00,930.05,930.05,930.05,930.05,0,0
2018-12-13 10:01:00,930.05,930.05,930.05,930.05,0,0
2018-12-13 10:02:00,930.05,930.05,930.05,930.05,0,0
2018-12-13 10:03:00,930.05,930.05,930.05,930.05,0,0
2018-12-13 10:04:00,930.05,930.05,930.05,930.05,0,0
2018-12-13 10:05:00,930.05,930.05,930.05,930.05,0,0
2018-12-13 10:06:00,930.05,930.05,930.05,930.05,0,0
2018-12-13 10:07:00,930.05,930.05,930.05,930.05,0,0
2018-12-13 10:08:00,930.05,930.05,930.05,930.05,0,0
2018-12-13 10:09:00,930.05,930.05,930.05,930.05,0,0
2018-12-13 10:10:00,930.05,930.05,930.05,930.05,0,0
2018-12-13 10:11:00,930.05,930.05,930.05,930.05,0,0
2018-12-13 10:12:00,930.05,930.05,930.05,930.05,0,0
2018-12-13 10:13:00,930.05,930.05,930.05,930.05,0,0
2018-12-13 10:14:00,930.05,930.05,902.15,902.15,20,12980
2018-12-13 10:15:00,902.15,902.15,902.15,902.15,0,0
2018-12-13 10:16:00,902.15,902.15,902.15,902.15,0,0
2018-12-13 10:17:00,902.15,902.15,902.15,902.15,0,0
2018-12-13 10:18:00,902.15,902.15,900.00,900.00,20,0
2018-12-13 10:19:00,900.00,900.00,900.00,900.00,0,0
2018-12-13 10:20:00,900.00,900.00,900.00,900.00,0,0
2018-12-13 10:21:00,900.00,900.00,900.00,900.00,0,0
2018-12-13 10:22:00,900.00,900.00,900.00,900.00,0,0
2018-12-13 10:23:00,900.00,900.00,900.00,900.00,0,0
2018-12-13 10:24:00,900.00,900.00,900.00,900.00,0,0
2018-12-13 10:25:00,900.00,900.00,900.00,900.00,0,0
2018-12-13 10:26:00,900.00,900.00,900.00,900.00,0,0
2018-12-13 10:27:00,900.00,900.00,900.00,900.00,0,0
2018-12-13 10:28:00,900.00,900.00,900.00,900.00,0,0
2018-12-13 10:29:00,900.00,900.00,900.00,900.00,0,0
2018-12-13 10:30:00,900.00,900.00,900.00,900.00,0,0
2018-12-13 10:31:00,900.00,900.00,900.00,900.00,0,0
2018-12-13 10:32:00,900.00,900.00,900.00,900.00,0,0
2018-12-13 10:33:00,900.00,900.00,900.00,900.00,0,0
2018-12-13 10:34:00,900.00,900.00,900.00,900.00,0,0
2018-12-13 10:35:00,900.00,900.00,900.00,900.00,0,0
2018-12-13 10:36:00,900.00,900.00,900.00,900.00,0,0
2018-12-13 10:37:00,900.00,900.00,900.00,900.00,0,0
2018-12-13 10:38:00,900.00,900.00,900.00,900.00,0,0
2018-12-13 10:39:00,900.00,900.00,900.00,900.00,0,0
2018-12-13 10:40:00,900.00,900.00,900.00,900.00,0,0
2018-12-13 10:41:00,900.00,923.10,900.00,923.10,20,12940
2018-12-13 10:42:00,923.10,923.10,923.10,923.10,0,0
2018-12-13 10:43:00,923.10,938.00,923.10,938.00,600,12940
2018-12-13 10:44:00,938.00,938.00,938.00,938.00,0,0
2018-12-13 10:45:00,938.00,938.00,938.00,938.00,0,0
2018-12-13 10:46:00,938.00,938.00,938.00,938.00,0,0
2018-12-13 10:47:00,938.00,938.00,938.00,938.00,0,0
2018-12-13 10:48:00,938.00,938.00,938.00,938.00,0,0
2018-12-13 10:49:00,938.00,938.00,938.00,938.00,0,0
2018-12-13 10:50:00,938.00,938.00,938.00,938.00,0,0
2018-12-13 10:51:00,938.00,938.00,938.00,938.00,0,0
2018-12-13 10:52:00,938.00,938.00,905.00,905.00,200,12700
2018-12-13 10:53:00,905.00,905.00,900.00,900.00,40,12700
2018-12-13 10:54:00,900.00,900.00,900.00,900.00,0,0
2018-12-13 10:55:00,900.00,900.00,900.00,900.00,0,0
2018-12-13 10:56:00,900.00,900.00,900.00,900.00,0,0
2018-12-13 10:57:00,900.00,900.00,900.00,900.00,0,0
2018-12-13 10:58:00,900.00,900.00,900.00,900.00,0,0
2018-12-13 10:59:00,900.00,900.00,900.00,900.00,0,0
2018-12-13 11:00:00,900.00,900.00,900.00,900.00,0,0
2018-12-13 11:01:00,900.00,900.00,900.00,900.00,0,0
2018-12-13 11:02:00,900.00,900.00,900.00,900.00,0,0
2018-12-13 11:03:00,900.00,900.00,900.00,900.00,0,0
2018-12-13 11:04:00,900.00,900.00,900.00,900.00,0,0
2018-12-13 11:05:00,900.00,900.00,900.00,900.00,0,0
2018-12-13 11:06:00,900.00,900.00,900.00,900.00,0,0
2018-12-13 11:07:00,900.00,900.00,900.00,900.00,0,0
2018-12-13 11:08:00,900.00,900.00,900.00,900.00,0,0
2018-12-13 11:09:00,900.00,900.00,900.00,900.00,0,0
2018-12-13 11:10:00,900.00,900.00,900.00,900.00,0,0
2018-12-13 11:11:00,900.00,900.00,900.00,900.00,0,0
2018-12-13 11:12:00,900.00,900.00,900.00,900.00,0,0
2018-12-13 11:13:00,900.00,900.00,900.00,900.00,0,0
2018-12-13 11:14:00,900.00,900.00,900.00,900.00,0,0
2018-12-13 11:15:00,900.00,900.00,900.00,900.00,0,0
2018-12-13 11:16:00,900.00,900.00,900.00,900.00,0,0
2018-12-13 11:17:00,900.00,900.00,900.00,900.00,0,0
2018-12-13 11:18:00,900.00,900.00,900.00,900.00,0,0
2018-12-13 11:19:00,900.00,900.00,900.00,900.00,0,0
2018-12-13 11:20:00,900.00,900.00,900.00,900.00,0,0
2018-12-13 11:21:00,900.00,900.00,900.00,900.00,0,0
2018-12-13 11:22:00,900.00,900.00,900.00,900.00,0,0
2018-12-13 11:23:00,900.00,900.00,900.00,900.00,0,0
2018-12-13 11:24:00,900.00,900.00,900.00,900.00,0,0
2018-12-13 11:25:00,900.00,900.00,900.00,900.00,0,0
2018-12-13 11:26:00,900.00,900.00,900.00,900.00,0,0
2018-12-13 11:27:00,900.00,900.00,900.00,900.00,0,0
2018-12-13 11:28:00,900.00,900.00,900.00,900.00,0,0
2018-12-13 11:29:00,900.00,900.00,900.00,900.00,0,0
2018-12-13 11:30:00,900.00,900.00,900.00,900.00,0,0
2018-12-13 11:31:00,900.00,900.00,900.00,900.00,0,0
2018-12-13 11:32:00,900.00,900.00,900.00,900.00,0,0
2018-12-13 11:33:00,900.00,900.00,900.00,900.00,0,0
2018-12-13 11:34:00,900.00,900.00,900.00,900.00,0,0
2018-12-13 11:35:00,900.00,900.00,900.00,900.00,0,0
2018-12-13 11:36:00,900.00,900.00,900.00,900.00,0,0
2018-12-13 11:37:00,900.00,900.00,900.00,900.00,0,0
2018-12-13 11:38:00,900.00,900.00,900.00,900.00,0,0
2018-12-13 11:39:00,900.00,900.00,900.00,900.00,0,0
2018-12-13 11:40:00,900.00,900.00,852.60,852.60,120,12700
2018-12-13 11:41:00,852.60,852.60,852.60,852.60,0,0
2018-12-13 11:42:00,852.60,852.60,852.60,852.60,0,0
2018-12-13 11:43:00,852.60,852.60,852.60,852.60,0,0
2018-12-13 11:44:00,852.60,852.60,852.60,852.60,0,0
2018-12-13 11:45:00,852.60,852.60,852.60,852.60,0,0
2018-12-13 11:46:00,852.60,852.60,852.60,852.60,0,0
2018-12-13 11:47:00,852.60,852.60,852.60,852.60,0,0
2018-12-13 11:48:00,852.60,852.60,852.60,852.60,0,0
2018-12-13 11:49:00,852.60,852.60,852.60,852.60,0,0
2018-12-13 11:50:00,852.60,852.60,852.60,852.60,0,0
2018-12-13 11:51:00,852.60,880.60,852.60,880.60,20,12580
2018-12-13 11:52:00,880.60,880.60,880.60,880.60,0,0
2018-12-13 11:53:00,880.60,880.60,880.60,880.60,0,0
2018-12-13 11:54:00,880.60,880.60,880.60,880.60,0,0
2018-12-13 11:55:00,880.60,880.60,872.60,872.60,20,12580
2018-12-13 11:56:00,872.60,872.60,872.60,872.60,0,0
2018-12-13 11:57:00,872.60,872.60,860.00,860.00,20,12580
2018-12-13 11:58:00,860.00,860.00,860.00,860.00,0,0
2018-12-13 11:59:00,860.00,860.00,860.00,860.00,0,0
2018-12-13 12:00:00,860.00,860.00,860.00,860.00,0,0
2018-12-13 12:01:00,860.00,860.00,860.00,860.00,0,0
2018-12-13 12:02:00,860.00,860.00,860.00,860.00,0,0
2018-12-13 12:03:00,860.00,860.00,860.00,860.00,0,0
2018-12-13 12:04:00,860.00,860.00,860.00,860.00,0,0
2018-12-13 12:05:00,860.00,860.00,860.00,860.00,0,0
2018-12-13 12:06:00,860.00,860.00,860.00,860.00,0,0
2018-12-13 12:07:00,860.00,860.00,860.00,860.00,0,0
2018-12-13 12:08:00,860.00,894.00,860.00,894.00,20,12600
2018-12-13 12:09:00,894.00,894.00,894.00,894.00,0,0
2018-12-13 12:10:00,894.00,894.00,894.00,894.00,0,0
2018-12-13 12:11:00,894.00,894.00,894.00,894.00,0,0
2018-12-13 12:12:00,894.00,894.00,894.00,894.00,0,0
2018-12-13 12:13:00,894.00,894.00,894.00,894.00,0,0
2018-12-13 12:14:00,894.00,894.00,894.00,894.00,0,0
2018-12-13 12:15:00,894.00,894.00,894.00,894.00,0,0
2018-12-13 12:16:00,894.00,894.00,894.00,894.00,0,0
2018-12-13 12:17:00,894.00,894.00,894.00,894.00,0,0
2018-12-13 12:18:00,894.00,894.00,894.00,894.00,0,0
2018-12-13 12:19:00,894.00,894.00,894.00,894.00,0,0
2018-12-13 12:20:00,894.00,894.00,894.00,894.00,0,0
2018-12-13 12:21:00,894.00,900.00,894.00,900.00,40,12600
2018-12-13 12:22:00,900.00,900.00,900.00,900.00,0,0
2018-12-13 12:23:00,900.00,900.00,900.00,900.00,0,0
2018-12-13 12:24:00,900.00,900.00,900.00,900.00,0,0
2018-12-13 12:25:00,900.00,900.00,900.00,900.00,0,0
2018-12-13 12:26:00,900.00,900.00,900.00,900.00,0,0
2018-12-13 12:27:00,900.00,900.00,900.00,900.00,0,0
2018-12-13 12:28:00,900.00,900.00,900.00,900.00,0,0
2018-12-13 12:29:00,900.00,900.00,900.00,900.00,0,0
2018-12-13 12:30:00,900.00,900.00,900.00,900.00,0,0
2018-12-13 12:31:00,900.00,900.00,900.00,900.00,0,0
2018-12-13 12:32:00,900.00,900.00,900.00,900.00,0,0
2018-12-13 12:33:00,900.00,900.00,900.00,900.00,0,0
2018-12-13 12:34:00,900.00,900.00,900.00,900.00,0,0
2018-12-13 12:35:00,900.00,900.00,900.00,900.00,0,0
2018-12-13 12:36:00,900.00,900.00,900.00,900.00,0,0
2018-12-13 12:37:00,900.00,900.00,900.00,900.00,0,0
2018-12-13 12:38:00,900.00,900.00,900.00,900.00,0,0
2018-12-13 12:39:00,900.00,900.00,900.00,900.00,0,0
2018-12-13 12:40:00,900.00,900.00,900.00,900.00,0,0
2018-12-13 12:41:00,900.00,900.00,900.00,900.00,0,0
2018-12-13 12:42:00,900.00,900.00,900.00,900.00,0,0
2018-12-13 12:43:00,900.00,900.00,900.00,900.00,0,0
2018-12-13 12:44:00,900.00,900.00,900.00,900.00,0,0
2018-12-13 12:45:00,900.00,900.00,900.00,900.00,0,0
2018-12-13 12:46:00,900.00,900.00,900.00,900.00,0,0
2018-12-13 12:47:00,900.00,900.00,900.00,900.00,0,0
2018-12-13 12:48:00,900.00,900.00,900.00,900.00,0,0
2018-12-13 12:49:00,900.00,900.00,900.00,900.00,0,0
2018-12-13 12:50:00,900.00,900.00,900.00,900.00,0,0
2018-12-13 12:51:00,900.00,900.00,900.00,900.00,0,0
2018-12-13 12:52:00,900.00,900.00,900.00,900.00,0,0
2018-12-13 12:53:00,900.00,900.00,900.00,900.00,0,0
2018-12-13 12:54:00,900.00,900.00,900.00,900.00,0,0
2018-12-13 12:55:00,900.00,900.00,900.00,900.00,0,0
2018-12-13 12:56:00,900.00,900.00,900.00,900.00,0,0
2018-12-13 12:57:00,900.00,900.00,900.00,900.00,0,0
2018-12-13 12:58:00,900.00,900.00,900.00,900.00,0,0
2018-12-13 12:59:00,900.00,900.00,900.00,900.00,0,0
2018-12-13 13:00:00,900.00,900.00,900.00,900.00,0,0
2018-12-13 13:01:00,900.00,900.00,900.00,900.00,0,0
2018-12-13 13:02:00,900.00,900.00,900.00,900.00,0,0
2018-12-13 13:03:00,900.00,900.00,900.00,900.00,0,0
2018-12-13 13:04:00,900.00,900.00,900.00,900.00,0,0
2018-12-13 13:05:00,900.00,900.00,900.00,900.00,0,0
2018-12-13 13:06:00,900.00,900.00,900.00,900.00,0,0
2018-12-13 13:07:00,900.00,900.00,900.00,900.00,0,0
2018-12-13 13:08:00,900.00,900.00,900.00,900.00,0,0
2018-12-13 13:09:00,900.00,900.00,900.00,900.00,0,0
2018-12-13 13:10:00,900.00,900.00,900.00,900.00,0,0
2018-12-13 13:11:00,900.00,900.00,900.00,900.00,0,0
2018-12-13 13:12:00,900.00,900.00,900.00,900.00,0,0
2018-12-13 13:13:00,900.00,900.00,900.00,900.00,0,0
2018-12-13 13:14:00,900.00,900.00,900.00,900.00,0,0
2018-12-13 13:15:00,900.00,900.00,900.00,900.00,0,0
2018-12-13 13:16:00,900.00,900.00,900.00,900.00,0,0
2018-12-13 13:17:00,900.00,900.00,900.00,900.00,0,0
2018-12-13 13:18:00,900.00,900.00,900.00,900.00,0,0
2018-12-13 13:19:00,900.00,900.00,900.00,900.00,0,0
2018-12-13 13:20:00,900.00,900.00,900.00,900.00,0,0
2018-12-13 13:21:00,900.00,900.00,900.00,900.00,0,0
2018-12-13 13:22:00,900.00,900.00,900.00,900.00,0,0
2018-12-13 13:23:00,900.00,900.00,900.00,900.00,0,0
2018-12-13 13:24:00,900.00,900.00,900.00,900.00,0,0
2018-12-13 13:25:00,900.00,900.00,900.00,900.00,0,0
2018-12-13 13:26:00,900.00,900.00,900.00,900.00,0,0
2018-12-13 13:27:00,900.00,900.00,900.00,900.00,0,0
2018-12-13 13:28:00,900.00,900.00,900.00,900.00,0,0
2018-12-13 13:29:00,900.00,900.00,900.00,900.00,0,0
2018-12-13 13:30:00,900.00,900.00,900.00,900.00,0,0
2018-12-13 13:31:00,900.00,930.00,900.00,930.00,300,12600
2018-12-13 13:32:00,930.00,940.00,930.00,940.00,60,12600
2018-12-13 13:33:00,940.00,940.00,940.00,940.00,0,0
2018-12-13 13:34:00,940.00,942.00,940.00,942.00,140,12780
2018-12-13 13:35:00,942.00,942.00,942.00,942.00,0,0
2018-12-13 13:36:00,942.00,942.00,942.00,942.00,0,0
2018-12-13 13:37:00,942.00,942.00,942.00,942.00,0,0
2018-12-13 13:38:00,942.00,942.00,942.00,942.00,0,0
2018-12-13 13:39:00,942.00,942.00,940.00,940.00,40,12900
2018-12-13 13:40:00,940.00,940.00,940.00,940.00,0,0
2018-12-13 13:41:00,940.00,940.00,940.00,940.00,0,0
2018-12-13 13:42:00,940.00,940.00,940.00,940.00,0,0
2018-12-13 13:43:00,940.00,940.00,940.00,940.00,0,0
2018-12-13 13:44:00,940.00,940.00,940.00,940.00,0,0
2018-12-13 13:45:00,940.00,940.00,940.00,940.00,20,12900
2018-12-13 13:46:00,940.00,940.00,940.00,940.00,0,0
2018-12-13 13:47:00,940.00,940.00,940.00,940.00,0,0
2018-12-13 13:48:00,940.00,940.00,940.00,940.00,0,0
2018-12-13 13:49:00,940.00,940.00,940.00,940.00,0,0
2018-12-13 13:50:00,940.00,940.00,940.00,940.00,0,0
2018-12-13 13:51:00,940.00,940.00,940.00,940.00,0,0
2018-12-13 13:52:00,940.00,940.00,940.00,940.00,0,0
2018-12-13 13:53:00,940.00,940.00,940.00,940.00,0,0
2018-12-13 13:54:00,940.00,940.00,940.00,940.00,0,0
2018-12-13 13:55:00,940.00,940.00,940.00,940.00,0,0
2018-12-13 13:56:00,940.00,940.00,930.00,930.00,40,12920
2018-12-13 13:57:00,930.00,930.00,900.00,900.00,100,12920
2018-12-13 13:58:00,900.00,900.00,900.00,900.00,0,0
2018-12-13 13:59:00,900.00,900.00,900.00,900.00,0,0
2018-12-13 14:00:00,900.00,900.00,900.00,900.00,0,0
2018-12-13 14:01:00,900.00,900.00,900.00,900.00,0,0
2018-12-13 14:02:00,900.00,900.00,890.00,890.00,100,13000
2018-12-13 14:03:00,890.00,890.00,890.00,890.00,0,0
2018-12-13 14:04:00,890.00,890.00,890.00,890.00,0,0
2018-12-13 14:05:00,890.00,890.00,890.00,890.00,0,0
2018-12-13 14:06:00,890.00,890.00,890.00,890.00,0,0
2018-12-13 14:07:00,890.00,890.00,870.00,870.00,360,13000
2018-12-13 14:08:00,870.00,880.00,870.00,880.00,200,13000
2018-12-13 14:09:00,880.00,880.00,880.00,880.00,0,13000
2018-12-13 14:10:00,880.00,880.00,880.00,880.00,0,0
2018-12-13 14:11:00,880.00,880.00,880.00,880.00,0,0
2018-12-13 14:12:00,880.00,880.00,870.00,870.00,280,13220
2018-12-13 14:13:00,870.00,870.00,870.00,870.00,0,0
2018-12-13 14:14:00,870.00,870.00,850.00,850.00,0,13220
2018-12-13 14:15:00,850.00,850.00,850.00,850.00,0,0
2018-12-13 14:16:00,850.00,850.00,850.00,850.00,0,0
2018-12-13 14:17:00,850.00,850.00,839.85,839.85,120,13160
2018-12-13 14:18:00,839.85,839.85,839.85,839.85,0,0
2018-12-13 14:19:00,839.85,839.85,839.85,839.85,0,0
2018-12-13 14:20:00,839.85,839.85,839.85,839.85,0,0
2018-12-13 14:21:00,839.85,839.85,839.85,839.85,0,0
2018-12-13 14:22:00,839.85,839.85,839.85,839.85,0,0
2018-12-13 14:23:00,839.85,839.85,839.85,839.85,0,0
2018-12-13 14:24:00,839.85,839.85,839.85,839.85,0,0
2018-12-13 14:25:00,839.85,839.85,839.85,839.85,0,0
2018-12-13 14:26:00,839.85,839.85,839.85,839.85,0,0
2018-12-13 14:27:00,839.85,839.85,839.85,839.85,0,0
2018-12-13 14:28:00,839.85,839.85,839.85,839.85,0,0
2018-12-13 14:29:00,839.85,839.85,834.80,834.80,20,13040
2018-12-13 14:30:00,834.80,834.80,812.00,812.00,60,13020
2018-12-13 14:31:00,812.00,812.00,812.00,812.00,0,0
2018-12-13 14:32:00,812.00,812.00,812.00,812.00,0,0
2018-12-13 14:33:00,812.00,812.00,812.00,812.00,0,0
2018-12-13 14:34:00,812.00,812.00,812.00,812.00,0,0
2018-12-13 14:35:00,812.00,812.00,812.00,812.00,0,0
2018-12-13 14:36:00,812.00,812.00,812.00,812.00,0,0
2018-12-13 14:37:00,812.00,812.00,812.00,812.00,0,0
2018-12-13 14:38:00,812.00,812.00,812.00,812.00,0,0
2018-12-13 14:39:00,812.00,812.00,812.00,812.00,0,0
2018-12-13 14:40:00,812.00,812.00,812.00,812.00,0,0
2018-12-13 14:41:00,812.00,812.00,812.00,812.00,0,0
2018-12-13 14:42:00,812.00,812.00,812.00,812.00,0,0
2018-12-13 14:43:00,812.00,812.00,812.00,812.00,0,0
2018-12-13 14:44:00,812.00,812.00,812.00,812.00,0,0
2018-12-13 14:45:00,812.00,812.00,812.00,812.00,0,0
2018-12-13 14:46:00,812.00,812.00,812.00,812.00,0,0
2018-12-13 14:47:00,812.00,812.00,812.00,812.00,0,0
2018-12-13 14:48:00,812.00,812.00,811.00,811.00,20,13020
2018-12-13 14:49:00,811.00,811.00,811.00,811.00,0,0
2018-12-13 14:50:00,811.00,811.00,811.00,811.00,0,0
2018-12-13 14:51:00,811.00,811.00,790.00,790.00,380,13000
2018-12-13 14:52:00,790.00,790.00,790.00,790.00,0,0
2018-12-13 14:53:00,790.00,790.00,790.00,790.00,0,0
2018-12-13 14:54:00,790.00,808.00,790.00,808.00,40,0
2018-12-13 14:55:00,808.00,808.00,808.00,808.00,0,0
2018-12-13 14:56:00,808.00,808.00,808.00,808.00,0,0
2018-12-13 14:57:00,808.00,808.00,808.00,808.00,0,0
2018-12-13 14:58:00,808.00,808.00,808.00,808.00,0,0
2018-12-13 14:59:00,808.00,808.00,808.00,808.00,0,0
2018-12-13 15:00:00,808.00,808.00,808.00,808.00,0,0
2018-12-13 15:01:00,808.00,808.00,808.00,808.00,0,0
2018-12-13 15:02:00,808.00,808.00,808.00,808.00,0,0
2018-12-13 15:03:00,808.00,808.00,808.00,808.00,0,0
2018-12-13 15:04:00,808.00,808.00,808.00,808.00,0,0
2018-12-13 15:05:00,808.00,808.00,808.00,808.00,0,0
2018-12-13 15:06:00,808.00,808.00,808.00,808.00,0,0
2018-12-13 15:07:00,808.00,808.00,808.00,808.00,0,0
2018-12-13 15:08:00,808.00,847.25,808.00,847.25,20,13000
2018-12-13 15:09:00,847.25,847.25,847.25,847.25,0,0
2018-12-13 15:10:00,847.25,847.25,847.25,847.25,0,0
2018-12-13 15:11:00,847.25,847.25,847.25,847.25,0,0
2018-12-13 15:12:00,847.25,847.25,847.25,847.25,0,0
2018-12-13 15:13:00,847.25,847.25,847.25,847.25,0,0
2018-12-13 15:14:00,847.25,848.65,830.00,843.90,180,12980
2018-12-13 15:15:00,843.90,845.35,833.30,833.30,240,13060
2018-12-13 15:16:00,833.30,844.20,833.30,840.95,220,13060
2018-12-13 15:17:00,840.95,851.35,840.95,851.35,240,13060
2018-12-13 15:18:00,851.35,866.45,849.25,849.25,320,13280
2018-12-13 15:19:00,849.25,853.15,847.65,850.95,280,13280
2018-12-13 15:20:00,850.95,856.10,850.95,851.65,260,13280
2018-12-13 15:21:00,851.65,900.00,845.70,845.70,280,13740
2018-12-13 15:22:00,845.70,846.05,838.20,840.35,300,13740
2018-12-13 15:23:00,840.35,843.00,836.05,836.05,240,13740
2018-12-13 15:24:00,836.50,839.55,835.65,835.65,80,14400
2018-12-13 15:25:00,835.65,835.65,835.65,835.65,0,0
2018-12-13 15:26:00,835.65,835.65,830.00,830.00,20,14400
2018-12-13 15:27:00,830.00,830.00,830.00,830.00,0,0
2018-12-13 15:28:00,830.00,830.00,830.00,830.00,0,0
2018-12-13 15:29:01,830.00,860.00,830.00,860.00,60,14560
2018-12-14 09:21:00,806.45,806.45,806.45,806.45,0,10660
2018-12-14 09:22:00,806.45,806.45,806.45,806.45,0,0
2018-12-14 09:23:00,806.45,806.45,806.45,806.45,0,0
2018-12-14 09:24:00,806.45,806.45,806.45,806.45,0,0
2018-12-14 09:25:00,806.45,806.45,806.45,806.45,0,0
2018-12-14 09:26:00,806.45,806.45,806.45,806.45,0,0
2018-12-14 09:27:00,806.45,806.45,806.45,806.45,0,0
2018-12-14 09:28:00,806.45,806.45,806.45,806.45,0,0
2018-12-14 09:29:00,806.45,820.00,806.45,820.00,20,10680
2018-12-14 09:30:00,820.00,820.00,820.00,820.00,0,0
2018-12-14 09:31:00,820.00,820.00,820.00,820.00,0,0
2018-12-14 09:32:00,820.00,820.00,820.00,820.00,0,0
2018-12-14 09:33:00,820.00,820.00,820.00,820.00,0,0
2018-12-14 09:34:00,820.00,820.00,820.00,820.00,0,0
2018-12-14 09:35:00,820.00,830.00,820.00,830.00,60,10700
2018-12-14 09:36:00,830.00,830.00,830.00,830.00,0,0
2018-12-14 09:37:00,830.00,830.00,830.00,830.00,0,0
2018-12-14 09:38:00,830.00,830.00,830.00,830.00,0,0
2018-12-14 09:39:00,830.00,860.00,830.00,860.00,60,10740
2018-12-14 09:40:00,860.00,860.00,860.00,860.00,0,0
2018-12-14 09:41:00,860.00,860.00,860.00,860.00,0,0
2018-12-14 09:42:00,860.00,860.00,855.00,855.00,40,10780
2018-12-14 09:43:00,855.00,855.00,855.00,855.00,0,0
2018-12-14 09:44:00,855.00,855.00,855.00,855.00,0,0
2018-12-14 09:45:00,855.00,860.00,855.00,860.00,40,10820
2018-12-14 09:46:00,860.00,860.00,860.00,860.00,0,0
2018-12-14 09:47:00,860.00,860.00,860.00,860.00,0,0
2018-12-14 09:48:00,860.00,860.00,860.00,860.00,0,0
2018-12-14 09:49:00,860.00,860.00,860.00,860.00,0,0
2018-12-14 09:50:00,860.00,880.00,860.00,880.00,20,0
2018-12-14 09:51:00,880.00,880.00,880.00,880.00,0,0
2018-12-14 09:52:00,880.00,880.00,880.00,880.00,0,0
2018-12-14 09:53:00,880.00,880.00,880.00,880.00,0,0
2018-12-14 09:54:00,880.00,880.00,880.00,880.00,0,0
2018-12-14 09:55:00,880.00,880.00,880.00,880.00,0,0
2018-12-14 09:56:00,880.00,880.00,880.00,880.00,0,0
2018-12-14 09:57:00,880.00,880.00,880.00,880.00,0,0
2018-12-14 09:58:00,880.00,880.00,880.00,880.00,0,0
2018-12-14 09:59:00,880.00,880.00,880.00,880.00,0,0
2018-12-14 10:00:00,880.00,880.00,880.00,880.00,0,0
2018-12-14 10:01:00,880.00,880.00,880.00,880.00,0,0
2018-12-14 10:02:00,880.00,880.00,880.00,880.00,0,0
2018-12-14 10:03:00,880.00,880.00,880.00,880.00,0,0
2018-12-14 10:04:00,880.00,880.00,880.00,880.00,0,0
2018-12-14 10:05:00,880.00,880.00,880.00,880.00,0,0
2018-12-14 10:06:00,880.00,880.00,880.00,880.00,0,0
2018-12-14 10:07:00,880.00,880.00,880.00,880.00,0,0
2018-12-14 10:08:00,880.00,880.00,880.00,880.00,0,0
2018-12-14 10:09:00,880.00,880.00,880.00,880.00,0,0
2018-12-14 10:10:00,880.00,880.00,880.00,880.00,0,0
2018-12-14 10:11:00,880.00,880.00,880.00,880.00,0,0
2018-12-14 10:12:00,880.00,880.00,880.00,880.00,0,0
2018-12-14 10:13:00,880.00,880.00,880.00,880.00,0,0
2018-12-14 10:14:00,880.00,880.00,880.00,880.00,0,0
2018-12-14 10:15:00,880.00,880.00,880.00,880.00,0,0
2018-12-14 10:16:00,880.00,880.00,880.00,880.00,0,0
2018-12-14 10:17:00,880.00,880.00,880.00,880.00,0,0
2018-12-14 10:18:00,880.00,880.00,875.00,875.00,20,10840
2018-12-14 10:19:00,875.00,875.00,875.00,875.00,20,10840
2018-12-14 10:20:00,875.00,875.00,875.00,875.00,0,0
2018-12-14 10:21:00,875.00,875.00,865.05,865.05,20,0
2018-12-14 10:22:00,865.05,865.05,865.00,865.00,40,10840
2018-12-14 10:23:00,865.00,865.00,865.00,865.00,0,0
2018-12-14 10:24:00,865.00,865.00,865.00,865.00,0,0
2018-12-14 10:25:00,865.00,865.00,865.00,865.00,0,0
2018-12-14 10:26:00,865.00,865.00,865.00,865.00,0,0
2018-12-14 10:27:00,865.00,865.00,865.00,865.00,0,0
2018-12-14 10:28:00,865.00,865.00,865.00,865.00,0,0
2018-12-14 10:29:00,865.00,865.00,865.00,865.00,0,0
2018-12-14 10:30:00,865.00,865.00,865.00,865.00,0,0
2018-12-14 10:31:00,865.00,865.00,865.00,865.00,0,0
2018-12-14 10:32:00,865.00,865.00,865.00,865.00,0,0
2018-12-14 10:33:00,865.00,865.00,865.00,865.00,0,0
2018-12-14 10:34:00,865.00,865.00,865.00,865.00,0,0
2018-12-14 10:35:00,865.00,865.00,865.00,865.00,0,0
2018-12-14 10:36:00,865.00,865.00,865.00,865.00,0,0
2018-12-14 10:37:00,865.00,865.00,865.00,865.00,0,0
2018-12-14 10:38:00,865.00,865.00,865.00,865.00,0,0
2018-12-14 10:39:00,865.00,865.00,865.00,865.00,0,0
2018-12-14 10:40:00,865.00,865.00,865.00,865.00,0,0
2018-12-14 10:41:00,865.00,865.00,865.00,865.00,0,0
2018-12-14 10:42:00,865.00,865.00,825.00,825.00,20,0
2018-12-14 10:43:00,825.00,825.00,825.00,825.00,0,0
2018-12-14 10:44:00,825.00,825.00,825.00,825.00,0,0
2018-12-14 10:45:00,825.00,825.00,825.00,825.00,0,0
2018-12-14 10:46:00,825.00,825.00,825.00,825.00,0,0
2018-12-14 10:47:00,825.00,825.00,825.00,825.00,0,0
2018-12-14 10:48:00,825.00,825.00,825.00,825.00,0,0
2018-12-14 10:49:00,825.00,825.00,825.00,825.00,0,0
2018-12-14 10:50:00,825.00,825.00,825.00,825.00,0,0
2018-12-14 10:51:00,825.00,825.00,825.00,825.00,0,0
2018-12-14 10:52:00,825.00,825.00,825.00,825.00,0,0
2018-12-14 10:53:00,825.00,825.00,825.00,825.00,0,0
2018-12-14 10:54:00,825.00,825.00,825.00,825.00,0,0
2018-12-14 10:55:00,825.00,825.00,825.00,825.00,0,0
2018-12-14 10:56:00,825.00,825.00,825.00,825.00,0,0
2018-12-14 10:57:00,825.00,825.00,825.00,825.00,0,0
2018-12-14 10:58:00,825.00,825.00,825.00,825.00,0,0
2018-12-14 10:59:00,825.00,825.00,825.00,825.00,0,0
2018-12-14 11:00:00,825.00,825.00,825.00,825.00,0,0
2018-12-14 11:01:00,825.00,825.00,825.00,825.00,0,0
2018-12-14 11:02:00,825.00,825.00,825.00,825.00,0,0
2018-12-14 11:03:00,825.00,825.00,825.00,825.00,0,0
2018-12-14 11:04:00,825.00,825.00,825.00,825.00,0,0
2018-12-14 11:05:00,825.00,825.00,825.00,825.00,0,0
2018-12-14 11:06:00,825.00,825.00,825.00,825.00,0,0
2018-12-14 11:07:00,825.00,825.00,825.00,825.00,0,0
2018-12-14 11:08:00,825.00,825.00,825.00,825.00,0,0
2018-12-14 11:09:00,825.00,825.00,825.00,825.00,0,0
2018-12-14 11:10:00,825.00,825.00,825.00,825.00,0,0
2018-12-14 11:11:00,825.00,825.00,825.00,825.00,0,0
2018-12-14 11:12:00,825.00,825.00,825.00,825.00,0,0
2018-12-14 11:13:00,825.00,825.00,812.05,812.05,60,10820
2018-12-14 11:14:00,812.05,812.05,812.05,812.05,0,0
2018-12-14 11:15:00,812.05,812.05,812.05,812.05,0,0
2018-12-14 11:16:00,812.05,812.05,812.05,812.05,0,0
2018-12-14 11:17:00,812.05,812.05,812.05,812.05,0,0
2018-12-14 11:18:00,812.05,812.05,812.05,812.05,0,0
2018-12-14 11:19:00,812.05,812.05,812.05,812.05,0,0
2018-12-14 11:20:00,812.05,812.05,812.05,812.05,0,0
2018-12-14 11:21:00,812.05,812.05,812.05,812.05,0,0
2018-12-14 11:22:00,812.05,812.05,812.05,812.05,0,0
2018-12-14 11:23:00,812.05,825.00,812.05,825.00,40,0
2018-12-14 11:24:00,825.00,825.00,825.00,825.00,0,0
2018-12-14 11:25:00,825.00,825.00,825.00,825.00,0,0
2018-12-14 11:26:00,825.00,825.00,825.00,825.00,0,0
2018-12-14 11:27:00,825.00,825.00,825.00,825.00,0,0
2018-12-14 11:28:00,825.00,825.00,825.00,825.00,0,0
2018-12-14 11:29:00,825.00,825.00,825.00,825.00,0,0
2018-12-14 11:30:00,825.00,825.00,825.00,825.00,0,0
2018-12-14 11:31:00,825.00,825.00,825.00,825.00,0,0
2018-12-14 11:32:00,825.00,825.00,825.00,825.00,0,0
2018-12-14 11:33:00,825.00,825.00,825.00,825.00,0,0
2018-12-14 11:34:00,825.00,825.00,825.00,825.00,0,0
2018-12-14 11:35:00,825.00,825.00,825.00,825.00,0,0
2018-12-14 11:36:00,825.00,825.00,825.00,825.00,0,0
2018-12-14 11:37:00,825.00,825.00,825.00,825.00,0,0
2018-12-14 11:38:00,825.00,825.00,825.00,825.00,0,0
2018-12-14 11:39:00,825.00,825.00,825.00,825.00,0,0
2018-12-14 11:40:00,825.00,825.00,825.00,825.00,0,0
2018-12-14 11:41:00,825.00,825.00,825.00,825.00,0,0
2018-12-14 11:42:00,825.00,825.00,825.00,825.00,0,0
2018-12-14 11:43:00,825.00,825.00,825.00,825.00,0,0
2018-12-14 11:44:00,825.00,825.00,825.00,825.00,0,0
2018-12-14 11:45:00,825.00,825.00,825.00,825.00,0,0
2018-12-14 11:46:00,825.00,825.00,825.00,825.00,0,0
2018-12-14 11:47:00,825.00,825.00,825.00,825.00,0,0
2018-12-14 11:48:00,825.00,825.00,825.00,825.00,0,0
2018-12-14 11:49:00,825.00,825.00,825.00,825.00,0,0
2018-12-14 11:50:00,825.00,825.00,825.00,825.00,0,0
2018-12-14 11:51:00,825.00,825.00,825.00,825.00,0,0
2018-12-14 11:52:00,825.00,825.00,825.00,825.00,0,0
2018-12-14 11:53:00,825.00,825.00,825.00,825.00,0,0
2018-12-14 11:54:00,825.00,825.00,825.00,825.00,0,0
2018-12-14 11:55:00,825.00,834.45,825.00,834.45,40,10860
2018-12-14 11:56:00,834.45,834.45,834.45,834.45,0,0
2018-12-14 11:57:00,834.45,834.45,834.45,834.45,0,0
2018-12-14 11:58:00,834.45,834.45,834.45,834.45,0,0
2018-12-14 11:59:00,834.45,834.45,834.45,834.45,0,0
2018-12-14 12:00:00,834.45,834.45,834.45,834.45,0,0
2018-12-14 12:01:00,834.45,850.00,834.45,850.00,20,10880
2018-12-14 12:02:00,850.00,850.00,850.00,850.00,0,0
2018-12-14 12:03:00,850.00,850.00,845.00,845.00,20,0
2018-12-14 12:04:00,845.00,845.00,845.00,845.00,0,0
2018-12-14 12:05:00,845.00,845.00,845.00,845.00,0,0
2018-12-14 12:06:00,845.00,845.00,845.00,845.00,0,0
2018-12-14 12:07:00,845.00,845.00,845.00,845.00,0,0
2018-12-14 12:08:00,845.00,845.00,845.00,845.00,0,0
2018-12-14 12:09:00,845.00,845.00,845.00,845.00,0,0
2018-12-14 12:10:00,845.00,845.00,845.00,845.00,0,0
2018-12-14 12:11:00,845.00,845.00,845.00,845.00,0,0
2018-12-14 12:12:00,845.00,845.00,845.00,845.00,0,0
2018-12-14 12:13:00,845.00,845.00,845.00,845.00,0,0
2018-12-14 12:14:00,845.00,845.00,845.00,845.00,0,0
2018-12-14 12:15:00,845.00,845.00,843.65,843.65,20,10900
2018-12-14 12:16:00,843.65,843.65,843.65,843.65,0,0
2018-12-14 12:17:00,843.65,843.65,843.65,843.65,0,0
2018-12-14 12:18:00,843.65,843.65,825.00,825.00,1000,10880
2018-12-14 12:19:00,825.00,837.20,825.00,837.20,20,10880
2018-12-14 12:20:00,837.20,837.20,837.20,837.20,0,0
2018-12-14 12:21:00,837.20,837.20,837.20,837.20,0,0
2018-12-14 12:22:00,837.20,837.20,837.20,837.20,0,0
2018-12-14 12:23:00,837.20,837.20,837.20,837.20,0,0
2018-12-14 12:24:00,837.20,837.20,837.20,837.20,0,0
2018-12-14 12:25:00,837.20,837.20,837.20,837.20,0,0
2018-12-14 12:26:00,837.20,837.20,837.20,837.20,0,0
2018-12-14 12:27:00,837.20,837.20,837.20,837.20,0,0
2018-12-14 12:28:00,837.20,837.20,837.20,837.20,0,0
2018-12-14 12:29:00,837.20,837.20,837.20,837.20,0,0
2018-12-14 12:30:00,837.20,837.20,837.20,837.20,0,0
2018-12-14 12:31:00,837.20,837.20,837.20,837.20,0,0
2018-12-14 12:32:00,837.20,837.20,837.20,837.20,0,0
2018-12-14 12:33:00,837.20,837.20,837.20,837.20,0,0
2018-12-14 12:34:00,837.20,837.20,837.20,837.20,0,0
2018-12-14 12:35:00,837.20,837.20,837.20,837.20,0,0
2018-12-14 12:36:00,837.20,837.20,837.20,837.20,0,0
2018-12-14 12:37:00,837.20,837.20,837.20,837.20,0,0
2018-12-14 12:38:00,837.20,837.20,837.20,837.20,0,0
2018-12-14 12:39:00,837.20,837.20,837.20,837.20,0,0
2018-12-14 12:40:00,837.20,837.20,837.20,837.20,0,0
2018-12-14 12:41:00,837.20,837.20,837.20,837.20,0,0
2018-12-14 12:42:00,837.20,837.20,837.20,837.20,0,0
2018-12-14 12:43:00,837.20,837.20,837.20,837.20,0,0
2018-12-14 12:44:00,837.20,837.20,837.20,837.20,0,0
2018-12-14 12:45:00,837.20,837.20,837.20,837.20,0,0
2018-12-14 12:46:00,837.20,837.20,837.20,837.20,0,0
2018-12-14 12:47:00,837.20,837.20,837.20,837.20,0,0
2018-12-14 12:48:00,837.20,837.20,837.20,837.20,0,0
2018-12-14 12:49:00,837.20,837.20,837.20,837.20,0,0
2018-12-14 12:50:00,837.20,837.20,837.20,837.20,0,0
2018-12-14 12:51:00,837.20,837.20,837.20,837.20,0,0
2018-12-14 12:52:00,837.20,837.20,837.20,837.20,0,0
2018-12-14 12:53:00,837.20,837.20,837.20,837.20,0,0
2018-12-14 12:54:00,837.20,837.20,837.20,837.20,0,0
2018-12-14 12:55:00,837.20,837.20,837.20,837.20,0,0
2018-12-14 12:56:00,837.20,837.20,834.00,834.00,120,0
2018-12-14 12:57:00,834.00,834.00,834.00,834.00,0,0
2018-12-14 12:58:00,834.00,834.00,834.00,834.00,0,0
2018-12-14 12:59:00,834.00,834.00,834.00,834.00,0,0
2018-12-14 13:00:00,834.00,834.00,834.00,834.00,0,0
2018-12-14 13:01:00,834.00,834.00,834.00,834.00,0,0
2018-12-14 13:02:00,834.00,834.00,834.00,834.00,0,0
2018-12-14 13:03:00,834.00,834.00,834.00,834.00,0,0
2018-12-14 13:04:00,834.00,834.00,834.00,834.00,0,0
2018-12-14 13:05:00,834.00,834.00,834.00,834.00,0,0
2018-12-14 13:06:00,834.00,834.00,834.00,834.00,0,0
2018-12-14 13:07:00,834.00,834.00,834.00,834.00,0,0
2018-12-14 13:08:00,834.00,834.00,834.00,834.00,0,0
2018-12-14 13:09:00,834.00,834.00,834.00,834.00,0,0
2018-12-14 13:10:00,834.00,834.00,834.00,834.00,0,0
2018-12-14 13:11:00,834.00,834.00,834.00,834.00,0,0
2018-12-14 13:12:00,834.00,834.00,834.00,834.00,0,0
2018-12-14 13:13:00,834.00,834.00,834.00,834.00,0,0
2018-12-14 13:14:00,834.00,840.00,834.00,840.00,40,11880
2018-12-14 13:15:00,840.00,840.00,840.00,840.00,0,0
2018-12-14 13:16:00,840.00,840.00,840.00,840.00,0,0
2018-12-14 13:17:00,840.00,840.00,840.00,840.00,0,0
2018-12-14 13:18:00,840.00,840.00,840.00,840.00,0,0
2018-12-14 13:19:00,840.00,840.00,840.00,840.00,0,0
2018-12-14 13:20:00,840.00,840.00,840.00,840.00,0,0
2018-12-14 13:21:00,840.00,840.00,840.00,840.00,0,0
2018-12-14 13:22:00,840.00,840.00,840.00,840.00,0,0
2018-12-14 13:23:00,840.00,840.00,840.00,840.00,0,0
2018-12-14 13:24:00,840.00,840.00,840.00,840.00,0,0
2018-12-14 13:25:00,840.00,840.00,840.00,840.00,0,0
2018-12-14 13:26:00,840.00,840.00,840.00,840.00,0,0
2018-12-14 13:27:00,840.00,840.00,840.00,840.00,0,0
2018-12-14 13:28:00,840.00,840.00,840.00,840.00,0,0
2018-12-14 13:29:00,840.00,840.00,840.00,840.00,0,0
2018-12-14 13:30:00,840.00,840.00,840.00,840.00,0,0
2018-12-14 13:31:00,840.00,840.00,840.00,840.00,0,0
2018-12-14 13:32:00,840.00,840.00,840.00,840.00,0,0
2018-12-14 13:33:00,840.00,840.00,840.00,840.00,0,0
2018-12-14 13:34:00,840.00,880.00,840.00,880.00,80,11920
2018-12-14 13:35:00,880.00,880.00,880.00,880.00,0,0
2018-12-14 13:36:00,880.00,880.00,880.00,880.00,0,0
2018-12-14 13:37:00,880.00,880.00,880.00,880.00,0,0
2018-12-14 13:38:00,880.00,880.00,880.00,880.00,0,0
2018-12-14 13:39:00,880.00,880.00,880.00,880.00,0,0
2018-12-14 13:40:00,880.00,880.00,880.00,880.00,0,0
2018-12-14 13:41:00,880.00,880.00,880.00,880.00,0,0
2018-12-14 13:42:00,880.00,880.00,880.00,880.00,0,0
2018-12-14 13:43:00,880.00,880.00,880.00,880.00,0,0
2018-12-14 13:44:00,880.00,880.00,838.00,838.00,20,12000
2018-12-14 13:45:00,838.00,838.00,838.00,838.00,0,0
2018-12-14 13:46:00,838.00,838.00,838.00,838.00,0,0
2018-12-14 13:47:00,838.00,838.00,838.00,838.00,0,0
2018-12-14 13:48:00,838.00,838.00,838.00,838.00,0,0
2018-12-14 13:49:00,838.00,838.00,838.00,838.00,0,0
2018-12-14 13:50:00,838.00,838.00,838.00,838.00,0,0
2018-12-14 13:51:00,838.00,838.00,838.00,838.00,0,0
2018-12-14 13:52:00,838.00,838.00,838.00,838.00,0,0
2018-12-14 13:53:00,838.00,838.00,838.00,838.00,0,0
2018-12-14 13:54:00,838.00,838.00,838.00,838.00,0,0
2018-12-14 13:55:00,838.00,838.00,838.00,838.00,0,0
2018-12-14 13:56:00,838.00,838.00,838.00,838.00,0,0
2018-12-14 13:57:00,838.00,838.00,838.00,838.00,0,0
2018-12-14 13:58:00,838.00,838.00,838.00,838.00,0,0
2018-12-14 13:59:00,838.00,838.00,838.00,838.00,0,0
2018-12-14 14:00:00,838.00,838.00,838.00,838.00,0,0
2018-12-14 14:01:00,838.00,838.00,838.00,838.00,0,0
2018-12-14 14:02:00,838.00,838.00,838.00,838.00,0,0
2018-12-14 14:03:00,838.00,838.00,838.00,838.00,0,0
2018-12-14 14:04:00,838.00,838.00,838.00,838.00,0,0
2018-12-14 14:05:00,838.00,838.00,838.00,838.00,0,0
2018-12-14 14:06:00,838.00,838.00,838.00,838.00,0,0
2018-12-14 14:07:00,838.00,838.00,838.00,838.00,0,0
2018-12-14 14:08:00,838.00,838.00,838.00,838.00,0,0
2018-12-14 14:09:00,838.00,838.00,838.00,838.00,0,0
2018-12-14 14:10:00,838.00,838.00,838.00,838.00,0,0
2018-12-14 14:11:00,838.00,838.00,820.00,820.00,20,12020
2018-12-14 14:12:00,820.00,820.00,820.00,820.00,0,0
2018-12-14 14:13:00,820.00,820.00,820.00,820.00,0,0
2018-12-14 14:14:00,820.00,820.00,820.00,820.00,0,0
2018-12-14 14:15:00,820.00,820.00,820.00,820.00,0,0
2018-12-14 14:16:00,820.00,820.00,820.00,820.00,0,0
2018-12-14 14:17:00,820.00,820.00,820.00,820.00,0,0
2018-12-14 14:18:00,820.00,820.00,820.00,820.00,0,0
2018-12-14 14:19:00,820.00,820.00,820.00,820.00,0,0
2018-12-14 14:20:00,820.00,820.00,820.00,820.00,0,0
2018-12-14 14:21:00,820.00,820.00,820.00,820.00,0,0
2018-12-14 14:22:00,820.00,820.00,820.00,820.00,0,0
2018-12-14 14:23:00,820.00,820.00,820.00,820.00,0,0
2018-12-14 14:24:00,820.00,820.00,820.00,820.00,0,0
2018-12-14 14:25:00,820.00,820.00,820.00,820.00,0,0
2018-12-14 14:26:00,820.00,820.00,820.00,820.00,0,0
2018-12-14 14:27:00,820.00,820.00,820.00,820.00,0,0
2018-12-14 14:28:00,820.00,820.00,820.00,820.00,0,0
2018-12-14 14:29:00,820.00,820.00,820.00,820.00,0,0
2018-12-14 14:30:00,820.00,820.00,820.00,820.00,0,0
2018-12-14 14:31:00,820.00,820.00,820.00,820.00,0,0
2018-12-14 14:32:00,820.00,820.00,820.00,820.00,0,0
2018-12-14 14:33:00,820.00,820.00,820.00,820.00,0,0
2018-12-14 14:34:00,820.00,820.00,820.00,820.00,0,0
2018-12-14 14:35:00,820.00,820.00,820.00,820.00,0,0
2018-12-14 14:36:00,820.00,820.00,820.00,820.00,0,0
2018-12-14 14:37:00,820.00,820.00,820.00,820.00,0,0
2018-12-14 14:38:00,820.00,820.00,820.00,820.00,0,0
2018-12-14 14:39:00,820.00,820.00,820.00,820.00,0,0
2018-12-14 14:40:00,820.00,820.00,820.00,820.00,0,0
2018-12-14 14:41:00,820.00,835.15,820.00,835.15,80,12020
2018-12-14 14:42:00,835.15,835.15,835.15,835.15,0,0
2018-12-14 14:43:00,835.15,835.15,835.15,835.15,0,0
2018-12-14 14:44:00,835.15,835.15,835.15,835.15,0,0
2018-12-14 14:45:00,835.15,835.15,835.15,835.15,0,0
2018-12-14 14:46:00,835.15,835.15,835.15,835.15,0,0
2018-12-14 14:47:00,835.15,835.15,835.15,835.15,0,0
2018-12-14 14:48:00,835.15,835.15,835.15,835.15,0,0
2018-12-14 14:49:00,835.15,835.15,835.15,835.15,0,0
2018-12-14 14:50:00,835.15,835.15,835.15,835.15,0,0
2018-12-14 14:51:00,835.15,835.15,835.15,835.15,0,0
2018-12-14 14:52:00,835.15,835.15,835.15,835.15,0,0
2018-12-14 14:53:00,835.15,835.15,835.15,835.15,0,0
2018-12-14 14:54:00,835.15,835.15,835.15,835.15,0,0
2018-12-14 14:55:00,835.15,835.15,835.15,835.15,0,0
2018-12-14 14:56:00,835.15,835.15,835.15,835.15,0,0
2018-12-14 14:57:00,835.15,835.15,835.15,835.15,0,0
2018-12-14 14:58:00,835.15,835.15,835.15,835.15,0,0
2018-12-14 14:59:00,835.15,835.15,835.15,835.15,0,0
2018-12-14 15:00:00,835.15,835.15,835.15,835.15,0,0
2018-12-14 15:01:00,835.15,835.15,835.15,835.15,0,0
2018-12-14 15:02:00,835.15,835.15,835.15,835.15,0,0
2018-12-14 15:03:00,835.15,835.15,835.15,835.15,0,0
2018-12-14 15:04:00,835.15,835.15,835.15,835.15,0,0
2018-12-14 15:05:00,835.15,835.15,835.15,835.15,0,0
2018-12-14 15:06:00,835.15,835.15,835.15,835.15,0,0
2018-12-14 15:07:00,835.15,835.15,835.15,835.15,0,0
2018-12-14 15:08:00,835.15,835.15,835.15,835.15,0,0
2018-12-14 15:09:00,835.15,835.15,835.15,835.15,0,0
2018-12-14 15:10:00,835.15,835.15,835.15,835.15,0,0
2018-12-14 15:11:00,835.15,835.15,835.15,835.15,0,0
2018-12-14 15:12:00,835.15,835.15,835.15,835.15,0,0
2018-12-14 15:13:00,835.15,835.15,835.15,835.15,0,0
2018-12-14 15:14:00,835.15,835.15,835.15,835.15,0,0
2018-12-14 15:15:00,835.15,835.15,835.15,835.15,0,0
2018-12-14 15:16:00,835.15,835.15,835.15,835.15,0,0
2018-12-14 15:17:00,835.15,835.15,835.15,835.15,0,0
2018-12-14 15:18:00,835.15,835.15,835.15,835.15,0,0
2018-12-14 15:19:00,835.15,835.15,835.15,835.15,0,0
2018-12-14 15:20:00,835.15,835.15,835.15,835.15,0,0
2018-12-14 15:21:00,835.15,835.15,835.15,835.15,0,0
2018-12-14 15:22:00,835.15,835.15,835.15,835.15,0,0
2018-12-14 15:23:00,835.15,835.15,835.15,835.15,0,0
2018-12-14 15:24:00,835.15,835.15,835.15,835.15,0,0
2018-12-14 15:25:00,835.15,860.00,835.15,860.00,20,12100
2018-12-14 15:26:00,860.00,860.00,860.00,860.00,0,0
2018-12-14 15:27:00,860.00,860.00,845.00,845.00,20,12080
2018-12-14 15:28:00,845.00,845.00,845.00,845.00,0,0
2018-12-14 15:29:01,845.00,845.00,845.00,845.00,0,0
2018-12-17 09:16:00,961.85,961.85,961.85,961.85,0,12040
2018-12-17 09:17:00,961.85,961.85,961.85,961.85,0,0
2018-12-17 09:18:00,961.85,961.85,961.85,961.85,0,0
2018-12-17 09:19:00,961.85,961.85,961.85,961.85,0,0
2018-12-17 09:20:00,961.85,1000.00,961.85,1000.00,20,12060
2018-12-17 09:21:00,1000.00,1000.00,1000.00,1000.00,0,0
2018-12-17 09:22:00,1000.00,1000.00,1000.00,1000.00,0,0
2018-12-17 09:23:00,1000.00,1000.00,1000.00,1000.00,0,0
2018-12-17 09:24:00,1000.00,1000.00,952.45,952.45,40,12040
2018-12-17 09:25:00,952.45,952.45,952.45,952.45,0,0
2018-12-17 09:26:00,952.45,952.45,952.45,952.45,0,0
2018-12-17 09:27:00,952.45,952.45,952.45,952.45,0,0
2018-12-17 09:28:00,952.45,952.45,952.45,952.45,0,0
2018-12-17 09:29:00,952.45,970.00,952.45,955.00,120,12040
2018-12-17 09:30:00,955.00,955.00,955.00,955.00,20,12040
2018-12-17 09:31:00,955.00,955.00,955.00,955.00,0,0
2018-12-17 09:32:00,955.00,955.00,955.00,955.00,0,0
2018-12-17 09:33:00,955.00,955.00,955.00,955.00,20,12000
2018-12-17 09:34:00,955.00,955.00,950.05,950.05,600,12000
2018-12-17 09:35:00,950.05,950.05,950.05,950.05,0,0
2018-12-17 09:36:00,950.05,950.05,950.05,950.05,0,0
2018-12-17 09:37:00,950.05,950.05,950.05,950.05,0,0
2018-12-17 09:38:00,950.05,950.05,950.05,950.05,0,0
2018-12-17 09:39:00,950.05,950.05,950.05,950.05,0,0
2018-12-17 09:40:00,950.05,955.00,950.05,955.00,20,12040
2018-12-17 09:41:00,955.00,955.00,955.00,955.00,60,12040
2018-12-17 09:42:00,955.00,955.00,955.00,955.00,20,12040
2018-12-17 09:43:00,955.00,955.00,950.05,950.05,20,12040
2018-12-17 09:44:00,950.05,970.00,950.05,955.00,40,12040
2018-12-17 09:45:00,955.00,955.00,955.00,955.00,20,12040
2018-12-17 09:46:00,955.00,955.00,955.00,955.00,0,0
2018-12-17 09:47:00,955.00,955.00,955.00,955.00,0,0
2018-12-17 09:48:00,955.00,955.00,955.00,955.00,0,0
2018-12-17 09:49:00,955.00,955.00,955.00,955.00,0,0
2018-12-17 09:50:00,955.00,955.00,950.05,950.05,380,12040
2018-12-17 09:51:00,950.05,950.05,950.05,950.05,0,0
2018-12-17 09:52:00,950.05,950.05,950.05,950.05,0,0
2018-12-17 09:53:00,950.05,960.00,950.05,960.00,20,12420
2018-12-17 09:54:00,960.00,960.00,960.00,960.00,0,0
2018-12-17 09:55:00,960.00,960.00,960.00,960.00,0,0
2018-12-17 09:56:00,960.00,960.00,960.00,960.00,0,0
2018-12-17 09:57:00,960.00,960.00,960.00,960.00,0,0
2018-12-17 09:58:00,960.00,960.00,960.00,960.00,0,0
2018-12-17 09:59:00,960.00,960.00,960.00,960.00,0,0
2018-12-17 10:00:00,960.00,960.00,960.00,960.00,0,0
2018-12-17 10:01:00,960.00,960.00,950.05,950.05,400,12440
2018-12-17 10:02:00,950.05,950.05,940.05,940.05,400,12440
2018-12-17 10:03:00,940.05,940.05,940.05,940.05,600,12500
2018-12-17 10:04:00,940.05,940.05,940.05,940.05,0,0
2018-12-17 10:05:00,940.05,940.05,940.05,940.05,0,0
2018-12-17 10:06:00,940.05,940.05,940.05,940.05,0,0
2018-12-17 10:07:00,940.05,940.05,940.05,940.05,0,0
2018-12-17 10:08:00,940.05,940.05,940.05,940.05,0,0
2018-12-17 10:09:00,940.05,940.05,940.05,940.05,0,0
2018-12-17 10:10:00,940.05,940.05,940.05,940.05,0,0
2018-12-17 10:11:00,940.05,940.05,940.05,940.05,0,0
2018-12-17 10:12:00,940.05,940.05,940.05,940.05,0,0
2018-12-17 10:13:00,940.05,950.00,940.05,950.00,100,12900
2018-12-17 10:14:00,950.00,950.00,950.00,950.00,0,0
2018-12-17 10:15:00,950.00,950.00,950.00,950.00,40,12960
2018-12-17 10:16:00,950.00,950.00,950.00,950.00,60,12960
2018-12-17 10:17:00,950.00,950.00,950.00,950.00,20,12960
2018-12-17 10:18:00,950.00,950.00,950.00,950.00,0,0
2018-12-17 10:19:00,950.00,950.00,950.00,950.00,0,0
2018-12-17 10:20:00,950.00,950.00,950.00,950.00,200,13060
2018-12-17 10:21:00,950.00,950.00,950.00,950.00,0,0
2018-12-17 10:22:00,950.00,950.00,950.00,950.00,200,13260
2018-12-17 10:23:00,950.00,950.00,950.00,950.00,0,0
2018-12-17 10:24:00,950.00,950.00,950.00,950.00,0,0
2018-12-17 10:25:00,950.00,950.00,950.00,950.00,0,0
2018-12-17 10:26:00,950.00,950.00,950.00,950.00,0,0
2018-12-17 10:27:00,950.00,950.00,940.00,940.00,500,13460
2018-12-17 10:28:00,940.00,940.00,940.00,940.00,0,0
2018-12-17 10:29:00,940.00,940.00,940.00,940.00,0,0
2018-12-17 10:30:00,940.00,940.00,940.00,940.00,0,0
2018-12-17 10:31:00,940.00,940.00,940.00,940.00,0,0
2018-12-17 10:32:00,940.00,950.00,940.00,950.00,120,13560
2018-12-17 10:33:00,950.00,970.00,950.00,970.00,920,13560
2018-12-17 10:34:00,970.00,970.00,970.00,970.00,0,0
2018-12-17 10:35:00,970.00,970.00,970.00,970.00,0,0
2018-12-17 10:36:00,970.00,970.00,970.00,970.00,0,0
2018-12-17 10:37:00,970.00,970.00,970.00,970.00,0,0
2018-12-17 10:38:00,970.00,970.00,970.00,970.00,0,0
2018-12-17 10:39:00,970.00,980.00,970.00,980.00,340,14400
2018-12-17 10:40:00,980.00,980.00,980.00,980.00,480,14400
2018-12-17 10:41:00,980.00,980.00,980.00,980.00,0,0
2018-12-17 10:42:00,980.00,980.00,980.00,980.00,0,0
2018-12-17 10:43:00,980.00,980.00,980.00,980.00,20,15220
2018-12-17 10:44:00,980.00,980.00,975.00,975.00,20,15220
2018-12-17 10:45:00,975.00,975.00,975.00,975.00,0,0
2018-12-17 10:46:00,975.00,975.00,975.00,975.00,0,0
2018-12-17 10:47:00,975.00,975.00,975.00,975.00,0,0
2018-12-17 10:48:00,975.00,975.00,975.00,975.00,0,0
2018-12-17 10:49:00,975.00,975.00,975.00,975.00,0,0
2018-12-17 10:50:00,975.00,975.00,975.00,975.00,0,0
2018-12-17 10:51:00,975.00,975.00,975.00,975.00,0,0
2018-12-17 10:52:00,975.00,975.00,975.00,975.00,0,0
2018-12-17 10:53:00,975.00,975.00,975.00,975.00,0,0
2018-12-17 10:54:00,975.00,975.00,975.00,975.00,0,0
2018-12-17 10:55:00,975.00,975.00,975.00,975.00,0,0
2018-12-17 10:56:00,975.00,975.00,975.00,975.00,0,0
2018-12-17 10:57:00,975.00,975.00,975.00,975.00,0,0
2018-12-17 10:58:00,975.00,975.00,975.00,975.00,0,0
2018-12-17 10:59:00,975.00,975.00,975.00,975.00,0,0
2018-12-17 11:00:00,975.00,975.00,975.00,975.00,0,0
2018-12-17 11:01:00,975.00,975.00,975.00,975.00,0,0
2018-12-17 11:02:00,975.00,975.00,975.00,975.00,0,0
2018-12-17 11:03:00,975.00,991.55,975.00,991.55,40,15240
2018-12-17 11:04:00,991.55,991.55,991.55,991.55,0,0
2018-12-17 11:05:00,991.55,991.55,991.55,991.55,0,0
2018-12-17 11:06:00,991.55,991.55,991.55,991.55,0,0
2018-12-17 11:07:00,991.55,991.55,991.55,991.55,0,0
2018-12-17 11:08:00,991.55,991.55,991.55,991.55,0,0
2018-12-17 11:09:00,991.55,991.55,991.55,991.55,0,0
2018-12-17 11:10:00,991.55,991.55,991.55,991.55,0,0
2018-12-17 11:11:00,991.55,991.55,991.55,991.55,0,0
2018-12-17 11:12:00,991.55,991.55,991.55,991.55,0,0
2018-12-17 11:13:00,991.55,991.55,991.55,991.55,0,0
2018-12-17 11:14:00,991.55,991.55,991.55,991.55,0,0
2018-12-17 11:15:00,991.55,991.55,991.55,991.55,0,0
2018-12-17 11:16:00,991.55,991.55,991.55,991.55,0,0
2018-12-17 11:17:00,991.55,991.55,991.55,991.55,0,0
2018-12-17 11:18:00,991.55,991.55,991.55,991.55,0,0
2018-12-17 11:19:00,991.55,991.55,991.55,991.55,0,0
2018-12-17 11:20:00,991.55,991.55,991.55,991.55,0,0
2018-12-17 11:21:00,991.55,991.55,991.55,991.55,0,0
2018-12-17 11:22:00,991.55,991.55,991.55,991.55,0,0
2018-12-17 11:23:00,991.55,991.55,991.55,991.55,0,0
2018-12-17 11:24:00,991.55,991.55,991.55,991.55,0,0
2018-12-17 11:25:00,991.55,991.55,991.55,991.55,0,0
2018-12-17 11:26:00,991.55,991.55,991.55,991.55,0,0
2018-12-17 11:27:00,991.55,991.55,991.55,991.55,0,0
2018-12-17 11:28:00,970.55,970.55,970.00,970.00,220,15280
2018-12-17 11:29:00,970.00,970.00,970.00,970.00,0,0
2018-12-17 11:30:00,970.00,970.00,970.00,970.00,0,0
2018-12-17 11:31:00,970.00,970.00,970.00,970.00,0,0
2018-12-17 11:32:00,970.00,970.00,970.00,970.00,0,0
2018-12-17 11:33:00,970.00,970.00,970.00,970.00,0,0
2018-12-17 11:34:00,970.00,970.00,970.00,970.00,0,0
2018-12-17 11:35:00,970.00,970.00,970.00,970.00,0,0
2018-12-17 11:36:00,970.00,970.00,970.00,970.00,0,0
2018-12-17 11:37:00,970.00,970.00,970.00,970.00,0,0
2018-12-17 11:38:00,970.00,970.00,970.00,970.00,0,0
2018-12-17 11:39:00,970.00,970.00,970.00,970.00,0,0
2018-12-17 11:40:00,970.00,970.00,970.00,970.00,0,0
2018-12-17 11:41:00,970.00,970.00,970.00,970.00,0,0
2018-12-17 11:42:00,970.00,970.00,970.00,970.00,0,0
2018-12-17 11:43:00,970.00,970.00,970.00,970.00,0,0
2018-12-17 11:44:00,970.00,970.00,970.00,970.00,0,0
2018-12-17 11:45:00,970.00,970.00,970.00,970.00,0,0
2018-12-17 11:46:00,970.00,970.00,970.00,970.00,0,0
2018-12-17 11:47:00,970.00,970.00,970.00,970.00,0,0
2018-12-17 11:48:00,970.00,970.00,970.00,970.00,0,0
2018-12-17 11:49:00,970.00,970.00,970.00,970.00,0,0
2018-12-17 11:50:00,970.00,970.00,970.00,970.00,0,0
2018-12-17 11:51:00,970.00,970.00,970.00,970.00,0,0
2018-12-17 11:52:00,970.00,970.00,970.00,970.00,0,0
2018-12-17 11:53:00,970.00,970.00,970.00,970.00,0,0
2018-12-17 11:54:00,970.00,970.00,970.00,970.00,0,0
2018-12-17 11:55:00,970.00,970.00,970.00,970.00,0,0
2018-12-17 11:56:00,970.00,970.00,970.00,970.00,0,0
2018-12-17 11:57:00,970.00,970.00,970.00,970.00,0,0
2018-12-17 11:58:00,970.00,970.00,970.00,970.00,0,0
2018-12-17 11:59:00,970.00,970.00,970.00,970.00,0,0
2018-12-17 12:00:00,970.00,970.00,970.00,970.00,0,0
2018-12-17 12:01:00,970.00,970.00,970.00,970.00,0,0
2018-12-17 12:02:00,970.00,970.00,970.00,970.00,0,0
2018-12-17 12:03:00,970.00,970.00,970.00,970.00,0,0
2018-12-17 12:04:00,970.00,970.00,970.00,970.00,0,0
2018-12-17 12:05:00,970.00,970.00,970.00,970.00,0,0
2018-12-17 12:06:00,970.00,972.00,970.00,972.00,40,15500
2018-12-17 12:07:00,972.00,972.00,972.00,972.00,60,15500
2018-12-17 12:08:00,972.00,972.00,972.00,972.00,0,0
2018-12-17 12:09:00,972.00,972.00,972.00,972.00,0,0
2018-12-17 12:10:00,972.00,972.00,972.00,972.00,0,0
2018-12-17 12:11:00,972.00,972.00,972.00,972.00,0,0
2018-12-17 12:12:00,972.00,972.00,972.00,972.00,0,0
2018-12-17 12:13:00,972.00,972.00,972.00,972.00,0,0
2018-12-17 12:14:00,972.00,977.00,972.00,977.00,20,15500
2018-12-17 12:15:00,977.00,977.00,977.00,977.00,0,0
2018-12-17 12:16:00,977.00,977.00,977.00,977.00,0,0
2018-12-17 12:17:00,977.00,977.00,977.00,977.00,0,0
2018-12-17 12:18:00,977.00,977.00,977.00,977.00,0,0
2018-12-17 12:19:00,977.00,977.00,977.00,977.00,0,0
2018-12-17 12:20:00,977.00,977.00,977.00,977.00,0,0
2018-12-17 12:21:00,977.00,977.00,977.00,977.00,0,0
2018-12-17 12:22:00,977.00,977.00,977.00,977.00,0,0
2018-12-17 12:23:00,977.00,977.00,977.00,977.00,0,0
2018-12-17 12:24:00,977.00,977.00,977.00,977.00,0,0
2018-12-17 12:25:00,977.00,977.00,977.00,977.00,0,0
2018-12-17 12:26:00,977.00,977.00,977.00,977.00,0,0
2018-12-17 12:27:00,977.00,977.00,977.00,977.00,0,0
2018-12-17 12:28:00,977.00,977.00,977.00,977.00,0,0
2018-12-17 12:29:00,977.00,977.00,977.00,977.00,0,0
2018-12-17 12:30:00,977.00,977.00,977.00,977.00,0,0
2018-12-17 12:31:00,977.00,977.00,965.00,965.00,160,15520
2018-12-17 12:32:00,965.00,965.00,965.00,965.00,0,0
2018-12-17 12:33:00,965.00,965.00,965.00,965.00,0,0
2018-12-17 12:34:00,965.00,965.00,965.00,965.00,0,0
2018-12-17 12:35:00,965.00,965.00,965.00,965.00,0,0
2018-12-17 12:36:00,965.00,965.00,965.00,965.00,0,0
2018-12-17 12:37:00,965.00,965.00,965.00,965.00,0,0
2018-12-17 12:38:00,965.00,965.00,965.00,965.00,0,0
2018-12-17 12:39:00,965.00,965.00,965.00,965.00,0,0
2018-12-17 12:40:00,965.00,965.00,965.00,965.00,40,15520
2018-12-17 12:41:00,965.00,965.00,965.00,965.00,0,0
2018-12-17 12:42:00,965.00,965.00,965.00,965.00,0,0
2018-12-17 12:43:00,965.00,965.00,965.00,965.00,0,0
2018-12-17 12:44:00,965.00,965.00,965.00,965.00,0,0
2018-12-17 12:45:00,965.00,965.00,965.00,965.00,0,0
2018-12-17 12:46:00,965.00,965.00,965.00,965.00,0,0
2018-12-17 12:47:00,965.00,965.00,965.00,965.00,0,0
2018-12-17 12:48:00,965.00,965.00,965.00,965.00,0,0
2018-12-17 12:49:00,965.00,965.00,965.00,965.00,0,0
2018-12-17 12:50:00,965.00,967.55,965.00,967.55,20,15520
2018-12-17 12:51:00,967.55,967.55,967.55,967.55,0,0
2018-12-17 12:52:00,967.55,967.55,967.55,967.55,0,0
2018-12-17 12:53:00,967.55,967.55,967.55,967.55,0,0
2018-12-17 12:54:00,967.55,967.55,964.55,964.55,20,15540
2018-12-17 12:55:00,964.55,964.55,964.55,964.55,0,0
2018-12-17 12:56:00,964.55,964.55,964.55,964.55,0,0
2018-12-17 12:57:00,964.55,964.55,964.55,964.55,0,0
2018-12-17 12:58:00,964.55,964.55,964.55,964.55,0,0
2018-12-17 12:59:00,964.55,964.55,964.55,964.55,0,0
2018-12-17 13:00:00,964.55,964.55,964.55,964.55,0,0
2018-12-17 13:01:00,964.55,964.55,964.55,964.55,0,0
2018-12-17 13:02:00,964.55,964.55,964.55,964.55,0,0
2018-12-17 13:03:00,964.55,970.00,964.55,970.00,120,15560
2018-12-17 13:04:00,970.00,970.00,970.00,970.00,0,0
2018-12-17 13:05:00,970.00,970.00,970.00,970.00,0,0
2018-12-17 13:06:00,970.00,970.00,970.00,970.00,0,0
2018-12-17 13:07:00,970.00,970.00,970.00,970.00,0,0
2018-12-17 13:08:00,970.00,970.00,970.00,970.00,0,0
2018-12-17 13:09:00,970.00,970.00,970.00,970.00,0,0
2018-12-17 13:10:00,970.00,970.00,970.00,970.00,0,0
2018-12-17 13:11:00,970.00,970.00,970.00,970.00,0,0
2018-12-17 13:12:00,970.00,970.00,970.00,970.00,0,0
2018-12-17 13:13:00,970.00,970.00,970.00,970.00,0,0
2018-12-17 13:14:00,970.00,970.00,970.00,970.00,0,0
2018-12-17 13:15:00,970.00,970.00,970.00,970.00,0,0
2018-12-17 13:16:00,970.00,970.00,950.00,950.00,40,15560
2018-12-17 13:17:00,950.00,950.00,950.00,950.00,0,0
2018-12-17 13:18:00,950.00,950.00,950.00,950.00,0,0
2018-12-17 13:19:00,950.00,950.00,950.00,950.00,0,0
2018-12-17 13:20:00,950.00,950.00,950.00,950.00,0,0
2018-12-17 13:21:00,950.00,950.00,950.00,950.00,0,0
2018-12-17 13:22:00,950.00,950.00,917.95,917.95,200,15560
2018-12-17 13:23:00,917.95,917.95,917.95,917.95,0,0
2018-12-17 13:24:00,917.95,917.95,917.95,917.95,0,0
2018-12-17 13:25:00,917.95,917.95,917.95,917.95,0,0
2018-12-17 13:26:00,917.95,917.95,917.95,917.95,0,0
2018-12-17 13:27:00,917.95,917.95,917.95,917.95,0,0
2018-12-17 13:28:00,917.95,917.95,917.95,917.95,0,0
2018-12-17 13:29:00,917.95,917.95,917.95,917.95,0,0
2018-12-17 13:30:00,917.95,917.95,917.95,917.95,0,0
2018-12-17 13:31:00,917.95,917.95,917.95,917.95,0,0
2018-12-17 13:32:00,917.95,917.95,917.95,917.95,0,0
2018-12-17 13:33:00,917.95,917.95,917.95,917.95,0,0
2018-12-17 13:34:00,917.95,917.95,917.95,917.95,0,0
2018-12-17 13:35:00,917.95,917.95,917.95,917.95,0,0
2018-12-17 13:36:00,917.95,917.95,917.95,917.95,0,0
2018-12-17 13:37:00,917.95,917.95,917.95,917.95,0,0
2018-12-17 13:38:00,917.95,917.95,917.95,917.95,0,0
2018-12-17 13:39:00,917.95,917.95,917.95,917.95,0,0
2018-12-17 13:40:00,917.95,917.95,917.95,917.95,0,0
2018-12-17 13:41:00,917.95,917.95,917.95,917.95,0,0
2018-12-17 13:42:00,917.95,917.95,917.95,917.95,0,0
2018-12-17 13:43:00,917.95,917.95,917.95,917.95,0,0
2018-12-17 13:44:00,917.95,917.95,917.95,917.95,0,0
2018-12-17 13:45:00,917.95,917.95,917.95,917.95,0,0
2018-12-17 13:46:00,917.95,917.95,917.95,917.95,0,0
2018-12-17 13:47:00,917.95,917.95,917.95,917.95,0,0
2018-12-17 13:48:00,917.95,917.95,917.95,917.95,0,0
2018-12-17 13:49:00,917.95,917.95,917.95,917.95,0,0
2018-12-17 13:50:00,917.95,917.95,917.95,917.95,0,0
2018-12-17 13:51:00,917.95,917.95,917.95,917.95,0,0
2018-12-17 13:52:00,917.95,917.95,917.95,917.95,0,0
2018-12-17 13:53:00,917.95,917.95,917.95,917.95,0,0
2018-12-17 13:54:00,917.95,917.95,917.95,917.95,0,0
2018-12-17 13:55:00,917.95,917.95,917.95,917.95,0,0
2018-12-17 13:56:00,917.95,917.95,917.95,917.95,0,0
2018-12-17 13:57:00,917.95,917.95,917.95,917.95,0,0
2018-12-17 13:58:00,917.95,917.95,917.95,917.95,0,0
2018-12-17 13:59:00,917.95,917.95,917.95,917.95,0,0
2018-12-17 14:00:00,917.95,917.95,917.95,917.95,0,0
2018-12-17 14:01:00,917.95,917.95,917.95,917.95,0,0
2018-12-17 14:02:00,917.95,917.95,917.95,917.95,0,0
2018-12-17 14:03:00,917.95,917.95,917.95,917.95,0,0
2018-12-17 14:04:00,917.95,917.95,917.95,917.95,0,0
2018-12-17 14:05:00,917.95,921.00,917.95,921.00,40,15760
2018-12-17 14:06:00,921.00,921.00,921.00,921.00,0,0
2018-12-17 14:07:00,921.00,921.00,921.00,921.00,0,0
2018-12-17 14:08:00,921.00,930.00,921.00,930.00,1280,15760
2018-12-17 14:09:00,930.00,935.00,920.00,935.00,1120,17820
2018-12-17 14:10:00,935.00,935.00,935.00,935.00,0,0
2018-12-17 14:11:00,935.00,935.00,935.00,935.00,0,0
2018-12-17 14:12:00,935.00,935.00,935.00,935.00,0,0
2018-12-17 14:13:00,935.00,935.00,928.00,928.00,20,18060
2018-12-17 14:14:00,928.00,930.00,928.00,930.00,240,0
2018-12-17 14:15:00,930.00,930.00,930.00,930.00,520,18060
2018-12-17 14:16:00,930.00,930.00,930.00,930.00,0,0
2018-12-17 14:17:00,930.00,930.00,930.00,930.00,420,18820
2018-12-17 14:18:00,930.00,930.00,930.00,930.00,0,0
2018-12-17 14:19:00,930.00,930.00,930.00,930.00,0,0
2018-12-17 14:20:00,930.00,930.00,930.00,930.00,0,0
2018-12-17 14:21:00,930.00,930.00,930.00,930.00,0,0
2018-12-17 14:22:00,930.00,930.00,930.00,930.00,0,0
2018-12-17 14:23:00,930.00,930.00,930.00,930.00,0,0
2018-12-17 14:24:00,930.00,930.00,930.00,930.00,0,0
2018-12-17 14:25:00,930.00,930.00,930.00,930.00,0,0
2018-12-17 14:26:00,930.00,930.00,930.00,930.00,0,0
2018-12-17 14:27:00,930.00,930.00,930.00,930.00,0,0
2018-12-17 14:28:00,930.00,930.00,930.00,930.00,0,0
2018-12-17 14:29:00,930.00,930.00,930.00,930.00,0,0
2018-12-17 14:30:00,930.00,930.00,930.00,930.00,0,0
2018-12-17 14:31:00,930.00,930.00,930.00,930.00,0,0
2018-12-17 14:32:00,930.00,930.00,930.00,930.00,0,0
2018-12-17 14:33:00,930.00,930.00,930.00,930.00,0,0
2018-12-17 14:34:00,930.00,930.00,930.00,930.00,0,0
2018-12-17 14:35:00,930.00,930.00,930.00,930.00,0,0
2018-12-17 14:36:00,930.00,930.00,930.00,930.00,0,0
2018-12-17 14:37:00,930.00,930.00,930.00,930.00,0,0
2018-12-17 14:38:00,930.00,930.00,930.00,930.00,0,0
2018-12-17 14:39:00,930.00,930.00,930.00,930.00,0,0
2018-12-17 14:40:00,930.00,930.00,930.00,930.00,0,0
2018-12-17 14:41:00,930.00,930.00,930.00,930.00,0,0
2018-12-17 14:42:00,930.00,942.25,930.00,942.25,20,19360
2018-12-17 14:43:00,942.25,942.25,942.25,942.25,0,0
2018-12-17 14:44:00,942.25,942.25,942.25,942.25,0,0
2018-12-17 14:45:00,942.25,974.85,942.25,974.85,0,19360
2018-12-17 14:46:00,974.85,974.85,974.85,974.85,0,0
2018-12-17 14:47:00,974.85,975.00,974.85,975.00,100,19400
2018-12-17 14:48:00,975.00,975.00,975.00,975.00,0,0
2018-12-17 14:49:00,975.00,975.00,975.00,975.00,0,0
2018-12-17 14:50:00,975.00,975.00,975.00,975.00,0,0
2018-12-17 14:51:00,975.00,975.00,975.00,975.00,0,0
2018-12-17 14:52:00,975.00,975.00,975.00,975.00,0,0
2018-12-17 14:53:00,975.00,975.00,975.00,975.00,0,0
2018-12-17 14:54:00,975.00,975.00,975.00,975.00,0,0
2018-12-17 14:55:00,975.00,975.00,975.00,975.00,0,0
2018-12-17 14:56:00,975.00,975.00,975.00,975.00,0,0
2018-12-17 14:57:00,975.00,975.00,975.00,975.00,0,0
2018-12-17 14:58:00,975.00,975.00,975.00,975.00,0,0
2018-12-17 14:59:00,975.00,975.00,965.00,965.00,20,19500
2018-12-17 15:00:00,965.00,965.00,965.00,965.00,0,0
2018-12-17 15:01:00,965.00,990.20,965.00,990.20,20,19480
2018-12-17 15:02:00,990.20,990.20,980.00,980.00,60,19480
2018-12-17 15:03:00,980.00,990.00,980.00,990.00,120,19660
2018-12-17 15:04:00,990.00,992.00,990.00,990.00,60,19660
2018-12-17 15:05:00,990.00,990.00,990.00,990.00,0,0
2018-12-17 15:06:00,990.00,990.00,990.00,990.00,0,0
2018-12-17 15:07:00,990.00,990.00,990.00,990.00,0,0
2018-12-17 15:08:00,990.00,990.00,990.00,990.00,0,0
2018-12-17 15:09:00,990.00,990.00,990.00,990.00,0,0
2018-12-17 15:10:00,990.00,990.00,990.00,990.00,0,0
2018-12-17 15:11:00,990.00,990.00,950.00,950.00,40,19740
2018-12-17 15:12:00,950.00,950.00,950.00,950.00,0,0
2018-12-17 15:13:00,950.00,950.00,950.00,950.00,0,0
2018-12-17 15:14:00,950.00,950.25,950.00,950.25,40,19740
2018-12-17 15:15:00,950.25,973.00,950.10,973.00,240,19740
2018-12-17 15:16:00,973.00,973.00,973.00,973.00,0,0
2018-12-17 15:17:00,973.00,973.00,973.00,973.00,0,0
2018-12-17 15:18:00,973.00,973.00,973.00,973.00,0,0
2018-12-17 15:19:00,973.00,973.00,973.00,973.00,0,0
2018-12-17 15:20:00,973.00,973.00,973.00,973.00,0,0
2018-12-17 15:21:00,973.00,973.00,973.00,973.00,0,0
2018-12-17 15:22:00,973.00,973.00,973.00,973.00,0,0
2018-12-17 15:23:00,973.00,973.00,973.00,973.00,0,0
2018-12-17 15:24:00,973.00,973.00,973.00,973.00,0,0
2018-12-17 15:25:00,973.00,973.00,973.00,973.00,0,0
2018-12-17 15:26:00,973.00,973.00,973.00,973.00,0,0
2018-12-17 15:27:00,973.00,973.00,961.75,961.75,20,20020
2018-12-17 15:28:00,961.75,961.75,960.40,960.40,20,20040
2018-12-17 15:29:01,960.40,960.40,960.40,960.40,0,0
2018-12-18 09:20:00,865.00,865.00,865.00,865.00,0,20020
2018-12-18 09:21:00,865.00,865.00,865.00,865.00,0,0
2018-12-18 09:22:00,865.00,865.00,865.00,865.00,0,0
2018-12-18 09:23:00,865.00,865.00,865.00,865.00,0,0
2018-12-18 09:24:00,865.00,865.00,865.00,865.00,0,0
2018-12-18 09:25:00,865.00,895.00,865.00,895.00,160,20020
2018-12-18 09:26:00,895.00,895.00,895.00,895.00,0,0
2018-12-18 09:27:00,895.00,895.00,895.00,895.00,0,0
2018-12-18 09:28:00,895.00,895.00,895.00,895.00,0,0
2018-12-18 09:29:00,895.00,895.00,895.00,895.00,0,0
2018-12-18 09:30:00,895.00,895.00,880.00,880.00,20,20180
2018-12-18 09:31:00,880.00,880.00,880.00,880.00,0,0
2018-12-18 09:32:00,880.00,884.00,880.00,884.00,20,0
2018-12-18 09:33:00,884.00,884.00,884.00,884.00,0,0
2018-12-18 09:34:00,884.00,900.00,884.00,900.00,480,20180
2018-12-18 09:35:00,900.00,900.00,895.00,895.00,160,20180
2018-12-18 09:36:00,895.00,895.00,895.00,895.00,100,0
2018-12-18 09:37:00,895.00,895.00,895.00,895.00,200,20840
2018-12-18 09:38:00,895.00,895.00,889.00,895.00,300,20840
2018-12-18 09:39:00,895.00,895.00,889.00,889.00,380,20840
2018-12-18 09:40:00,889.00,889.00,889.00,889.00,0,0
2018-12-18 09:41:00,889.00,889.00,889.00,889.00,0,0
2018-12-18 09:42:00,889.00,889.00,889.00,889.00,0,0
2018-12-18 09:43:00,889.00,889.00,889.00,889.00,0,0
2018-12-18 09:44:00,889.00,889.00,889.00,889.00,0,0
2018-12-18 09:45:00,889.00,889.00,889.00,889.00,0,0
2018-12-18 09:46:00,889.00,895.00,889.00,895.00,40,21500
2018-12-18 09:47:00,895.00,895.00,895.00,895.00,0,0
2018-12-18 09:48:00,895.00,895.00,895.00,895.00,0,0
2018-12-18 09:49:00,895.00,895.00,895.00,895.00,0,0
2018-12-18 09:50:00,895.00,895.00,895.00,895.00,0,0
2018-12-18 09:51:00,895.00,895.00,895.00,895.00,0,0
2018-12-18 09:52:00,895.00,895.00,895.00,895.00,0,0
2018-12-18 09:53:00,895.00,895.00,895.00,895.00,0,0
2018-12-18 09:54:00,895.00,895.00,895.00,895.00,0,0
2018-12-18 09:55:00,895.00,895.00,895.00,895.00,0,0
2018-12-18 09:56:00,895.00,895.00,895.00,895.00,0,0
2018-12-18 09:57:00,895.00,895.00,895.00,895.00,0,0
2018-12-18 09:58:00,895.00,895.00,895.00,895.00,0,0
2018-12-18 09:59:00,895.00,895.00,895.00,895.00,0,0
2018-12-18 10:00:00,895.00,895.00,895.00,895.00,0,0
2018-12-18 10:01:00,895.00,895.00,895.00,895.00,0,0
2018-12-18 10:02:00,895.00,895.00,895.00,895.00,0,0
2018-12-18 10:03:00,895.00,895.00,895.00,895.00,0,0
2018-12-18 10:04:00,895.00,895.00,895.00,895.00,0,0
2018-12-18 10:05:00,895.00,895.00,885.00,885.00,20,21540
2018-12-18 10:06:00,885.00,885.00,885.00,885.00,0,0
2018-12-18 10:07:00,885.00,885.00,885.00,885.00,0,0
2018-12-18 10:08:00,885.00,885.00,885.00,885.00,0,0
2018-12-18 10:09:00,885.00,885.00,885.00,885.00,0,0
2018-12-18 10:10:00,885.00,885.00,885.00,885.00,0,0
2018-12-18 10:11:00,885.00,885.00,885.00,885.00,0,0
2018-12-18 10:12:00,885.00,885.00,885.00,885.00,180,21540
2018-12-18 10:13:00,885.00,885.00,885.00,885.00,0,0
2018-12-18 10:14:00,885.00,885.00,885.00,885.00,0,0
2018-12-18 10:15:00,885.00,885.00,885.00,885.00,0,0
2018-12-18 10:16:00,885.00,885.00,885.00,885.00,0,0
2018-12-18 10:17:00,885.00,885.00,885.00,885.00,0,0
2018-12-18 10:18:00,885.00,885.00,885.00,885.00,0,0
2018-12-18 10:19:00,885.00,890.00,885.00,890.00,60,21700
2018-12-18 10:20:00,890.00,890.00,890.00,890.00,0,0
2018-12-18 10:21:00,890.00,890.00,890.00,890.00,0,0
2018-12-18 10:22:00,890.00,890.00,890.00,890.00,0,0
2018-12-18 10:23:00,890.00,890.00,890.00,890.00,0,0
2018-12-18 10:24:00,890.00,890.00,890.00,890.00,0,0
2018-12-18 10:25:00,890.00,890.00,890.00,890.00,0,0
2018-12-18 10:26:00,890.00,890.00,890.00,890.00,0,0
2018-12-18 10:27:00,890.00,890.00,890.00,890.00,0,0
2018-12-18 10:28:00,890.00,890.00,850.00,850.00,200,21680
2018-12-18 10:29:00,850.00,850.00,850.00,850.00,0,0
2018-12-18 10:30:00,850.00,850.00,850.00,850.00,0,0
2018-12-18 10:31:00,850.00,871.30,850.00,871.30,60,21800
2018-12-18 10:32:00,871.30,871.30,871.30,871.30,0,0
2018-12-18 10:33:00,871.30,871.30,871.30,871.30,0,0
2018-12-18 10:34:00,871.30,871.30,871.30,871.30,0,0
2018-12-18 10:35:00,871.30,871.30,871.30,871.30,0,0
2018-12-18 10:36:00,871.30,871.30,871.30,871.30,0,0
2018-12-18 10:37:00,871.30,871.30,871.30,871.30,0,0
2018-12-18 10:38:00,871.30,871.30,871.30,871.30,0,0
2018-12-18 10:39:00,871.30,871.30,871.30,871.30,0,0
2018-12-18 10:40:00,871.30,871.30,871.30,871.30,0,0
2018-12-18 10:41:00,871.30,871.30,871.30,871.30,0,0
2018-12-18 10:42:00,871.30,871.30,871.30,871.30,0,0
2018-12-18 10:43:00,871.30,871.30,871.30,871.30,0,0
2018-12-18 10:44:00,871.30,871.30,871.30,871.30,0,0
2018-12-18 10:45:00,871.30,871.30,871.30,871.30,0,0
2018-12-18 10:46:00,871.30,871.30,871.30,871.30,0,0
2018-12-18 10:47:00,871.30,871.30,871.30,871.30,0,0
2018-12-18 10:48:00,871.30,871.30,871.30,871.30,0,0
2018-12-18 10:49:00,871.30,871.30,871.30,871.30,0,0
2018-12-18 10:50:00,871.30,871.30,871.30,871.30,0,0
2018-12-18 10:51:00,871.30,871.30,871.30,871.30,0,0
2018-12-18 10:52:00,871.30,871.30,871.30,871.30,0,0
2018-12-18 10:53:00,871.30,871.30,871.30,871.30,0,0
2018-12-18 10:54:00,871.30,871.30,871.30,871.30,0,0
2018-12-18 10:55:00,871.30,871.30,871.30,871.30,0,0
2018-12-18 10:56:00,871.30,871.30,858.00,858.00,20,21760
2018-12-18 10:57:00,858.00,858.00,858.00,858.00,0,0
2018-12-18 10:58:00,858.00,858.00,858.00,858.00,0,0
2018-12-18 10:59:00,858.00,858.00,858.00,858.00,0,0
2018-12-18 11:00:00,858.00,858.00,858.00,858.00,0,0
2018-12-18 11:01:00,858.00,858.00,858.00,858.00,0,0
2018-12-18 11:02:00,858.00,858.00,858.00,858.00,0,0
2018-12-18 11:03:00,858.00,858.00,858.00,858.00,0,0
2018-12-18 11:04:00,858.00,858.00,858.00,858.00,0,0
2018-12-18 11:05:00,858.00,858.00,858.00,858.00,0,0
2018-12-18 11:06:00,858.00,858.00,858.00,858.00,0,0
2018-12-18 11:07:00,858.00,858.00,858.00,858.00,0,0
2018-12-18 11:08:00,858.00,858.00,858.00,858.00,0,0
2018-12-18 11:09:00,858.00,858.00,858.00,858.00,0,0
2018-12-18 11:10:00,858.00,858.00,858.00,858.00,0,0
2018-12-18 11:11:00,858.00,858.00,858.00,858.00,0,0
2018-12-18 11:12:00,858.00,858.00,858.00,858.00,0,0
2018-12-18 11:13:00,858.00,858.00,858.00,858.00,0,0
2018-12-18 11:14:00,858.00,858.00,858.00,858.00,0,0
2018-12-18 11:15:00,858.00,858.00,858.00,858.00,0,0
2018-12-18 11:16:00,858.00,858.00,858.00,858.00,0,0
2018-12-18 11:17:00,858.00,858.00,858.00,858.00,0,0
2018-12-18 11:18:00,858.00,858.00,858.00,858.00,0,0
2018-12-18 11:19:00,858.00,858.00,858.00,858.00,0,0
2018-12-18 11:20:00,858.00,858.00,858.00,858.00,0,0
2018-12-18 11:21:00,858.00,858.00,858.00,858.00,0,0
2018-12-18 11:22:00,858.00,858.00,858.00,858.00,0,0
2018-12-18 11:23:00,858.00,858.00,858.00,858.00,0,0
2018-12-18 11:24:00,858.00,858.00,858.00,858.00,0,0
2018-12-18 11:25:00,858.00,870.00,858.00,870.00,1200,21760
2018-12-18 11:26:00,870.00,870.00,865.00,865.00,640,0
2018-12-18 11:27:00,865.00,865.00,865.00,865.00,1200,21760
2018-12-18 11:28:00,865.00,865.00,865.00,865.00,0,0
2018-12-18 11:29:00,865.00,865.00,865.00,865.00,0,0
2018-12-18 11:30:00,865.00,865.00,865.00,865.00,0,0
2018-12-18 11:31:00,865.00,865.00,865.00,865.00,0,0
2018-12-18 11:32:00,865.00,870.00,865.00,870.00,40,0
2018-12-18 11:33:00,870.00,870.00,870.00,870.00,0,0
2018-12-18 11:34:00,870.00,870.00,870.00,870.00,0,0
2018-12-18 11:35:00,870.00,870.00,870.00,870.00,0,0
2018-12-18 11:36:00,870.00,870.00,870.00,870.00,0,0
2018-12-18 11:37:00,870.00,870.00,870.00,870.00,0,0
2018-12-18 11:38:00,870.00,870.00,870.00,870.00,0,0
2018-12-18 11:39:00,870.00,875.00,870.00,875.00,240,24040
2018-12-18 11:40:00,875.00,875.00,875.00,875.00,920,24280
2018-12-18 11:41:00,875.00,875.00,875.00,875.00,0,0
2018-12-18 11:42:00,875.00,875.00,870.00,870.00,20,24280
2018-12-18 11:43:00,870.00,870.00,870.00,870.00,0,0
2018-12-18 11:44:00,870.00,870.00,870.00,870.00,280,25200
2018-12-18 11:45:00,870.00,870.00,870.00,870.00,800,25200
2018-12-18 11:46:00,870.00,870.00,870.00,870.00,1360,26280
2018-12-18 11:47:00,870.00,870.00,870.00,870.00,0,0
2018-12-18 11:48:00,870.00,870.00,870.00,870.00,0,0
2018-12-18 11:49:00,870.00,870.00,870.00,870.00,320,27640
2018-12-18 11:50:00,870.00,870.00,870.00,870.00,400,27640
2018-12-18 11:51:00,870.00,870.00,870.00,870.00,0,0
2018-12-18 11:52:00,870.00,870.00,870.00,870.00,500,28360
2018-12-18 11:53:00,870.00,870.00,870.00,870.00,0,0
2018-12-18 11:54:00,870.00,870.00,870.00,870.00,0,0
2018-12-18 11:55:00,870.00,870.00,870.00,870.00,0,0
2018-12-18 11:56:00,870.00,877.00,870.00,877.00,640,28860
2018-12-18 11:57:00,877.00,877.00,877.00,877.00,0,0
2018-12-18 11:58:00,877.00,877.00,877.00,877.00,360,29500
2018-12-18 11:59:00,877.00,877.00,877.00,877.00,0,0
2018-12-18 12:00:00,877.00,877.00,877.00,877.00,60,29500
2018-12-18 12:01:00,877.00,877.00,877.00,877.00,0,0
2018-12-18 12:02:00,877.00,877.00,877.00,877.00,0,0
2018-12-18 12:03:00,877.00,877.00,875.00,875.00,360,30060
2018-12-18 12:04:00,875.00,875.00,875.00,875.00,200,30420
2018-12-18 12:05:00,875.00,875.00,875.00,875.00,460,30420
2018-12-18 12:06:00,875.00,875.00,875.00,875.00,0,0
2018-12-18 12:07:00,875.00,875.00,875.00,875.00,260,31280
2018-12-18 12:08:00,875.00,875.00,875.00,875.00,0,0
2018-12-18 12:09:00,875.00,875.00,875.00,875.00,0,0
2018-12-18 12:10:00,875.00,875.00,875.00,875.00,0,0
2018-12-18 12:11:00,875.00,875.00,872.00,872.00,0,31620
2018-12-18 12:12:00,872.00,872.00,872.00,872.00,20,31620
2018-12-18 12:13:00,872.00,872.00,872.00,872.00,280,31660
2018-12-18 12:14:00,872.00,872.00,872.00,872.00,160,31660
2018-12-18 12:15:00,872.00,872.00,872.00,872.00,0,0
2018-12-18 12:16:00,872.00,872.00,872.00,872.00,0,0
2018-12-18 12:17:00,872.00,872.00,872.00,872.00,0,0
2018-12-18 12:18:00,872.00,872.00,872.00,872.00,0,0
2018-12-18 12:19:00,872.00,872.00,872.00,872.00,0,0
2018-12-18 12:20:00,872.00,872.00,870.00,870.00,20,0
2018-12-18 12:21:00,870.00,870.00,870.00,870.00,0,0
2018-12-18 12:22:00,870.00,870.00,870.00,870.00,40,32100
2018-12-18 12:23:00,870.00,870.00,870.00,870.00,700,32100
2018-12-18 12:24:00,870.00,870.00,870.00,870.00,0,0
2018-12-18 12:25:00,870.00,880.00,870.00,880.00,480,32840
2018-12-18 12:26:00,880.00,880.00,880.00,880.00,20,32840
2018-12-18 12:27:00,880.00,887.00,880.00,885.00,560,32840
2018-12-18 12:28:00,885.00,885.00,884.00,884.00,0,33940
2018-12-18 12:29:00,884.00,884.00,884.00,884.00,0,0
2018-12-18 12:30:00,884.00,884.00,884.00,884.00,0,0
2018-12-18 12:31:00,884.00,884.00,884.00,884.00,0,0
2018-12-18 12:32:00,884.00,884.00,880.00,880.00,760,33940
2018-12-18 12:33:00,880.00,880.00,880.00,880.00,100,33940
2018-12-18 12:34:00,880.00,880.00,880.00,880.00,0,0
2018-12-18 12:35:00,880.00,880.00,880.00,880.00,0,0
2018-12-18 12:36:00,880.00,880.00,880.00,880.00,0,0
2018-12-18 12:37:00,880.00,880.00,880.00,880.00,0,0
2018-12-18 12:38:00,880.00,885.00,880.00,885.00,560,34780
2018-12-18 12:39:00,885.00,885.00,885.00,885.00,0,0
2018-12-18 12:40:00,885.00,895.00,885.00,895.00,180,35340
2018-12-18 12:41:00,895.00,895.00,895.00,895.00,0,0
2018-12-18 12:42:00,895.00,895.00,895.00,895.00,0,0
2018-12-18 12:43:00,895.00,895.00,895.00,895.00,0,0
2018-12-18 12:44:00,895.00,895.00,895.00,895.00,0,0
2018-12-18 12:45:00,895.00,895.00,895.00,895.00,0,0
2018-12-18 12:46:00,895.00,895.00,895.00,895.00,0,0
2018-12-18 12:47:00,895.00,895.00,895.00,895.00,0,0
2018-12-18 12:48:00,895.00,895.00,895.00,895.00,0,0
2018-12-18 12:49:00,895.00,895.00,895.00,895.00,0,0
2018-12-18 12:50:00,895.00,895.00,895.00,895.00,0,0
2018-12-18 12:51:00,895.00,895.00,895.00,895.00,0,0
2018-12-18 12:52:00,895.00,895.00,895.00,895.00,0,0
2018-12-18 12:53:00,895.00,895.00,895.00,895.00,0,0
2018-12-18 12:54:00,895.00,895.00,895.00,895.00,0,0
2018-12-18 12:55:00,895.00,895.00,895.00,895.00,0,0
2018-12-18 12:56:00,895.00,895.00,895.00,895.00,0,0
2018-12-18 12:57:00,895.00,895.00,895.00,895.00,0,0
2018-12-18 12:58:00,895.00,895.00,895.00,895.00,0,0
2018-12-18 12:59:00,895.00,895.00,895.00,895.00,0,0
2018-12-18 13:00:00,895.00,895.00,895.00,895.00,0,0
2018-12-18 13:01:00,895.00,895.00,895.00,895.00,0,0
2018-12-18 13:02:00,895.00,895.00,895.00,895.00,0,0
2018-12-18 13:03:00,895.00,895.00,895.00,895.00,0,0
2018-12-18 13:04:00,895.00,895.00,895.00,895.00,0,0
2018-12-18 13:05:00,895.00,895.00,895.00,895.00,0,0
2018-12-18 13:06:00,895.00,895.00,895.00,895.00,0,0
2018-12-18 13:07:00,895.00,895.00,895.00,895.00,0,0
2018-12-18 13:08:00,895.00,905.00,895.00,905.00,20,35520
2018-12-18 13:09:00,905.00,905.00,905.00,905.00,20,35520
2018-12-18 13:10:00,905.00,905.00,905.00,905.00,220,35560
2018-12-18 13:11:00,905.00,905.00,905.00,905.00,0,0
2018-12-18 13:12:00,905.00,905.00,905.00,905.00,0,0
2018-12-18 13:13:00,905.00,905.00,905.00,905.00,0,0
2018-12-18 13:14:00,905.00,905.00,905.00,905.00,0,0
2018-12-18 13:15:00,905.00,905.00,905.00,905.00,0,0
2018-12-18 13:16:00,905.00,905.00,905.00,905.00,0,0
2018-12-18 13:17:00,905.00,905.00,905.00,905.00,0,0
2018-12-18 13:18:00,905.00,910.00,905.00,910.00,20,35740
2018-12-18 13:19:00,910.00,910.00,910.00,910.00,0,0
2018-12-18 13:20:00,910.00,910.00,910.00,910.00,0,0
2018-12-18 13:21:00,910.00,910.00,910.00,910.00,0,0
2018-12-18 13:22:00,910.00,910.00,910.00,910.00,0,0
2018-12-18 13:23:00,910.00,910.00,910.00,910.00,0,0
2018-12-18 13:24:00,910.00,910.00,910.00,910.00,0,0
2018-12-18 13:25:00,910.00,910.00,910.00,910.00,0,0
2018-12-18 13:26:00,910.00,910.00,910.00,910.00,0,0
2018-12-18 13:27:00,910.00,910.00,910.00,910.00,0,0
2018-12-18 13:28:00,910.00,910.00,910.00,910.00,0,0
2018-12-18 13:29:00,910.00,910.00,910.00,910.00,0,0
2018-12-18 13:30:00,910.00,910.00,910.00,910.00,0,0
2018-12-18 13:31:00,910.00,910.00,910.00,910.00,0,0
2018-12-18 13:32:00,910.00,910.00,910.00,910.00,0,0
2018-12-18 13:33:00,910.00,910.00,910.00,910.00,0,0
2018-12-18 13:34:00,910.00,910.00,910.00,910.00,20,0
2018-12-18 13:35:00,910.00,910.00,910.00,910.00,0,0
2018-12-18 13:36:00,910.00,910.00,910.00,910.00,0,0
2018-12-18 13:37:00,910.00,910.00,910.00,910.00,0,0
2018-12-18 13:38:00,910.00,910.00,910.00,910.00,0,0
2018-12-18 13:39:00,910.00,910.00,910.00,910.00,0,0
2018-12-18 13:40:00,910.00,910.00,910.00,910.00,0,0
2018-12-18 13:41:00,910.00,910.00,910.00,910.00,0,0
2018-12-18 13:42:00,910.00,910.00,910.00,910.00,0,0
2018-12-18 13:43:00,910.00,910.00,910.00,910.00,0,0
2018-12-18 13:44:00,910.00,910.00,910.00,910.00,0,0
2018-12-18 13:45:00,910.00,910.00,895.00,895.00,20,35760
2018-12-18 13:46:00,895.00,895.00,895.00,895.00,0,0
2018-12-18 13:47:00,895.00,895.00,895.00,895.00,0,0
2018-12-18 13:48:00,895.00,895.00,895.00,895.00,0,0
2018-12-18 13:49:00,895.00,895.00,895.00,895.00,0,0
2018-12-18 13:50:00,895.00,895.00,895.00,895.00,0,0
2018-12-18 13:51:00,895.00,895.00,895.00,895.00,0,0
2018-12-18 13:52:00,895.00,895.00,895.00,895.00,0,0
2018-12-18 13:53:00,895.00,895.00,895.00,895.00,0,0
2018-12-18 13:54:00,895.00,895.00,895.00,895.00,0,0
2018-12-18 13:55:00,895.00,895.00,895.00,895.00,0,0
2018-12-18 13:56:00,895.00,895.00,895.00,895.00,0,0
2018-12-18 13:57:00,895.00,895.00,895.00,895.00,0,0
2018-12-18 13:58:00,895.00,895.00,895.00,895.00,0,0
2018-12-18 13:59:00,895.00,895.00,895.00,895.00,0,0
2018-12-18 14:00:00,895.00,895.00,895.00,895.00,0,0
2018-12-18 14:01:00,895.00,895.00,895.00,895.00,0,0
2018-12-18 14:02:00,895.00,895.00,895.00,895.00,0,0
2018-12-18 14:03:00,895.00,895.00,895.00,895.00,0,0
2018-12-18 14:04:00,895.00,895.00,895.00,895.00,0,0
2018-12-18 14:05:00,895.00,895.00,895.00,895.00,0,0
2018-12-18 14:06:00,895.00,895.00,895.00,895.00,0,0
2018-12-18 14:07:00,895.00,895.00,895.00,895.00,0,0
2018-12-18 14:08:00,895.00,895.00,895.00,895.00,0,0
2018-12-18 14:09:00,895.00,895.00,895.00,895.00,0,0
2018-12-18 14:10:00,895.00,895.00,895.00,895.00,0,0
2018-12-18 14:11:00,895.00,895.00,895.00,895.00,0,0
2018-12-18 14:12:00,895.00,895.00,895.00,895.00,0,0
2018-12-18 14:13:00,895.00,895.00,895.00,895.00,0,0
2018-12-18 14:14:00,895.00,895.00,895.00,895.00,0,0
2018-12-18 14:15:00,895.00,940.00,895.00,940.00,1120,35760
2018-12-18 14:16:00,940.00,940.00,940.00,940.00,340,36900
2018-12-18 14:17:00,940.00,940.00,935.00,935.00,40,36900
2018-12-18 14:18:00,935.00,935.00,930.00,930.00,60,36900
2018-12-18 14:19:00,930.00,930.00,930.00,930.00,580,37220
2018-12-18 14:20:00,930.00,930.00,930.00,930.00,0,0
2018-12-18 14:21:00,930.00,930.00,930.00,930.00,120,37220
2018-12-18 14:22:00,930.00,930.00,927.00,930.00,2420,37920
2018-12-18 14:23:00,930.00,930.00,927.00,927.00,940,37920
2018-12-18 14:24:00,927.00,930.00,927.00,930.00,2920,37920
2018-12-18 14:25:00,930.00,950.00,930.00,950.00,960,0
2018-12-18 14:26:00,950.00,950.00,950.00,950.00,180,40220
2018-12-18 14:27:00,950.00,960.00,950.00,960.00,1100,40220
2018-12-18 14:28:00,960.00,987.70,960.00,987.70,680,41960
2018-12-18 14:29:00,987.70,987.70,987.70,987.70,0,0
2018-12-18 14:30:00,987.70,987.70,970.00,970.00,20,41960
2018-12-18 14:31:00,970.00,970.00,965.00,965.00,20,42520
2018-12-18 14:32:00,965.00,987.70,965.00,987.70,0,42520
2018-12-18 14:33:00,987.70,987.70,987.70,987.70,0,0
2018-12-18 14:34:00,987.70,987.70,987.70,987.70,0,0
2018-12-18 14:35:00,987.70,987.70,987.70,987.70,0,0
2018-12-18 14:36:00,987.70,987.70,987.70,987.70,0,0
2018-12-18 14:37:00,987.70,987.70,987.70,987.70,0,0
2018-12-18 14:38:00,987.70,987.70,987.70,987.70,0,0
2018-12-18 14:39:00,987.70,987.70,987.70,987.70,0,0
2018-12-18 14:40:00,987.70,987.70,987.70,987.70,0,0
2018-12-18 14:41:00,987.70,987.70,987.70,987.70,0,0
2018-12-18 14:42:00,987.70,987.70,987.70,987.70,0,0
2018-12-18 14:43:00,987.70,1045.45,987.70,1044.45,140,42520
2018-12-18 14:44:00,1044.55,1044.55,1044.55,1044.55,80,42520
2018-12-18 14:45:00,1044.55,1044.55,1044.55,1044.55,0,0
2018-12-18 14:46:00,1044.55,1044.55,1038.00,1038.00,20,42220
2018-12-18 14:47:00,1038.00,1038.00,1038.00,1038.00,0,0
2018-12-18 14:48:00,1038.00,1038.00,1038.00,1038.00,0,0
2018-12-18 14:49:00,1038.00,1050.00,1038.00,1050.00,40,0
2018-12-18 14:50:00,1050.00,1050.00,1050.00,1050.00,60,42220
2018-12-18 14:51:00,1050.00,1050.00,1050.00,1050.00,940,42220
2018-12-18 14:52:00,1050.00,1050.00,1050.00,1050.00,40,43400
2018-12-18 14:53:00,1050.00,1050.00,1050.00,1050.00,0,0
2018-12-18 14:54:00,1050.00,1050.00,1041.55,1041.55,80,43400
2018-12-18 14:55:00,1041.55,1041.55,1041.55,1041.55,0,0
2018-12-18 14:56:00,1041.55,1041.55,1041.55,1041.55,0,0
2018-12-18 14:57:00,1041.55,1041.55,1041.55,1041.55,0,0
2018-12-18 14:58:00,1041.55,1041.55,1041.55,1041.55,0,0
2018-12-18 14:59:00,1041.55,1041.55,1041.55,1041.55,0,0
2018-12-18 15:00:00,1041.55,1041.55,1041.55,1041.55,0,0
2018-12-18 15:01:00,1041.55,1041.55,1041.55,1041.55,0,0
2018-12-18 15:02:00,1041.55,1041.55,1041.55,1041.55,0,0
2018-12-18 15:03:00,1041.55,1041.55,1041.55,1041.55,0,0
2018-12-18 15:04:00,1041.55,1041.55,1041.55,1041.55,0,0
2018-12-18 15:05:00,1041.55,1041.55,1041.55,1041.55,0,0
2018-12-18 15:06:00,1041.55,1041.55,1041.55,1041.55,0,0
2018-12-18 15:07:00,1041.55,1041.55,1041.55,1041.55,0,0
2018-12-18 15:08:00,1041.55,1041.55,1041.55,1041.55,0,0
2018-12-18 15:09:00,1041.55,1041.55,1041.55,1041.55,0,0
2018-12-18 15:10:00,1041.55,1041.55,1041.55,1041.55,0,0
2018-12-18 15:11:00,1041.55,1055.00,1041.55,1055.00,20,43360
2018-12-18 15:12:00,1055.00,1060.00,1055.00,1060.00,20,43360
2018-12-18 15:13:00,1060.00,1060.00,1060.00,1060.00,0,0
2018-12-18 15:14:00,1060.00,1060.00,1060.00,1060.00,0,0
2018-12-18 15:15:00,1060.00,1060.00,1060.00,1060.00,0,0
2018-12-18 15:16:00,1060.00,1060.00,1060.00,1060.00,0,0
2018-12-18 15:17:00,1060.00,1060.00,1060.00,1060.00,40,0
2018-12-18 15:18:00,1060.00,1060.00,1060.00,1060.00,0,0
2018-12-18 15:19:00,1060.00,1060.00,1060.00,1060.00,0,0
2018-12-18 15:20:00,1060.00,1060.00,1060.00,1060.00,0,0
2018-12-18 15:21:00,1060.00,1060.00,1060.00,1060.00,0,0
2018-12-18 15:22:00,1060.00,1060.00,1060.00,1060.00,0,0
2018-12-18 15:23:00,1060.00,1087.70,1060.00,1087.70,120,43300
2018-12-18 15:24:00,1087.70,1087.70,1087.70,1087.70,0,0
2018-12-18 15:25:00,1087.70,1087.70,1070.55,1070.55,100,43380
2018-12-18 15:26:00,1070.55,1070.55,1070.55,1070.55,0,0
2018-12-18 15:27:00,1070.55,1070.55,1070.55,1070.55,0,0
2018-12-18 15:28:00,1070.55,1070.55,1070.55,1070.55,0,0
2018-12-18 15:29:01,1070.55,1070.55,1065.00,1065.00,40,43380
2018-12-19 09:38:00,1110.15,1110.15,1110.15,1110.15,0,0
2018-12-19 09:39:00,1110.15,1110.15,1110.15,1110.15,0,0
2018-12-19 09:40:00,1110.15,1150.00,1110.15,1150.00,40,43380
2018-12-19 09:41:00,1150.00,1150.00,1150.00,1150.00,0,0
2018-12-19 09:42:00,1150.00,1150.00,1150.00,1150.00,0,0
2018-12-19 09:43:00,1150.00,1150.00,1150.00,1150.00,0,0
2018-12-19 09:44:00,1150.00,1150.00,1150.00,1150.00,0,0
2018-12-19 09:45:00,1150.00,1150.00,1150.00,1150.00,0,0
2018-12-19 09:46:00,1150.00,1150.00,1150.00,1150.00,0,0
2018-12-19 09:47:00,1150.00,1150.00,1150.00,1150.00,0,0
2018-12-19 09:48:00,1150.00,1150.00,1150.00,1150.00,20,43360
2018-12-19 09:49:00,1150.00,1150.00,1150.00,1150.00,0,0
2018-12-19 09:50:00,1150.00,1150.00,1150.00,1150.00,0,0
2018-12-19 09:51:00,1150.00,1150.00,1149.00,1149.00,20,43360
2018-12-19 09:52:00,1149.00,1149.00,1149.00,1149.00,20,43360
2018-12-19 09:53:00,1149.00,1150.00,1149.00,1150.00,380,43360
2018-12-19 09:54:00,1150.00,1150.00,1150.00,1150.00,0,0
2018-12-19 09:55:00,1150.00,1150.00,1150.00,1150.00,0,0
2018-12-19 09:56:00,1150.00,1150.00,1150.00,1150.00,0,0
2018-12-19 09:57:00,1150.00,1150.00,1150.00,1150.00,0,0
2018-12-19 09:58:00,1150.00,1155.00,1138.95,1155.00,440,43680
2018-12-19 09:59:00,1155.00,1155.00,1155.00,1155.00,0,0
2018-12-19 10:00:00,1155.00,1155.00,1150.00,1155.00,240,43920
2018-12-19 10:01:00,1155.00,1155.00,1155.00,1155.00,120,43920
2018-12-19 10:02:00,1155.00,1155.00,1155.00,1155.00,0,0
2018-12-19 10:03:00,1155.00,1155.00,1155.00,1155.00,0,0
2018-12-19 10:04:00,1155.00,1160.00,1155.00,1160.00,680,44240
2018-12-19 10:05:00,1160.00,1160.00,1160.00,1160.00,560,44920
2018-12-19 10:06:00,1160.00,1160.00,1160.00,1160.00,20,44920
2018-12-19 10:07:00,1160.00,1160.00,1160.00,1160.00,20,44920
2018-12-19 10:08:00,1160.00,1160.00,1160.00,1160.00,220,45520
2018-12-19 10:09:00,1160.00,1165.00,1160.00,1165.00,60,45520
2018-12-19 10:10:00,1165.00,1165.00,1165.00,1165.00,0,0
2018-12-19 10:11:00,1165.00,1165.00,1148.05,1148.05,160,45800
2018-12-19 10:12:00,1148.05,1164.80,1140.00,1140.00,60,45800
2018-12-19 10:13:00,1140.00,1140.00,1140.00,1140.00,0,0
2018-12-19 10:14:00,1140.00,1140.00,1140.00,1140.00,0,0
2018-12-19 10:15:00,1140.00,1140.00,1140.00,1140.00,40,45820
2018-12-19 10:16:00,1140.00,1140.00,1140.00,1140.00,0,0
2018-12-19 10:17:00,1140.00,1140.00,1140.00,1140.00,0,0
2018-12-19 10:18:00,1140.00,1140.00,1140.00,1140.00,0,0
2018-12-19 10:19:00,1140.00,1140.00,1140.00,1140.00,0,0
2018-12-19 10:20:00,1140.00,1140.00,1140.00,1140.00,0,0
2018-12-19 10:21:00,1140.00,1140.00,1140.00,1140.00,0,0
2018-12-19 10:22:00,1140.00,1140.00,1140.00,1140.00,0,0
2018-12-19 10:23:00,1140.00,1140.00,1140.00,1140.00,0,0
2018-12-19 10:24:00,1140.00,1140.00,1140.00,1140.00,0,0
2018-12-19 10:25:00,1140.00,1140.00,1140.00,1140.00,0,0
2018-12-19 10:26:00,1140.00,1140.00,1140.00,1140.00,0,0
2018-12-19 10:27:00,1140.00,1159.80,1140.00,1159.80,40,45820
2018-12-19 10:28:00,1159.80,1159.80,1159.80,1159.80,0,0
2018-12-19 10:29:00,1159.80,1159.80,1159.80,1159.80,0,0
2018-12-19 10:30:00,1159.80,1159.80,1159.80,1159.80,0,0
2018-12-19 10:31:00,1159.80,1159.80,1159.80,1159.80,0,0
2018-12-19 10:32:00,1159.80,1159.80,1159.80,1159.80,0,0
2018-12-19 10:33:00,1159.80,1165.00,1159.80,1165.00,340,45780
2018-12-19 10:34:00,1165.00,1165.00,1165.00,1165.00,120,45780
2018-12-19 10:35:00,1165.00,1165.00,1160.00,1165.00,500,46240
2018-12-19 10:36:00,1165.00,1165.00,1165.00,1165.00,0,0
2018-12-19 10:37:00,1165.00,1165.00,1165.00,1165.00,0,0
2018-12-19 10:38:00,1165.00,1165.00,1165.00,1165.00,0,0
2018-12-19 10:39:00,1165.00,1165.00,1160.00,1160.00,600,46720
2018-12-19 10:40:00,1160.00,1160.00,1150.00,1150.00,140,46720
2018-12-19 10:41:00,1150.00,1150.00,1150.00,1150.00,460,47800
2018-12-19 10:42:00,1150.00,1150.00,1150.00,1150.00,0,0
2018-12-19 10:43:00,1150.00,1150.00,1145.00,1145.00,420,47800
2018-12-19 10:44:00,1145.00,1145.00,1145.00,1145.00,1060,48660
2018-12-19 10:45:00,1145.00,1145.00,1145.00,1145.00,160,48660
2018-12-19 10:46:00,1145.00,1145.00,1144.00,1144.00,240,48660
2018-12-19 10:47:00,1144.00,1144.00,1143.00,1143.00,600,50120
2018-12-19 10:48:00,1143.00,1144.00,1142.90,1142.90,360,50120
2018-12-19 10:49:00,1142.90,1142.90,1142.90,1142.90,0,0
2018-12-19 10:50:00,1142.90,1142.90,1140.00,1140.00,1180,50780
2018-12-19 10:51:00,1140.00,1143.00,1140.00,1143.00,540,50780
2018-12-19 10:52:00,1143.00,1143.00,1140.00,1140.00,500,50780
2018-12-19 10:53:00,1140.00,1140.00,1138.00,1138.00,220,52960
2018-12-19 10:54:00,1138.00,1138.00,1138.00,1138.00,0,0
2018-12-19 10:55:00,1138.00,1138.00,1133.00,1133.00,140,52960
2018-12-19 10:56:00,1133.00,1133.00,1125.00,1125.00,1700,53320
2018-12-19 10:57:00,1125.00,1125.00,1125.00,1125.00,3400,53320
2018-12-19 10:58:00,1125.00,1125.00,1125.00,1125.00,0,0
2018-12-19 10:59:00,1125.00,1125.00,1121.00,1121.00,1340,58520
2018-12-19 11:00:00,1121.00,1121.00,1035.05,1115.00,1280,58520
2018-12-19 11:01:00,1115.00,1121.00,1115.00,1121.00,1420,58520
2018-12-19 11:02:00,1121.00,1121.00,1121.00,1121.00,1100,62280
2018-12-19 11:03:00,1121.00,1130.00,1121.00,1130.00,20,62280
2018-12-19 11:04:00,1130.00,1135.00,1130.00,1135.00,100,62280
2018-12-19 11:05:00,1135.00,1135.00,1135.00,1135.00,300,63460
2018-12-19 11:06:00,1135.00,1135.00,1130.00,1135.00,940,63460
2018-12-19 11:07:00,1135.00,1135.00,1130.00,1130.00,240,63460
2018-12-19 11:08:00,1130.00,1130.00,1130.00,1130.00,80,64660
2018-12-19 11:09:00,1130.00,1130.00,1130.00,1130.00,0,0
2018-12-19 11:10:00,1130.00,1130.00,1130.00,1130.00,0,0
2018-12-19 11:11:00,1130.00,1130.00,1130.00,1130.00,0,0
2018-12-19 11:12:00,1130.00,1130.00,1130.00,1130.00,0,0
2018-12-19 11:13:00,1130.00,1130.00,1117.00,1117.00,640,64740
2018-12-19 11:14:00,1117.00,1117.00,1095.00,1095.00,1400,65600
2018-12-19 11:15:00,1095.00,1095.00,1095.00,1095.00,0,0
2018-12-19 11:16:00,1095.00,1095.00,1074.10,1077.60,200,65600
2018-12-19 11:17:00,1077.60,1077.60,1077.60,1077.60,0,0
2018-12-19 11:18:00,1077.60,1077.60,1077.60,1077.60,0,0
2018-12-19 11:19:00,1077.60,1077.60,1077.60,1077.60,0,0
2018-12-19 11:20:00,1077.60,1077.60,1077.60,1077.60,0,0
2018-12-19 11:21:00,1077.60,1077.60,1077.60,1077.60,0,0
2018-12-19 11:22:00,1077.60,1077.60,1077.60,1077.60,0,0
2018-12-19 11:23:00,1077.60,1105.00,1077.60,1105.00,20,67060
2018-12-19 11:24:00,1105.00,1110.00,1105.00,1110.00,20,67060
2018-12-19 11:25:00,1110.00,1110.00,1110.00,1110.00,0,0
2018-12-19 11:26:00,1110.00,1110.00,1110.00,1110.00,0,0
2018-12-19 11:27:00,1110.00,1110.00,1110.00,1110.00,0,0
2018-12-19 11:28:00,1110.00,1110.00,1110.00,1110.00,0,0
2018-12-19 11:29:00,1110.00,1110.00,1110.00,1110.00,0,0
2018-12-19 11:30:00,1110.00,1110.00,1110.00,1110.00,0,0
2018-12-19 11:31:00,1110.00,1110.00,1110.00,1110.00,0,0
2018-12-19 11:32:00,1110.00,1110.00,1110.00,1110.00,0,0
2018-12-19 11:33:00,1110.00,1110.00,1110.00,1110.00,0,0
2018-12-19 11:34:00,1110.00,1110.00,1110.00,1110.00,0,0
2018-12-19 11:35:00,1110.00,1110.00,1110.00,1110.00,0,0
2018-12-19 11:36:00,1110.00,1110.00,1110.00,1110.00,0,0
2018-12-19 11:37:00,1110.00,1110.00,1110.00,1110.00,0,0
2018-12-19 11:38:00,1110.00,1110.00,1110.00,1110.00,0,0
2018-12-19 11:39:00,1110.00,1120.00,1110.00,1120.00,20,67060
2018-12-19 11:40:00,1120.00,1120.00,1120.00,1120.00,0,0
2018-12-19 11:41:00,1120.00,1120.00,1120.00,1120.00,0,0
2018-12-19 11:42:00,1120.00,1120.00,1120.00,1120.00,0,0
2018-12-19 11:43:00,1120.00,1120.00,1120.00,1120.00,0,0
2018-12-19 11:44:00,1120.00,1120.00,1120.00,1120.00,0,0
2018-12-19 11:45:00,1120.00,1120.00,1120.00,1120.00,0,0
2018-12-19 11:46:00,1120.00,1120.00,1120.00,1120.00,0,0
2018-12-19 11:47:00,1120.00,1120.00,1120.00,1120.00,0,0
2018-12-19 11:48:00,1120.00,1120.00,1120.00,1120.00,0,0
2018-12-19 11:49:00,1120.00,1120.00,1120.00,1120.00,0,0
2018-12-19 11:50:00,1120.00,1120.00,1120.00,1120.00,0,0
2018-12-19 11:51:00,1120.00,1120.00,1120.00,1120.00,0,0
2018-12-19 11:52:00,1120.00,1120.00,1120.00,1120.00,0,0
2018-12-19 11:53:00,1120.00,1120.00,1120.00,1120.00,0,0
2018-12-19 11:54:00,1120.00,1120.00,1120.00,1120.00,0,0
2018-12-19 11:55:00,1120.00,1120.00,1120.00,1120.00,0,0
2018-12-19 11:56:00,1120.00,1120.00,1120.00,1120.00,0,0
2018-12-19 11:57:00,1120.00,1120.00,1120.00,1120.00,0,0
2018-12-19 11:58:00,1120.00,1120.00,1120.00,1120.00,0,0
2018-12-19 11:59:00,1120.00,1120.00,1120.00,1120.00,0,0
2018-12-19 12:00:00,1120.00,1120.00,1120.00,1120.00,0,0
2018-12-19 12:01:00,1120.00,1120.00,1120.00,1120.00,0,0
2018-12-19 12:02:00,1120.00,1120.00,1120.00,1120.00,0,0
2018-12-19 12:03:00,1120.00,1134.00,1120.00,1134.00,80,67060
2018-12-19 12:04:00,1134.00,1134.00,1134.00,1134.00,780,67060
2018-12-19 12:05:00,1134.00,1134.00,1134.00,1134.00,0,0
2018-12-19 12:06:00,1134.00,1134.00,1134.00,1134.00,0,0
2018-12-19 12:07:00,1134.00,1134.00,1134.00,1134.00,0,0
2018-12-19 12:08:00,1134.00,1134.00,1134.00,1134.00,0,0
2018-12-19 12:09:00,1134.00,1134.00,1134.00,1134.00,0,0
2018-12-19 12:10:00,1134.00,1134.00,1134.00,1134.00,0,0
2018-12-19 12:11:00,1134.00,1134.00,1134.00,1134.00,0,0
2018-12-19 12:12:00,1134.00,1134.00,1134.00,1134.00,0,0
2018-12-19 12:13:00,1134.00,1134.00,1134.00,1134.00,0,0
2018-12-19 12:14:00,1134.00,1134.00,1134.00,1134.00,0,0
2018-12-19 12:15:00,1134.00,1134.00,1134.00,1134.00,0,0
2018-12-19 12:16:00,1134.00,1134.00,1134.00,1134.00,0,0
2018-12-19 12:17:00,1134.00,1134.00,1134.00,1134.00,0,0
2018-12-19 12:18:00,1134.00,1134.00,1134.00,1134.00,0,0
2018-12-19 12:19:00,1134.00,1134.00,1134.00,1134.00,0,0
2018-12-19 12:20:00,1134.00,1134.00,1134.00,1134.00,0,0
2018-12-19 12:21:00,1134.00,1134.00,1134.00,1134.00,0,0
2018-12-19 12:22:00,1134.00,1134.00,1134.00,1134.00,0,0
2018-12-19 12:23:00,1134.00,1134.00,1134.00,1134.00,0,0
2018-12-19 12:24:00,1134.00,1134.00,1134.00,1134.00,0,0
2018-12-19 12:25:00,1134.00,1134.00,1134.00,1134.00,0,0
2018-12-19 12:26:00,1134.00,1134.00,1134.00,1134.00,0,0
2018-12-19 12:27:00,1134.00,1134.00,1134.00,1134.00,0,0
2018-12-19 12:28:00,1134.00,1134.00,1134.00,1134.00,0,0
2018-12-19 12:29:00,1134.00,1134.00,1125.00,1125.00,120,67980
2018-12-19 12:30:00,1125.00,1125.00,1125.00,1125.00,0,0
2018-12-19 12:31:00,1125.00,1134.00,1125.00,1134.00,60,67980
2018-12-19 12:32:00,1134.00,1134.00,1134.00,1134.00,0,67980
2018-12-19 12:33:00,1134.00,1134.00,1134.00,1134.00,0,0
2018-12-19 12:34:00,1134.00,1134.00,1126.25,1126.25,40,68060
2018-12-19 12:35:00,1126.25,1126.25,1126.25,1126.25,0,0
2018-12-19 12:36:00,1126.25,1126.25,1126.25,1126.25,0,0
2018-12-19 12:37:00,1126.25,1134.40,1126.25,1133.60,80,68060
2018-12-19 12:38:00,1133.60,1133.60,1133.60,1133.60,0,0
2018-12-19 12:39:00,1133.60,1133.60,1133.60,1133.60,0,0
2018-12-19 12:40:00,1133.60,1133.60,1133.60,1133.60,0,0
2018-12-19 12:41:00,1133.60,1133.60,1133.60,1133.60,0,0
2018-12-19 12:42:00,1133.60,1138.00,1133.60,1138.00,800,68000
2018-12-19 12:43:00,1138.00,1142.00,1138.00,1142.00,1200,68000
2018-12-19 12:44:00,1142.00,1146.00,1142.00,1146.00,80,69740
2018-12-19 12:45:00,1146.00,1150.00,1146.00,1150.00,720,69740
2018-12-19 12:46:00,1150.00,1150.00,1150.00,1150.00,460,69740
2018-12-19 12:47:00,1150.00,1150.00,1150.00,1150.00,0,0
2018-12-19 12:48:00,1150.00,1150.00,1150.00,1150.00,0,0
2018-12-19 12:49:00,1150.00,1150.00,1143.45,1146.95,200,71320
2018-12-19 12:50:00,1146.95,1150.00,1145.55,1150.00,140,71160
2018-12-19 12:51:00,1150.00,1154.00,1150.00,1154.00,520,71160
2018-12-19 12:52:00,1154.00,1154.00,1150.00,1154.00,1040,71160
2018-12-19 12:53:00,1154.00,1154.00,1152.00,1152.00,360,71640
2018-12-19 12:54:00,1152.00,1152.00,1152.00,1152.00,0,0
2018-12-19 12:55:00,1152.00,1152.00,1152.00,1152.00,0,0
2018-12-19 12:56:00,1152.00,1152.00,1152.00,1152.00,0,0
2018-12-19 12:57:00,1152.00,1155.00,1152.00,1155.00,20,0
2018-12-19 12:58:00,1155.00,1155.00,1155.00,1155.00,0,0
2018-12-19 12:59:00,1155.00,1155.00,1155.00,1155.00,0,0
2018-12-19 13:00:00,1155.00,1162.00,1155.00,1162.00,1480,71820
2018-12-19 13:01:00,1162.00,1162.00,1162.00,1162.00,160,71820
2018-12-19 13:02:00,1162.00,1162.00,1162.00,1162.00,160,73540
2018-12-19 13:03:00,1162.00,1162.00,1162.00,1162.00,0,0
2018-12-19 13:04:00,1162.00,1162.00,1162.00,1162.00,0,0
2018-12-19 13:05:00,1162.00,1162.00,1162.00,1162.00,0,0
2018-12-19 13:06:00,1162.00,1162.00,1155.00,1155.00,180,73700
2018-12-19 13:07:00,1155.00,1155.00,1155.00,1155.00,0,0
2018-12-19 13:08:00,1155.00,1155.00,1145.00,1145.00,40,0
2018-12-19 13:09:00,1145.00,1145.00,1140.00,1140.00,40,0
2018-12-19 13:10:00,1140.00,1152.00,1140.00,1152.00,120,73560
2018-12-19 13:11:00,1152.00,1153.00,1149.20,1153.00,320,73560
2018-12-19 13:12:00,1153.00,1153.00,1153.00,1153.00,0,0
2018-12-19 13:13:00,1154.00,1154.00,1150.00,1154.00,180,73560
2018-12-19 13:14:00,1154.00,1166.00,1154.00,1166.00,1320,73560
2018-12-19 13:15:00,1166.00,1170.00,1164.00,1164.00,200,73560
2018-12-19 13:16:00,1164.00,1164.00,1160.00,1160.00,40,73560
2018-12-19 13:17:00,1160.00,1164.00,1160.00,1164.00,20,74720
2018-12-19 13:18:00,1164.00,1164.00,1163.00,1163.00,100,74720
2018-12-19 13:19:00,1163.00,1170.00,1163.00,1170.00,1100,74720
2018-12-19 13:20:00,1170.00,1171.00,1170.00,1171.00,140,75640
2018-12-19 13:21:00,1171.00,1171.00,1162.55,1162.55,100,75640
2018-12-19 13:22:00,1162.55,1162.55,1158.85,1158.85,80,75640
2018-12-19 13:23:00,1158.85,1158.85,1158.85,1158.85,0,0
2018-12-19 13:24:00,1158.85,1158.85,1138.60,1138.60,100,75660
2018-12-19 13:25:00,1138.60,1138.60,1138.60,1138.60,0,0
2018-12-19 13:26:00,1138.60,1138.60,1138.60,1138.60,0,0
2018-12-19 13:27:00,1138.60,1138.60,1138.60,1138.60,0,0
2018-12-19 13:28:00,1138.60,1138.60,1138.60,1138.60,0,0
2018-12-19 13:29:00,1138.60,1166.70,1138.60,1166.05,40,75760
2018-12-19 13:30:00,1166.05,1166.05,1166.05,1166.05,0,0
2018-12-19 13:31:00,1166.05,1174.00,1166.05,1174.00,40,75760
2018-12-19 13:32:00,1174.00,1174.00,1174.00,1174.00,980,75780
2018-12-19 13:33:00,1174.00,1174.00,1174.00,1174.00,0,0
2018-12-19 13:34:00,1174.00,1174.00,1174.00,1174.00,0,0
2018-12-19 13:35:00,1174.00,1174.00,1174.00,1174.00,0,0
2018-12-19 13:36:00,1174.00,1174.00,1174.00,1174.00,0,0
2018-12-19 13:37:00,1174.00,1174.00,1174.00,1174.00,0,0
2018-12-19 13:38:00,1174.00,1174.00,1174.00,1174.00,0,0
2018-12-19 13:39:00,1174.00,1177.95,1174.00,1177.95,20,76760
2018-12-19 13:40:00,1177.95,1177.95,1177.95,1177.95,0,0
2018-12-19 13:41:00,1177.95,1177.95,1177.95,1177.95,0,0
2018-12-19 13:42:00,1177.95,1177.95,1177.95,1177.95,0,0
2018-12-19 13:43:00,1177.95,1177.95,1177.95,1177.95,0,0
2018-12-19 13:44:00,1177.95,1177.95,1177.95,1177.95,0,0
2018-12-19 13:45:00,1177.95,1177.95,1177.95,1177.95,0,0
2018-12-19 13:46:00,1177.95,1177.95,1177.95,1177.95,0,0
2018-12-19 13:47:00,1177.95,1177.95,1147.00,1147.00,20,76760
2018-12-19 13:48:00,1147.00,1147.00,1147.00,1147.00,0,0
2018-12-19 13:49:00,1147.00,1147.00,1147.00,1147.00,0,0
2018-12-19 13:50:00,1147.00,1156.10,1147.00,1156.10,20,76760
2018-12-19 13:51:00,1156.10,1162.00,1156.10,1162.00,140,76760
2018-12-19 13:52:00,1162.00,1162.00,1162.00,1162.00,0,0
2018-12-19 13:53:00,1162.00,1162.00,1162.00,1162.00,0,0
2018-12-19 13:54:00,1162.00,1168.00,1162.00,1168.00,20,76760
2018-12-19 13:55:00,1168.00,1168.00,1160.00,1160.00,200,76760
2018-12-19 13:56:00,1160.00,1160.00,1160.00,1160.00,0,0
2018-12-19 13:57:00,1160.00,1160.00,1160.00,1160.00,0,0
2018-12-19 13:58:00,1160.00,1160.00,1160.00,1160.00,0,0
2018-12-19 13:59:00,1160.00,1160.00,1160.00,1160.00,0,0
2018-12-19 14:00:00,1160.00,1160.00,1160.00,1160.00,0,0
2018-12-19 14:01:00,1160.00,1160.00,1160.00,1160.00,0,0
2018-12-19 14:02:00,1160.00,1160.00,1160.00,1160.00,0,0
2018-12-19 14:03:00,1160.00,1160.00,1160.00,1160.00,0,0
2018-12-19 14:04:00,1160.00,1160.00,1160.00,1160.00,0,0
2018-12-19 14:05:00,1160.00,1160.00,1160.00,1160.00,0,0
2018-12-19 14:06:00,1160.00,1160.00,1160.00,1160.00,0,0
2018-12-19 14:07:00,1160.00,1160.00,1160.00,1160.00,0,0
2018-12-19 14:08:00,1160.00,1160.00,1160.00,1160.00,0,0
2018-12-19 14:09:00,1160.00,1160.00,1160.00,1160.00,0,0
2018-12-19 14:10:00,1160.00,1160.00,1160.00,1160.00,0,0
2018-12-19 14:11:00,1160.00,1160.00,1160.00,1160.00,0,0
2018-12-19 14:12:00,1160.00,1160.00,1160.00,1160.00,0,0
2018-12-19 14:13:00,1160.00,1160.00,1160.00,1160.00,0,0
2018-12-19 14:14:00,1160.00,1160.00,1160.00,1160.00,0,0
2018-12-19 14:15:00,1160.00,1160.00,1160.00,1160.00,0,0
2018-12-19 14:16:00,1160.00,1160.00,1160.00,1160.00,0,0
2018-12-19 14:17:00,1160.00,1160.00,1160.00,1160.00,0,0
2018-12-19 14:18:00,1160.00,1160.00,1160.00,1160.00,0,0
2018-12-19 14:19:00,1160.00,1160.00,1160.00,1160.00,0,0
2018-12-19 14:20:00,1160.00,1160.00,1160.00,1160.00,0,0
2018-12-19 14:21:00,1160.00,1160.00,1160.00,1160.00,0,0
2018-12-19 14:22:00,1160.00,1160.00,1160.00,1160.00,0,0
2018-12-19 14:23:00,1160.00,1160.00,1160.00,1160.00,0,0
2018-12-19 14:24:00,1160.00,1160.00,1160.00,1160.00,0,0
2018-12-19 14:25:00,1160.00,1160.00,1160.00,1160.00,0,0
2018-12-19 14:26:00,1160.00,1160.00,1160.00,1160.00,0,0
2018-12-19 14:27:00,1160.00,1160.00,1140.00,1140.00,200,76800
2018-12-19 14:28:00,1140.00,1140.00,1140.00,1140.00,0,0
2018-12-19 14:29:00,1140.00,1140.00,1140.00,1140.00,0,0
2018-12-19 14:30:00,1140.00,1140.00,1140.00,1140.00,0,0
2018-12-19 14:31:00,1140.00,1140.00,1140.00,1140.00,0,0
2018-12-19 14:32:00,1140.00,1140.00,1140.00,1140.00,100,0
2018-12-19 14:33:00,1140.00,1140.00,1130.00,1130.00,100,76800
2018-12-19 14:34:00,1130.00,1130.00,1130.00,1130.00,0,0
2018-12-19 14:35:00,1130.00,1130.00,1130.00,1130.00,0,0
2018-12-19 14:36:00,1130.00,1130.00,1130.00,1130.00,0,0
2018-12-19 14:37:00,1130.00,1130.00,1130.00,1130.00,0,0
2018-12-19 14:38:00,1130.00,1130.00,1130.00,1130.00,0,0
2018-12-19 14:39:00,1130.00,1130.00,1130.00,1130.00,0,0
2018-12-19 14:40:00,1130.00,1140.00,1130.00,1140.00,400,76800
2018-12-19 14:41:00,1140.00,1140.00,1140.00,1140.00,0,0
2018-12-19 14:42:00,1140.00,1140.00,1140.00,1140.00,0,0
2018-12-19 14:43:00,1140.00,1140.00,1140.00,1140.00,0,0
2018-12-19 14:44:00,1140.00,1140.00,1140.00,1140.00,0,0
2018-12-19 14:45:00,1140.00,1140.00,1140.00,1140.00,0,0
2018-12-19 14:46:00,1140.00,1140.00,1140.00,1140.00,0,0
2018-12-19 14:47:00,1140.00,1140.00,1140.00,1140.00,0,0
2018-12-19 14:48:00,1140.00,1140.00,1140.00,1140.00,0,0
2018-12-19 14:49:00,1140.00,1140.00,1140.00,1140.00,0,0
2018-12-19 14:50:00,1140.00,1140.00,1140.00,1140.00,0,0
2018-12-19 14:51:00,1140.00,1140.00,1140.00,1140.00,0,0
2018-12-19 14:52:00,1140.00,1140.00,1140.00,1140.00,0,0
2018-12-19 14:53:00,1140.00,1140.00,1140.00,1140.00,0,0
2018-12-19 14:54:00,1140.00,1140.00,1140.00,1140.00,0,0
2018-12-19 14:55:00,1140.00,1140.00,1140.00,1140.00,0,0
2018-12-19 14:56:00,1140.00,1140.00,1140.00,1140.00,0,0
2018-12-19 14:57:00,1140.00,1140.00,1140.00,1140.00,0,0
2018-12-19 14:58:00,1140.00,1140.00,1130.00,1130.00,100,77200
2018-12-19 14:59:00,1130.00,1130.00,1130.00,1130.00,0,0
2018-12-19 15:00:00,1130.00,1130.00,1130.00,1130.00,0,0
2018-12-19 15:01:00,1130.00,1130.00,1130.00,1130.00,0,0
2018-12-19 15:02:00,1130.00,1130.00,1130.00,1130.00,0,0
2018-12-19 15:03:00,1130.00,1150.00,1130.00,1150.00,20,0
2018-12-19 15:04:00,1150.00,1150.00,1150.00,1150.00,0,0
2018-12-19 15:05:00,1150.00,1150.00,1150.00,1150.00,0,0
2018-12-19 15:06:00,1150.00,1150.00,1148.00,1149.00,60,77300
2018-12-19 15:07:00,1149.00,1149.00,1149.00,1149.00,0,0
2018-12-19 15:08:00,1149.00,1149.00,1149.00,1149.00,0,0
2018-12-19 15:09:00,1149.00,1149.00,1149.00,1149.00,0,0
2018-12-19 15:10:00,1149.00,1149.00,1149.00,1149.00,0,0
2018-12-19 15:11:00,1149.00,1149.00,1140.00,1140.00,20,77340
2018-12-19 15:12:00,1140.00,1140.00,1140.00,1140.00,0,0
2018-12-19 15:13:00,1140.00,1140.00,1140.00,1140.00,0,0
2018-12-19 15:14:00,1140.00,1140.00,1140.00,1140.00,0,0
2018-12-19 15:15:00,1140.00,1140.00,1140.00,1140.00,0,0
2018-12-19 15:16:00,1140.00,1140.00,1140.00,1140.00,0,0
2018-12-19 15:17:00,1140.00,1140.00,1140.00,1140.00,0,0
2018-12-19 15:18:00,1140.00,1140.00,1140.00,1140.00,0,0
2018-12-19 15:19:00,1140.00,1140.00,1140.00,1140.00,0,0
2018-12-19 15:20:00,1140.00,1140.00,1140.00,1140.00,0,0
2018-12-19 15:21:00,1140.00,1140.00,1140.00,1140.00,0,0
2018-12-19 15:22:00,1140.00,1140.00,1140.00,1140.00,0,0
2018-12-19 15:23:00,1140.00,1140.00,1140.00,1140.00,0,0
2018-12-19 15:24:00,1140.00,1140.00,1140.00,1140.00,0,0
2018-12-19 15:25:00,1140.00,1140.00,1133.95,1133.95,100,77340
2018-12-19 15:26:00,1133.95,1133.95,1133.95,1133.95,0,0
2018-12-19 15:27:00,1133.95,1133.95,1133.95,1133.95,0,0
2018-12-19 15:28:00,1133.95,1133.95,1133.95,1133.95,0,0
2018-12-19 15:29:01,1133.95,1133.95,1133.95,1133.95,0,0
2018-12-20 09:21:00,1017.15,1017.15,1017.15,1017.15,0,77340
2018-12-20 09:22:00,1017.15,1017.15,1017.15,1017.15,0,0
2018-12-20 09:23:00,1017.15,1017.15,1017.15,1017.15,0,0
2018-12-20 09:24:00,1017.15,1017.15,1010.00,1010.00,20,77320
2018-12-20 09:25:00,1010.00,1010.00,1010.00,1010.00,0,0
2018-12-20 09:26:00,1010.00,1010.00,1010.00,1010.00,0,0
2018-12-20 09:27:00,1010.00,1010.00,1010.00,1010.00,0,0
2018-12-20 09:28:00,1010.00,1010.00,1010.00,1010.00,0,0
2018-12-20 09:29:00,1010.00,1010.00,1010.00,1010.00,0,0
2018-12-20 09:30:00,1010.00,1033.00,1010.00,1033.00,1020,77320
2018-12-20 09:31:00,1033.00,1034.00,1033.00,1034.00,80,77320
2018-12-20 09:32:00,1034.00,1034.00,1034.00,1034.00,0,0
2018-12-20 09:33:00,1034.00,1034.00,1030.00,1032.00,1040,78420
2018-12-20 09:34:00,1032.00,1036.00,1032.00,1036.00,900,78420
2018-12-20 09:35:00,1036.00,1036.00,1030.00,1030.00,420,80360
2018-12-20 09:36:00,1030.00,1030.00,1028.00,1030.00,380,80360
2018-12-20 09:37:00,1030.00,1034.00,1030.00,1034.00,760,80360
2018-12-20 09:38:00,1034.00,1044.90,1034.00,1044.90,1000,80100
2018-12-20 09:39:00,1044.90,1044.90,1035.00,1035.00,100,80100
2018-12-20 09:40:00,1035.00,1035.00,1032.00,1032.00,20,80100
2018-12-20 09:41:00,1032.00,1032.00,1030.00,1030.00,100,81560
2018-12-20 09:42:00,1030.00,1034.00,1027.00,1034.00,340,81560
2018-12-20 09:43:00,1034.00,1034.00,1034.00,1034.00,680,81560
2018-12-20 09:44:00,1042.00,1042.00,1042.00,1042.00,720,82560
2018-12-20 09:45:00,1042.00,1042.00,1041.00,1041.00,180,82560
2018-12-20 09:46:00,1041.00,1050.00,1041.00,1050.00,1180,84580
2018-12-20 09:47:00,1050.00,1050.00,1050.00,1050.00,840,84580
2018-12-20 09:48:00,1050.00,1055.00,1050.00,1055.00,40,84580
2018-12-20 09:49:00,1055.00,1055.00,1054.00,1054.00,760,86080
2018-12-20 09:50:00,1054.00,1058.00,1054.00,1058.00,980,86080
2018-12-20 09:51:00,1058.00,1065.00,1058.00,1065.00,60,86080
2018-12-20 09:52:00,1065.00,1065.00,1065.00,1065.00,940,86080
2018-12-20 09:53:00,1065.00,1065.00,1065.00,1065.00,0,0
2018-12-20 09:54:00,1065.00,1065.00,1065.00,1065.00,0,0
2018-12-20 09:55:00,1065.00,1065.00,1065.00,1065.00,0,0
2018-12-20 09:56:00,1065.00,1065.00,1065.00,1065.00,0,0
2018-12-20 09:57:00,1065.00,1065.00,1065.00,1065.00,0,0
2018-12-20 09:58:00,1065.00,1065.00,1065.00,1065.00,0,0
2018-12-20 09:59:00,1065.00,1065.00,1060.00,1060.00,60,88560
2018-12-20 10:00:00,1070.00,1070.00,1070.00,1070.00,540,88560
2018-12-20 10:01:00,1070.00,1070.00,1070.00,1070.00,0,0
2018-12-20 10:02:00,1070.00,1070.00,1070.00,1070.00,0,0
2018-12-20 10:03:00,1070.00,1070.00,1070.00,1070.00,0,0
2018-12-20 10:04:00,1070.00,1070.00,1070.00,1070.00,0,0
2018-12-20 10:05:00,1070.00,1075.00,1069.00,1075.00,100,89260
2018-12-20 10:06:00,1075.00,1075.00,1070.00,1070.00,80,89260
2018-12-20 10:07:00,1070.00,1094.35,1070.00,1075.00,180,89620
2018-12-20 10:08:00,1075.00,1075.00,1075.00,1075.00,40,89620
2018-12-20 10:09:00,1075.00,1075.00,1075.00,1075.00,80,89620
2018-12-20 10:10:00,1075.00,1075.00,1075.00,1075.00,20,89620
2018-12-20 10:11:00,1075.00,1075.00,1075.00,1075.00,0,0
2018-12-20 10:12:00,1075.00,1075.00,1060.00,1060.00,20,89720
2018-12-20 10:13:00,1060.00,1060.00,1055.00,1055.00,20,89720
2018-12-20 10:14:00,1055.00,1058.00,1055.00,1058.00,160,89720
2018-12-20 10:15:00,1058.00,1058.00,1057.00,1057.00,220,89720
2018-12-20 10:16:00,1057.00,1057.00,1055.00,1055.00,80,89720
2018-12-20 10:17:00,1055.00,1055.00,1050.00,1050.00,320,90120
2018-12-20 10:18:00,1050.00,1050.00,1050.00,1050.00,0,0
2018-12-20 10:19:00,1050.00,1050.00,1050.00,1050.00,0,0
2018-12-20 10:20:00,1050.00,1052.00,1050.00,1052.00,360,90440
2018-12-20 10:21:00,1052.00,1052.00,1040.00,1049.00,60,90440
2018-12-20 10:22:00,1049.00,1049.00,1040.00,1040.00,20,90800
2018-12-20 10:23:00,1040.00,1040.00,1040.00,1040.00,0,0
2018-12-20 10:24:00,1040.00,1040.00,1040.00,1040.00,0,0
2018-12-20 10:25:00,1040.00,1040.00,1031.00,1031.00,20,90800
2018-12-20 10:26:00,1031.00,1035.00,1030.00,1030.00,40,90800
2018-12-20 10:27:00,1030.00,1030.00,1030.00,1030.00,0,0
2018-12-20 10:28:00,1030.00,1030.00,1020.00,1020.00,20,90800
2018-12-20 10:29:00,1020.00,1020.00,1015.00,1015.00,20,90800
2018-12-20 10:30:00,1015.00,1015.00,1010.00,1010.00,20,90800
2018-12-20 10:31:00,1010.00,1010.00,1010.00,1010.00,0,0
2018-12-20 10:32:00,1010.00,1010.00,1010.00,1010.00,0,0
2018-12-20 10:33:00,1010.00,1010.00,1005.00,1005.00,40,90800
2018-12-20 10:34:00,1005.00,1005.00,999.80,999.90,20,90800
2018-12-20 10:35:00,999.90,1008.55,999.90,1008.55,440,90800
2018-12-20 10:36:00,1008.55,1021.00,1008.55,1021.00,600,90800
2018-12-20 10:37:00,1021.00,1021.00,1021.00,1021.00,0,0
2018-12-20 10:38:00,1021.00,1021.00,1010.00,1010.00,20,91400
2018-12-20 10:39:00,1010.00,1010.00,1010.00,1010.00,0,0
2018-12-20 10:40:00,1010.00,1010.00,1010.00,1010.00,0,0
2018-12-20 10:41:00,1010.00,1010.00,1010.00,1010.00,0,0
2018-12-20 10:42:00,1010.00,1010.00,1010.00,1010.00,0,0
2018-12-20 10:43:00,1010.00,1018.35,1010.00,1018.35,60,91400
2018-12-20 10:44:00,1018.35,1018.35,1010.20,1010.20,60,91420
2018-12-20 10:45:00,1010.20,1010.20,1005.00,1005.00,80,91420
2018-12-20 10:46:00,1005.00,1005.00,1005.00,1005.00,0,0
2018-12-20 10:47:00,1005.00,1005.00,1005.00,1005.00,0,0
2018-12-20 10:48:00,1005.00,1023.00,1005.00,1023.00,40,91380
2018-12-20 10:49:00,1023.00,1024.00,1023.00,1024.00,380,91720
2018-12-20 10:50:00,1016.15,1016.15,1016.15,1016.15,0,91720
2018-12-20 10:51:00,1016.15,1024.00,1016.15,1024.00,480,91720
2018-12-20 10:52:00,1024.00,1024.00,1024.00,1024.00,0,0
2018-12-20 10:53:00,1024.00,1024.00,1024.00,1024.00,0,0
2018-12-20 10:54:00,1024.00,1024.00,1024.00,1024.00,0,0
2018-12-20 10:55:00,1024.00,1024.00,1024.00,1024.00,0,0
2018-12-20 10:56:00,1024.00,1024.00,1024.00,1024.00,0,0
2018-12-20 10:57:00,1024.00,1024.00,1024.00,1024.00,0,0
2018-12-20 10:58:00,1024.00,1024.00,1024.00,1024.00,0,0
2018-12-20 10:59:00,1024.00,1024.00,1022.00,1022.00,20,92380
2018-12-20 11:00:00,1022.00,1022.00,1008.00,1022.00,80,92380
2018-12-20 11:01:00,1022.00,1022.00,1015.00,1015.00,20,92420
2018-12-20 11:02:00,1015.00,1021.25,1015.00,1021.20,400,92420
2018-12-20 11:03:00,1021.20,1023.40,1016.75,1016.85,2640,92420
2018-12-20 11:04:00,1016.85,1016.85,1013.90,1013.90,200,93440
2018-12-20 11:05:00,1013.90,1016.05,1013.90,1016.05,240,93440
2018-12-20 11:06:00,1016.05,1016.05,1012.50,1012.50,220,93440
2018-12-20 11:07:00,1007.95,1007.95,1002.20,1002.20,240,93440
2018-12-20 11:08:00,1002.20,1002.20,1002.20,1002.20,0,0
2018-12-20 11:09:00,1002.20,1002.20,1002.20,1002.20,0,0
2018-12-20 11:10:00,1002.20,1012.00,1002.20,1012.00,1000,93400
2018-12-20 11:11:00,1012.00,1018.00,1012.00,1018.00,1800,94340
2018-12-20 11:12:00,1018.00,1021.15,1018.00,1019.10,1200,94340
2018-12-20 11:13:00,1019.10,1023.00,1019.10,1023.00,800,97940
2018-12-20 11:14:00,1023.00,1031.15,1023.00,1031.15,1800,97940
2018-12-20 11:15:00,1031.15,1031.25,1028.00,1030.00,2920,97940
2018-12-20 11:16:00,1030.00,1040.00,1030.00,1039.40,1400,102340
2018-12-20 11:17:00,1039.40,1039.40,1033.00,1034.00,4100,102340
2018-12-20 11:18:00,1034.00,1036.15,1034.00,1035.00,2040,102340
2018-12-20 11:19:00,1038.00,1041.20,1037.65,1041.20,3140,110080
2018-12-20 11:20:00,1041.20,1044.00,1041.20,1043.60,600,110080
2018-12-20 11:21:00,1043.60,1043.60,1043.60,1043.60,0,0
2018-12-20 11:22:00,1043.60,1043.60,1031.00,1031.00,1680,112060
2018-12-20 11:23:00,1031.00,1034.00,1031.00,1034.00,3260,112060
2018-12-20 11:24:00,1034.00,1034.00,1032.00,1034.00,1640,112060
2018-12-20 11:25:00,1034.00,1040.20,1034.00,1040.00,2000,119600
2018-12-20 11:26:00,1040.00,1047.50,1040.00,1047.50,1200,119600
2018-12-20 11:27:00,1047.50,1047.50,1041.00,1041.00,200,119600
2018-12-20 11:28:00,1041.00,1041.00,1040.00,1040.00,400,119600
2018-12-20 11:29:00,1040.00,1040.00,1040.00,1040.00,0,0
2018-12-20 11:30:00,1040.00,1040.00,1040.00,1040.00,0,0
2018-12-20 11:31:00,1040.00,1040.00,1039.00,1039.00,200,122080
2018-12-20 11:32:00,1039.00,1039.00,1035.00,1035.00,120,122280
2018-12-20 11:33:00,1035.00,1035.00,1035.00,1035.00,80,122280
2018-12-20 11:34:00,1035.00,1035.00,1035.00,1035.00,0,0
2018-12-20 11:35:00,1035.00,1037.00,1035.00,1037.00,40,122380
2018-12-20 11:36:00,1037.00,1037.00,1036.00,1036.00,100,122380
2018-12-20 11:37:00,1036.00,1037.00,1036.00,1037.00,1860,123080
2018-12-20 11:38:00,1037.00,1037.00,1035.00,1035.00,600,123080
2018-12-20 11:39:00,1035.00,1035.00,1030.00,1030.00,660,123080
2018-12-20 11:40:00,1030.00,1036.00,1030.00,1032.20,1100,126900
2018-12-20 11:41:00,1032.20,1032.20,1031.05,1031.05,200,126900
2018-12-20 11:42:00,1031.05,1031.05,1031.05,1031.05,0,0
2018-12-20 11:43:00,1031.05,1031.05,1021.90,1021.90,180,126900
2018-12-20 11:44:00,1021.90,1021.90,1021.90,1021.90,20,126960
2018-12-20 11:45:00,1021.90,1021.90,1020.00,1020.00,820,126960
2018-12-20 11:46:00,1020.00,1028.25,1020.00,1028.25,340,126960
2018-12-20 11:47:00,1028.25,1028.25,1024.85,1027.00,800,127860
2018-12-20 11:48:00,1027.00,1030.00,1027.00,1030.00,1000,127860
2018-12-20 11:49:00,1030.00,1030.15,1030.00,1030.15,200,127860
2018-12-20 11:50:00,1030.15,1030.15,1025.95,1025.95,220,129460
2018-12-20 11:51:00,1025.95,1025.95,1025.95,1025.95,0,0
2018-12-20 11:52:00,1025.95,1025.95,1017.50,1017.50,60,129540
2018-12-20 11:53:00,1017.50,1017.50,1017.50,1017.50,0,0
2018-12-20 11:54:00,1017.50,1019.30,1017.50,1019.30,160,129540
2018-12-20 11:55:00,1019.30,1025.00,1019.30,1025.00,2520,130060
2018-12-20 11:56:00,1025.00,1025.00,1020.00,1021.35,240,130060
2018-12-20 11:57:00,1021.35,1025.00,1020.00,1025.00,2880,130060
2018-12-20 11:58:00,1025.00,1025.00,1025.00,1025.00,1080,130060
2018-12-20 11:59:00,1025.00,1025.00,1025.00,1025.00,0,0
2018-12-20 12:00:00,1025.00,1027.10,1025.00,1027.00,1000,135940
2018-12-20 12:01:00,1027.00,1027.00,1027.00,1027.00,0,0
2018-12-20 12:02:00,1027.00,1030.55,1027.00,1030.55,200,136940
2018-12-20 12:03:00,1030.55,1030.55,1030.55,1030.55,0,0
2018-12-20 12:04:00,1030.55,1030.55,1030.55,1030.55,0,0
2018-12-20 12:05:00,1030.55,1030.55,1024.15,1024.15,200,137080
2018-12-20 12:06:00,1024.15,1024.15,1024.15,1024.15,0,0
2018-12-20 12:07:00,1024.15,1024.15,1024.15,1024.15,0,0
2018-12-20 12:08:00,1024.15,1034.00,1024.15,1034.00,20,137080
2018-12-20 12:09:00,1034.00,1034.15,1032.25,1032.25,60,137080
2018-12-20 12:10:00,1032.25,1032.25,1032.25,1032.25,0,0
2018-12-20 12:11:00,1032.25,1038.15,1032.25,1038.15,220,137060
2018-12-20 12:12:00,1038.15,1038.15,1038.15,1038.15,0,0
2018-12-20 12:13:00,1038.15,1038.15,1038.00,1038.00,1000,137040
2018-12-20 12:14:00,1038.00,1038.00,1038.00,1038.00,0,0
2018-12-20 12:15:00,1038.00,1040.00,1038.00,1040.00,800,137040
2018-12-20 12:16:00,1040.00,1040.00,1040.00,1040.00,0,0
2018-12-20 12:17:00,1040.00,1042.00,1040.00,1042.00,840,138300
2018-12-20 12:18:00,1042.00,1047.05,1042.00,1047.05,200,138300
2018-12-20 12:19:00,1047.05,1047.05,1047.05,1047.05,0,0
2018-12-20 12:20:00,1047.05,1062.00,1047.05,1062.00,1000,138940
2018-12-20 12:21:00,1062.00,1066.85,1062.00,1062.20,440,138940
2018-12-20 12:22:00,1062.20,1062.20,1062.20,1062.20,0,0
2018-12-20 12:23:00,1062.20,1062.20,1062.20,1062.20,0,0
2018-12-20 12:24:00,1062.20,1062.20,1060.00,1060.00,40,139940
2018-12-20 12:25:00,1060.00,1064.00,1060.00,1064.00,840,140940
2018-12-20 12:26:00,1064.00,1064.00,1064.00,1064.00,40,140940
2018-12-20 12:27:00,1064.00,1064.00,1064.00,1064.00,0,0
2018-12-20 12:28:00,1064.00,1064.00,1063.85,1063.85,640,141340
2018-12-20 12:29:00,1063.85,1065.15,1063.85,1065.15,100,141340
2018-12-20 12:30:00,1065.15,1065.15,1065.15,1065.15,0,0
2018-12-20 12:31:00,1065.15,1065.15,1065.15,1065.15,0,0
2018-12-20 12:32:00,1065.15,1070.00,1065.15,1070.00,1000,141960
2018-12-20 12:33:00,1070.00,1070.15,1068.30,1068.30,600,141960
2018-12-20 12:34:00,1068.30,1068.35,1066.90,1067.00,1080,141960
2018-12-20 12:35:00,1067.00,1067.00,1064.90,1064.90,40,143820
2018-12-20 12:36:00,1064.90,1068.00,1064.90,1067.15,220,143820
2018-12-20 12:37:00,1067.15,1067.15,1067.15,1067.15,0,0
2018-12-20 12:38:00,1067.15,1068.60,1066.40,1066.40,420,143900
2018-12-20 12:39:00,1066.40,1066.40,1066.40,1066.40,0,0
2018-12-20 12:40:00,1066.40,1066.40,1057.00,1057.00,20,143900
2018-12-20 12:41:00,1057.00,1057.00,1057.00,1057.00,0,0
2018-12-20 12:42:00,1057.00,1062.65,1057.00,1062.00,3620,144120
2018-12-20 12:43:00,1062.00,1062.70,1061.90,1062.70,1020,147960
2018-12-20 12:44:00,1062.70,1062.70,1060.45,1060.45,880,147960
2018-12-20 12:45:00,1060.45,1060.45,1056.70,1056.75,400,147960
2018-12-20 12:46:00,1056.75,1066.05,1056.75,1061.90,2740,149560
2018-12-20 12:47:00,1061.90,1073.75,1061.90,1069.80,2320,149560
2018-12-20 12:48:00,1069.80,1077.00,1069.80,1072.45,1640,149560
2018-12-20 12:49:00,1072.45,1083.15,1072.45,1083.15,960,154640
2018-12-20 12:50:00,1083.15,1085.00,1079.95,1079.95,1460,154640
2018-12-20 12:51:00,1079.95,1079.95,1079.95,1079.95,0,0
2018-12-20 12:52:00,1079.95,1079.95,1079.95,1079.95,0,0
2018-12-20 12:53:00,1079.95,1079.95,1079.95,1079.95,0,0
2018-12-20 12:54:00,1079.95,1085.00,1079.95,1085.00,400,155960
2018-12-20 12:55:00,1085.00,1085.00,1081.55,1081.55,180,156700
2018-12-20 12:56:00,1081.55,1083.00,1081.55,1083.00,260,156700
2018-12-20 12:57:00,1083.00,1090.00,1083.00,1090.00,200,156700
2018-12-20 12:58:00,1090.00,1100.15,1090.00,1100.15,820,157160
2018-12-20 12:59:00,1100.15,1106.05,1092.55,1106.05,1740,157160
2018-12-20 13:00:00,1105.95,1114.05,1105.95,1109.20,1220,157160
2018-12-20 13:01:00,1109.20,1109.20,1109.20,1109.20,0,0
2018-12-20 13:02:00,1109.20,1109.20,1109.20,1109.20,0,0
2018-12-20 13:03:00,1109.20,1109.20,1109.20,1109.20,0,0
2018-12-20 13:04:00,1109.20,1109.20,1109.20,1109.20,0,0
2018-12-20 13:05:00,1109.20,1109.20,1109.20,1109.20,0,0
2018-12-20 13:06:00,1109.20,1109.20,1109.20,1109.20,0,0
2018-12-20 13:07:00,1109.20,1109.20,1098.60,1098.60,20,159960
2018-12-20 13:08:00,1098.60,1098.60,1098.60,1098.60,0,0
2018-12-20 13:09:00,1098.60,1098.60,1098.60,1098.60,0,0
2018-12-20 13:10:00,1098.60,1098.60,1098.60,1098.60,0,0
2018-12-20 13:11:00,1098.60,1098.60,1098.60,1098.60,0,0
2018-12-20 13:12:00,1098.60,1098.60,1098.60,1098.60,0,0
2018-12-20 13:13:00,1098.60,1098.60,1098.60,1098.60,0,0
2018-12-20 13:14:00,1098.60,1098.60,1083.05,1083.05,60,159960
2018-12-20 13:15:00,1083.05,1085.25,1083.05,1085.25,140,159960
2018-12-20 13:16:00,1085.25,1085.25,1085.25,1085.25,0,0
2018-12-20 13:17:00,1085.25,1085.25,1085.25,1085.25,0,0
2018-12-20 13:18:00,1085.25,1085.25,1085.25,1085.25,0,0
2018-12-20 13:19:00,1085.25,1085.25,1085.25,1085.25,0,0
2018-12-20 13:20:00,1085.25,1085.25,1085.25,1085.25,0,0
2018-12-20 13:21:00,1085.25,1085.25,1085.25,1085.25,0,0
2018-12-20 13:22:00,1085.25,1085.25,1085.25,1085.25,0,0
2018-12-20 13:23:00,1085.25,1085.25,1085.25,1085.25,0,0
2018-12-20 13:24:00,1085.25,1085.25,1060.00,1060.00,200,159980
2018-12-20 13:25:00,1060.00,1060.00,1060.00,1060.00,0,0
2018-12-20 13:26:00,1060.00,1060.00,1060.00,1060.00,0,0
2018-12-20 13:27:00,1060.00,1060.00,1060.00,1060.00,0,0
2018-12-20 13:28:00,1060.00,1060.00,1060.00,1060.00,0,0
2018-12-20 13:29:00,1060.00,1060.00,1060.00,1060.00,0,0
2018-12-20 13:30:00,1060.00,1060.00,1060.00,1060.00,60,160180
2018-12-20 13:31:00,1060.00,1060.00,1060.00,1060.00,0,0
2018-12-20 13:32:00,1060.00,1060.00,1060.00,1060.00,0,0
2018-12-20 13:33:00,1060.00,1060.00,1059.95,1060.00,60,160140
2018-12-20 13:34:00,1060.00,1060.00,1060.00,1060.00,0,0
2018-12-20 13:35:00,1060.00,1060.00,1060.00,1060.00,0,0
2018-12-20 13:36:00,1060.00,1060.00,1060.00,1060.00,0,0
2018-12-20 13:37:00,1060.00,1060.00,1060.00,1060.00,0,0
2018-12-20 13:38:00,1060.00,1060.00,1060.00,1060.00,0,0
2018-12-20 13:39:00,1060.00,1060.00,1060.00,1060.00,0,0
2018-12-20 13:40:00,1060.00,1060.00,1060.00,1060.00,0,0
2018-12-20 13:41:00,1060.00,1060.00,1060.00,1060.00,0,0
2018-12-20 13:42:00,1060.00,1060.00,1060.00,1060.00,0,0
2018-12-20 13:43:00,1060.00,1060.00,1060.00,1060.00,0,0
2018-12-20 13:44:00,1060.00,1060.00,1060.00,1060.00,0,0
2018-12-20 13:45:00,1060.00,1060.00,1060.00,1060.00,0,0
2018-12-20 13:46:00,1060.00,1060.00,1060.00,1060.00,0,0
2018-12-20 13:47:00,1060.00,1060.00,1060.00,1060.00,0,0
2018-12-20 13:48:00,1060.00,1060.00,1047.80,1058.30,280,160180
2018-12-20 13:49:00,1058.30,1073.60,1049.00,1049.00,300,160180
2018-12-20 13:50:00,1049.00,1049.00,1049.00,1049.00,0,0
2018-12-20 13:51:00,1049.00,1049.00,1049.00,1049.00,0,0
2018-12-20 13:52:00,1049.00,1049.00,1049.00,1049.00,0,0
2018-12-20 13:53:00,1049.00,1049.00,1049.00,1049.00,0,0
2018-12-20 13:54:00,1049.00,1049.00,1049.00,1049.00,0,0
2018-12-20 13:55:00,1049.00,1070.00,1049.00,1062.85,260,159680
2018-12-20 13:56:00,1062.85,1062.85,1062.85,1062.85,0,0
2018-12-20 13:57:00,1062.85,1062.85,1062.85,1062.85,0,0
2018-12-20 13:58:00,1062.85,1062.85,1050.00,1050.00,20,159700
2018-12-20 13:59:00,1050.00,1050.00,1050.00,1050.00,0,0
2018-12-20 14:00:00,1050.00,1060.00,1050.00,1060.00,20,159700
2018-12-20 14:01:00,1060.00,1062.25,1052.20,1053.05,540,159700
2018-12-20 14:02:00,1053.05,1054.70,1053.00,1054.70,420,159960
2018-12-20 14:03:00,1054.70,1055.00,1051.50,1055.00,80,159960
2018-12-20 14:04:00,1055.00,1063.55,1054.50,1063.55,1180,160740
2018-12-20 14:05:00,1063.55,1064.90,1063.55,1064.90,400,160740
2018-12-20 14:06:00,1064.90,1065.35,1064.90,1065.35,140,160740
2018-12-20 14:07:00,1065.35,1065.35,1065.35,1065.35,0,0
2018-12-20 14:08:00,1065.35,1065.35,1065.35,1065.35,0,0
2018-12-20 14:09:00,1065.35,1065.35,1065.35,1065.35,0,0
2018-12-20 14:10:00,1065.35,1080.00,1062.00,1079.10,520,161660
2018-12-20 14:11:00,1079.10,1079.10,1074.20,1074.20,100,161660
2018-12-20 14:12:00,1074.20,1086.80,1074.20,1085.30,1760,161660
2018-12-20 14:13:00,1085.30,1085.30,1084.10,1084.10,120,161660
2018-12-20 14:14:00,1084.10,1086.05,1084.10,1086.05,40,0
2018-12-20 14:15:00,1086.05,1090.00,1086.05,1090.00,1040,162960
2018-12-20 14:16:00,1090.00,1090.00,1090.00,1090.00,0,0
2018-12-20 14:17:00,1090.00,1090.00,1090.00,1090.00,0,0
2018-12-20 14:18:00,1090.00,1090.00,1090.00,1090.00,0,0
2018-12-20 14:19:00,1090.00,1110.00,1090.00,1110.00,1280,164320
2018-12-20 14:20:00,1110.00,1110.00,1110.00,1110.00,140,164320
2018-12-20 14:21:00,1110.00,1110.00,1093.55,1093.55,20,164320
2018-12-20 14:22:00,1093.55,1100.00,1093.55,1100.00,20,0
2018-12-20 14:23:00,1100.00,1100.00,1100.00,1100.00,0,0
2018-12-20 14:24:00,1100.00,1100.00,1100.00,1100.00,0,0
2018-12-20 14:25:00,1100.00,1100.00,1100.00,1100.00,0,0
2018-12-20 14:26:00,1100.00,1100.00,1078.45,1078.45,240,165040
2018-12-20 14:27:00,1074.65,1074.65,1074.65,1074.65,0,0
2018-12-20 14:28:00,1074.65,1074.65,1074.65,1074.65,0,0
2018-12-20 14:29:00,1074.65,1074.65,1074.65,1074.65,0,0
2018-12-20 14:30:00,1074.65,1074.65,1074.65,1074.65,0,0
2018-12-20 14:31:00,1074.65,1074.65,1074.65,1074.65,0,0
2018-12-20 14:32:00,1074.65,1074.65,1074.65,1074.65,0,0
2018-12-20 14:33:00,1074.65,1074.65,1074.65,1074.65,0,0
2018-12-20 14:34:00,1074.65,1074.65,1074.65,1074.65,0,0
2018-12-20 14:35:00,1074.65,1074.65,1074.65,1074.65,0,0
2018-12-20 14:36:00,1074.65,1074.65,1074.65,1074.65,0,0
2018-12-20 14:37:00,1074.65,1074.65,1074.65,1074.65,0,0
2018-12-20 14:38:00,1074.65,1074.65,1074.65,1074.65,0,0
2018-12-20 14:39:00,1074.65,1074.65,1074.65,1074.65,0,0
2018-12-20 14:40:00,1074.65,1074.65,1074.65,1074.65,0,0
2018-12-20 14:41:00,1074.65,1074.65,1074.65,1074.65,0,0
2018-12-20 14:42:00,1074.65,1074.65,1074.65,1074.65,0,0
2018-12-20 14:43:00,1074.65,1074.70,1074.65,1074.65,1020,165040
2018-12-20 14:44:00,1074.65,1074.65,1074.65,1074.65,0,0
2018-12-20 14:45:00,1074.65,1074.65,1074.65,1074.65,0,0
2018-12-20 14:46:00,1074.65,1074.65,1074.65,1074.65,0,0
2018-12-20 14:47:00,1074.65,1074.65,1074.65,1074.65,0,0
2018-12-20 14:48:00,1074.65,1074.65,1074.65,1074.65,0,0
2018-12-20 14:49:00,1074.65,1074.65,1074.65,1074.65,0,0
2018-12-20 14:50:00,1074.65,1084.70,1074.65,1084.70,20,164260
2018-12-20 14:51:00,1084.70,1084.70,1084.70,1084.70,0,0
2018-12-20 14:52:00,1084.70,1084.70,1084.70,1084.70,0,0
2018-12-20 14:53:00,1084.70,1084.70,1084.70,1084.70,0,0
2018-12-20 14:54:00,1084.70,1084.70,1084.70,1084.70,0,0
2018-12-20 14:55:00,1084.70,1084.70,1084.70,1084.70,0,0
2018-12-20 14:56:00,1084.70,1084.70,1084.70,1084.70,0,0
2018-12-20 14:57:00,1084.70,1098.30,1084.70,1098.30,20,164260
2018-12-20 14:58:00,1098.30,1098.30,1098.30,1098.30,0,0
2018-12-20 14:59:00,1098.30,1098.30,1098.30,1098.30,0,0
2018-12-20 15:00:00,1098.30,1098.30,1098.30,1098.30,0,0
2018-12-20 15:01:00,1098.30,1098.30,1098.30,1098.30,0,0
2018-12-20 15:02:00,1098.30,1098.30,1098.30,1098.30,0,0
2018-12-20 15:03:00,1098.30,1098.30,1098.30,1098.30,0,0
2018-12-20 15:04:00,1098.30,1098.30,1098.30,1098.30,0,0
2018-12-20 15:05:00,1098.30,1098.30,1098.30,1098.30,0,0
2018-12-20 15:06:00,1098.30,1098.30,1098.30,1098.30,0,0
2018-12-20 15:07:00,1098.30,1098.30,1098.30,1098.30,0,0
2018-12-20 15:08:00,1098.30,1098.30,1098.30,1098.30,0,0
2018-12-20 15:09:00,1098.30,1100.00,1098.30,1100.00,1300,164240
2018-12-20 15:10:00,1100.00,1100.00,1100.00,1100.00,0,0
2018-12-20 15:11:00,1100.00,1110.00,1100.00,1110.00,1080,165320
2018-12-20 15:12:00,1110.00,1115.00,1110.00,1115.00,20,165320
2018-12-20 15:13:00,1115.00,1120.00,1115.00,1120.00,860,166820
2018-12-20 15:14:00,1120.00,1120.00,1120.00,1120.00,0,0
2018-12-20 15:15:00,1120.00,1130.00,1120.00,1130.00,1000,166820
2018-12-20 15:16:00,1130.00,1130.00,1130.00,1130.00,0,0
2018-12-20 15:17:00,1130.00,1140.00,1130.00,1140.00,260,168400
2018-12-20 15:18:00,1140.00,1140.00,1132.80,1132.80,140,168400
2018-12-20 15:19:00,1132.80,1132.80,1132.80,1132.80,0,0
2018-12-20 15:20:00,1132.80,1132.80,1132.80,1132.80,0,0
2018-12-20 15:21:00,1132.80,1132.80,1132.80,1132.80,0,0
2018-12-20 15:22:00,1132.80,1132.80,1132.80,1132.80,0,0
2018-12-20 15:23:00,1132.80,1139.95,1132.80,1139.90,2420,168640
2018-12-20 15:24:00,1139.90,1139.90,1139.90,1139.90,0,0
2018-12-20 15:25:00,1139.90,1139.90,1139.90,1139.90,0,0
2018-12-20 15:26:00,1139.90,1140.00,1139.90,1140.00,360,168740
2018-12-20 15:27:00,1139.95,1140.00,1139.95,1140.00,480,168740
2018-12-20 15:28:00,1140.00,1140.00,1140.00,1140.00,0,0
2018-12-20 15:29:01,1140.00,1145.00,1140.00,1145.00,2020,169500
2018-12-21 09:23:00,1135.00,1135.00,1135.00,1135.00,320,171500
2018-12-21 09:24:00,1135.00,1135.00,1135.00,1135.00,0,0
2018-12-21 09:25:00,1135.00,1135.00,1135.00,1135.00,0,0
2018-12-21 09:26:00,1135.00,1135.00,1135.00,1135.00,0,0
2018-12-21 09:27:00,1135.00,1135.00,1135.00,1135.00,0,0
2018-12-21 09:28:00,1135.00,1135.00,1135.00,1135.00,0,0
2018-12-21 09:29:00,1135.00,1142.00,1135.00,1142.00,20,171900
2018-12-21 09:30:00,1142.00,1155.00,1142.00,1155.00,20,171900
2018-12-21 09:31:00,1155.00,1155.00,1155.00,1155.00,0,0
2018-12-21 09:32:00,1155.00,1155.00,1155.00,1155.00,0,0
2018-12-21 09:33:00,1155.00,1155.00,1155.00,1155.00,0,0
2018-12-21 09:34:00,1155.00,1155.00,1155.00,1155.00,0,0
2018-12-21 09:35:00,1155.00,1155.00,1155.00,1155.00,0,0
2018-12-21 09:36:00,1155.00,1155.00,1155.00,1155.00,0,0
2018-12-21 09:37:00,1155.00,1155.00,1155.00,1155.00,0,0
2018-12-21 09:38:00,1155.00,1155.00,1155.00,1155.00,0,0
2018-12-21 09:39:00,1155.00,1155.00,1155.00,1155.00,0,0
2018-12-21 09:40:00,1155.00,1155.00,1155.00,1155.00,0,0
2018-12-21 09:41:00,1155.00,1155.00,1155.00,1155.00,0,0
2018-12-21 09:42:00,1155.00,1155.00,1155.00,1155.00,0,0
2018-12-21 09:43:00,1155.00,1155.00,1155.00,1155.00,0,0
2018-12-21 09:44:00,1155.00,1155.00,1155.00,1155.00,0,0
2018-12-21 09:45:00,1155.00,1155.00,1155.00,1155.00,0,0
2018-12-21 09:46:00,1155.00,1155.00,1155.00,1155.00,0,0
2018-12-21 09:47:00,1155.00,1155.00,1155.00,1155.00,0,0
2018-12-21 09:48:00,1155.00,1155.00,1155.00,1155.00,0,0
2018-12-21 09:49:00,1155.00,1155.00,1155.00,1155.00,0,0
2018-12-21 09:50:00,1155.00,1155.00,1155.00,1155.00,0,0
2018-12-21 09:51:00,1155.00,1155.00,1155.00,1155.00,0,0
2018-12-21 09:52:00,1155.00,1155.00,1155.00,1155.00,0,0
2018-12-21 09:53:00,1155.00,1155.00,1155.00,1155.00,0,0
2018-12-21 09:54:00,1155.00,1155.00,1155.00,1155.00,0,0
2018-12-21 09:55:00,1155.00,1155.00,1155.00,1155.00,0,0
2018-12-21 09:56:00,1155.00,1155.00,1155.00,1155.00,0,0
2018-12-21 09:57:00,1155.00,1155.00,1155.00,1155.00,0,0
2018-12-21 09:58:00,1155.00,1155.00,1155.00,1155.00,0,0
2018-12-21 09:59:00,1155.00,1155.00,1155.00,1155.00,0,0
2018-12-21 10:00:00,1155.00,1155.00,1155.00,1155.00,0,0
2018-12-21 10:01:00,1155.00,1155.00,1155.00,1155.00,0,0
2018-12-21 10:02:00,1155.00,1155.00,1155.00,1155.00,0,0
2018-12-21 10:03:00,1155.00,1155.00,1155.00,1155.00,0,0
2018-12-21 10:04:00,1155.00,1155.00,1155.00,1155.00,0,0
2018-12-21 10:05:00,1155.00,1155.00,1155.00,1155.00,0,0
2018-12-21 10:06:00,1155.00,1155.00,1155.00,1155.00,0,0
2018-12-21 10:07:00,1155.00,1155.00,1155.00,1155.00,0,0
2018-12-21 10:08:00,1155.00,1155.00,1155.00,1155.00,0,0
2018-12-21 10:09:00,1155.00,1155.00,1155.00,1155.00,0,0
2018-12-21 10:10:00,1155.00,1155.00,1155.00,1155.00,0,0
2018-12-21 10:11:00,1155.00,1155.00,1155.00,1155.00,0,0
2018-12-21 10:12:00,1155.00,1155.00,1155.00,1155.00,0,0
2018-12-21 10:13:00,1155.00,1155.00,1155.00,1155.00,0,0
2018-12-21 10:14:00,1155.00,1155.00,1155.00,1155.00,0,0
2018-12-21 10:15:00,1155.00,1155.00,1155.00,1155.00,0,0
2018-12-21 10:16:00,1155.00,1155.00,1155.00,1155.00,0,0
2018-12-21 10:17:00,1155.00,1155.00,1155.00,1155.00,0,0
2018-12-21 10:18:00,1155.00,1155.00,1155.00,1155.00,0,0
2018-12-21 10:19:00,1155.00,1155.00,1050.00,1050.00,120,171900
2018-12-21 10:20:00,1050.00,1050.00,1050.00,1050.00,0,0
2018-12-21 10:21:00,1050.00,1050.00,1050.00,1050.00,0,0
2018-12-21 10:22:00,1050.00,1050.00,1017.15,1017.15,20,171900
2018-12-21 10:23:00,1017.15,1017.15,1000.00,1000.00,80,171880
2018-12-21 10:24:00,1000.00,1000.00,985.00,999.15,140,171880
2018-12-21 10:25:00,999.15,999.15,999.15,999.15,0,0
2018-12-21 10:26:00,999.15,999.15,999.15,999.15,0,0
2018-12-21 10:27:00,999.15,999.15,999.15,999.15,0,0
2018-12-21 10:28:00,999.15,1020.00,999.15,1020.00,360,171860
2018-12-21 10:29:00,1020.00,1020.00,1020.00,1020.00,0,0
2018-12-21 10:30:00,1020.00,1020.00,999.00,999.00,60,172860
2018-12-21 10:31:00,999.00,999.00,979.85,981.05,220,172860
2018-12-21 10:32:00,981.05,981.05,980.00,980.00,20,172860
2018-12-21 10:33:00,980.00,980.00,980.00,980.00,0,0
2018-12-21 10:34:00,1000.00,1000.00,1000.00,1000.00,0,172860
2018-12-21 10:35:00,1000.00,1000.00,1000.00,1000.00,0,0
2018-12-21 10:36:00,1000.00,1000.00,1000.00,1000.00,0,0
2018-12-21 10:37:00,1000.00,1000.00,1000.00,1000.00,0,0
2018-12-21 10:38:00,1000.00,1000.00,1000.00,1000.00,0,0
2018-12-21 10:39:00,1000.00,1000.00,1000.00,1000.00,0,0
2018-12-21 10:40:00,1000.00,1000.00,1000.00,1000.00,0,0
2018-12-21 10:41:00,1000.00,1000.00,963.60,963.60,20,173640
2018-12-21 10:42:00,963.60,963.60,963.60,963.60,0,0
2018-12-21 10:43:00,963.60,963.60,963.60,963.60,0,0
2018-12-21 10:44:00,963.60,1000.00,963.60,1000.00,240,173640
2018-12-21 10:45:00,1000.00,1004.00,1000.00,1003.95,100,173640
2018-12-21 10:46:00,1003.95,1004.00,988.70,988.70,200,173640
2018-12-21 10:47:00,988.70,988.70,988.70,988.70,0,0
2018-12-21 10:48:00,988.70,990.00,988.70,990.00,20,174180
2018-12-21 10:49:00,990.00,990.00,990.00,990.00,0,0
2018-12-21 10:50:00,990.00,990.00,990.00,990.00,0,0
2018-12-21 10:51:00,990.00,990.00,990.00,990.00,0,0
2018-12-21 10:52:00,990.00,990.00,990.00,990.00,0,0
2018-12-21 10:53:00,990.00,990.00,990.00,990.00,0,0
2018-12-21 10:54:00,990.00,990.00,990.00,990.00,0,0
2018-12-21 10:55:00,990.00,990.00,990.00,990.00,0,0
2018-12-21 10:56:00,990.00,990.00,990.00,990.00,20,174180
2018-12-21 10:57:00,990.00,990.00,990.00,990.00,0,0
2018-12-21 10:58:00,990.00,990.00,990.00,990.00,0,0
2018-12-21 10:59:00,990.00,990.00,980.00,980.00,20,174180
2018-12-21 11:00:00,980.00,998.25,980.00,998.25,40,174180
2018-12-21 11:01:00,998.25,998.25,998.25,998.25,0,0
2018-12-21 11:02:00,998.25,998.25,998.25,998.25,0,0
2018-12-21 11:03:00,998.25,998.25,998.25,998.25,0,0
2018-12-21 11:04:00,998.25,998.25,998.25,998.25,0,0
2018-12-21 11:05:00,998.25,998.25,970.00,970.00,40,174180
2018-12-21 11:06:00,970.00,970.00,970.00,970.00,0,0
2018-12-21 11:07:00,970.00,970.00,970.00,970.00,0,0
2018-12-21 11:08:00,970.00,970.00,970.00,970.00,0,0
2018-12-21 11:09:00,970.00,970.00,970.00,970.00,0,0
2018-12-21 11:10:00,970.00,970.00,970.00,970.00,0,0
2018-12-21 11:11:00,970.00,970.00,970.00,970.00,0,0
2018-12-21 11:12:00,970.00,970.00,970.00,970.00,0,0
2018-12-21 11:13:00,970.00,970.00,969.60,969.60,20,174220
2018-12-21 11:14:00,969.60,980.00,969.60,980.00,60,174240
2018-12-21 11:15:00,980.00,980.00,980.00,980.00,0,0
2018-12-21 11:16:00,980.00,980.00,980.00,980.00,0,0
2018-12-21 11:17:00,980.00,980.00,980.00,980.00,0,0
2018-12-21 11:18:00,980.00,980.00,980.00,980.00,0,0
2018-12-21 11:19:00,980.00,980.00,980.00,980.00,0,0
2018-12-21 11:20:00,980.00,980.00,980.00,980.00,0,0
2018-12-21 11:21:00,980.00,980.00,980.00,980.00,40,174260
2018-12-21 11:22:00,980.00,988.00,980.00,988.00,140,174260
2018-12-21 11:23:00,988.00,988.00,988.00,988.00,0,0
2018-12-21 11:24:00,988.00,996.00,988.00,996.00,80,174300
2018-12-21 11:25:00,996.00,996.00,982.70,995.00,300,174300
2018-12-21 11:26:00,995.00,996.00,995.00,996.00,40,174300
2018-12-21 11:27:00,996.00,996.00,991.45,991.45,200,174300
2018-12-21 11:28:00,991.45,991.45,988.10,988.10,200,174300
2018-12-21 11:29:00,988.10,988.10,987.20,987.20,200,174300
2018-12-21 11:30:00,987.20,993.60,987.20,988.35,220,174380
2018-12-21 11:31:00,988.35,988.35,988.35,988.35,0,0
2018-12-21 11:32:00,988.35,988.35,988.35,988.35,0,0
2018-12-21 11:33:00,988.35,988.35,988.35,988.35,0,0
2018-12-21 11:34:00,988.35,988.35,988.35,988.35,0,0
2018-12-21 11:35:00,988.35,988.35,988.35,988.35,0,0
2018-12-21 11:36:00,988.35,988.35,988.35,988.35,0,0
2018-12-21 11:37:00,988.35,988.35,988.35,988.35,0,0
2018-12-21 11:38:00,988.35,988.35,988.35,988.35,0,174420
2018-12-21 11:39:00,988.35,988.35,988.35,988.35,0,0
2018-12-21 11:40:00,988.35,988.35,983.75,983.75,20,174420
2018-12-21 11:41:00,983.75,983.75,982.55,982.55,20,174400
2018-12-21 11:42:00,982.55,982.55,982.55,982.55,0,0
2018-12-21 11:43:00,982.55,982.55,982.55,982.55,0,0
2018-12-21 11:44:00,982.55,982.55,982.55,982.55,0,0
2018-12-21 11:45:00,982.55,982.55,950.00,950.00,20,174400
2018-12-21 11:46:00,950.00,950.00,950.00,950.00,0,0
2018-12-21 11:47:00,950.00,950.00,944.90,944.90,200,174420
2018-12-21 11:48:00,944.90,944.90,944.90,944.90,0,0
2018-12-21 11:49:00,944.90,944.90,944.90,944.90,0,0
2018-12-21 11:50:00,944.90,944.90,944.90,944.90,0,0
2018-12-21 11:51:00,944.90,944.90,944.90,944.90,0,0
2018-12-21 11:52:00,944.90,944.90,944.90,944.90,0,0
2018-12-21 11:53:00,944.90,944.90,944.90,944.90,0,0
2018-12-21 11:54:00,944.90,944.90,944.90,944.90,0,0
2018-12-21 11:55:00,944.90,944.90,944.90,944.90,0,0
2018-12-21 11:56:00,944.90,944.90,944.90,944.90,0,0
2018-12-21 11:57:00,944.90,944.90,944.90,944.90,0,0
2018-12-21 11:58:00,944.90,944.90,944.90,944.90,0,0
2018-12-21 11:59:00,944.90,944.90,944.90,944.90,0,0
2018-12-21 12:00:00,944.90,944.90,944.90,944.90,0,0
2018-12-21 12:01:00,944.90,944.90,944.90,944.90,0,0
2018-12-21 12:02:00,944.90,944.90,944.90,944.90,0,0
2018-12-21 12:03:00,944.90,944.90,944.90,944.90,0,0
2018-12-21 12:04:00,944.90,944.90,944.90,944.90,0,0
2018-12-21 12:05:00,944.90,944.90,944.90,944.90,0,0
2018-12-21 12:06:00,944.90,944.90,944.90,944.90,0,0
2018-12-21 12:07:00,944.90,944.90,944.90,944.90,0,0
2018-12-21 12:08:00,944.90,944.90,944.90,944.90,0,0
2018-12-21 12:09:00,944.90,944.90,944.90,944.90,0,0
2018-12-21 12:10:00,944.90,944.90,944.90,944.90,0,0
2018-12-21 12:11:00,944.90,944.90,944.90,944.90,0,0
2018-12-21 12:14:00,944.90,944.90,944.90,944.90,0,0
2018-12-21 12:15:00,944.90,944.90,944.90,944.90,0,0
2018-12-21 12:16:00,944.90,944.90,944.90,944.90,0,0
2018-12-21 12:17:00,944.90,944.90,944.90,944.90,0,0
2018-12-21 12:18:00,944.90,944.90,944.90,944.90,0,0
2018-12-21 12:19:00,944.90,944.90,944.90,944.90,0,0
2018-12-21 12:20:00,944.90,944.90,944.90,944.90,0,0
2018-12-21 12:21:00,944.90,944.90,944.90,944.90,0,0
2018-12-21 12:22:00,944.90,944.90,944.90,944.90,0,0
2018-12-21 12:23:00,944.90,944.90,944.90,944.90,0,0
2018-12-21 12:24:00,944.90,944.90,944.90,944.90,0,0
2018-12-21 12:25:00,944.90,944.90,944.90,944.90,0,0
2018-12-21 12:26:00,944.90,964.00,944.90,964.00,1460,174520
2018-12-21 12:27:00,964.00,968.00,964.00,968.00,1680,174520
2018-12-21 12:28:00,968.00,968.00,968.00,968.00,0,0
2018-12-21 12:29:00,968.00,968.00,968.00,968.00,0,0
2018-12-21 12:30:00,968.00,970.00,968.00,970.00,300,177740
2018-12-21 12:31:00,975.00,980.00,970.35,970.35,1820,177740
2018-12-21 12:32:00,970.35,985.00,970.35,983.20,560,180020
2018-12-21 12:33:00,983.20,983.20,979.80,979.80,400,180020
2018-12-21 12:34:00,979.80,979.80,975.85,975.85,180,180020
2018-12-21 12:35:00,975.85,975.85,975.85,975.85,0,0
2018-12-21 12:36:00,975.85,975.85,975.85,975.85,0,0
2018-12-21 12:37:00,975.85,975.85,975.85,975.85,0,0
2018-12-21 12:38:00,975.85,975.85,975.85,975.85,0,0
2018-12-21 12:39:00,975.85,975.85,970.00,970.00,20,180240
2018-12-21 12:40:00,970.00,970.25,970.00,970.25,100,180240
2018-12-21 12:41:00,970.25,970.25,970.25,970.25,0,0
2018-12-21 12:42:00,970.25,970.25,970.25,970.25,0,0
2018-12-21 12:43:00,970.25,970.25,970.25,970.25,0,0
2018-12-21 12:44:00,970.25,970.25,970.25,970.25,0,0
2018-12-21 12:45:00,970.25,970.25,970.25,970.25,0,0
2018-12-21 12:46:00,970.25,970.25,970.25,970.25,0,0
2018-12-21 12:47:00,970.25,970.25,960.90,960.90,20,180220
2018-12-21 12:48:00,960.90,960.90,960.90,960.90,0,0
2018-12-21 12:49:00,960.90,960.90,960.90,960.90,0,0
2018-12-21 12:50:00,960.90,960.90,960.90,960.90,0,0
2018-12-21 12:51:00,960.90,960.90,960.90,960.90,0,0
2018-12-21 12:52:00,960.90,960.90,960.90,960.90,0,0
2018-12-21 12:53:00,960.90,960.90,960.90,960.90,0,0
2018-12-21 12:54:00,960.90,960.90,960.90,960.90,0,0
2018-12-21 12:55:00,960.90,960.90,960.90,960.90,0,0
2018-12-21 12:56:00,960.90,960.90,960.90,960.90,0,0
2018-12-21 12:57:00,960.90,960.90,960.90,960.90,0,0
2018-12-21 12:58:00,960.90,960.90,960.90,960.90,0,0
2018-12-21 12:59:00,960.90,970.00,960.90,970.00,40,180200
2018-12-21 13:00:00,970.00,970.00,970.00,970.00,0,0
2018-12-21 13:01:00,970.00,970.00,970.00,970.00,0,0
2018-12-21 13:02:00,970.00,970.00,970.00,970.00,0,0
2018-12-21 13:03:00,970.00,970.00,970.00,970.00,0,0
2018-12-21 13:04:00,970.00,970.00,955.00,955.00,160,180160
2018-12-21 13:05:00,955.00,955.00,952.40,952.40,20,180080
2018-12-21 13:06:00,952.40,952.40,952.40,952.40,0,0
2018-12-21 13:07:00,952.40,952.40,952.40,952.40,0,0
2018-12-21 13:08:00,952.40,952.40,952.40,952.40,0,0
2018-12-21 13:09:00,952.40,952.40,952.40,952.40,0,0
2018-12-21 13:10:00,952.40,952.40,952.40,952.40,0,0
2018-12-21 13:11:00,952.40,952.40,952.40,952.40,0,0
2018-12-21 13:12:00,952.40,952.40,952.40,952.40,0,0
2018-12-21 13:13:00,952.40,952.40,952.40,952.40,0,0
2018-12-21 13:14:00,952.40,952.40,952.40,952.40,0,0
2018-12-21 13:15:00,952.40,952.40,952.40,952.40,0,0
2018-12-21 13:16:00,952.40,952.40,952.40,952.40,0,0
2018-12-21 13:17:00,952.40,952.40,952.40,952.40,0,0
2018-12-21 13:18:00,952.40,952.40,952.40,952.40,0,0
2018-12-21 13:19:00,952.40,952.40,952.40,952.40,0,0
2018-12-21 13:20:00,952.40,952.40,952.40,952.40,0,0
2018-12-21 13:21:00,952.40,952.40,952.40,952.40,0,0
2018-12-21 13:22:00,952.40,952.40,952.40,952.40,0,0
2018-12-21 13:23:00,952.40,952.40,952.40,952.40,0,0
2018-12-21 13:24:00,952.40,952.40,952.40,952.40,0,0
2018-12-21 13:25:00,952.40,952.40,952.40,952.40,0,0
2018-12-21 13:26:00,952.40,952.40,952.40,952.40,0,0
2018-12-21 13:27:00,952.40,952.40,952.40,952.40,0,0
2018-12-21 13:28:00,952.40,952.40,952.40,952.40,0,0
2018-12-21 13:29:00,952.40,952.40,952.40,952.40,0,0
2018-12-21 13:30:00,952.40,952.40,939.95,940.00,240,180080
2018-12-21 13:31:00,940.00,940.00,935.00,935.00,80,180080
2018-12-21 13:32:00,935.00,935.00,935.00,935.00,0,0
2018-12-21 13:33:00,935.00,935.00,935.00,935.00,0,0
2018-12-21 13:34:00,935.00,935.00,935.00,935.00,0,0
2018-12-21 13:35:00,935.00,935.00,935.00,935.00,0,0
2018-12-21 13:36:00,935.00,935.00,935.00,935.00,0,0
2018-12-21 13:37:00,935.00,935.00,935.00,935.00,0,0
2018-12-21 13:38:00,935.00,935.00,935.00,935.00,0,0
2018-12-21 13:39:00,935.00,935.00,935.00,935.00,0,0
2018-12-21 13:40:00,935.00,935.00,935.00,935.00,0,0
2018-12-21 13:41:00,935.00,935.00,935.00,935.00,0,0
2018-12-21 13:42:00,935.00,935.00,935.00,935.00,0,0
2018-12-21 13:43:00,935.00,935.00,935.00,935.00,0,0
2018-12-21 13:44:00,935.00,935.00,935.00,935.00,0,0
2018-12-21 13:45:00,935.00,935.00,935.00,935.00,0,0
2018-12-21 13:46:00,935.00,935.00,935.00,935.00,0,0
2018-12-21 13:47:00,935.00,935.00,935.00,935.00,0,0
2018-12-21 13:48:00,935.00,935.00,922.75,922.75,20,180420
2018-12-21 13:49:00,922.75,922.75,922.75,922.75,0,0
2018-12-21 13:50:00,922.75,940.00,922.75,940.00,20,180440
2018-12-21 13:51:00,940.00,940.00,940.00,940.00,0,0
2018-12-21 13:52:00,940.00,940.00,940.00,940.00,0,0
2018-12-21 13:53:00,940.00,940.00,940.00,940.00,0,0
2018-12-21 13:54:00,940.00,940.00,940.00,940.00,0,0
2018-12-21 13:55:00,940.00,940.00,940.00,940.00,0,0
2018-12-21 13:56:00,940.00,940.00,940.00,940.00,0,0
2018-12-21 13:57:00,940.00,940.00,940.00,940.00,0,0
2018-12-21 13:58:00,940.00,940.00,940.00,940.00,0,0
2018-12-21 13:59:00,940.00,940.00,940.00,940.00,0,0
2018-12-21 14:00:00,940.00,940.00,924.95,924.95,200,180440
2018-12-21 14:01:00,924.95,924.95,924.95,924.95,0,0
2018-12-21 14:02:00,924.95,924.95,924.95,924.95,0,0
2018-12-21 14:03:00,924.95,924.95,924.95,924.95,0,0
2018-12-21 14:04:00,924.95,924.95,919.95,919.95,40,180280
2018-12-21 14:05:00,919.95,919.95,919.95,919.95,0,0
2018-12-21 14:06:00,919.95,919.95,919.95,919.95,0,0
2018-12-21 14:07:00,919.95,919.95,919.95,919.95,0,0
2018-12-21 14:08:00,919.95,919.95,919.95,919.95,0,0
2018-12-21 14:09:00,919.95,919.95,919.95,919.95,0,0
2018-12-21 14:10:00,919.95,919.95,919.95,919.95,0,0
2018-12-21 14:11:00,919.95,919.95,919.95,919.95,0,0
2018-12-21 14:12:00,919.95,919.95,919.95,919.95,0,0
2018-12-21 14:13:00,919.95,919.95,919.95,919.95,0,0
2018-12-21 14:14:00,919.95,919.95,919.95,919.95,0,0
2018-12-21 14:15:00,919.95,919.95,880.00,880.00,60,180320
2018-12-21 14:16:00,880.00,880.00,880.00,880.00,0,0
2018-12-21 14:17:00,880.00,880.00,880.00,880.00,0,0
2018-12-21 14:18:00,880.00,880.00,880.00,880.00,0,0
2018-12-21 14:19:00,880.00,880.00,880.00,880.00,0,0
2018-12-21 14:20:00,880.00,880.00,875.00,875.00,20,0
2018-12-21 14:21:00,875.00,875.00,870.00,870.00,20,180320
2018-12-21 14:22:00,870.00,870.00,850.00,850.00,40,180320
2018-12-21 14:23:00,850.00,850.00,847.00,847.00,20,180320
2018-12-21 14:24:00,847.00,847.00,840.00,840.00,20,180320
2018-12-21 14:25:00,840.00,840.00,840.00,840.00,0,0
2018-12-21 14:26:00,840.00,840.00,836.00,836.00,380,180300
2018-12-21 14:27:00,836.00,836.00,836.00,836.00,0,0
2018-12-21 14:28:00,836.00,836.00,830.00,836.00,80,180300
2018-12-21 14:29:00,836.00,836.00,836.00,836.00,0,0
2018-12-21 14:30:00,836.00,836.00,836.00,836.00,0,0
2018-12-21 14:31:00,836.00,836.00,820.00,820.00,120,180760
2018-12-21 14:32:00,820.00,820.00,820.00,820.00,0,0
2018-12-21 14:33:00,820.00,820.00,820.00,820.00,0,0
2018-12-21 14:34:00,820.00,820.00,820.00,820.00,100,180860
2018-12-21 14:35:00,820.00,820.00,820.00,820.00,0,0
2018-12-21 14:36:00,820.00,820.00,807.55,820.00,40,180940
2018-12-21 14:37:00,820.00,835.00,820.00,835.00,20,180940
2018-12-21 14:38:00,835.00,835.00,835.00,835.00,0,0
2018-12-21 14:39:00,835.00,835.00,835.00,835.00,0,0
2018-12-21 14:40:00,835.00,836.70,831.35,836.70,220,180980
2018-12-21 14:41:00,836.70,840.00,832.00,838.95,2000,180960
2018-12-21 14:42:00,839.00,839.00,839.00,839.00,0,180960
2018-12-21 14:43:00,839.00,842.30,839.00,842.30,160,180960
2018-12-21 14:44:00,841.70,841.70,841.70,841.70,0,180960
2018-12-21 14:45:00,841.70,841.70,841.70,841.70,0,0
2018-12-21 14:46:00,841.70,841.70,841.70,841.70,0,182880
2018-12-21 14:47:00,830.00,830.00,830.00,830.00,40,0
2018-12-21 14:48:00,830.00,830.00,830.00,830.00,0,0
2018-12-21 14:49:00,830.00,830.00,830.00,830.00,0,0
2018-12-21 14:50:00,830.00,845.00,830.00,845.00,120,182920
2018-12-21 14:51:00,845.00,845.00,845.00,845.00,0,0
2018-12-21 14:52:00,845.00,845.00,845.00,845.00,0,0
2018-12-21 14:53:00,845.00,845.00,845.00,845.00,0,0
2018-12-21 14:54:00,845.00,845.00,840.00,840.00,140,182920
2018-12-21 14:55:00,840.00,840.00,840.00,840.00,0,0
2018-12-21 14:56:00,840.00,840.00,840.00,840.00,0,0
2018-12-21 14:57:00,840.00,840.00,840.00,840.00,0,0
2018-12-21 14:58:00,840.00,840.00,840.00,840.00,0,0
2018-12-21 14:59:00,840.00,844.00,839.00,844.00,40,182780
2018-12-21 15:00:00,844.00,844.00,844.00,844.00,0,0
2018-12-21 15:01:00,844.00,844.00,844.00,844.00,0,0
2018-12-21 15:02:00,844.00,844.00,844.00,844.00,0,0
2018-12-21 15:03:00,844.00,844.00,844.00,844.00,0,0
2018-12-21 15:04:00,844.00,844.00,832.00,832.00,20,182800
2018-12-21 15:05:00,832.00,832.00,820.00,820.00,20,182800
2018-12-21 15:06:00,820.00,820.00,820.00,820.00,0,0
2018-12-21 15:07:00,820.00,820.00,820.00,820.00,0,0
2018-12-21 15:08:00,820.00,823.60,820.00,823.60,20,182800
2018-12-21 15:09:00,823.60,823.60,823.60,823.60,0,0
2018-12-21 15:10:00,823.60,823.60,822.55,823.40,100,182800
2018-12-21 15:11:00,823.40,834.00,823.40,832.80,220,182800
2018-12-21 15:12:00,832.80,834.25,832.05,832.60,820,182800
2018-12-21 15:13:00,832.60,837.30,832.60,836.40,560,182800
2018-12-21 15:14:00,836.40,837.40,834.90,837.40,100,183020
2018-12-21 15:15:00,837.40,837.40,836.10,836.10,20,183020
2018-12-21 15:16:00,836.10,836.10,836.10,836.10,0,0
2018-12-21 15:17:00,836.10,836.10,836.10,836.10,0,0
2018-12-21 15:18:00,836.10,836.10,836.10,836.10,0,0
2018-12-21 15:19:00,836.10,850.00,836.10,849.85,420,183020
2018-12-21 15:20:00,849.85,853.10,849.85,852.95,100,183100
2018-12-21 15:21:00,852.95,852.95,846.00,846.00,520,183100
2018-12-21 15:22:00,846.00,849.95,845.30,849.95,320,183100
2018-12-21 15:23:00,849.95,849.95,846.40,847.00,120,183880
2018-12-21 15:24:00,847.00,847.00,843.00,846.00,320,183880
2018-12-21 15:25:00,846.00,850.00,846.00,850.00,60,183880
2018-12-21 15:26:00,850.00,858.00,850.00,857.70,160,184360
2018-12-21 15:27:00,857.70,863.10,855.85,863.10,160,184360
2018-12-21 15:28:00,863.35,864.25,863.35,864.25,160,184360
2018-12-21 15:29:01,864.25,865.00,862.00,862.00,160,184360
2018-12-24 09:17:00,805.00,805.00,804.80,804.95,60,184380
2018-12-24 09:18:00,804.95,804.95,799.95,799.95,20,184380
2018-12-24 09:19:00,799.95,800.00,799.10,799.10,280,184480
2018-12-24 09:20:00,799.10,810.00,799.10,810.00,520,184480
2018-12-24 09:21:00,810.00,810.00,810.00,810.00,0,0
2018-12-24 09:22:00,810.00,810.00,810.00,810.00,0,0
2018-12-24 09:23:00,810.00,810.00,810.00,810.00,0,0
2018-12-24 09:24:00,810.00,810.00,810.00,810.00,0,0
2018-12-24 09:25:00,810.00,810.00,810.00,810.00,0,0
2018-12-24 09:26:00,810.00,810.00,810.00,810.00,0,0
2018-12-24 09:27:00,810.00,840.00,810.00,840.00,300,184560
2018-12-24 09:28:00,840.00,850.00,840.00,850.00,40,184860
2018-12-24 09:29:00,850.00,854.95,850.00,854.95,100,184860
2018-12-24 09:30:00,854.95,878.70,854.95,878.70,20,184980
2018-12-24 09:31:00,878.70,878.70,840.00,840.00,300,184980
2018-12-24 09:32:00,840.00,840.00,840.00,840.00,0,0
2018-12-24 09:33:00,840.00,840.00,840.00,840.00,0,0
2018-12-24 09:34:00,840.00,840.00,840.00,840.00,0,0
2018-12-24 09:35:00,840.00,840.00,815.00,815.00,20,184920
2018-12-24 09:36:00,815.00,820.30,815.00,820.30,20,184920
2018-12-24 09:37:00,820.30,820.30,811.00,811.00,40,184920
2018-12-24 09:38:00,811.00,811.00,805.00,805.00,20,184920
2018-12-24 09:39:00,805.00,805.00,805.00,805.00,0,0
2018-12-24 09:40:00,805.00,815.15,805.00,815.15,80,184940
2018-12-24 09:41:00,815.15,821.00,815.15,820.00,140,184940
2018-12-24 09:42:00,820.00,822.25,820.00,822.25,40,185160
2018-12-24 09:43:00,822.25,822.25,815.00,815.00,20,0
2018-12-24 09:44:00,815.00,815.00,810.05,810.05,40,185160
2018-12-24 09:45:00,810.05,812.00,810.05,812.00,40,185180
2018-12-24 09:46:00,812.00,812.00,801.00,801.00,40,185180
2018-12-24 09:47:00,801.00,801.00,800.00,800.00,20,185180
2018-12-24 09:48:00,800.00,800.00,800.00,800.00,0,0
2018-12-24 09:49:00,800.00,800.00,800.00,800.00,0,0
2018-12-24 09:50:00,800.00,800.00,800.00,800.00,0,0
2018-12-24 09:51:00,800.00,800.00,793.45,797.30,80,185200
2018-12-24 09:52:00,797.30,797.30,797.30,797.30,0,0
2018-12-24 09:53:00,797.30,797.30,797.30,797.30,0,0
2018-12-24 09:54:00,797.30,797.30,797.30,797.30,0,0
2018-12-24 09:55:00,797.30,797.30,797.30,797.30,0,0
2018-12-24 09:56:00,797.30,797.30,765.00,770.00,1040,185180
2018-12-24 09:57:00,770.00,770.00,770.00,770.00,40,186200
2018-12-24 09:58:00,770.00,770.00,770.00,770.00,0,0
2018-12-24 09:59:00,770.00,770.00,770.00,770.00,0,0
2018-12-24 10:00:00,770.00,770.00,770.00,770.00,0,0
2018-12-24 10:01:00,770.00,770.00,770.00,770.00,0,0
2018-12-24 10:02:00,770.00,770.00,755.00,755.00,40,186240
2018-12-24 10:03:00,755.00,755.00,755.00,755.00,20,186200
2018-12-24 10:04:00,755.00,755.00,755.00,755.00,0,0
2018-12-24 10:05:00,755.00,755.00,755.00,755.00,0,0
2018-12-24 10:06:00,755.00,755.00,755.00,755.00,0,0
2018-12-24 10:07:00,755.00,759.00,755.00,759.00,780,186220
2018-12-24 10:08:00,759.00,759.00,759.00,759.00,240,186220
2018-12-24 10:09:00,759.00,765.00,759.00,765.00,40,187140
2018-12-24 10:10:00,765.00,767.00,765.00,767.00,100,187140
2018-12-24 10:11:00,767.00,775.00,767.00,775.00,40,187140
2018-12-24 10:12:00,775.00,775.00,775.00,775.00,0,0
2018-12-24 10:13:00,775.00,775.00,772.50,772.50,20,187220
2018-12-24 10:14:00,772.50,772.50,772.50,772.50,0,0
2018-12-24 10:15:00,772.50,772.50,770.00,770.00,20,187220
2018-12-24 10:16:00,770.00,770.00,770.00,770.00,0,0
2018-12-24 10:17:00,770.00,770.00,770.00,770.00,0,0
2018-12-24 10:18:00,770.00,770.00,770.00,770.00,0,0
2018-12-24 10:19:00,770.00,770.00,770.00,770.00,0,0
2018-12-24 10:20:00,770.00,770.00,770.00,770.00,0,0
2018-12-24 10:21:00,770.00,770.00,770.00,770.00,0,0
2018-12-24 10:22:00,770.00,770.00,770.00,770.00,0,0
2018-12-24 10:23:00,770.00,770.00,770.00,770.00,0,0
2018-12-24 10:24:00,770.00,770.00,770.00,770.00,0,0
2018-12-24 10:25:00,770.00,770.00,770.00,770.00,0,0
2018-12-24 10:26:00,770.00,770.00,770.00,770.00,0,0
2018-12-24 10:27:00,770.00,770.00,770.00,770.00,0,0
2018-12-24 10:28:00,770.00,770.00,770.00,770.00,0,0
2018-12-24 10:29:00,770.00,770.00,770.00,770.00,0,0
2018-12-24 10:30:00,770.00,770.00,764.95,764.95,0,187240
2018-12-24 10:31:00,764.95,764.95,746.40,746.40,20,187240
2018-12-24 10:32:00,746.40,746.40,746.40,746.40,0,0
2018-12-24 10:33:00,746.40,746.40,740.70,740.70,100,187240
2018-12-24 10:34:00,740.70,740.70,740.70,740.70,0,0
2018-12-24 10:35:00,740.70,745.00,740.70,745.00,40,187160
2018-12-24 10:36:00,745.00,745.00,745.00,745.00,0,0
2018-12-24 10:37:00,745.00,750.00,745.00,749.95,300,187200
2018-12-24 10:38:00,749.95,749.95,749.95,749.95,0,0
2018-12-24 10:39:00,749.95,755.00,749.95,755.00,100,187200
2018-12-24 10:40:00,755.00,755.00,755.00,755.00,240,187200
2018-12-24 10:41:00,755.00,755.00,745.00,745.00,440,187200
2018-12-24 10:42:00,745.00,745.00,745.00,745.00,0,0
2018-12-24 10:43:00,745.00,745.00,745.00,745.00,400,187940
2018-12-24 10:44:00,745.00,745.00,745.00,745.00,0,0
2018-12-24 10:45:00,745.00,745.00,745.00,745.00,0,0
2018-12-24 10:46:00,745.00,745.00,745.00,745.00,0,0
2018-12-24 10:47:00,745.00,745.00,745.00,745.00,0,0
2018-12-24 10:48:00,745.00,745.00,745.00,745.00,0,0
2018-12-24 10:49:00,744.20,744.20,744.20,744.20,200,188340
2018-12-24 10:50:00,744.20,744.20,744.20,744.20,0,0
2018-12-24 10:51:00,744.20,744.20,740.00,740.00,100,188780
2018-12-24 10:52:00,740.00,745.00,740.00,745.00,100,188780
2018-12-24 10:53:00,745.00,745.05,745.00,745.00,320,188780
2018-12-24 10:54:00,745.00,745.00,745.00,745.00,0,0
2018-12-24 10:55:00,745.00,745.00,745.00,745.00,0,0
2018-12-24 10:56:00,745.00,745.00,745.00,745.00,0,0
2018-12-24 10:57:00,745.00,756.00,745.00,756.00,20,188880
2018-12-24 10:58:00,756.00,756.00,756.00,756.00,0,0
2018-12-24 10:59:00,756.00,756.00,743.70,743.70,120,188880
2018-12-24 11:00:00,743.70,748.80,741.30,741.30,120,188880
2018-12-24 11:01:00,741.30,741.30,741.30,741.30,0,0
2018-12-24 11:02:00,741.30,741.30,741.30,741.30,0,0
2018-12-24 11:03:00,741.30,741.30,741.30,741.30,0,0
2018-12-24 11:04:00,741.30,741.30,741.30,741.30,0,0
2018-12-24 11:05:00,741.30,741.30,741.30,741.30,0,0
2018-12-24 11:06:00,741.30,741.30,741.30,741.30,0,0
2018-12-24 11:07:00,741.30,741.30,741.30,741.30,0,0
2018-12-24 11:08:00,741.30,741.30,741.30,741.30,0,0
2018-12-24 11:09:00,741.30,741.30,741.30,741.30,0,0
2018-12-24 11:10:00,741.30,741.30,741.30,741.30,0,0
2018-12-24 11:11:00,741.30,741.30,741.30,741.30,0,0
2018-12-24 11:12:00,741.30,741.30,741.30,741.30,0,0
2018-12-24 11:13:00,741.30,741.30,741.30,741.30,0,0
2018-12-24 11:14:00,741.30,741.30,741.30,741.30,0,0
2018-12-24 11:15:00,741.30,748.70,741.30,748.70,40,0
2018-12-24 11:16:00,748.70,748.70,748.70,748.70,0,0
2018-12-24 11:17:00,748.70,755.80,748.70,755.80,40,188940
2018-12-24 11:18:00,755.80,755.80,755.80,755.80,0,0
2018-12-24 11:19:00,755.80,760.35,751.55,751.55,80,188900
2018-12-24 11:20:00,751.55,753.40,751.55,753.15,40,188900
2018-12-24 11:21:00,753.15,753.15,753.15,753.15,0,0
2018-12-24 11:22:00,753.15,755.45,753.15,755.45,20,188900
2018-12-24 11:23:00,754.85,754.85,754.85,754.85,0,0
2018-12-24 11:24:00,754.85,754.85,747.20,748.00,140,188960
2018-12-24 11:25:00,748.35,751.05,746.90,746.90,60,188960
2018-12-24 11:26:00,746.90,746.90,743.05,743.05,20,188960
2018-12-24 11:27:00,743.05,743.05,733.75,733.75,100,188980
2018-12-24 11:28:00,733.75,733.75,733.75,733.75,0,0
2018-12-24 11:29:00,733.75,746.00,733.75,746.00,20,188980
2018-12-24 11:30:00,746.00,746.00,731.40,734.00,80,188980
2018-12-24 11:31:00,734.00,742.50,734.00,742.50,20,189040
2018-12-24 11:32:00,742.50,742.50,742.50,742.50,0,0
2018-12-24 11:33:00,742.50,742.50,742.50,742.50,0,0
2018-12-24 11:34:00,742.50,745.35,742.50,745.35,60,189060
2018-12-24 11:35:00,745.35,746.75,745.35,746.75,20,189060
2018-12-24 11:36:00,746.75,753.50,746.75,753.50,20,189040
2018-12-24 11:37:00,753.50,753.50,753.50,753.50,0,0
2018-12-24 11:38:00,753.50,753.50,748.45,751.60,80,189040
2018-12-24 11:39:00,751.60,752.70,751.60,752.70,40,189040
2018-12-24 11:40:00,752.70,752.70,752.30,752.30,20,0
2018-12-24 11:41:00,752.30,752.30,748.30,748.30,220,189040
2018-12-24 11:42:00,748.30,748.30,748.30,748.30,420,189260
2018-12-24 11:43:00,748.25,748.30,748.25,748.30,180,189260
2018-12-24 11:44:00,748.30,752.30,745.00,752.30,720,189260
2018-12-24 11:45:00,752.30,752.30,752.30,752.30,0,0
2018-12-24 11:46:00,752.30,752.30,750.00,750.00,20,190520
2018-12-24 11:47:00,750.00,750.00,750.00,750.00,40,190520
2018-12-24 11:48:00,750.00,750.00,745.00,745.00,620,190520
2018-12-24 11:49:00,745.00,745.00,745.00,745.00,0,0
2018-12-24 11:50:00,745.00,745.00,745.00,745.00,0,0
2018-12-24 11:51:00,745.00,745.00,745.00,745.00,0,0
2018-12-24 11:52:00,745.00,745.00,745.00,745.00,0,0
2018-12-24 11:53:00,745.00,745.00,745.00,745.00,0,0
2018-12-24 11:54:00,745.00,747.45,745.00,747.45,0,189980
2018-12-24 11:55:00,747.45,747.45,747.45,747.45,0,0
2018-12-24 11:56:00,747.45,747.45,744.50,744.50,40,189980
2018-12-24 11:57:00,744.50,744.50,743.30,743.30,100,189980
2018-12-24 11:58:00,743.30,743.30,743.30,743.30,0,0
2018-12-24 11:59:00,743.30,743.30,743.30,743.30,0,0
2018-12-24 12:00:00,743.30,743.30,743.30,743.30,0,0
2018-12-24 12:01:00,743.30,743.30,743.30,743.30,0,0
2018-12-24 12:02:00,743.30,743.30,743.30,743.30,0,0
2018-12-24 12:03:00,743.30,743.30,743.30,743.30,0,0
2018-12-24 12:04:00,743.30,749.95,743.30,749.95,40,190160
2018-12-24 12:05:00,750.00,752.30,750.00,752.30,40,190160
2018-12-24 12:06:00,752.30,752.30,752.30,752.30,20,0
2018-12-24 12:07:00,752.30,752.30,752.30,752.30,0,0
2018-12-24 12:08:00,752.30,758.25,752.30,753.95,100,190240
2018-12-24 12:09:00,753.95,753.95,753.95,753.95,0,0
2018-12-24 12:10:00,753.95,753.95,753.95,753.95,0,0
2018-12-24 12:11:00,753.95,753.95,753.95,753.95,0,0
2018-12-24 12:12:00,753.95,753.95,753.95,753.95,0,0
2018-12-24 12:13:00,753.95,753.95,753.95,753.95,0,0
2018-12-24 12:14:00,753.95,753.95,753.95,753.95,0,0
2018-12-24 12:15:00,753.95,753.95,753.95,753.95,0,0
2018-12-24 12:16:00,753.95,753.95,753.95,753.95,0,0
2018-12-24 12:17:00,753.95,759.65,753.95,759.65,20,190180
2018-12-24 12:18:00,759.90,759.90,753.85,753.85,60,190180
2018-12-24 12:19:00,753.85,758.40,753.85,758.40,20,190180
2018-12-24 12:20:00,758.40,758.40,758.40,758.40,0,0
2018-12-24 12:21:00,758.40,758.40,750.40,758.25,60,190200
2018-12-24 12:22:00,758.25,758.25,751.95,755.00,120,190200
2018-12-24 12:23:00,755.00,755.00,755.00,755.00,0,0
2018-12-24 12:24:00,755.00,755.00,747.00,747.00,20,190200
2018-12-24 12:25:00,747.00,747.00,747.00,747.00,0,0
2018-12-24 12:26:00,747.00,747.00,747.00,747.00,0,0
2018-12-24 12:27:00,747.00,747.00,747.00,747.00,0,0
2018-12-24 12:28:00,747.00,755.00,747.00,755.00,60,190100
2018-12-24 12:29:00,755.00,755.00,755.00,755.00,0,0
2018-12-24 12:30:00,755.00,755.00,755.00,755.00,0,0
2018-12-24 12:31:00,755.00,755.00,755.00,755.00,0,0
2018-12-24 12:32:00,755.00,755.00,755.00,755.00,0,0
2018-12-24 12:33:00,755.00,755.00,755.00,755.00,0,0
2018-12-24 12:34:00,755.00,788.35,755.00,788.35,60,190100
2018-12-24 12:35:00,788.35,809.60,788.35,805.90,200,190100
2018-12-24 12:36:00,805.90,805.90,805.90,805.90,0,0
2018-12-24 12:37:00,805.90,805.90,787.90,788.60,100,190040
2018-12-24 12:38:00,788.60,805.00,788.60,805.00,160,190040
2018-12-24 12:39:00,805.00,805.00,805.00,805.00,60,190040
2018-12-24 12:40:00,805.00,819.45,805.00,819.45,40,190040
2018-12-24 12:41:00,819.45,834.90,819.45,834.90,120,190040
2018-12-24 12:42:00,834.90,834.90,825.00,825.00,20,190040
2018-12-24 12:43:00,825.00,825.00,825.00,825.00,0,0
2018-12-24 12:44:00,825.00,825.00,825.00,825.00,0,0
2018-12-24 12:45:00,825.00,825.00,825.00,825.00,0,0
2018-12-24 12:46:00,825.00,825.00,825.00,825.00,0,0
2018-12-24 12:47:00,825.00,825.00,825.00,825.00,0,0
2018-12-24 12:48:00,825.00,825.00,804.25,804.25,160,190100
2018-12-24 12:49:00,804.25,804.25,804.25,804.25,0,0
2018-12-24 12:50:00,804.25,804.25,804.25,804.25,0,0
2018-12-24 12:51:00,804.25,804.25,804.25,804.25,0,0
2018-12-24 12:52:00,804.25,804.25,804.25,804.25,0,0
2018-12-24 12:53:00,804.25,804.25,804.25,804.25,0,0
2018-12-24 12:54:00,804.25,804.25,804.25,804.25,0,0
2018-12-24 12:55:00,804.25,804.25,804.25,804.25,0,0
2018-12-24 12:56:00,804.25,804.25,804.25,804.25,0,0
2018-12-24 12:57:00,804.25,810.00,804.25,809.95,120,190080
2018-12-24 12:58:00,809.95,810.00,809.95,810.00,400,190080
2018-12-24 12:59:00,810.00,810.00,810.00,810.00,0,0
2018-12-24 13:00:00,810.00,824.00,810.00,824.00,20,190080
2018-12-24 13:01:00,824.00,824.00,824.00,824.00,0,0
2018-12-24 13:02:00,824.00,824.00,824.00,824.00,0,0
2018-12-24 13:03:00,824.00,824.00,824.00,824.00,0,0
2018-12-24 13:04:00,824.00,824.00,824.00,824.00,0,0
2018-12-24 13:05:00,824.00,824.00,824.00,824.00,0,0
2018-12-24 13:06:00,824.00,824.00,824.00,824.00,0,0
2018-12-24 13:07:00,824.00,824.00,824.00,824.00,0,0
2018-12-24 13:08:00,824.00,824.00,824.00,824.00,0,0
2018-12-24 13:09:00,824.00,824.00,824.00,824.00,0,0
2018-12-24 13:10:00,824.00,824.00,824.00,824.00,0,0
2018-12-24 13:11:00,824.00,824.00,824.00,824.00,0,0
2018-12-24 13:12:00,824.00,824.00,824.00,824.00,0,0
2018-12-24 13:13:00,824.00,824.00,824.00,824.00,0,0
2018-12-24 13:14:00,824.00,824.00,824.00,824.00,0,0
2018-12-24 13:15:00,824.00,824.00,824.00,824.00,0,0
2018-12-24 13:16:00,824.00,824.00,824.00,824.00,0,0
2018-12-24 13:17:00,824.00,824.00,824.00,824.00,0,0
2018-12-24 13:18:00,824.00,824.00,824.00,824.00,0,0
2018-12-24 13:19:00,824.00,824.00,824.00,824.00,0,0
2018-12-24 13:20:00,824.00,824.00,790.00,790.00,500,190480
2018-12-24 13:21:00,790.00,790.00,790.00,790.00,0,0
2018-12-24 13:22:00,790.00,790.00,790.00,790.00,0,0
2018-12-24 13:23:00,790.00,790.00,790.00,790.00,0,0
2018-12-24 13:24:00,790.00,790.00,790.00,790.00,0,0
2018-12-24 13:25:00,790.00,790.00,790.00,790.00,0,0
2018-12-24 13:26:00,790.00,809.00,790.00,809.00,20,190160
2018-12-24 13:27:00,809.00,809.00,809.00,809.00,0,0
2018-12-24 13:28:00,809.00,809.00,798.90,798.90,20,190160
2018-12-24 13:29:00,798.90,798.90,798.90,798.90,0,0
2018-12-24 13:30:00,798.90,798.90,798.90,798.90,0,0
2018-12-24 13:31:00,798.90,798.90,798.90,798.90,0,0
2018-12-24 13:32:00,798.90,799.50,798.90,799.50,40,190160
2018-12-24 13:33:00,799.50,799.50,799.50,799.50,0,0
2018-12-24 13:34:00,799.50,799.50,799.50,799.50,0,0
2018-12-24 13:35:00,799.50,799.50,799.50,799.50,0,0
2018-12-24 13:36:00,799.50,799.50,799.50,799.50,0,0
2018-12-24 13:37:00,799.50,799.50,799.50,799.50,0,0
2018-12-24 13:38:00,799.50,820.00,799.50,820.00,60,190000
2018-12-24 13:39:00,820.00,820.00,820.00,820.00,0,0
2018-12-24 13:40:00,820.00,820.00,820.00,820.00,0,0
2018-12-24 13:41:00,820.00,820.00,820.00,820.00,0,0
2018-12-24 13:42:00,820.00,820.00,815.00,818.75,300,190020
2018-12-24 13:43:00,818.75,818.75,812.95,812.95,120,190020
2018-12-24 13:44:00,812.95,812.95,812.95,812.95,0,0
2018-12-24 13:45:00,812.95,812.95,812.95,812.95,0,0
2018-12-24 13:46:00,812.95,812.95,812.95,812.95,0,0
2018-12-24 13:47:00,812.95,812.95,812.95,812.95,0,0
2018-12-24 13:48:00,812.95,812.95,791.25,795.75,140,190440
2018-12-24 13:49:00,795.75,802.35,795.75,802.35,40,190440
2018-12-24 13:50:00,802.35,804.85,802.35,804.85,20,190440
2018-12-24 13:51:00,804.85,804.85,799.50,799.50,40,190440
2018-12-24 13:52:00,799.50,799.50,799.25,799.25,40,190420
2018-12-24 13:53:00,799.25,799.25,799.25,799.25,0,0
2018-12-24 13:54:00,799.25,800.35,799.25,800.35,40,190380
2018-12-24 13:55:00,800.35,800.35,790.00,790.85,1020,190380
2018-12-24 13:56:00,790.85,795.00,790.85,791.30,440,190380
2018-12-24 13:57:00,791.30,791.30,778.30,780.20,220,189680
2018-12-24 13:58:00,780.20,780.20,778.65,778.65,80,189680
2018-12-24 13:59:00,778.65,779.15,778.65,779.15,100,189680
2018-12-24 14:00:00,779.15,779.15,779.15,779.15,0,0
2018-12-24 14:01:00,779.15,779.15,779.15,779.15,0,0
2018-12-24 14:02:00,779.15,779.15,779.15,779.15,0,0
2018-12-24 14:03:00,779.15,787.50,779.15,787.50,120,189800
2018-12-24 14:04:00,787.50,787.50,787.50,787.50,0,0
2018-12-24 14:05:00,787.50,787.50,774.50,774.50,60,189800
2018-12-24 14:06:00,774.50,774.50,774.50,774.50,0,0
2018-12-24 14:07:00,774.50,774.50,774.50,774.50,0,0
2018-12-24 14:08:00,774.50,774.50,774.50,774.50,0,0
2018-12-24 14:09:00,774.50,774.50,774.50,774.50,0,0
2018-12-24 14:10:00,774.50,794.90,774.50,794.90,20,189840
2018-12-24 14:11:00,794.90,794.90,794.50,794.50,100,189840
2018-12-24 14:12:00,794.50,804.45,794.50,804.45,60,189860
2018-12-24 14:13:00,804.45,804.45,804.45,804.45,0,0
2018-12-24 14:14:00,804.45,804.45,799.85,800.00,480,189860
2018-12-24 14:15:00,800.00,800.20,791.05,797.05,180,190360
2018-12-24 14:16:00,797.05,799.60,797.05,799.60,20,190360
2018-12-24 14:17:00,799.60,799.60,797.00,797.00,60,190360
2018-12-24 14:18:00,797.00,797.00,797.00,797.00,0,0
2018-12-24 14:19:00,797.00,797.00,797.00,797.00,0,0
2018-12-24 14:20:00,797.00,797.00,797.00,797.00,0,0
2018-12-24 14:21:00,797.00,797.00,794.35,794.35,20,190420
2018-12-24 14:22:00,794.35,794.35,794.35,794.35,0,0
2018-12-24 14:23:00,794.35,794.35,794.35,794.35,0,0
2018-12-24 14:24:00,794.35,794.35,774.30,774.30,120,190420
2018-12-24 14:25:00,777.00,778.65,765.35,765.35,100,190420
2018-12-24 14:26:00,765.35,768.50,765.35,765.40,60,190420
2018-12-24 14:27:00,765.40,765.40,765.40,765.40,0,0
2018-12-24 14:28:00,765.40,765.40,765.40,765.40,0,0
2018-12-24 14:29:00,765.40,765.40,765.40,765.40,0,0
2018-12-24 14:30:00,765.40,765.40,740.00,740.00,140,190560
2018-12-24 14:31:00,740.00,740.00,730.00,735.00,320,190560
2018-12-24 14:32:00,739.75,749.60,739.75,747.95,200,190560
2018-12-24 14:33:00,747.95,748.35,740.35,740.35,40,191020
2018-12-24 14:34:00,740.35,740.35,735.80,735.80,100,191020
2018-12-24 14:35:00,735.80,735.80,721.00,721.00,140,191020
2018-12-24 14:36:00,721.00,721.00,721.00,721.00,0,0
2018-12-24 14:37:00,721.00,723.20,721.00,723.20,60,191140
2018-12-24 14:38:00,723.20,725.00,714.35,714.35,280,191140
2018-12-24 14:39:00,714.35,714.35,709.95,710.00,1060,191180
2018-12-24 14:40:00,710.00,710.00,700.00,705.00,560,191180
2018-12-24 14:41:00,705.00,709.00,705.00,705.00,580,191180
2018-12-24 14:42:00,705.00,713.00,705.00,713.00,40,192460
2018-12-24 14:43:00,713.00,713.00,713.00,713.00,0,0
2018-12-24 14:44:00,713.00,713.00,705.45,705.45,520,192460
2018-12-24 14:45:00,705.45,716.45,705.45,713.40,520,192460
2018-12-24 14:46:00,713.40,717.00,712.05,712.05,540,193320
2018-12-24 14:47:00,712.05,715.00,712.05,715.00,60,193320
2018-12-24 14:48:00,715.00,715.00,709.00,709.00,40,192940
2018-12-24 14:49:00,709.00,709.00,704.90,705.55,100,192940
2018-12-24 14:50:00,705.55,710.00,705.55,710.00,540,192940
2018-12-24 14:51:00,710.00,710.00,702.70,710.00,140,192940
2018-12-24 14:52:00,710.00,710.00,710.00,710.00,360,193520
2018-12-24 14:53:00,700.00,708.00,700.00,708.00,660,193520
2018-12-24 14:54:00,708.00,712.05,700.00,701.20,780,194800
2018-12-24 14:55:00,701.20,709.95,700.00,709.95,780,194800
2018-12-24 14:56:00,709.95,710.00,700.20,708.20,800,194800
2018-12-24 14:57:00,708.20,708.20,701.00,704.40,100,196780
2018-12-24 14:58:00,704.40,704.40,701.20,701.20,60,196780
2018-12-24 14:59:00,701.20,709.35,700.00,705.65,360,196780
2018-12-24 15:00:00,705.65,715.85,702.30,711.35,400,197080
2018-12-24 15:01:00,711.35,725.05,711.35,723.85,620,197080
2018-12-24 15:02:00,723.85,723.85,715.85,715.85,100,197080
2018-12-24 15:03:00,715.85,715.85,708.75,710.00,500,197700
2018-12-24 15:04:00,710.00,710.00,700.00,700.00,480,197700
2018-12-24 15:05:00,700.00,700.00,692.70,700.00,280,197700
2018-12-24 15:06:00,700.00,700.00,696.65,698.60,180,198080
2018-12-24 15:07:00,698.60,698.60,697.55,697.55,40,198080
2018-12-24 15:08:00,697.55,699.95,695.85,699.90,1940,198080
2018-12-24 15:09:00,699.90,702.00,699.90,702.00,720,198720
2018-12-24 15:10:00,702.00,707.95,702.00,707.95,20,198720
2018-12-24 15:11:00,707.95,707.95,707.95,707.95,0,0
2018-12-24 15:12:00,707.95,707.95,707.00,707.00,20,198740
2018-12-24 15:13:00,707.00,715.00,707.00,715.00,20,198740
2018-12-24 15:14:00,715.00,722.00,715.00,720.25,40,198740
2018-12-24 15:15:00,720.25,720.25,713.10,713.10,140,198820
2018-12-24 15:16:00,713.10,716.95,713.10,716.95,140,198820
2018-12-24 15:17:00,716.95,720.00,716.95,720.00,40,198820
2018-12-24 15:18:00,720.00,723.00,720.00,723.00,60,198920
2018-12-24 15:19:00,723.00,724.00,723.00,724.00,20,198920
2018-12-24 15:20:00,724.00,727.50,724.00,727.50,260,198920
2018-12-24 15:21:00,727.50,727.50,727.50,727.50,0,0
2018-12-24 15:22:00,727.50,727.50,727.50,727.50,0,0
2018-12-24 15:23:00,727.50,728.25,723.95,728.25,100,199060
2018-12-24 15:24:00,728.25,728.25,721.00,721.00,20,199120
2018-12-24 15:25:00,721.00,721.65,721.00,721.65,140,199120
2018-12-24 15:26:00,721.65,724.95,721.00,724.95,160,199120
2018-12-24 15:27:00,724.95,730.00,723.95,730.00,80,199320
2018-12-24 15:28:00,730.00,730.00,730.00,730.00,0,0
2018-12-24 15:29:01,730.00,730.00,725.00,725.00,140,199320
2018-12-26 09:15:00,617.95,618.00,617.95,617.95,0,0
2018-12-26 09:16:00,617.95,630.50,615.00,615.00,580,199480
2018-12-26 09:17:00,615.00,628.90,615.00,623.75,160,199480
2018-12-26 09:18:00,623.75,636.20,623.75,635.50,100,199480
2018-12-26 09:19:00,635.50,635.50,621.00,621.00,260,199880
2018-12-26 09:20:00,621.00,623.55,618.00,618.00,760,199880
2018-12-26 09:21:00,618.00,622.00,618.00,622.00,40,199880
2018-12-26 09:22:00,622.00,622.90,616.00,616.00,1820,199540
2018-12-26 09:23:00,616.00,616.00,612.00,613.00,2420,199540
2018-12-26 09:24:00,613.00,619.15,611.00,619.15,180,199680
2018-12-26 09:25:00,619.15,619.15,615.00,615.00,40,199680
2018-12-26 09:26:00,615.00,615.00,604.00,605.00,3800,199680
2018-12-26 09:27:00,605.00,609.95,605.00,609.95,180,199680
2018-12-26 09:28:00,610.00,610.00,608.70,608.70,2180,199280
2018-12-26 09:29:00,608.70,614.80,608.70,614.80,40,199280
2018-12-26 09:30:00,614.80,614.80,609.00,609.00,280,199280
2018-12-26 09:31:00,609.00,609.00,602.00,605.75,900,199720
2018-12-26 09:32:00,605.75,610.00,604.25,610.00,1620,199720
2018-12-26 09:33:00,609.90,611.35,602.10,611.35,900,199720
2018-12-26 09:34:00,611.35,611.35,609.00,609.20,220,197320
2018-12-26 09:35:00,608.00,615.05,608.00,613.00,340,197320
2018-12-26 09:36:00,613.00,613.10,608.00,609.00,3300,196140
2018-12-26 09:37:00,609.00,609.00,601.00,601.00,3440,196140
2018-12-26 09:38:00,601.00,601.45,598.00,598.50,2820,196140
2018-12-26 09:39:00,598.50,598.50,594.00,594.05,2260,196140
2018-12-26 09:40:00,594.05,594.05,586.00,586.00,4600,194560
2018-12-26 09:41:00,586.00,586.70,584.00,585.00,560,194560
2018-12-26 09:42:00,585.00,585.05,574.70,581.75,400,194560
2018-12-26 09:43:00,581.75,582.70,570.00,570.00,1820,191840
2018-12-26 09:44:00,570.00,574.50,568.00,568.00,2160,191840
2018-12-26 09:45:00,568.00,569.40,564.00,565.00,2100,192060
2018-12-26 09:46:00,562.40,562.40,562.00,562.00,720,192060
2018-12-26 09:47:00,562.00,572.80,562.00,572.00,1200,192060
2018-12-26 09:48:00,572.00,579.00,572.00,579.00,400,192060
2018-12-26 09:49:00,579.00,579.00,564.15,564.15,120,188820
2018-12-26 09:50:00,564.15,571.30,564.15,565.30,100,188820
2018-12-26 09:51:00,565.30,570.00,564.00,567.75,1240,188820
2018-12-26 09:52:00,567.75,570.70,566.70,566.70,520,185380
2018-12-26 09:53:00,575.00,578.40,570.90,574.75,400,185380
2018-12-26 09:54:00,574.75,574.90,564.00,570.00,5260,187100
2018-12-26 09:55:00,565.00,575.00,564.00,575.00,2300,187100
2018-12-26 09:56:00,575.00,585.00,575.00,580.00,580,187100
2018-12-26 09:57:00,579.95,581.55,572.00,578.15,2640,189100
2018-12-26 09:58:00,578.15,579.95,571.60,579.95,1900,189100
2018-12-26 09:59:00,579.95,580.00,570.95,579.85,720,189100
2018-12-26 10:00:00,579.85,584.20,575.00,583.75,1420,189100
2018-12-26 10:01:00,583.75,583.75,578.00,583.40,480,190480
2018-12-26 10:02:00,578.35,581.10,578.00,580.85,180,190480
2018-12-26 10:03:00,580.85,583.50,578.00,583.50,460,190480
2018-12-26 10:04:00,584.40,587.85,582.05,587.85,300,185820
2018-12-26 10:05:00,587.55,588.95,578.00,578.00,2840,185820
2018-12-26 10:06:00,578.00,582.15,578.00,582.15,340,185820
2018-12-26 10:07:00,582.15,587.30,582.15,582.15,1020,184540
2018-12-26 10:08:00,581.25,584.95,578.95,583.50,2120,184540
2018-12-26 10:09:00,583.50,589.40,580.70,582.00,2260,186960
2018-12-26 10:10:00,582.00,582.80,580.00,580.00,1480,186960
2018-12-26 10:11:00,580.00,580.00,575.20,575.20,2780,186960
2018-12-26 10:12:00,575.20,576.25,574.60,576.00,2700,186960
2018-12-26 10:13:00,576.00,576.60,572.05,572.05,2740,186460
2018-12-26 10:14:00,572.05,572.05,568.15,569.10,1140,186460
2018-12-26 10:15:00,569.10,569.85,562.00,567.55,7480,186460
2018-12-26 10:16:00,567.55,575.20,567.20,575.20,1880,185960
2018-12-26 10:17:00,575.20,575.20,570.00,570.30,2780,185960
2018-12-26 10:18:00,570.30,574.95,570.30,571.00,5140,185960
2018-12-26 10:19:00,571.40,574.80,566.00,569.80,3440,179800
2018-12-26 10:20:00,569.80,572.00,566.50,570.00,2060,179800
2018-12-26 10:21:00,570.00,570.05,570.00,570.00,680,179800
2018-12-26 10:22:00,570.00,576.95,570.00,575.00,2500,179760
2018-12-26 10:23:00,572.00,572.00,568.00,568.00,4420,179760
2018-12-26 10:24:00,568.00,570.00,564.60,570.00,920,180440
2018-12-26 10:25:00,570.00,571.60,570.00,571.60,800,180440
2018-12-26 10:26:00,571.60,580.20,571.60,579.45,60,180440
2018-12-26 10:27:00,579.45,581.20,575.85,581.20,1800,180440
2018-12-26 10:28:00,581.20,581.80,577.55,578.60,2540,179520
2018-12-26 10:29:00,580.00,583.75,580.00,581.00,1520,179520
2018-12-26 10:30:00,581.00,581.00,580.00,580.00,1120,179520
2018-12-26 10:31:00,580.00,580.00,578.00,578.00,1400,177400
2018-12-26 10:32:00,578.00,587.00,578.00,585.00,500,177400
2018-12-26 10:33:00,585.00,587.55,582.35,585.00,1560,177400
2018-12-26 10:34:00,585.00,589.95,584.00,589.95,1080,175740
2018-12-26 10:35:00,589.95,599.95,587.95,596.00,1340,175740
2018-12-26 10:36:00,596.00,596.00,590.00,590.00,440,175740
2018-12-26 10:37:00,590.00,598.30,590.00,598.30,660,175480
2018-12-26 10:38:00,598.30,600.00,595.00,595.00,2760,175480
2018-12-26 10:39:00,595.00,596.00,585.00,588.00,340,175660
2018-12-26 10:40:00,588.00,590.00,585.00,585.00,800,175660
2018-12-26 10:41:00,585.00,587.90,585.00,587.90,200,175660
2018-12-26 10:42:00,587.90,589.00,587.00,589.00,320,175660
2018-12-26 10:43:00,589.00,593.00,589.00,591.30,1900,174580
2018-12-26 10:44:00,591.30,593.90,585.05,593.90,2880,174580
2018-12-26 10:45:00,590.70,596.65,590.00,590.00,1780,174580
2018-12-26 10:46:00,591.00,597.00,591.00,597.00,1000,175360
2018-12-26 10:47:00,595.50,597.05,595.50,596.00,2200,175360
2018-12-26 10:48:00,596.00,597.00,592.00,594.00,1820,175360
2018-12-26 10:49:00,594.00,595.00,590.00,591.00,2740,172780
2018-12-26 10:50:00,591.05,593.05,591.00,591.00,2460,172780
2018-12-26 10:51:00,591.00,595.05,590.65,595.00,3060,172780
2018-12-26 10:52:00,596.00,596.40,595.05,596.00,1240,168920
2018-12-26 10:53:00,596.00,597.40,596.00,597.40,1000,168920
2018-12-26 10:54:00,597.40,600.00,597.40,598.00,1620,168920
2018-12-26 10:55:00,598.00,602.00,598.00,601.00,3380,168280
2018-12-26 10:56:00,601.00,605.20,601.00,603.00,2880,168280
2018-12-26 10:57:00,603.00,605.35,602.00,603.90,3800,168280
2018-12-26 10:58:00,604.20,607.25,603.00,603.00,1480,168260
2018-12-26 10:59:00,603.00,603.00,598.55,598.55,800,168260
2018-12-26 11:00:00,598.55,607.15,598.55,607.15,340,168260
2018-12-26 11:01:00,607.15,607.15,604.00,604.00,220,168040
2018-12-26 11:02:00,607.00,607.00,607.00,607.00,0,0
2018-12-26 11:03:00,607.00,616.15,607.00,613.25,2220,168220
2018-12-26 11:04:00,613.25,617.00,608.50,613.55,620,168220
2018-12-26 11:05:00,613.55,616.00,612.25,612.25,180,168220
2018-12-26 11:06:00,612.25,612.25,608.55,608.55,120,168220
2018-12-26 11:07:00,608.55,609.70,600.55,606.60,560,169140
2018-12-26 11:08:00,606.60,608.80,602.30,602.30,1440,169140
2018-12-26 11:09:00,602.30,602.30,594.65,602.30,220,170400
2018-12-26 11:10:00,600.70,608.00,600.70,607.25,140,170400
2018-12-26 11:11:00,607.25,610.55,602.10,610.55,440,170400
2018-12-26 11:12:00,610.55,612.40,610.55,610.85,60,170400
2018-12-26 11:13:00,610.85,610.85,606.55,608.05,240,170600
2018-12-26 11:14:00,608.20,611.55,608.20,609.85,240,170600
2018-12-26 11:15:00,610.60,617.50,610.60,611.75,1100,170680
2018-12-26 11:16:00,611.80,614.30,610.20,613.40,640,170680
2018-12-26 11:17:00,610.70,612.35,609.20,609.35,380,170680
2018-12-26 11:18:00,609.35,612.55,606.40,607.40,1260,170840
2018-12-26 11:19:00,607.40,607.40,607.40,607.40,0,0
2018-12-26 11:20:00,607.40,609.10,603.50,603.50,880,170840
2018-12-26 11:21:00,603.50,603.50,592.25,602.00,760,170840
2018-12-26 11:22:00,602.00,606.65,600.50,606.65,580,170480
2018-12-26 11:23:00,606.65,606.65,606.55,606.55,40,170480
2018-12-26 11:24:00,606.55,607.60,606.00,607.60,540,170480
2018-12-26 11:25:00,609.20,612.30,609.20,611.15,600,170100
2018-12-26 11:26:00,611.15,611.55,611.15,611.55,40,170100
2018-12-26 11:27:00,611.55,615.00,611.55,612.20,140,170100
2018-12-26 11:28:00,612.20,612.20,608.30,609.65,740,170060
2018-12-26 11:29:00,609.65,618.90,609.65,618.90,620,170060
2018-12-26 11:30:00,618.90,618.90,618.90,618.90,0,0
2018-12-26 11:31:00,618.90,618.90,613.50,614.10,260,169980
2018-12-26 11:32:00,614.10,614.10,612.10,613.10,560,169980
2018-12-26 11:33:00,613.10,617.20,612.80,617.20,640,169980
2018-12-26 11:34:00,621.05,621.90,616.30,616.30,600,169600
2018-12-26 11:35:00,616.30,616.55,615.45,616.10,460,169600
2018-12-26 11:36:00,616.10,618.60,616.10,618.60,180,170080
2018-12-26 11:37:00,618.60,618.65,616.45,618.65,180,170080
2018-12-26 11:38:00,618.65,623.50,618.65,622.65,160,170080
2018-12-26 11:39:00,623.70,623.70,618.20,618.20,420,170080
2018-12-26 11:40:00,618.20,620.15,613.75,613.75,860,170060
2018-12-26 11:41:00,613.75,613.75,609.10,610.00,320,170060
2018-12-26 11:42:00,610.00,611.90,610.00,610.95,640,170060
2018-12-26 11:43:00,610.95,610.95,605.25,607.35,780,170740
2018-12-26 11:44:00,607.35,607.35,602.45,604.25,60,170740
2018-12-26 11:45:00,604.25,607.60,604.25,607.60,240,170740
2018-12-26 11:46:00,607.60,607.60,601.00,602.65,980,170440
2018-12-26 11:47:00,602.65,603.25,602.15,603.25,420,170440
2018-12-26 11:48:00,603.25,604.15,603.20,603.20,240,170440
2018-12-26 11:49:00,603.20,608.05,603.20,608.05,60,171760
2018-12-26 11:50:00,608.05,608.80,608.05,608.50,380,171760
2018-12-26 11:51:00,608.50,613.85,608.50,609.10,980,171760
2018-12-26 11:52:00,609.10,609.95,607.00,607.00,180,170920
2018-12-26 11:53:00,607.00,610.50,607.00,610.50,460,170920
2018-12-26 11:54:00,610.50,610.50,609.60,610.30,400,171040
2018-12-26 11:55:00,609.90,610.45,609.35,609.90,180,171040
2018-12-26 11:56:00,609.90,612.55,609.90,612.55,300,171040
2018-12-26 11:57:00,612.55,612.55,611.15,611.15,40,171520
2018-12-26 11:58:00,610.90,611.95,607.85,611.95,320,171520
2018-12-26 11:59:00,611.95,611.95,605.25,609.00,100,171520
2018-12-26 12:00:00,609.00,615.15,609.00,614.30,1000,171520
2018-12-26 12:01:00,614.30,618.30,614.30,616.65,740,172840
2018-12-26 12:02:00,616.65,619.90,615.40,619.90,620,172840
2018-12-26 12:03:00,620.60,622.70,618.25,618.25,1380,174900
2018-12-26 12:04:00,618.25,618.25,615.45,615.45,60,174900
2018-12-26 12:05:00,615.45,618.30,615.45,616.80,200,174900
2018-12-26 12:06:00,616.80,621.40,616.80,621.40,720,175260
2018-12-26 12:07:00,621.05,626.00,621.05,623.25,360,175260
2018-12-26 12:08:00,623.25,629.40,621.65,629.40,940,175260
2018-12-26 12:09:00,629.40,629.40,629.40,629.40,0,0
2018-12-26 12:10:00,629.40,629.40,625.35,625.35,60,176140
2018-12-26 12:11:00,625.35,633.10,625.35,630.00,240,176140
2018-12-26 12:12:00,631.55,635.70,631.55,634.40,1660,176720
2018-12-26 12:13:00,634.40,636.20,629.95,630.55,1620,176720
2018-12-26 12:14:00,632.10,633.00,629.60,632.60,2460,176720
2018-12-26 12:15:00,631.35,637.80,631.25,637.80,1100,177900
2018-12-26 12:16:00,637.80,640.00,637.80,639.00,260,177900
2018-12-26 12:17:00,639.00,649.35,639.00,648.65,1160,177900
2018-12-26 12:18:00,648.65,648.65,636.70,636.75,640,178500
2018-12-26 12:19:00,636.75,644.65,636.65,643.45,1140,178500
2018-12-26 12:20:00,640.70,647.85,640.05,640.05,400,178500
2018-12-26 12:21:00,640.05,641.65,635.10,635.10,800,178500
2018-12-26 12:22:00,635.10,635.10,635.10,635.10,0,0
2018-12-26 12:23:00,635.10,635.10,623.30,626.55,1120,178840
2018-12-26 12:24:00,626.55,627.75,625.70,626.10,320,178840
2018-12-26 12:25:00,626.10,626.60,621.45,626.60,260,179740
2018-12-26 12:26:00,626.60,631.50,626.60,631.50,200,179740
2018-12-26 12:27:00,631.50,635.05,631.50,633.95,720,180140
2018-12-26 12:28:00,633.95,641.10,633.95,639.60,360,180140
2018-12-26 12:29:00,639.60,646.45,639.60,646.30,1100,180140
2018-12-26 12:30:00,646.30,649.95,646.30,649.70,1120,180140
2018-12-26 12:31:00,649.70,655.00,646.85,655.00,580,181220
2018-12-26 12:32:00,655.00,659.85,655.00,655.00,60,181220
2018-12-26 12:33:00,655.00,655.00,650.00,651.70,100,181220
2018-12-26 12:34:00,651.70,651.75,641.40,641.40,240,181020
2018-12-26 12:35:00,641.40,644.55,638.80,638.80,580,181020
2018-12-26 12:36:00,638.80,642.55,635.45,642.55,520,181020
2018-12-26 12:37:00,642.55,642.55,639.25,639.95,80,180680
2018-12-26 12:38:00,638.40,638.40,638.40,638.40,0,180680
2018-12-26 12:39:00,638.40,638.85,636.75,636.80,1240,181220
2018-12-26 12:40:00,636.80,636.80,630.35,632.95,780,181220
2018-12-26 12:41:00,625.20,625.20,622.70,622.70,100,181220
2018-12-26 12:42:00,622.70,630.00,622.70,630.00,220,181220
2018-12-26 12:43:00,630.00,630.00,626.15,626.15,20,182600
2018-12-26 12:44:00,626.15,628.55,626.15,628.55,40,182600
2018-12-26 12:45:00,628.55,628.55,621.00,621.00,480,182600
2018-12-26 12:46:00,621.00,630.65,621.00,630.65,120,182640
2018-12-26 12:47:00,631.20,633.40,629.40,631.95,1540,182640
2018-12-26 12:48:00,631.95,631.95,631.95,631.95,0,0
2018-12-26 12:49:00,631.95,631.95,628.50,628.50,20,184180
2018-12-26 12:50:00,628.50,628.50,628.00,628.00,480,184180
2018-12-26 12:51:00,628.00,628.00,626.95,626.95,20,0
2018-12-26 12:52:00,626.95,626.95,621.35,622.00,180,184420
2018-12-26 12:53:00,622.00,622.00,622.00,622.00,460,184420
2018-12-26 12:54:00,622.00,622.00,620.05,620.05,20,184420
2018-12-26 12:55:00,620.05,626.10,620.05,625.05,1020,184520
2018-12-26 12:56:00,625.05,626.95,625.05,625.60,180,184520
2018-12-26 12:57:00,625.60,633.40,625.60,626.70,800,184520
2018-12-26 12:58:00,626.70,628.60,625.00,625.00,520,185660
2018-12-26 12:59:00,625.00,629.25,625.00,629.25,60,185660
2018-12-26 13:00:00,629.25,633.25,626.20,633.25,240,185660
2018-12-26 13:01:00,633.25,640.00,633.25,640.00,220,185640
2018-12-26 13:02:00,640.00,640.00,635.20,635.20,480,185640
2018-12-26 13:03:00,635.20,635.20,629.60,632.75,1280,185640
2018-12-26 13:04:00,634.05,634.45,628.80,630.00,440,186320
2018-12-26 13:05:00,630.00,632.75,630.00,632.75,20,0
2018-12-26 13:06:00,632.75,639.30,632.75,639.30,100,186340
2018-12-26 13:07:00,639.20,642.05,637.50,638.00,2020,186340
2018-12-26 13:08:00,638.00,638.10,636.00,638.10,700,186340
2018-12-26 13:09:00,637.75,640.00,634.10,640.00,1880,186340
2018-12-26 13:10:00,640.00,644.95,638.70,644.40,1940,188780
2018-12-26 13:11:00,646.35,646.70,645.40,646.55,620,188780
2018-12-26 13:12:00,646.55,646.55,646.55,646.55,0,0
2018-12-26 13:13:00,646.55,646.55,642.55,642.55,100,189020
2018-12-26 13:14:00,642.55,643.70,637.15,637.15,1940,189020
2018-12-26 13:15:00,637.15,637.15,634.30,634.30,140,189020
2018-12-26 13:16:00,634.30,634.30,632.00,633.00,120,190600
2018-12-26 13:17:00,633.00,639.30,633.00,639.30,60,190600
2018-12-26 13:18:00,639.30,645.00,639.30,645.00,280,190600
2018-12-26 13:19:00,645.00,653.90,645.00,653.90,120,190700
2018-12-26 13:20:00,653.90,665.35,653.90,665.00,840,190700
2018-12-26 13:21:00,664.20,664.20,658.30,658.35,1740,191980
2018-12-26 13:22:00,658.35,663.85,658.35,661.75,480,191980
2018-12-26 13:23:00,661.75,674.45,661.75,669.90,560,191980
2018-12-26 13:24:00,669.90,669.90,663.95,663.95,220,191980
2018-12-26 13:25:00,663.95,663.95,652.95,660.00,260,193060
2018-12-26 13:26:00,660.00,662.30,660.00,662.30,40,193060
2018-12-26 13:27:00,662.30,662.30,659.80,659.80,220,193060
2018-12-26 13:28:00,659.80,668.20,659.80,668.20,40,193140
2018-12-26 13:29:00,668.20,676.40,668.20,670.25,2240,193140
2018-12-26 13:30:00,670.25,672.65,665.80,665.80,200,193140
2018-12-26 13:31:00,665.80,671.40,665.80,671.40,300,193920
2018-12-26 13:32:00,671.40,684.75,671.40,681.50,1200,193920
2018-12-26 13:33:00,681.50,686.10,680.00,685.00,4260,193920
2018-12-26 13:34:00,685.00,700.00,683.20,700.00,880,192440
2018-12-26 13:35:00,700.00,716.90,697.60,714.80,1180,192440
2018-12-26 13:36:00,718.25,724.05,701.95,702.60,820,192440
2018-12-26 13:37:00,702.60,709.00,701.85,708.05,640,191980
2018-12-26 13:38:00,708.05,708.05,683.80,687.95,220,191980
2018-12-26 13:39:00,687.95,702.15,687.95,701.05,820,191980
2018-12-26 13:40:00,701.05,706.15,696.60,706.15,240,191640
2018-12-26 13:41:00,706.15,711.15,706.15,710.00,320,191640
2018-12-26 13:42:00,710.00,714.00,704.20,714.00,200,191640
2018-12-26 13:43:00,714.00,727.30,714.00,723.60,60,191360
2018-12-26 13:44:00,723.60,738.00,722.10,733.70,360,191360
2018-12-26 13:45:00,733.70,748.65,733.70,743.40,800,191360
2018-12-26 13:46:00,743.40,767.70,739.45,767.70,420,190740
2018-12-26 13:47:00,767.70,784.00,767.70,783.50,420,190740
2018-12-26 13:48:00,783.50,794.70,783.50,794.65,80,190740
2018-12-26 13:49:00,794.65,794.65,755.65,755.65,60,189620
2018-12-26 13:50:00,755.65,774.00,755.15,774.00,140,189620
2018-12-26 13:51:00,774.00,774.00,769.30,769.30,80,189620
2018-12-26 13:52:00,769.30,794.95,769.30,794.95,260,189480
2018-12-26 13:53:00,799.10,812.20,787.40,812.20,280,189480
2018-12-26 13:54:00,812.20,812.20,812.20,812.20,0,0
2018-12-26 13:55:00,812.20,849.70,812.20,849.70,140,189200
2018-12-26 13:56:00,849.70,869.95,849.00,869.95,120,189200
2018-12-26 13:57:00,849.80,849.80,805.15,826.20,680,189200
2018-12-26 13:58:00,824.50,830.00,823.00,830.00,140,188880
2018-12-26 13:59:00,830.00,840.00,830.00,840.00,20,188880
2018-12-26 14:00:00,840.00,840.00,827.50,827.50,80,188880
2018-12-26 14:01:00,827.50,827.50,804.60,820.00,220,188780
2018-12-26 14:02:00,820.00,827.15,799.15,820.00,360,188780
2018-12-26 14:03:00,820.00,820.00,818.00,819.15,140,188780
2018-12-26 14:04:00,819.15,819.15,808.00,808.00,200,188420
2018-12-26 14:05:00,808.00,810.95,787.80,805.40,380,188420
2018-12-26 14:06:00,805.40,812.90,805.00,812.40,180,188420
2018-12-26 14:07:00,812.40,812.40,796.90,812.25,100,188020
2018-12-26 14:08:00,812.25,812.25,812.25,812.25,0,0
2018-12-26 14:09:00,812.25,812.25,789.85,789.85,180,188020
2018-12-26 14:10:00,789.85,796.30,789.85,794.65,100,187960
2018-12-26 14:11:00,794.65,794.65,779.00,780.20,900,187960
2018-12-26 14:12:00,780.20,780.20,766.50,769.60,480,187960
2018-12-26 14:13:00,769.60,787.60,769.60,787.60,580,188060
2018-12-26 14:14:00,787.60,808.85,787.60,808.85,320,188060
2018-12-26 14:15:00,808.85,809.20,808.85,809.20,40,188060
2018-12-26 14:16:00,809.20,839.90,809.20,839.90,1380,188140
2018-12-26 14:17:00,839.90,842.70,839.90,842.70,60,188140
2018-12-26 14:18:00,842.70,842.70,833.30,833.30,40,188140
2018-12-26 14:19:00,833.30,833.30,833.30,833.30,120,188100
2018-12-26 14:20:00,833.30,862.05,833.30,850.90,760,188100
2018-12-26 14:21:00,850.90,850.90,850.90,850.90,0,0
2018-12-26 14:22:00,850.90,850.90,850.90,850.90,0,0
2018-12-26 14:23:00,850.90,850.90,850.90,850.90,0,0
2018-12-26 14:24:00,850.90,850.90,839.55,839.55,160,187640
2018-12-26 14:25:00,839.55,841.90,830.95,830.95,340,187600
2018-12-26 14:26:00,830.95,840.00,830.25,840.00,160,187600
2018-12-26 14:27:00,840.00,846.70,840.00,846.70,80,187600
2018-12-26 14:28:00,846.70,850.90,846.70,850.90,500,187760
2018-12-26 14:29:00,850.90,850.90,835.20,835.20,40,187760
2018-12-26 14:30:00,837.20,842.65,837.20,842.65,60,187900
2018-12-26 14:31:00,842.65,842.65,835.90,839.50,40,187900
2018-12-26 14:32:00,839.50,854.25,839.50,854.25,180,187900
2018-12-26 14:33:00,854.25,869.05,854.25,862.15,800,187900
2018-12-26 14:34:00,862.15,874.95,862.15,874.95,40,187460
2018-12-26 14:35:00,874.95,874.95,870.00,870.00,20,0
2018-12-26 14:36:00,870.00,870.00,870.00,870.00,0,0
2018-12-26 14:37:00,870.00,870.00,862.20,865.20,200,187480
2018-12-26 14:38:00,865.20,868.30,865.20,868.30,140,187480
2018-12-26 14:39:00,868.30,870.00,868.30,868.85,140,187480
2018-12-26 14:40:00,868.85,885.25,868.75,885.25,280,187160
2018-12-26 14:41:00,885.25,885.25,879.95,880.00,120,187160
2018-12-26 14:42:00,880.00,880.00,877.00,877.00,80,187160
2018-12-26 14:43:00,877.00,885.45,877.00,879.15,260,186960
2018-12-26 14:44:00,879.15,890.95,879.15,890.95,280,186960
2018-12-26 14:45:00,890.95,900.00,884.00,900.00,200,186960
2018-12-26 14:46:00,900.00,911.65,900.00,911.60,60,186600
2018-12-26 14:47:00,911.60,930.10,911.60,912.90,500,186600
2018-12-26 14:48:00,912.90,912.90,905.40,905.40,180,186660
2018-12-26 14:49:00,905.00,906.65,900.85,906.55,240,186660
2018-12-26 14:50:00,906.55,906.55,894.95,898.50,80,186660
2018-12-26 14:51:00,898.50,898.50,889.60,895.00,260,186660
2018-12-26 14:52:00,895.00,895.00,876.15,880.20,680,186020
2018-12-26 14:53:00,880.20,891.70,880.20,891.70,360,186020
2018-12-26 14:54:00,894.35,907.70,888.45,894.05,2280,186020
2018-12-26 14:55:00,894.05,911.55,894.05,895.90,240,184900
2018-12-26 14:56:00,895.90,901.30,895.90,898.45,140,184900
2018-12-26 14:57:00,898.45,898.45,894.50,894.50,140,184900
2018-12-26 14:58:00,894.50,900.00,894.15,900.00,220,185020
2018-12-26 14:59:00,904.40,904.40,903.20,903.20,20,185020
2018-12-26 15:00:00,903.20,903.20,896.95,897.35,160,185240
2018-12-26 15:01:00,896.10,896.10,895.25,895.45,60,185240
2018-12-26 15:02:00,895.45,895.45,889.40,890.00,480,185240
2018-12-26 15:03:00,890.00,892.40,890.00,892.40,80,185240
2018-12-26 15:04:00,892.40,892.40,892.40,892.40,0,0
2018-12-26 15:05:00,892.40,892.40,892.40,892.40,0,0
2018-12-26 15:06:00,892.40,892.40,892.40,892.40,0,0
2018-12-26 15:07:00,892.40,895.00,892.40,895.00,20,185300
2018-12-26 15:08:00,895.00,895.00,895.00,895.00,0,0
2018-12-26 15:09:00,895.00,895.00,885.65,885.65,160,185400
2018-12-26 15:10:00,885.65,887.45,882.70,883.80,280,185400
2018-12-26 15:11:00,883.80,888.10,883.80,888.10,40,185400
2018-12-26 15:12:00,888.10,888.80,888.10,888.80,40,185400
2018-12-26 15:13:00,888.80,897.70,888.80,897.70,20,185600
2018-12-26 15:14:00,897.70,897.70,893.90,893.90,220,185600
2018-12-26 15:15:00,893.90,900.70,893.90,900.25,240,185600
2018-12-26 15:16:00,900.25,901.45,900.00,900.85,60,186040
2018-12-26 15:17:00,900.85,903.00,900.85,902.00,580,186040
2018-12-26 15:18:00,902.00,910.05,902.00,910.05,300,186040
2018-12-26 15:19:00,910.05,910.05,906.25,908.15,180,186600
2018-12-26 15:20:00,908.15,908.15,905.70,906.05,140,186600
2018-12-26 15:21:00,906.05,908.35,905.60,905.60,220,186600
2018-12-26 15:22:00,905.60,908.35,905.60,906.30,80,186600
2018-12-26 15:23:00,906.30,910.00,904.00,908.00,800,186600
2018-12-26 15:24:00,908.00,914.20,908.00,914.20,20,186600
2018-12-26 15:25:00,918.00,921.80,916.95,921.80,180,186700
2018-12-26 15:26:00,921.80,925.00,921.80,925.00,20,0
2018-12-26 15:27:00,925.00,927.00,925.00,927.00,20,186700
2018-12-26 15:28:00,927.00,927.05,927.00,927.05,240,186860
2018-12-26 15:29:01,927.05,934.00,927.05,934.00,40,186860
2018-12-27 09:15:00,1025.00,1040.00,1025.00,1040.00,320,138900
2018-12-27 09:16:00,1049.95,1055.00,1038.60,1055.00,2340,138900
2018-12-27 09:17:00,1055.00,1055.00,1040.15,1040.15,160,0
2018-12-27 09:18:00,1040.15,1040.15,1040.15,1040.15,0,0
2018-12-27 09:19:00,1040.15,1040.15,1003.35,1003.35,100,140280
2018-12-27 09:20:00,1003.35,1003.35,1003.35,1003.35,0,0
2018-12-27 09:21:00,1003.35,1004.00,990.00,990.00,280,140460
2018-12-27 09:22:00,990.00,990.00,978.70,979.30,120,140460
2018-12-27 09:23:00,979.30,980.00,979.00,979.00,420,140120
2018-12-27 09:24:00,979.00,994.70,979.00,994.70,140,140120
2018-12-27 09:25:00,994.70,994.70,994.70,994.70,0,0
2018-12-27 09:26:00,994.70,994.70,986.85,986.85,80,140420
2018-12-27 09:27:00,1000.00,1000.00,1000.00,1000.00,0,0
2018-12-27 09:28:00,1000.00,1005.80,975.00,1005.80,520,140420
2018-12-27 09:29:00,1005.80,1005.80,988.70,988.70,160,140920
2018-12-27 09:30:00,988.70,989.45,988.70,989.45,20,140920
2018-12-27 09:31:00,989.45,989.45,986.20,986.20,20,140920
2018-12-27 09:32:00,986.20,1005.00,986.20,1005.00,240,141060
2018-12-27 09:33:00,1005.00,1010.00,1005.00,1010.00,840,141060
2018-12-27 09:34:00,1010.00,1010.00,1010.00,1010.00,180,141060
2018-12-27 09:35:00,1010.00,1010.00,1010.00,1010.00,800,142100
2018-12-27 09:36:00,1010.00,1010.00,994.35,994.35,160,142100
2018-12-27 09:37:00,994.35,994.35,994.35,994.35,0,0
2018-12-27 09:38:00,994.35,994.35,993.95,993.95,120,142320
2018-12-27 09:39:00,993.95,993.95,987.65,987.65,80,142320
2018-12-27 09:40:00,987.65,988.45,987.65,988.45,100,142320
2018-12-27 09:41:00,988.45,988.45,988.45,988.45,0,0
2018-12-27 09:42:00,988.45,988.45,970.15,970.15,1080,142520
2018-12-27 09:43:00,970.15,970.15,944.90,944.90,360,142520
2018-12-27 09:44:00,944.90,944.90,938.15,938.15,20,143060
2018-12-27 09:45:00,938.15,938.15,937.85,937.85,20,143060
2018-12-27 09:46:00,937.85,954.15,937.85,951.70,100,143060
2018-12-27 09:47:00,951.70,951.70,951.70,951.70,0,0
2018-12-27 09:48:00,951.70,951.70,951.70,951.70,0,0
2018-12-27 09:49:00,951.70,951.70,904.00,904.00,260,143080
2018-12-27 09:50:00,904.00,930.00,904.00,930.00,100,143140
2018-12-27 09:51:00,930.00,935.00,930.00,935.00,140,143140
2018-12-27 09:52:00,935.00,935.00,935.00,935.00,0,0
2018-12-27 09:53:00,935.00,935.00,930.65,930.65,60,143180
2018-12-27 09:54:00,930.65,930.65,930.60,930.65,220,143180
2018-12-27 09:55:00,930.65,940.00,923.75,940.00,300,143180
2018-12-27 09:56:00,940.00,945.00,940.00,945.00,40,143140
2018-12-27 09:57:00,945.00,945.00,938.00,938.00,100,143140
2018-12-27 09:58:00,938.00,938.00,938.00,938.00,0,0
2018-12-27 09:59:00,938.00,939.95,938.00,939.95,20,143180
2018-12-27 10:00:00,939.95,939.95,939.95,939.95,0,0
2018-12-27 10:01:00,939.95,939.95,939.95,939.95,0,0
2018-12-27 10:02:00,939.95,939.95,916.00,916.00,360,143200
2018-12-27 10:03:00,916.00,916.00,905.00,910.00,80,143200
2018-12-27 10:04:00,910.00,910.00,910.00,910.00,0,0
2018-12-27 10:05:00,910.00,910.00,890.00,890.00,60,143260
2018-12-27 10:06:00,890.00,890.00,855.60,855.60,160,143260
2018-12-27 10:07:00,855.60,855.60,844.05,850.00,440,143260
2018-12-27 10:08:00,850.00,869.95,850.00,869.95,100,143240
2018-12-27 10:09:00,869.95,871.85,861.00,871.85,320,143240
2018-12-27 10:10:00,871.85,875.15,871.85,875.15,240,143240
2018-12-27 10:11:00,875.15,875.15,875.15,875.15,0,0
2018-12-27 10:12:00,875.15,875.15,875.15,875.15,0,0
2018-12-27 10:13:00,875.15,875.15,875.15,875.15,0,0
2018-12-27 10:14:00,875.15,875.15,864.55,864.55,40,142920
2018-12-27 10:15:00,864.55,885.00,864.55,885.00,40,142920
2018-12-27 10:16:00,885.00,885.00,885.00,885.00,0,0
2018-12-27 10:17:00,885.00,885.00,885.00,885.00,0,0
2018-12-27 10:18:00,885.00,885.00,885.00,885.00,0,0
2018-12-27 10:19:00,885.00,913.55,885.00,913.55,60,142920
2018-12-27 10:20:00,913.55,913.55,913.55,913.55,0,0
2018-12-27 10:21:00,913.55,913.55,913.55,913.55,0,0
2018-12-27 10:22:00,913.55,913.55,913.55,913.55,0,0
2018-12-27 10:23:00,913.55,913.55,913.55,913.55,0,0
2018-12-27 10:24:00,913.55,938.60,913.55,938.60,140,142900
2018-12-27 10:25:00,938.60,938.60,930.50,930.50,60,142900
2018-12-27 10:26:00,930.50,930.50,930.35,930.35,40,142860
2018-12-27 10:27:00,930.35,930.35,915.70,919.20,80,142860
2018-12-27 10:28:00,919.20,930.00,918.55,918.55,520,142860
2018-12-27 10:29:00,918.55,919.15,917.45,919.15,40,143160
2018-12-27 10:30:00,919.15,930.00,919.15,930.00,20,143160
2018-12-27 10:31:00,930.00,935.00,930.00,934.95,600,143160
2018-12-27 10:32:00,934.95,935.00,926.65,926.65,800,143340
2018-12-27 10:33:00,926.65,945.00,926.65,945.00,2000,143340
2018-12-27 10:34:00,945.00,950.00,945.00,950.00,560,143340
2018-12-27 10:35:00,950.00,950.00,932.25,932.25,20,144840
2018-12-27 10:36:00,932.25,950.00,932.25,949.75,240,144840
2018-12-27 10:37:00,949.75,949.75,931.65,931.65,260,144860
2018-12-27 10:38:00,932.25,932.25,931.35,931.35,60,144860
2018-12-27 10:39:00,931.35,931.35,931.35,931.35,0,0
2018-12-27 10:40:00,931.35,950.00,931.35,950.00,80,144880
2018-12-27 10:41:00,950.00,950.00,943.15,943.15,480,144880
2018-12-27 10:42:00,943.15,955.00,943.15,955.00,380,144880
2018-12-27 10:43:00,955.00,960.00,955.00,960.00,2260,146620
2018-12-27 10:44:00,960.00,964.95,954.70,954.70,440,146620
2018-12-27 10:45:00,954.70,965.00,954.70,965.00,1020,146620
2018-12-27 10:46:00,965.00,970.00,965.00,970.00,80,146620
2018-12-27 10:47:00,970.00,970.00,960.00,960.00,180,148240
2018-12-27 10:48:00,960.00,960.00,960.00,960.00,0,0
2018-12-27 10:49:00,960.00,970.00,960.00,970.00,80,148240
2018-12-27 10:50:00,970.00,970.00,969.95,969.95,20,148160
2018-12-27 10:51:00,969.95,970.00,969.95,970.00,1000,148160
2018-12-27 10:52:00,970.00,980.00,970.00,980.00,2000,150040
2018-12-27 10:53:00,980.00,990.00,980.00,990.00,1180,150040
2018-12-27 10:54:00,990.00,990.00,990.00,990.00,580,150040
2018-12-27 10:55:00,990.00,990.00,990.00,990.00,0,0
2018-12-27 10:56:00,990.00,990.00,990.00,990.00,0,0
2018-12-27 10:57:00,990.00,990.00,990.00,990.00,0,0
2018-12-27 10:58:00,990.00,990.00,957.70,957.70,40,151020
2018-12-27 10:59:00,957.70,970.00,957.70,968.00,200,151060
2018-12-27 11:00:00,968.00,970.00,968.00,970.00,20,0
2018-12-27 11:01:00,970.00,970.00,970.00,970.00,0,0
2018-12-27 11:02:00,970.00,970.00,953.60,953.60,140,149420
2018-12-27 11:03:00,953.60,953.60,947.25,947.25,200,149420
2018-12-27 11:04:00,947.25,947.25,947.25,947.25,0,0
2018-12-27 11:05:00,947.25,947.25,947.25,947.25,0,0
2018-12-27 11:06:00,947.25,960.00,947.25,960.00,160,149620
2018-12-27 11:07:00,960.00,960.00,960.00,960.00,0,0
2018-12-27 11:08:00,960.00,960.00,960.00,960.00,0,0
2018-12-27 11:09:00,960.00,960.00,960.00,960.00,0,0
2018-12-27 11:10:00,960.00,960.00,960.00,960.00,0,0
2018-12-27 11:11:00,960.00,960.00,960.00,960.00,0,0
2018-12-27 11:12:00,960.00,960.00,960.00,960.00,0,0
2018-12-27 11:13:00,960.00,960.00,935.15,935.15,80,149760
2018-12-27 11:14:00,935.15,935.15,931.90,931.90,20,149840
2018-12-27 11:15:00,931.90,931.90,931.90,931.90,0,0
2018-12-27 11:16:00,931.90,931.90,920.00,920.00,40,149840
2018-12-27 11:17:00,920.00,940.00,920.00,939.95,240,149880
2018-12-27 11:18:00,940.00,940.00,940.00,940.00,0,149880
2018-12-27 11:19:00,940.00,940.00,913.55,913.55,340,149880
2018-12-27 11:20:00,913.55,920.00,907.45,920.00,120,150040
2018-12-27 11:21:00,920.00,920.05,917.05,917.05,100,150040
2018-12-27 11:22:00,917.05,917.05,917.05,917.05,0,0
2018-12-27 11:23:00,917.05,920.25,917.05,920.25,20,149920
2018-12-27 11:24:00,920.25,920.25,919.10,919.20,60,149920
2018-12-27 11:25:00,919.20,920.00,919.20,920.00,20,149920
2018-12-27 11:26:00,920.00,920.00,920.00,920.00,0,0
2018-12-27 11:27:00,920.00,926.30,920.00,926.30,20,149820
2018-12-27 11:28:00,926.30,926.30,920.00,920.00,40,149820
2018-12-27 11:29:00,920.00,920.00,920.00,920.00,0,0
2018-12-27 11:30:00,920.00,920.00,906.00,906.00,340,149780
2018-12-27 11:31:00,906.00,906.00,906.00,906.00,0,0
2018-12-27 11:32:00,906.00,914.10,906.00,914.10,20,149640
2018-12-27 11:33:00,914.10,914.10,905.00,905.00,40,149640
2018-12-27 11:34:00,905.00,914.75,905.00,914.75,140,149640
2018-12-27 11:35:00,914.75,914.75,914.75,914.75,0,0
2018-12-27 11:36:00,914.75,914.75,914.75,914.75,0,0
2018-12-27 11:37:00,914.75,930.00,914.75,930.00,1260,150400
2018-12-27 11:38:00,930.00,935.00,928.90,935.00,1800,150400
2018-12-27 11:39:00,935.00,935.00,928.50,935.00,80,150400
2018-12-27 11:40:00,935.00,935.00,925.65,925.65,100,150400
2018-12-27 11:41:00,925.65,925.65,925.65,925.65,0,0
2018-12-27 11:42:00,925.65,925.65,925.65,925.65,0,0
2018-12-27 11:43:00,925.65,925.65,918.25,918.25,120,151580
2018-12-27 11:44:00,918.25,918.25,918.25,918.25,0,0
2018-12-27 11:45:00,918.25,922.55,918.25,920.05,80,151660
2018-12-27 11:46:00,920.05,920.05,920.05,920.05,0,0
2018-12-27 11:47:00,920.05,930.00,920.05,930.00,1140,151660
2018-12-27 11:48:00,930.00,934.00,930.00,934.00,60,151660
2018-12-27 11:49:00,934.00,934.00,934.00,934.00,0,0
2018-12-27 11:50:00,934.00,934.00,934.00,934.00,0,0
2018-12-27 11:51:00,934.00,934.00,934.00,934.00,0,0
2018-12-27 11:52:00,934.00,934.00,934.00,934.00,0,0
2018-12-27 11:53:00,934.00,935.00,934.00,935.00,1000,152500
2018-12-27 11:54:00,940.00,940.00,940.00,940.00,200,152500
2018-12-27 11:55:00,940.00,940.00,940.00,940.00,0,0
2018-12-27 11:56:00,940.00,940.00,940.00,940.00,0,0
2018-12-27 11:57:00,940.00,940.00,928.10,928.10,20,153680
2018-12-27 11:58:00,928.10,935.00,925.65,925.65,160,153680
2018-12-27 11:59:00,925.65,925.65,925.65,925.65,0,0
2018-12-27 12:00:00,925.65,925.65,925.65,925.65,0,0
2018-12-27 12:01:00,925.65,925.65,925.65,925.65,0,0
2018-12-27 12:02:00,925.65,925.65,925.65,925.65,0,0
2018-12-27 12:03:00,925.65,925.65,918.05,918.05,20,0
2018-12-27 12:04:00,918.05,918.05,918.05,918.05,0,0
2018-12-27 12:05:00,918.05,930.00,918.05,930.00,240,153760
2018-12-27 12:06:00,930.00,930.00,930.00,930.00,0,0
2018-12-27 12:07:00,930.00,930.00,930.00,930.00,500,153760
2018-12-27 12:08:00,930.00,930.00,930.00,930.00,0,0
2018-12-27 12:09:00,930.00,930.00,930.00,930.00,0,0
2018-12-27 12:10:00,930.00,930.00,930.00,930.00,0,0
2018-12-27 12:11:00,930.00,930.00,921.00,921.00,120,0
2018-12-27 12:12:00,921.00,935.00,921.00,935.00,1060,154340
2018-12-27 12:13:00,935.00,945.00,935.00,945.00,1160,154340
2018-12-27 12:14:00,945.00,945.00,945.00,945.00,0,0
2018-12-27 12:15:00,945.00,945.00,945.00,945.00,0,0
2018-12-27 12:16:00,945.00,945.00,944.95,945.00,140,156180
2018-12-27 12:17:00,945.00,945.00,945.00,945.00,720,156180
2018-12-27 12:18:00,945.00,945.00,938.95,938.95,60,156180
2018-12-27 12:19:00,938.95,938.95,938.95,938.95,0,0
2018-12-27 12:20:00,938.95,938.95,938.95,938.95,0,0
2018-12-27 12:21:00,938.95,938.95,938.95,938.95,0,0
2018-12-27 12:22:00,938.95,938.95,938.95,938.95,0,0
2018-12-27 12:23:00,938.95,938.95,899.35,899.35,360,157000
2018-12-27 12:24:00,899.35,899.35,899.35,899.35,0,0
2018-12-27 12:25:00,899.35,899.35,899.35,899.35,0,0
2018-12-27 12:26:00,925.65,930.00,925.65,930.00,860,156820
2018-12-27 12:27:00,930.00,930.00,930.00,930.00,80,156820
2018-12-27 12:28:00,930.00,930.00,930.00,930.00,0,0
2018-12-27 12:29:00,930.00,930.00,924.90,924.90,200,157760
2018-12-27 12:30:00,924.90,924.90,924.90,924.90,0,0
2018-12-27 12:31:00,924.90,924.90,916.90,916.90,20,157760
2018-12-27 12:32:00,916.90,916.90,916.90,916.90,0,0
2018-12-27 12:33:00,919.60,919.60,919.60,919.60,0,157940
2018-12-27 12:34:00,919.60,925.00,919.60,925.00,40,157940
2018-12-27 12:35:00,925.00,925.00,925.00,925.00,620,157960
2018-12-27 12:36:00,925.00,925.00,925.00,925.00,0,0
2018-12-27 12:37:00,925.00,925.00,925.00,925.00,0,0
2018-12-27 12:38:00,925.00,925.00,925.00,925.00,0,0
2018-12-27 12:39:00,925.00,925.00,925.00,925.00,0,0
2018-12-27 12:40:00,925.00,925.00,925.00,925.00,0,0
2018-12-27 12:41:00,925.00,925.00,925.00,925.00,260,158720
2018-12-27 12:42:00,925.00,925.00,925.00,925.00,0,0
2018-12-27 12:43:00,925.00,930.00,925.00,930.00,60,158720
2018-12-27 12:44:00,930.00,930.00,930.00,930.00,0,0
2018-12-27 12:45:00,930.00,930.00,930.00,930.00,0,0
2018-12-27 12:46:00,930.00,930.00,930.00,930.00,0,0
2018-12-27 12:47:00,930.00,930.00,930.00,930.00,0,0
2018-12-27 12:48:00,930.00,930.00,930.00,930.00,0,0
2018-12-27 12:49:00,930.00,930.00,930.00,930.00,0,0
2018-12-27 12:50:00,930.00,930.00,914.40,914.40,80,159040
2018-12-27 12:51:00,914.40,914.40,914.40,914.40,0,0
2018-12-27 12:52:00,914.40,914.40,879.00,879.00,60,159040
2018-12-27 12:53:00,879.00,884.70,871.05,871.05,380,159040
2018-12-27 12:54:00,871.05,880.00,871.05,880.00,320,159040
2018-12-27 12:55:00,880.00,880.00,875.85,875.85,20,159040
2018-12-27 12:56:00,875.85,875.85,865.00,865.00,500,159440
2018-12-27 12:57:00,865.00,879.00,865.00,879.00,1400,159440
2018-12-27 12:58:00,879.00,883.25,875.00,882.70,380,160880
2018-12-27 12:59:00,882.70,882.70,882.70,882.70,0,0
2018-12-27 13:00:00,882.70,882.70,882.70,882.70,0,0
2018-12-27 13:01:00,882.70,882.70,882.70,882.70,0,0
2018-12-27 13:02:00,882.70,882.70,882.70,882.70,0,0
2018-12-27 13:03:00,882.70,882.70,850.00,850.00,320,160740
2018-12-27 13:04:00,850.00,850.00,850.00,850.00,0,0
2018-12-27 13:05:00,850.00,853.30,850.00,853.30,280,160520
2018-12-27 13:06:00,853.30,874.05,853.30,874.05,340,160520
2018-12-27 13:07:00,874.05,880.00,874.05,880.00,300,160520
2018-12-27 13:08:00,879.95,885.00,879.95,885.00,1640,160120
2018-12-27 13:09:00,885.00,895.00,885.00,895.00,1180,160120
2018-12-27 13:10:00,895.00,895.00,885.30,885.30,40,160120
2018-12-27 13:11:00,885.30,890.00,885.30,890.00,740,162480
2018-12-27 13:12:00,890.00,890.00,880.00,880.00,60,162480
2018-12-27 13:13:00,880.00,880.00,880.00,880.00,0,0
2018-12-27 13:14:00,880.00,880.00,880.00,880.00,0,0
2018-12-27 13:15:00,880.00,880.00,880.00,880.00,0,0
2018-12-27 13:16:00,880.00,900.00,880.00,900.00,700,162980
2018-12-27 13:17:00,900.00,900.00,900.00,900.00,0,0
2018-12-27 13:18:00,900.00,900.00,888.15,888.15,20,164180
2018-12-27 13:19:00,888.15,888.15,880.70,880.70,40,164180
2018-12-27 13:20:00,880.70,880.70,880.70,880.70,0,0
2018-12-27 13:21:00,880.70,880.70,880.70,880.70,0,0
2018-12-27 13:22:00,880.70,880.70,880.70,880.70,0,0
2018-12-27 13:23:00,880.70,880.70,880.70,880.70,0,0
2018-12-27 13:24:00,880.70,880.70,880.70,880.70,0,0
2018-12-27 13:25:00,880.70,880.70,880.70,880.70,0,0
2018-12-27 13:26:00,880.70,880.70,880.70,880.70,0,0
2018-12-27 13:27:00,880.70,880.70,880.70,880.70,0,0
2018-12-27 13:28:00,880.70,880.70,845.50,860.70,780,164180
2018-12-27 13:29:00,860.70,865.00,860.70,865.00,100,164800
2018-12-27 13:30:00,865.00,865.00,865.00,865.00,0,0
2018-12-27 13:31:00,865.00,865.00,865.00,865.00,0,0
2018-12-27 13:32:00,865.00,865.00,864.05,864.05,20,164900
2018-12-27 13:33:00,864.05,870.00,864.05,870.00,100,164900
2018-12-27 13:34:00,870.00,880.00,870.00,880.00,780,165000
2018-12-27 13:35:00,880.00,889.95,880.00,889.95,1380,165000
2018-12-27 13:36:00,889.95,890.00,889.95,890.00,520,165000
2018-12-27 13:37:00,890.00,890.00,890.00,890.00,0,0
2018-12-27 13:38:00,890.00,890.00,890.00,890.00,0,0
2018-12-27 13:39:00,890.00,890.00,864.00,864.00,180,167520
2018-12-27 13:40:00,864.00,864.00,864.00,864.00,0,0
2018-12-27 13:41:00,864.00,880.00,864.00,880.00,0,167460
2018-12-27 13:42:00,880.00,884.00,880.00,884.00,140,167460
2018-12-27 13:43:00,884.00,884.00,884.00,884.00,0,0
2018-12-27 13:44:00,884.00,884.00,874.90,874.90,60,167560
2018-12-27 13:45:00,874.90,880.00,874.90,880.00,440,167560
2018-12-27 13:46:00,870.50,871.25,870.50,871.25,20,167560
2018-12-27 13:47:00,871.25,879.00,871.25,877.95,120,167980
2018-12-27 13:48:00,877.95,880.00,877.95,880.00,320,167980
2018-12-27 13:49:00,880.00,880.00,870.00,870.00,160,167980
2018-12-27 13:50:00,870.00,870.00,870.00,870.00,20,168420
2018-12-27 13:51:00,870.00,872.00,870.00,872.00,40,168420
2018-12-27 13:52:00,872.00,872.00,872.00,872.00,0,0
2018-12-27 13:53:00,872.00,890.00,872.00,890.00,1680,168580
2018-12-27 13:54:00,890.00,905.00,890.00,905.00,2780,168580
2018-12-27 13:55:00,905.00,915.00,905.00,915.00,1620,168580
2018-12-27 13:56:00,915.00,920.00,915.00,920.00,1900,174260
2018-12-27 13:57:00,920.00,920.00,915.00,915.00,140,174260
2018-12-27 13:58:00,915.00,924.85,915.00,924.85,40,174260
2018-12-27 13:59:00,924.85,925.00,914.50,925.00,220,176200
2018-12-27 14:00:00,925.00,925.00,925.00,925.00,760,176200
2018-12-27 14:01:00,925.00,925.00,906.05,906.05,20,176200
2018-12-27 14:02:00,906.05,915.00,906.05,907.00,460,177240
2018-12-27 14:03:00,907.00,907.00,907.00,907.00,0,0
2018-12-27 14:04:00,907.00,907.00,907.00,907.00,0,0
2018-12-27 14:05:00,907.00,921.85,894.90,921.85,40,177700
2018-12-27 14:06:00,921.85,921.85,921.85,921.85,0,0
2018-12-27 14:07:00,921.85,921.85,921.85,921.85,0,0
2018-12-27 14:08:00,921.85,921.85,900.00,900.00,100,177740
2018-12-27 14:09:00,900.00,900.00,900.00,900.00,0,0
2018-12-27 14:10:00,900.00,906.00,900.00,906.00,20,0
2018-12-27 14:11:00,906.00,906.00,899.35,899.35,40,177860
2018-12-27 14:12:00,899.35,900.00,899.35,900.00,20,177860
2018-12-27 14:13:00,900.00,900.40,900.00,900.40,20,177860
2018-12-27 14:14:00,900.40,900.40,900.40,900.40,0,0
2018-12-27 14:15:00,900.40,900.40,900.40,900.40,0,0
2018-12-27 14:16:00,900.40,900.40,884.15,884.15,20,177860
2018-12-27 14:17:00,884.15,898.10,884.15,898.10,40,177840
2018-12-27 14:18:00,898.10,898.10,852.55,852.55,20,177840
2018-12-27 14:19:00,852.55,852.55,852.55,852.55,0,0
2018-12-27 14:20:00,852.55,852.55,852.55,852.55,0,0
2018-12-27 14:21:00,852.55,852.55,852.55,852.55,0,0
2018-12-27 14:22:00,852.55,852.55,852.55,852.55,0,0
2018-12-27 14:23:00,852.55,852.55,852.55,852.55,0,0
2018-12-27 14:24:00,852.55,852.55,852.55,852.55,0,0
2018-12-27 14:25:00,852.55,852.55,845.55,852.00,160,177880
2018-12-27 14:26:00,852.00,852.00,846.70,846.70,60,177860
2018-12-27 14:27:00,846.70,846.70,843.00,843.00,160,177860
2018-12-27 14:28:00,843.00,843.00,843.00,843.00,0,0
2018-12-27 14:29:00,860.00,860.00,860.00,860.00,0,177820
2018-12-27 14:30:00,860.00,860.00,835.00,835.00,140,177820
2018-12-27 14:31:00,835.00,835.00,835.00,835.00,0,0
2018-12-27 14:32:00,835.00,840.00,829.80,829.80,20,177800
2018-12-27 14:33:00,829.80,829.80,815.00,818.40,540,177800
2018-12-27 14:34:00,818.40,818.40,807.95,807.95,80,177800
2018-12-27 14:35:00,807.95,807.95,794.70,794.70,240,177580
2018-12-27 14:36:00,794.70,825.55,794.70,824.65,160,177580
2018-12-27 14:37:00,824.65,824.65,824.65,824.65,0,0
2018-12-27 14:38:00,824.65,824.65,824.65,824.65,0,0
2018-12-27 14:39:00,824.65,824.65,815.80,815.80,100,177560
2018-12-27 14:40:00,815.80,825.00,815.80,825.00,100,177560
2018-12-27 14:41:00,825.00,835.00,825.00,835.00,1180,177680
2018-12-27 14:42:00,835.00,835.00,834.95,834.95,1100,177680
2018-12-27 14:43:00,835.00,835.00,820.95,820.95,160,177680
2018-12-27 14:44:00,820.95,820.95,820.95,820.95,0,0
2018-12-27 14:45:00,820.95,829.00,820.95,829.00,20,179580
2018-12-27 14:46:00,829.00,829.00,829.00,829.00,0,0
2018-12-27 14:47:00,829.00,829.00,829.00,829.00,0,0
2018-12-27 14:48:00,829.00,840.00,829.00,840.00,440,179580
2018-12-27 14:49:00,840.00,840.00,840.00,840.00,0,0
2018-12-27 14:50:00,840.00,840.00,840.00,840.00,0,0
2018-12-27 14:51:00,840.00,840.00,840.00,840.00,0,0
2018-12-27 14:52:00,840.00,850.00,837.70,849.95,2040,179740
2018-12-27 14:53:00,849.95,849.95,849.95,849.95,0,0
2018-12-27 14:54:00,849.95,849.95,849.95,849.95,0,0
2018-12-27 14:55:00,849.95,849.95,849.95,849.95,0,0
2018-12-27 14:56:00,849.95,849.95,848.00,848.00,20,181800
2018-12-27 14:57:00,848.00,848.00,843.00,843.00,500,181800
2018-12-27 14:58:00,843.00,843.00,839.90,839.90,140,181800
2018-12-27 14:59:00,839.90,855.00,839.90,855.00,740,181940
2018-12-27 15:00:00,855.00,855.00,819.40,819.40,180,181940
2018-12-27 15:01:00,819.40,819.40,819.40,819.40,0,0
2018-12-27 15:02:00,819.40,825.00,815.00,825.00,1160,182480
2018-12-27 15:03:00,825.00,829.85,825.00,829.85,20,182480
2018-12-27 15:04:00,829.85,829.85,829.85,829.85,0,0
2018-12-27 15:05:00,829.85,829.85,800.00,804.60,160,181480
2018-12-27 15:06:00,804.60,804.60,788.20,794.10,120,181480
2018-12-27 15:07:00,794.10,794.10,794.10,794.10,0,0
2018-12-27 15:08:00,794.10,805.00,794.10,801.65,100,181460
2018-12-27 15:09:00,801.65,803.55,801.10,802.50,280,181460
2018-12-27 15:10:00,802.50,805.20,799.85,799.85,200,181460
2018-12-27 15:11:00,799.85,799.85,795.40,795.60,340,181900
2018-12-27 15:12:00,795.60,800.00,795.60,800.00,120,181900
2018-12-27 15:13:00,800.00,800.00,795.90,796.45,120,181900
2018-12-27 15:14:00,796.45,800.75,784.00,800.75,1220,182280
2018-12-27 15:15:00,800.75,801.70,798.55,798.85,540,182280
2018-12-27 15:16:00,798.85,798.85,796.40,796.40,140,182280
2018-12-27 15:17:00,796.00,810.00,796.00,810.00,1180,183180
2018-12-27 15:18:00,810.00,810.00,803.05,810.00,700,183180
2018-12-27 15:19:00,810.00,810.00,806.95,810.00,400,184840
2018-12-27 15:20:00,810.00,814.00,810.00,814.00,700,184840
2018-12-27 15:21:00,814.00,815.00,814.00,814.25,1040,184840
2018-12-27 15:22:00,814.25,816.60,814.25,816.60,40,186620
2018-12-27 15:23:00,816.60,817.75,811.40,815.35,460,186620
2018-12-27 15:24:00,816.80,820.00,816.80,820.00,380,186620
2018-12-27 15:25:00,820.00,820.00,812.70,812.70,840,186620
2018-12-27 15:26:00,812.70,812.70,812.70,812.70,0,0
2018-12-27 15:27:00,812.70,815.15,810.95,814.50,460,187320
2018-12-27 15:28:00,814.50,815.65,814.50,815.65,0,187320
2018-12-27 15:29:01,815.65,820.00,815.65,820.00,400,187600
2018-12-28 09:16:00,924.95,936.45,918.80,929.75,320,187940
2018-12-28 09:17:00,929.75,934.00,929.75,934.00,440,188460
2018-12-28 09:18:00,934.00,934.90,920.90,920.90,100,188460
2018-12-28 09:19:00,920.90,930.75,920.90,930.75,20,188460
2018-12-28 09:20:00,931.00,945.00,931.00,945.00,2360,190500
2018-12-28 09:21:00,945.00,950.00,945.00,950.00,1820,190500
2018-12-28 09:22:00,950.00,955.00,949.90,955.00,760,190500
2018-12-28 09:23:00,955.00,960.00,955.00,959.00,500,193440
2018-12-28 09:24:00,959.00,960.00,952.80,952.80,420,193440
2018-12-28 09:25:00,952.80,959.95,948.85,948.85,280,193440
2018-12-28 09:26:00,948.85,955.00,946.25,955.00,180,193680
2018-12-28 09:27:00,955.00,959.90,955.00,959.90,80,193680
2018-12-28 09:28:00,959.90,959.90,949.20,949.20,40,193680
2018-12-28 09:29:00,949.20,949.20,949.20,949.20,0,0
2018-12-28 09:30:00,949.20,955.90,949.20,955.90,120,193680
2018-12-28 09:31:00,955.90,969.90,955.90,969.90,2280,193680
2018-12-28 09:32:00,969.90,970.00,969.90,970.00,120,195580
2018-12-28 09:33:00,970.00,975.00,970.00,974.95,980,195580
2018-12-28 09:34:00,974.95,975.00,971.15,971.15,380,195580
2018-12-28 09:35:00,971.15,975.00,971.15,975.00,320,196960
2018-12-28 09:36:00,975.00,980.00,971.90,971.90,600,196960
2018-12-28 09:37:00,971.90,980.00,971.90,980.00,120,196960
2018-12-28 09:38:00,980.00,980.00,979.95,979.95,480,196960
2018-12-28 09:39:00,979.95,980.00,974.80,974.80,120,198360
2018-12-28 09:40:00,974.80,979.85,974.25,975.00,160,198360
2018-12-28 09:41:00,975.00,979.90,975.00,979.90,40,198360
2018-12-28 09:42:00,979.90,979.90,969.45,969.45,40,198380
2018-12-28 09:43:00,969.45,980.00,969.45,980.00,1260,198380
2018-12-28 09:44:00,980.00,985.00,980.00,985.00,1180,198380
2018-12-28 09:45:00,985.00,985.00,984.95,984.95,20,0
2018-12-28 09:46:00,984.95,986.65,983.60,986.65,260,201180
2018-12-28 09:47:00,990.00,990.00,990.00,990.00,60,201180
2018-12-28 09:48:00,990.00,990.00,978.80,978.80,20,201480
2018-12-28 09:49:00,978.80,978.80,978.80,978.80,20,201480
2018-12-28 09:50:00,978.80,978.80,978.80,978.80,0,0
2018-12-28 09:51:00,978.80,978.80,978.80,978.80,0,0
2018-12-28 09:52:00,978.80,978.80,978.80,978.80,0,0
2018-12-28 09:53:00,978.80,978.80,958.00,960.00,980,201480
2018-12-28 09:54:00,960.00,965.95,960.00,965.95,1060,202340
2018-12-28 09:55:00,965.95,965.95,965.95,965.95,0,0
2018-12-28 09:56:00,965.95,965.95,960.00,960.00,20,203360
2018-12-28 09:57:00,960.00,960.00,960.00,960.00,80,203360
2018-12-28 09:58:00,960.00,962.00,960.00,962.00,940,203360
2018-12-28 09:59:00,962.00,970.00,962.00,970.00,2000,205960
2018-12-28 10:00:00,970.00,974.00,970.00,974.00,1000,205960
2018-12-28 10:01:00,978.00,979.90,978.00,979.90,1060,205960
2018-12-28 10:02:00,979.90,982.00,979.90,982.00,800,209240
2018-12-28 10:03:00,982.00,982.00,979.15,979.15,320,209240
2018-12-28 10:04:00,979.15,980.00,979.15,980.00,100,209240
2018-12-28 10:05:00,980.00,980.00,980.00,980.00,0,0
2018-12-28 10:06:00,980.00,980.00,978.00,978.00,40,209400
2018-12-28 10:07:00,978.00,978.00,977.90,978.00,720,209400
2018-12-28 10:08:00,978.00,978.00,975.90,975.90,300,209400
2018-12-28 10:09:00,975.90,982.00,975.90,982.00,840,210440
2018-12-28 10:10:00,982.00,986.00,982.00,986.00,180,210440
2018-12-28 10:11:00,986.00,986.00,981.50,981.50,40,210440
2018-12-28 10:12:00,981.50,986.00,979.30,986.00,160,211460
2018-12-28 10:13:00,986.00,986.00,984.65,986.00,280,211460
2018-12-28 10:14:00,986.00,986.00,986.00,986.00,720,212480
2018-12-28 10:15:00,986.00,986.00,986.00,986.00,0,0
2018-12-28 10:16:00,986.00,994.00,986.00,994.00,1880,212480
2018-12-28 10:17:00,994.00,1006.00,994.00,1006.00,2480,216700
2018-12-28 10:18:00,1006.00,1006.00,1002.00,1002.00,20,216700
2018-12-28 10:19:00,1002.00,1006.00,1002.00,1003.00,1680,216700
2018-12-28 10:20:00,1003.00,1009.95,1002.95,1002.95,520,216700
2018-12-28 10:21:00,1002.95,1002.95,1002.95,1002.95,0,0
2018-12-28 10:22:00,1002.95,1002.95,1002.95,1002.95,0,0
2018-12-28 10:23:00,1002.95,1002.95,1002.95,1002.95,0,0
2018-12-28 10:24:00,1002.95,1002.95,1002.00,1002.00,1000,215840
2018-12-28 10:25:00,1002.00,1006.00,1002.00,1006.00,520,215840
2018-12-28 10:26:00,1006.00,1006.00,1006.00,1006.00,0,0
2018-12-28 10:27:00,1006.00,1006.00,1006.00,1006.00,0,0
2018-12-28 10:28:00,1006.00,1006.00,1006.00,1006.00,20,216180
2018-12-28 10:29:00,1006.00,1006.00,1006.00,1006.00,0,0
2018-12-28 10:30:00,1006.00,1006.00,1006.00,1006.00,0,0
2018-12-28 10:31:00,1006.00,1006.00,1006.00,1006.00,0,0
2018-12-28 10:32:00,1006.00,1006.00,1006.00,1006.00,0,0
2018-12-28 10:33:00,1006.00,1006.00,1006.00,1006.00,0,0
2018-12-28 10:34:00,1006.00,1006.00,1006.00,1006.00,0,0
2018-12-28 10:35:00,1006.00,1006.00,1006.00,1006.00,0,0
2018-12-28 10:36:00,1006.00,1006.00,994.00,994.00,480,216200
2018-12-28 10:37:00,982.30,982.30,977.10,977.10,60,216200
2018-12-28 10:38:00,977.10,986.00,977.10,986.00,500,216720
2018-12-28 10:39:00,986.00,990.00,986.00,990.00,1500,216720
2018-12-28 10:40:00,990.00,994.00,990.00,990.00,320,216720
2018-12-28 10:41:00,990.00,994.00,990.00,994.00,480,216720
2018-12-28 10:42:00,994.00,994.00,986.70,986.70,40,219460
2018-12-28 10:43:00,986.70,986.70,983.00,983.00,80,219460
2018-12-28 10:44:00,983.00,983.00,982.00,983.00,220,219460
2018-12-28 10:45:00,983.00,983.00,975.00,975.00,420,219460
2018-12-28 10:46:00,975.00,982.00,975.00,982.00,2460,219460
2018-12-28 10:47:00,982.00,982.00,982.00,982.00,0,0
2018-12-28 10:48:00,982.00,982.00,982.00,982.00,0,0
2018-12-28 10:49:00,982.00,982.00,974.00,974.00,760,219920
2018-12-28 10:50:00,974.00,977.95,974.00,977.95,120,219920
2018-12-28 10:51:00,977.95,978.00,976.00,978.00,200,220780
2018-12-28 10:52:00,978.00,978.00,978.00,978.00,460,220780
2018-12-28 10:53:00,978.00,982.00,978.00,982.00,320,221760
2018-12-28 10:54:00,982.00,986.00,982.00,986.00,1320,221760
2018-12-28 10:55:00,986.00,986.00,984.75,984.75,120,221760
2018-12-28 10:56:00,984.75,985.00,983.05,983.05,40,221760
2018-12-28 10:57:00,983.05,983.05,983.05,983.05,0,0
2018-12-28 10:58:00,983.05,983.05,979.25,979.50,100,223140
2018-12-28 10:59:00,979.50,979.50,978.00,978.00,500,223140
2018-12-28 11:00:00,978.00,982.00,978.00,982.00,960,223120
2018-12-28 11:01:00,982.00,982.00,982.00,982.00,0,0
2018-12-28 11:02:00,982.00,982.00,970.00,970.00,140,224740
2018-12-28 11:03:00,970.00,971.25,966.00,966.00,60,224740
2018-12-28 11:04:00,966.00,966.00,966.00,966.00,0,0
2018-12-28 11:05:00,966.00,966.00,966.00,966.00,0,0
2018-12-28 11:06:00,966.00,966.00,966.00,966.00,60,224660
2018-12-28 11:07:00,966.00,966.00,966.00,966.00,940,224660
2018-12-28 11:08:00,966.00,968.00,966.00,968.00,280,224660
2018-12-28 11:09:00,968.00,970.00,968.00,970.00,1000,225940
2018-12-28 11:10:00,970.00,974.00,970.00,974.00,540,225940
2018-12-28 11:11:00,974.00,974.00,974.00,974.00,920,225940
2018-12-28 11:12:00,974.00,974.00,974.00,974.00,0,0
2018-12-28 11:13:00,974.00,974.00,973.70,973.70,80,228740
2018-12-28 11:14:00,973.70,973.70,973.35,973.35,80,228740
2018-12-28 11:15:00,973.35,973.35,969.00,969.00,40,228740
2018-12-28 11:16:00,969.00,969.15,969.00,969.15,20,228740
2018-12-28 11:17:00,969.15,969.15,965.00,965.00,180,228740
2018-12-28 11:18:00,965.00,965.00,958.85,958.85,20,228600
2018-12-28 11:19:00,958.85,960.65,955.90,960.65,180,228600
2018-12-28 11:20:00,960.65,960.65,960.60,960.60,20,228600
2018-12-28 11:21:00,960.60,961.10,960.60,961.10,20,228580
2018-12-28 11:22:00,961.10,961.10,961.10,961.10,0,0
2018-12-28 11:23:00,961.10,962.00,961.10,962.00,900,228580
2018-12-28 11:24:00,962.00,970.00,962.00,970.00,1040,229600
2018-12-28 11:25:00,970.00,970.00,970.00,970.00,0,0
2018-12-28 11:26:00,970.00,970.00,967.00,967.00,380,230760
2018-12-28 11:27:00,967.00,967.00,964.55,965.15,40,230760
2018-12-28 11:28:00,965.15,965.15,962.55,962.55,20,230760
2018-12-28 11:29:00,962.55,965.05,962.55,965.05,40,230760
2018-12-28 11:30:00,965.05,965.05,963.05,963.05,180,230440
2018-12-28 11:31:00,963.05,963.05,959.65,959.65,140,230440
2018-12-28 11:32:00,959.65,959.65,959.05,959.05,20,230300
2018-12-28 11:33:00,959.05,962.15,959.05,962.15,20,230300
2018-12-28 11:34:00,962.15,965.80,962.15,965.80,20,230300
2018-12-28 11:35:00,965.80,965.80,957.05,957.05,20,230300
2018-12-28 11:36:00,957.05,963.55,957.05,963.55,960,230280
2018-12-28 11:37:00,963.55,963.55,957.95,960.95,120,230280
2018-12-28 11:38:00,960.95,966.00,954.45,954.45,100,230860
2018-12-28 11:39:00,954.45,954.45,942.85,942.85,100,230860
2018-12-28 11:40:00,942.85,947.10,926.00,936.60,420,230860
2018-12-28 11:41:00,936.60,936.90,936.60,936.90,20,230860
2018-12-28 11:42:00,936.90,936.90,936.90,936.90,0,0
2018-12-28 11:43:00,936.90,942.00,936.90,942.00,540,230940
2018-12-28 11:44:00,942.00,942.00,942.00,942.00,560,230940
2018-12-28 11:45:00,942.00,942.00,938.00,942.00,1580,231900
2018-12-28 11:46:00,942.00,949.60,942.00,949.60,1200,231900
2018-12-28 11:47:00,949.60,950.00,947.50,947.50,520,235280
2018-12-28 11:48:00,947.50,950.00,947.50,950.00,420,235280
2018-12-28 11:49:00,950.00,954.00,950.00,953.00,160,235280
2018-12-28 11:50:00,953.00,953.00,948.70,949.05,40,235840
2018-12-28 11:51:00,949.05,954.00,949.05,954.00,60,235840
2018-12-28 11:52:00,954.00,954.00,951.75,951.75,20,235840
2018-12-28 11:53:00,951.75,952.75,951.75,952.75,40,235840
2018-12-28 11:54:00,952.75,952.75,952.75,952.75,0,0
2018-12-28 11:55:00,954.00,962.00,954.00,961.25,2200,235880
2018-12-28 11:56:00,961.25,961.25,961.25,961.25,20,235880
2018-12-28 11:57:00,961.25,963.50,960.30,963.50,340,238580
2018-12-28 11:58:00,963.50,966.00,963.15,965.05,1200,238580
2018-12-28 11:59:00,965.05,967.15,965.05,967.15,20,238580
2018-12-28 12:00:00,967.15,967.15,958.10,958.35,400,239920
2018-12-28 12:01:00,958.35,958.35,955.90,955.90,120,239920
2018-12-28 12:02:00,955.90,956.10,955.90,956.10,20,239920
2018-12-28 12:03:00,956.10,956.25,956.10,956.25,20,239840
2018-12-28 12:04:00,956.25,970.00,956.25,970.00,720,239840
2018-12-28 12:05:00,970.00,973.25,970.00,973.25,480,239840
2018-12-28 12:06:00,973.25,973.25,973.25,973.25,0,0
2018-12-28 12:07:00,973.25,973.25,973.25,973.25,0,0
2018-12-28 12:08:00,973.25,973.25,969.20,971.35,80,240860
2018-12-28 12:09:00,971.35,975.90,971.35,975.65,980,240860
2018-12-28 12:10:00,975.65,976.00,975.05,976.00,100,240860
2018-12-28 12:11:00,976.00,979.70,976.00,978.00,1120,242740
2018-12-28 12:12:00,978.00,982.00,978.00,982.00,220,242740
2018-12-28 12:13:00,982.00,982.00,975.00,975.00,100,242740
2018-12-28 12:14:00,975.00,975.00,968.50,968.50,140,242860
2018-12-28 12:15:00,968.50,968.50,968.50,968.50,0,0
2018-12-28 12:16:00,968.50,968.50,968.50,968.50,0,0
2018-12-28 12:17:00,968.50,973.00,968.50,970.75,400,242860
2018-12-28 12:18:00,970.75,970.75,970.75,970.75,0,0
2018-12-28 12:19:00,970.75,970.75,970.75,970.75,0,0
2018-12-28 12:20:00,970.75,976.40,970.75,976.15,40,242860
2018-12-28 12:21:00,976.15,976.15,974.30,974.30,100,242860
2018-12-28 12:22:00,974.30,975.00,973.15,973.15,60,242860
2018-12-28 12:23:00,973.15,973.15,964.90,964.90,220,242860
2018-12-28 12:24:00,964.90,964.90,964.15,964.15,20,242920
2018-12-28 12:25:00,964.15,972.40,964.15,972.40,1920,242920
2018-12-28 12:26:00,972.40,972.40,969.70,969.70,60,242920
2018-12-28 12:27:00,969.70,969.70,969.70,969.70,0,0
2018-12-28 12:28:00,969.70,969.70,965.95,965.95,20,244780
2018-12-28 12:29:00,965.95,965.95,965.95,965.95,0,0
2018-12-28 12:30:00,965.95,965.95,965.95,965.95,20,244780
2018-12-28 12:31:00,965.95,965.95,956.00,956.00,160,244780
2018-12-28 12:32:00,956.00,962.00,956.00,962.00,2020,244780
2018-12-28 12:33:00,962.00,962.00,962.00,962.00,0,0
2018-12-28 12:34:00,962.00,962.00,952.65,958.00,260,246000
2018-12-28 12:35:00,958.00,958.00,958.00,958.00,320,247200
2018-12-28 12:36:00,958.00,958.00,955.35,955.35,60,247200
2018-12-28 12:37:00,955.35,955.35,950.00,954.00,1260,247200
2018-12-28 12:38:00,954.00,954.00,954.00,954.00,320,247200
2018-12-28 12:39:00,954.00,954.00,952.45,952.45,440,248740
2018-12-28 12:40:00,952.45,952.45,952.45,952.45,0,0
2018-12-28 12:41:00,952.45,958.00,952.45,956.80,140,248740
2018-12-28 12:42:00,956.70,956.70,954.75,954.75,140,248760
2018-12-28 12:43:00,954.75,958.00,954.75,957.80,120,248760
2018-12-28 12:44:00,957.80,957.80,952.00,956.00,1140,249700
2018-12-28 12:45:00,956.00,959.00,956.00,959.00,1820,249700
2018-12-28 12:46:00,962.00,963.65,960.80,963.65,980,249700
2018-12-28 12:47:00,963.65,964.90,963.55,963.55,340,252640
2018-12-28 12:48:00,963.55,963.55,960.35,962.10,80,252640
2018-12-28 12:49:00,962.10,962.10,962.10,962.10,0,0
2018-12-28 12:50:00,962.10,962.10,962.10,962.10,0,0
2018-12-28 12:51:00,962.10,962.10,958.00,958.00,1000,252640
2018-12-28 12:52:00,958.00,962.05,958.00,962.05,1040,252640
2018-12-28 12:53:00,962.05,962.05,959.65,960.10,100,252640
2018-12-28 12:54:00,960.10,961.30,959.35,959.35,120,254580
2018-12-28 12:55:00,959.35,960.80,956.45,956.45,80,254580
2018-12-28 12:56:00,956.45,958.00,956.45,958.00,980,255120
2018-12-28 12:57:00,958.00,962.00,958.00,962.00,180,255120
2018-12-28 12:58:00,962.00,962.00,962.00,962.00,340,255120
2018-12-28 12:59:00,962.00,962.00,957.65,962.00,280,255120
2018-12-28 13:00:00,962.00,962.00,958.50,959.75,100,256400
2018-12-28 13:01:00,959.75,959.75,958.00,958.00,220,0
2018-12-28 13:02:00,958.00,958.00,954.95,958.00,360,256400
2018-12-28 13:03:00,958.00,958.00,958.00,958.00,560,256840
2018-12-28 13:04:00,958.00,958.00,958.00,958.00,0,0
2018-12-28 13:05:00,958.00,959.80,958.00,959.80,100,257380
2018-12-28 13:06:00,959.80,959.80,959.55,959.55,20,257380
2018-12-28 13:07:00,959.55,959.55,958.30,958.30,20,257380
2018-12-28 13:08:00,958.30,961.00,958.30,959.50,40,257380
2018-12-28 13:09:00,959.50,959.50,957.80,958.00,520,257340
2018-12-28 13:10:00,958.00,958.00,958.00,958.00,520,257340
2018-12-28 13:11:00,958.00,960.00,958.00,960.00,940,257920
2018-12-28 13:12:00,960.00,960.00,959.45,959.45,20,257920
2018-12-28 13:13:00,959.45,960.00,959.45,960.00,40,257920
2018-12-28 13:14:00,960.00,966.00,960.00,966.00,1160,258960
2018-12-28 13:15:00,966.00,973.70,966.00,973.70,1920,258960
2018-12-28 13:16:00,973.70,974.00,971.90,972.45,1100,258960
2018-12-28 13:17:00,972.45,974.00,972.25,972.65,160,261840
2018-12-28 13:18:00,972.65,974.35,971.95,971.95,320,261840
2018-12-28 13:19:00,971.95,976.95,970.65,976.95,140,261840
2018-12-28 13:20:00,976.95,978.00,976.95,978.00,780,261920
2018-12-28 13:21:00,978.00,982.00,978.00,982.00,1200,261920
2018-12-28 13:22:00,982.00,999.00,982.00,984.95,1580,261920
2018-12-28 13:23:00,984.95,988.90,984.70,984.70,80,264920
2018-12-28 13:24:00,984.70,984.70,978.45,978.45,320,264920
2018-12-28 13:25:00,978.45,981.35,978.15,979.15,160,264920
2018-12-28 13:26:00,979.15,979.15,976.80,977.10,60,264920
2018-12-28 13:27:00,977.10,980.65,977.10,980.65,40,264920
2018-12-28 13:28:00,980.65,981.50,978.85,978.85,100,264920
2018-12-28 13:29:00,978.85,978.85,978.85,978.85,0,0
2018-12-28 13:30:00,978.85,980.35,978.85,979.60,60,264940
2018-12-28 13:31:00,982.05,982.30,982.05,982.30,20,264940
2018-12-28 13:32:00,982.30,982.30,982.00,982.00,40,264940
2018-12-28 13:33:00,982.00,982.25,982.00,982.25,20,264980
2018-12-28 13:34:00,982.25,982.25,982.25,982.25,0,0
2018-12-28 13:35:00,982.25,987.10,982.25,987.10,20,264980
2018-12-28 13:36:00,987.10,987.10,987.10,987.10,0,0
2018-12-28 13:37:00,987.10,992.95,987.10,992.95,80,264980
2018-12-28 13:38:00,992.95,994.00,992.95,993.55,60,265040
2018-12-28 13:39:00,993.55,993.55,992.45,992.45,40,265040
2018-12-28 13:40:00,992.45,992.45,981.35,981.35,140,265040
2018-12-28 13:41:00,981.35,981.35,976.75,976.75,20,265040
2018-12-28 13:42:00,976.75,982.75,976.75,982.70,100,265120
2018-12-28 13:43:00,982.70,986.50,982.70,984.50,20,265120
2018-12-28 13:44:00,984.50,984.50,984.50,984.50,0,0
2018-12-28 13:45:00,984.50,986.10,984.50,986.10,20,265140
2018-12-28 13:46:00,986.10,986.10,986.10,986.10,0,0
2018-12-28 13:47:00,986.10,986.10,986.10,986.10,0,0
2018-12-28 13:48:00,986.10,986.10,986.10,986.10,0,0
2018-12-28 13:49:00,986.10,986.10,969.15,969.15,100,265140
2018-12-28 13:50:00,969.15,969.15,967.10,967.10,20,265140
2018-12-28 13:51:00,967.10,976.65,967.10,976.65,40,265120
2018-12-28 13:52:00,976.65,979.60,976.65,979.60,20,265120
2018-12-28 13:53:00,979.60,979.60,979.60,979.60,0,0
2018-12-28 13:54:00,979.60,979.60,979.60,979.60,0,0
2018-12-28 13:55:00,979.60,979.60,979.60,979.60,0,0
2018-12-28 13:56:00,979.60,994.15,979.60,994.15,100,265120
2018-12-28 13:57:00,994.15,1019.00,994.15,999.85,620,265120
2018-12-28 13:58:00,999.85,1000.00,997.55,997.55,120,265120
2018-12-28 13:59:00,997.55,997.55,993.25,993.25,140,265160
2018-12-28 14:00:00,993.25,993.25,992.30,992.30,60,265160
2018-12-28 14:01:00,992.30,992.30,992.30,992.30,0,0
2018-12-28 14:02:00,992.30,996.75,992.30,996.75,20,265160
2018-12-28 14:03:00,996.75,996.75,996.75,996.75,0,0
2018-12-28 14:04:00,996.75,996.75,996.75,996.75,0,0
2018-12-28 14:05:00,996.75,998.95,996.05,996.05,160,265160
2018-12-28 14:06:00,996.05,996.05,984.00,986.75,160,265160
2018-12-28 14:07:00,986.75,986.75,980.90,980.90,20,265160
2018-12-28 14:08:00,980.90,980.90,980.90,980.90,0,0
2018-12-28 14:09:00,980.90,987.25,980.90,987.25,20,265160
2018-12-28 14:10:00,987.25,990.90,987.25,990.90,0,265160
2018-12-28 14:11:00,990.90,990.90,990.90,990.90,0,0
2018-12-28 14:12:00,990.90,990.90,961.30,961.30,420,265160
2018-12-28 14:13:00,961.90,972.20,961.90,972.00,240,265160
2018-12-28 14:14:00,972.00,972.00,967.20,967.20,660,265160
2018-12-28 14:15:00,967.20,967.20,967.20,967.20,0,0
2018-12-28 14:16:00,967.20,967.20,964.60,964.60,20,264860
2018-12-28 14:17:00,964.60,964.60,964.60,964.60,0,0
2018-12-28 14:18:00,964.60,964.60,964.60,964.60,0,0
2018-12-28 14:19:00,964.60,964.60,964.60,964.60,0,0
2018-12-28 14:20:00,964.60,972.70,964.60,972.70,20,264900
2018-12-28 14:21:00,972.70,976.80,972.70,976.80,60,264900
2018-12-28 14:22:00,976.80,976.80,976.80,976.80,0,0
2018-12-28 14:23:00,976.80,976.80,976.80,976.80,0,0
2018-12-28 14:24:00,976.80,976.80,976.80,976.80,0,0
2018-12-28 14:25:00,976.80,976.80,976.80,976.80,0,0
2018-12-28 14:26:00,976.80,976.80,976.80,976.80,0,0
2018-12-28 14:27:00,976.80,976.80,976.80,976.80,0,0
2018-12-28 14:28:00,976.80,976.80,976.80,976.80,0,0
2018-12-28 14:29:00,976.80,976.80,976.80,976.80,0,0
2018-12-28 14:30:00,976.80,979.95,976.80,979.95,20,264900
2018-12-28 14:31:00,979.95,979.95,970.80,970.80,40,264900
2018-12-28 14:32:00,970.80,970.80,970.80,970.80,0,264900
2018-12-28 14:33:00,970.80,970.80,970.80,970.80,0,0
2018-12-28 14:34:00,970.80,970.80,970.80,970.80,0,0
2018-12-28 14:35:00,970.80,970.80,970.80,970.80,0,0
2018-12-28 14:36:00,970.80,970.80,970.80,970.80,0,0
2018-12-28 14:37:00,970.80,970.80,970.80,970.80,0,0
2018-12-28 14:38:00,970.80,970.80,970.80,970.80,0,0
2018-12-28 14:39:00,970.80,990.00,970.80,990.00,20,264880
2018-12-28 14:40:00,990.00,990.00,985.65,985.65,40,264880
2018-12-28 14:41:00,985.65,990.00,985.65,990.00,1000,264880
2018-12-28 14:42:00,990.00,990.40,990.00,990.40,20,265640
2018-12-28 14:43:00,990.40,991.00,990.00,990.00,40,265640
2018-12-28 14:44:00,990.00,990.00,990.00,990.00,0,0
2018-12-28 14:45:00,990.00,990.00,988.10,988.10,20,265620
2018-12-28 14:46:00,988.10,992.80,988.10,992.80,60,265620
2018-12-28 14:47:00,992.80,992.80,990.25,990.25,260,265720
2018-12-28 14:48:00,990.25,990.25,980.05,980.05,220,265720
2018-12-28 14:49:00,980.05,980.05,978.00,978.00,120,265720
2018-12-28 14:50:00,978.00,979.05,976.55,979.05,40,265720
2018-12-28 14:51:00,979.05,980.00,979.05,980.00,20,265400
2018-12-28 14:52:00,980.00,980.00,975.05,976.00,60,265400
2018-12-28 14:53:00,976.00,976.00,974.85,975.00,780,265400
2018-12-28 14:54:00,975.00,975.00,970.80,972.00,100,265400
2018-12-28 14:55:00,972.00,972.00,964.30,964.35,160,265400
2018-12-28 14:56:00,964.35,966.00,964.35,966.00,40,265400
2018-12-28 14:57:00,966.00,970.00,961.55,970.00,80,266200
2018-12-28 14:58:00,970.00,970.00,958.00,958.00,120,266200
2018-12-28 14:59:00,958.00,958.00,957.70,957.70,20,266200
2018-12-28 15:00:00,957.70,957.70,957.70,957.70,0,0
2018-12-28 15:01:00,957.70,973.00,957.70,973.00,560,266200
2018-12-28 15:02:00,973.00,973.00,973.00,973.00,840,266200
2018-12-28 15:03:00,973.00,976.00,971.90,971.90,220,268080
2018-12-28 15:04:00,971.90,971.90,958.70,958.70,60,268080
2018-12-28 15:05:00,958.70,965.30,948.75,948.75,260,268280
2018-12-28 15:06:00,948.75,954.70,948.75,954.70,20,268280
2018-12-28 15:07:00,954.70,954.70,947.00,947.00,20,268280
2018-12-28 15:08:00,947.00,963.45,947.00,957.00,700,268680
2018-12-28 15:09:00,957.00,958.30,952.20,954.40,200,268680
2018-12-28 15:10:00,954.40,961.00,954.40,961.00,820,268680
2018-12-28 15:11:00,961.00,961.10,959.25,959.25,1240,270060
2018-12-28 15:12:00,959.25,961.05,956.65,956.65,480,270060
2018-12-28 15:13:00,956.65,956.90,956.65,956.90,740,270060
2018-12-28 15:14:00,956.90,956.90,954.80,954.80,360,271100
2018-12-28 15:15:00,954.80,954.80,951.85,953.55,340,271100
2018-12-28 15:16:00,953.55,958.00,953.55,956.85,340,271100
2018-12-28 15:17:00,956.85,958.00,955.00,958.00,220,271600
2018-12-28 15:18:00,958.00,958.00,955.45,958.00,560,271600
2018-12-28 15:19:00,958.00,958.00,955.90,955.90,260,271600
2018-12-28 15:20:00,955.90,964.00,955.90,964.00,1060,273520
2018-12-28 15:21:00,964.00,964.00,960.80,960.80,740,273520
2018-12-28 15:22:00,960.80,961.60,958.40,958.40,240,273520
2018-12-28 15:23:00,958.40,966.95,958.40,962.65,580,274560
2018-12-28 15:24:00,962.65,962.65,962.65,962.65,0,0
2018-12-28 15:25:00,962.65,962.65,957.30,961.75,360,274560
2018-12-28 15:26:00,961.75,961.80,961.75,961.80,20,274560
2018-12-28 15:27:00,961.80,961.80,957.65,957.65,420,274560
2018-12-28 15:28:00,961.05,961.40,957.95,961.40,80,274560
2018-12-28 15:29:01,961.40,961.40,938.25,938.25,360,274540
2018-12-31 09:15:00,1004.00,1051.00,1004.00,1051.00,20,0
2018-12-31 09:16:00,1051.00,1060.00,1051.00,1060.00,1000,274520
2018-12-31 09:17:00,1060.00,1060.00,1040.35,1040.35,20,274520
2018-12-31 09:18:00,1040.35,1040.35,1029.80,1029.80,80,275540
2018-12-31 09:19:00,1029.80,1029.80,1029.80,1029.80,0,0
2018-12-31 09:20:00,1029.80,1048.00,1029.80,1048.00,1000,275540
2018-12-31 09:21:00,1048.00,1052.00,1045.20,1045.20,340,276540
2018-12-31 09:22:00,1045.20,1045.35,1040.25,1040.25,60,276540
2018-12-31 09:23:00,1040.25,1040.25,1033.10,1033.10,20,276540
2018-12-31 09:24:00,1033.10,1033.10,1014.30,1014.30,320,276860
2018-12-31 09:25:00,1014.30,1015.85,1014.30,1015.85,80,276860
2018-12-31 09:26:00,1015.85,1020.00,1012.60,1020.00,740,276860
2018-12-31 09:27:00,1020.00,1022.20,1020.00,1020.00,60,277260
2018-12-31 09:28:00,1020.00,1020.00,990.00,990.00,800,277260
2018-12-31 09:29:00,990.00,990.00,970.00,970.05,440,277260
2018-12-31 09:30:00,974.00,974.00,950.85,955.85,320,277240
2018-12-31 09:31:00,955.85,972.00,955.85,972.00,2020,277240
2018-12-31 09:32:00,972.00,984.00,972.00,983.25,2320,277240
2018-12-31 09:33:00,983.25,983.25,983.25,983.25,0,0
2018-12-31 09:34:00,983.25,983.25,960.10,961.00,160,281420
2018-12-31 09:35:00,961.00,976.00,961.00,976.00,820,281420
2018-12-31 09:36:00,976.00,980.00,976.00,980.00,220,282120
2018-12-31 09:37:00,980.00,984.00,980.00,984.00,840,282120
2018-12-31 09:38:00,984.00,984.00,979.65,981.90,60,282120
2018-12-31 09:39:00,981.90,984.00,981.80,984.00,960,283180
2018-12-31 09:40:00,984.00,988.00,984.00,988.00,800,283180
2018-12-31 09:41:00,988.00,992.00,988.00,992.00,1540,283180
2018-12-31 09:42:00,992.00,996.00,992.00,996.00,540,286100
2018-12-31 09:43:00,996.00,996.00,990.10,991.30,340,286100
2018-12-31 09:44:00,991.30,991.30,989.95,989.95,20,286100
2018-12-31 09:45:00,989.95,995.15,989.95,991.30,40,286480
2018-12-31 09:46:00,991.30,991.30,987.75,990.90,300,286480
2018-12-31 09:47:00,990.90,1000.00,990.90,999.35,1060,286480
2018-12-31 09:48:00,999.35,1002.15,998.40,998.40,620,287460
2018-12-31 09:49:00,998.40,1002.85,998.40,1000.30,200,287460
2018-12-31 09:50:00,1000.30,1000.30,991.85,991.85,100,287460
2018-12-31 09:51:00,991.85,991.85,983.95,985.10,80,287860
2018-12-31 09:52:00,985.10,985.55,985.10,985.55,40,287860
2018-12-31 09:53:00,985.55,985.55,985.55,985.55,0,0
2018-12-31 09:54:00,985.55,985.55,985.55,985.55,0,0
2018-12-31 09:55:00,985.55,985.55,983.55,983.55,20,287820
2018-12-31 09:56:00,983.55,983.55,982.00,982.00,60,287820
2018-12-31 09:57:00,982.00,982.00,977.15,982.00,1100,287860
2018-12-31 09:58:00,982.00,988.00,982.00,988.00,1620,287860
2018-12-31 09:59:00,988.00,988.00,985.70,985.70,200,287860
2018-12-31 10:00:00,985.70,985.70,978.10,978.10,60,290220
2018-12-31 10:01:00,978.10,978.10,976.40,976.40,20,290220
2018-12-31 10:02:00,976.40,976.40,971.10,971.10,20,290220
2018-12-31 10:03:00,971.10,971.10,971.10,971.10,0,0
2018-12-31 10:04:00,971.10,980.15,971.10,980.15,100,290220
2018-12-31 10:05:00,980.15,982.00,979.50,982.00,400,290220
2018-12-31 10:06:00,982.00,982.00,982.00,982.00,0,0
2018-12-31 10:07:00,982.00,982.00,974.00,974.00,60,290600
2018-12-31 10:08:00,974.00,979.00,974.00,979.00,740,290600
2018-12-31 10:09:00,979.00,979.00,976.70,979.00,160,291320
2018-12-31 10:10:00,979.00,979.00,979.00,979.00,440,291320
2018-12-31 10:11:00,979.00,982.00,979.00,982.00,220,291320
2018-12-31 10:12:00,982.00,982.00,980.50,981.10,80,292140
2018-12-31 10:13:00,981.10,981.10,981.10,981.10,0,0
2018-12-31 10:14:00,981.10,982.00,981.10,982.00,760,292140
2018-12-31 10:15:00,982.00,989.80,982.00,989.15,2560,292940
2018-12-31 10:16:00,989.15,992.60,988.60,992.60,1100,292940
2018-12-31 10:17:00,992.60,994.00,991.40,994.00,280,292940
2018-12-31 10:18:00,994.00,995.15,994.00,995.15,840,296120
2018-12-31 10:19:00,995.15,995.15,994.60,994.90,40,296120
2018-12-31 10:20:00,994.90,997.00,994.10,994.80,60,296120
2018-12-31 10:21:00,994.80,995.10,994.80,994.95,40,296880
2018-12-31 10:22:00,994.95,995.70,993.90,993.90,60,296880
2018-12-31 10:23:00,993.90,997.00,993.90,997.00,40,296880
2018-12-31 10:24:00,997.00,997.00,992.00,992.00,20,297200
2018-12-31 10:25:00,992.00,992.20,989.85,989.85,100,297200
2018-12-31 10:26:00,989.85,989.85,989.85,989.85,0,0
2018-12-31 10:27:00,989.85,989.85,979.95,979.95,100,297200
2018-12-31 10:28:00,979.95,979.95,979.00,979.00,480,297200
2018-12-31 10:29:00,979.00,979.00,979.00,979.00,120,297200
2018-12-31 10:30:00,979.00,982.00,979.00,982.00,1060,297800
2018-12-31 10:31:00,982.00,985.00,982.00,985.00,980,297800
2018-12-31 10:32:00,985.00,985.45,985.00,985.45,260,297800
2018-12-31 10:33:00,985.45,985.45,977.90,978.80,120,299860
2018-12-31 10:34:00,978.80,978.80,968.55,973.70,320,299860
2018-12-31 10:35:00,973.70,973.70,960.10,973.00,1500,299860
2018-12-31 10:36:00,973.00,976.00,973.00,976.00,1160,300680
2018-12-31 10:37:00,976.00,976.00,974.00,974.00,60,300680
2018-12-31 10:38:00,974.00,976.00,974.00,975.35,460,300680
2018-12-31 10:39:00,975.35,975.35,975.35,975.35,0,0
2018-12-31 10:40:00,975.35,975.35,973.00,973.00,1040,302240
2018-12-31 10:41:00,973.00,973.00,973.00,973.00,280,302240
2018-12-31 10:42:00,973.00,976.00,973.00,976.00,180,303560
2018-12-31 10:43:00,976.00,976.00,975.05,976.00,300,303560
2018-12-31 10:44:00,976.00,976.00,975.20,976.00,620,303560
2018-12-31 10:45:00,976.00,979.00,976.00,979.00,160,304560
2018-12-31 10:46:00,979.00,985.00,978.95,985.00,1860,304560
2018-12-31 10:47:00,985.00,988.00,985.00,988.00,1940,304560
2018-12-31 10:48:00,988.00,991.00,988.00,991.00,1560,308480
2018-12-31 10:49:00,991.00,994.00,988.75,988.75,260,308480
2018-12-31 10:50:00,988.75,994.00,988.75,994.00,260,308480
2018-12-31 10:51:00,994.00,997.00,992.10,992.40,1280,309820
2018-12-31 10:52:00,992.40,992.40,986.35,986.35,180,309820
2018-12-31 10:53:00,986.35,986.35,985.45,985.45,60,309820
2018-12-31 10:54:00,985.45,985.60,981.50,984.90,260,310800
2018-12-31 10:55:00,984.90,988.00,984.90,988.00,920,310800
2018-12-31 10:56:00,988.00,988.00,988.00,988.00,0,0
2018-12-31 10:57:00,988.00,988.00,988.00,988.00,0,0
2018-12-31 10:58:00,988.00,988.00,988.00,988.00,0,0
2018-12-31 10:59:00,988.00,988.00,982.25,982.25,220,311160
2018-12-31 11:00:00,982.25,988.00,982.25,988.00,120,311160
2018-12-31 11:01:00,988.00,991.00,987.95,991.00,1520,311160
2018-12-31 11:02:00,991.00,992.15,990.20,990.20,440,311160
2018-12-31 11:03:00,990.20,990.20,989.00,989.00,200,312900
2018-12-31 11:04:00,989.00,991.00,989.00,991.00,1360,312900
2018-12-31 11:05:00,991.00,992.00,991.00,991.85,980,312900
2018-12-31 11:06:00,991.85,991.85,988.00,988.00,40,314920
2018-12-31 11:07:00,988.00,988.00,988.00,988.00,740,314920
2018-12-31 11:08:00,988.00,988.00,988.00,988.00,120,314920
2018-12-31 11:09:00,988.00,988.00,985.00,985.00,80,315820
2018-12-31 11:10:00,985.00,985.00,983.85,984.35,40,315820
2018-12-31 11:11:00,984.35,984.35,978.35,978.35,560,315820
2018-12-31 11:12:00,978.35,979.00,978.35,979.00,1060,315900
2018-12-31 11:13:00,979.00,979.00,979.00,979.00,80,315900
2018-12-31 11:14:00,979.00,982.00,979.00,982.00,320,315900
2018-12-31 11:15:00,982.00,982.00,982.00,982.00,420,317340
2018-12-31 11:16:00,982.00,982.00,982.00,982.00,0,0
2018-12-31 11:17:00,982.00,982.00,978.95,979.00,560,317340
2018-12-31 11:18:00,979.00,979.00,977.80,979.00,180,318320
2018-12-31 11:19:00,979.00,979.00,977.40,977.40,160,318320
2018-12-31 11:20:00,977.40,982.00,977.40,982.00,640,318320
2018-12-31 11:21:00,982.00,982.00,981.35,981.35,140,319140
2018-12-31 11:22:00,982.00,985.00,981.95,985.00,1200,319140
2018-12-31 11:23:00,985.00,985.00,984.35,984.35,20,319140
2018-12-31 11:24:00,984.35,984.35,984.35,984.35,0,0
2018-12-31 11:25:00,984.35,984.35,973.10,973.10,600,320360
2018-12-31 11:26:00,973.10,973.45,972.00,972.00,200,320360
2018-12-31 11:27:00,972.00,976.00,972.00,976.00,1160,320360
2018-12-31 11:28:00,976.00,976.00,975.00,976.00,600,320360
2018-12-31 11:29:00,976.00,980.90,976.00,978.15,1360,320360
2018-12-31 11:30:00,978.10,979.65,977.80,979.35,1140,323220
2018-12-31 11:31:00,979.35,979.35,977.20,978.50,340,323220
2018-12-31 11:32:00,978.50,978.50,970.45,971.10,380,323220
2018-12-31 11:33:00,971.10,971.50,966.90,969.85,1120,323200
2018-12-31 11:34:00,969.85,973.00,967.30,967.30,1000,323200
2018-12-31 11:35:00,967.30,967.30,963.90,963.90,360,323200
2018-12-31 11:36:00,963.90,967.00,963.90,965.00,1140,324260
2018-12-31 11:37:00,965.00,965.65,962.55,964.00,620,324260
2018-12-31 11:38:00,964.00,964.00,964.00,964.00,600,324260
2018-12-31 11:39:00,964.00,972.05,964.00,972.05,2240,326200
2018-12-31 11:40:00,972.05,976.00,972.00,976.00,1260,326200
2018-12-31 11:41:00,976.00,976.00,967.15,967.15,540,326200
2018-12-31 11:42:00,966.50,966.50,965.70,966.10,100,329480
2018-12-31 11:43:00,966.10,966.10,966.10,966.10,0,0
2018-12-31 11:44:00,966.10,973.00,966.10,973.00,780,329480
2018-12-31 11:45:00,973.00,973.00,972.30,973.00,540,330240
2018-12-31 11:46:00,973.00,973.00,973.00,973.00,340,330240
2018-12-31 11:47:00,973.00,973.00,973.00,973.00,0,0
2018-12-31 11:48:00,973.00,973.00,958.60,960.20,320,331100
2018-12-31 11:49:00,960.20,962.25,960.20,962.25,20,331100
2018-12-31 11:50:00,962.25,970.00,962.25,970.00,2400,331100
2018-12-31 11:51:00,970.00,970.00,970.00,970.00,780,333400
2018-12-31 11:52:00,970.00,970.00,964.60,967.00,520,333400
2018-12-31 11:53:00,967.00,967.00,963.10,963.10,340,333400
2018-12-31 11:54:00,963.10,967.00,963.10,967.00,360,334600
2018-12-31 11:55:00,967.00,967.00,967.00,967.00,20,334600
2018-12-31 11:56:00,967.00,967.00,967.00,967.00,0,0
2018-12-31 11:57:00,967.00,967.00,961.75,963.95,60,334980
2018-12-31 11:58:00,963.95,964.00,962.50,964.00,320,334980
2018-12-31 11:59:00,964.00,970.00,964.00,970.00,2520,334980
2018-12-31 12:00:00,968.40,968.40,964.30,967.00,400,337780
2018-12-31 12:01:00,967.00,974.15,967.00,974.15,3760,337780
2018-12-31 12:02:00,974.15,979.00,974.15,979.00,1800,337780
2018-12-31 12:03:00,979.00,982.00,979.00,980.15,900,342980
2018-12-31 12:04:00,980.15,980.15,978.80,979.30,140,342980
2018-12-31 12:05:00,979.30,982.00,979.30,982.00,380,342980
2018-12-31 12:06:00,982.00,982.00,979.05,979.60,140,343660
2018-12-31 12:07:00,979.60,979.60,977.65,978.30,220,343660
2018-12-31 12:08:00,978.30,979.00,978.30,979.00,740,343660
2018-12-31 12:09:00,979.00,979.00,973.45,973.45,40,344600
2018-12-31 12:10:00,973.45,977.90,973.45,977.90,20,0
2018-12-31 12:11:00,977.90,977.90,977.90,977.90,0,0
2018-12-31 12:12:00,977.90,977.90,972.90,972.90,160,344620
2018-12-31 12:13:00,972.90,972.90,964.50,964.50,540,344620
2018-12-31 12:14:00,964.50,964.50,964.00,964.00,1000,344620
2018-12-31 12:15:00,964.00,970.00,964.00,970.00,1240,346260
2018-12-31 12:16:00,967.00,967.00,962.45,964.00,940,346260
2018-12-31 12:17:00,965.85,965.85,931.90,946.60,680,346260
2018-12-31 12:18:00,946.60,946.60,939.75,940.00,60,348280
2018-12-31 12:19:00,940.00,941.15,940.00,941.15,60,348280
2018-12-31 12:20:00,943.40,949.00,941.30,948.80,240,348280
2018-12-31 12:21:00,949.00,952.00,948.90,948.90,620,348960
2018-12-31 12:22:00,945.90,945.95,939.20,941.80,260,348960
2018-12-31 12:23:00,941.80,941.80,930.00,930.90,400,348960
2018-12-31 12:24:00,930.90,945.95,930.90,945.95,60,349300
2018-12-31 12:25:00,945.95,946.00,945.00,946.00,420,349300
2018-12-31 12:26:00,946.00,946.00,937.25,937.25,40,349300
2018-12-31 12:27:00,936.85,938.90,936.85,938.90,20,349600
2018-12-31 12:28:00,938.90,949.00,938.90,949.00,1680,349600
2018-12-31 12:29:00,949.00,952.00,949.00,952.00,400,349600
2018-12-31 12:30:00,952.00,952.00,939.80,939.80,60,351620
2018-12-31 12:31:00,939.80,946.55,939.80,940.60,80,351620
2018-12-31 12:32:00,940.60,943.00,940.00,943.00,940,351620
2018-12-31 12:33:00,943.00,943.80,942.85,942.85,740,352540
2018-12-31 12:34:00,942.85,942.85,939.65,939.65,200,352540
2018-12-31 12:35:00,939.65,943.00,939.65,942.80,1300,352540
2018-12-31 12:36:00,942.80,943.00,935.90,935.90,140,354520
2018-12-31 12:37:00,935.90,943.00,935.90,943.00,560,354520
2018-12-31 12:38:00,943.00,946.00,943.00,946.00,1000,354520
2018-12-31 12:39:00,946.00,949.00,946.00,949.00,1000,356500
2018-12-31 12:40:00,955.00,955.00,953.65,954.15,820,356500
2018-12-31 12:41:00,953.45,955.15,948.90,948.95,520,356500
2018-12-31 12:42:00,948.95,952.00,948.95,951.00,1060,359260
2018-12-31 12:43:00,951.00,955.00,951.00,955.00,40,359260
2018-12-31 12:44:00,955.00,961.00,955.00,960.85,3000,359260
2018-12-31 12:45:00,960.85,967.00,960.85,965.30,1860,363160
2018-12-31 12:46:00,965.30,973.00,965.30,973.00,2460,363160
2018-12-31 12:47:00,973.00,976.00,970.85,972.70,1400,363160
2018-12-31 12:48:00,972.70,973.15,968.25,970.00,640,366660
2018-12-31 12:49:00,970.20,970.95,969.35,969.35,440,366660
2018-12-31 12:50:00,969.35,971.60,969.35,970.90,60,366660
2018-12-31 12:51:00,970.90,970.90,967.50,967.50,160,367180
2018-12-31 12:52:00,963.45,963.45,963.45,963.45,0,367180
2018-12-31 12:53:00,963.45,963.45,963.45,963.45,0,0
2018-12-31 12:54:00,963.45,963.45,963.45,963.45,0,0
2018-12-31 12:55:00,963.45,963.45,963.45,963.45,0,0
2018-12-31 12:56:00,963.45,963.45,963.45,963.45,0,0
2018-12-31 12:57:00,963.45,963.45,963.45,963.45,0,0
2018-12-31 12:58:00,963.45,963.45,959.60,960.60,40,367180
2018-12-31 12:59:00,960.60,960.60,960.00,960.00,20,367180
2018-12-31 13:00:00,960.00,960.00,956.25,956.25,20,367180
2018-12-31 13:01:00,956.25,956.25,955.00,955.00,100,367180
2018-12-31 13:02:00,955.00,958.00,955.00,958.00,1800,367180
2018-12-31 13:03:00,958.00,964.00,958.00,963.00,1640,369100
2018-12-31 13:04:00,963.00,963.70,963.00,963.60,60,369100
2018-12-31 13:05:00,963.60,964.00,963.60,964.00,460,369100
2018-12-31 13:06:00,964.00,964.00,961.00,961.00,820,371120
2018-12-31 13:07:00,961.00,965.40,961.00,965.40,1120,371120
2018-12-31 13:08:00,965.40,969.60,965.40,968.55,1060,371120
2018-12-31 13:09:00,967.60,969.25,967.10,969.25,140,374160
2018-12-31 13:10:00,970.00,970.00,968.90,968.90,880,374160
2018-12-31 13:11:00,970.00,970.00,968.15,968.15,200,374160
2018-12-31 13:12:00,968.15,968.15,961.90,961.90,120,374940
2018-12-31 13:13:00,961.90,961.90,958.90,961.00,940,374940
2018-12-31 13:14:00,961.00,964.00,961.00,964.00,620,374940
2018-12-31 13:15:00,964.00,967.00,964.00,967.00,820,376440
2018-12-31 13:16:00,967.00,976.00,967.00,976.00,2460,376440
2018-12-31 13:17:00,975.10,979.00,975.10,977.20,2000,376440
2018-12-31 13:18:00,975.95,978.10,974.60,974.60,600,382100
2018-12-31 13:19:00,974.60,976.00,973.60,976.00,140,382100
2018-12-31 13:20:00,976.00,976.00,974.60,976.00,140,382100
2018-12-31 13:21:00,976.00,976.00,972.35,972.35,500,382280
2018-12-31 13:22:00,972.35,972.35,972.35,972.35,0,0
2018-12-31 13:23:00,972.35,972.35,972.10,972.10,60,382280
2018-12-31 13:24:00,972.10,972.10,972.10,972.10,0,0
2018-12-31 13:25:00,972.10,972.10,972.10,972.10,0,0
2018-12-31 13:26:00,972.10,972.10,967.00,967.00,540,382760
2018-12-31 13:27:00,967.00,967.00,967.00,967.00,280,383300
2018-12-31 13:28:00,967.00,969.45,967.00,969.30,1000,383300
2018-12-31 13:29:00,969.30,973.00,969.30,973.00,1840,383300
2018-12-31 13:30:00,973.00,975.05,973.00,973.40,300,386100
2018-12-31 13:31:00,973.40,974.25,973.40,973.55,200,386100
2018-12-31 13:32:00,973.55,976.00,973.55,976.00,120,386100
2018-12-31 13:33:00,975.00,975.25,970.00,970.00,220,386260
2018-12-31 13:34:00,970.00,970.00,970.00,970.00,40,386260
2018-12-31 13:35:00,970.00,970.00,968.15,968.15,100,386260
2018-12-31 13:36:00,968.15,968.15,966.65,966.65,80,386480
2018-12-31 13:37:00,965.10,967.00,965.10,967.00,1240,386480
2018-12-31 13:38:00,967.00,972.80,967.00,972.80,1060,386480
2018-12-31 13:39:00,972.80,972.80,972.20,972.20,60,389160
2018-12-31 13:40:00,972.20,976.00,972.20,974.75,1120,389160
2018-12-31 13:41:00,974.75,976.00,973.40,975.85,660,389160
2018-12-31 13:42:00,975.85,976.00,975.85,976.00,20,390600
2018-12-31 13:43:00,976.00,979.00,976.00,979.00,820,390600
2018-12-31 13:44:00,978.15,978.15,974.55,974.55,120,390600
2018-12-31 13:45:00,974.55,976.00,973.00,976.00,1160,391220
2018-12-31 13:46:00,976.00,985.90,976.00,985.75,4200,391220
2018-12-31 13:47:00,985.75,991.00,985.75,987.95,1860,391220
2018-12-31 13:48:00,987.95,987.95,987.10,987.90,400,397220
2018-12-31 13:49:00,987.90,988.00,986.15,987.70,480,397220
2018-12-31 13:50:00,987.70,988.00,987.20,988.00,220,397220
2018-12-31 13:51:00,988.00,988.00,985.15,985.15,440,397780
2018-12-31 13:52:00,985.15,985.15,982.00,982.00,540,397780
2018-12-31 13:53:00,982.00,985.00,982.00,985.00,1300,397780
2018-12-31 13:54:00,985.00,989.10,985.00,988.35,2260,399520
2018-12-31 13:55:00,988.35,991.00,988.35,988.85,300,399520
2018-12-31 13:56:00,988.85,993.10,988.85,990.65,1080,399520
2018-12-31 13:57:00,990.65,990.65,987.95,988.00,320,401660
2018-12-31 13:58:00,988.00,988.00,988.00,988.00,20,401660
2018-12-31 13:59:00,988.00,988.00,988.00,988.00,0,0
2018-12-31 14:00:00,988.00,988.00,988.00,988.00,480,401740
2018-12-31 14:01:00,988.00,991.00,988.00,991.00,540,401740
2018-12-31 14:02:00,991.00,991.00,991.00,991.00,0,0
2018-12-31 14:03:00,991.00,991.00,981.70,981.70,40,401740
2018-12-31 14:04:00,981.70,982.00,979.00,982.00,1220,402800
2018-12-31 14:05:00,982.00,982.00,982.00,982.00,320,402800
2018-12-31 14:06:00,982.00,982.00,979.25,979.25,140,404340
2018-12-31 14:07:00,979.25,979.25,972.80,972.80,20,404340
2018-12-31 14:08:00,972.80,972.80,972.80,972.80,0,0
2018-12-31 14:09:00,972.80,972.80,972.80,972.80,0,0
2018-12-31 14:10:00,972.80,976.00,970.00,976.00,1960,404460
2018-12-31 14:11:00,976.00,979.00,976.00,977.90,500,404460
2018-12-31 14:12:00,977.90,978.75,977.90,978.75,20,0
2018-12-31 14:13:00,978.75,979.00,976.65,976.95,280,406900
2018-12-31 14:14:00,976.95,977.45,976.95,976.95,100,406900
2018-12-31 14:15:00,976.95,976.95,976.00,976.00,360,407000
2018-12-31 14:16:00,971.10,973.00,970.75,973.00,540,407000
2018-12-31 14:17:00,973.00,973.00,973.00,973.00,0,0
2018-12-31 14:18:00,976.00,979.00,976.00,979.00,1140,407920
2018-12-31 14:19:00,979.00,985.00,979.00,983.00,2180,407920
2018-12-31 14:20:00,983.90,985.00,981.75,981.75,340,407920
2018-12-31 14:21:00,981.75,982.00,981.75,982.00,240,411300
2018-12-31 14:22:00,982.00,982.00,978.60,978.60,320,411300
2018-12-31 14:23:00,978.60,978.60,977.65,977.65,20,411300
2018-12-31 14:24:00,977.65,977.65,976.40,976.40,20,411300
2018-12-31 14:25:00,976.40,979.00,976.00,979.00,1860,411700
2018-12-31 14:26:00,979.00,979.00,976.60,976.60,480,411700
2018-12-31 14:27:00,976.60,976.60,969.90,969.90,240,413560
2018-12-31 14:28:00,969.90,973.00,969.90,973.00,1740,413560
2018-12-31 14:29:00,973.00,974.10,973.00,974.10,540,413560
2018-12-31 14:30:00,972.95,972.95,969.85,969.85,120,415780
2018-12-31 14:31:00,969.85,970.00,969.60,970.00,80,415780
2018-12-31 14:32:00,970.00,970.00,970.00,970.00,800,415780
2018-12-31 14:33:00,970.00,973.00,970.00,973.00,680,416640
2018-12-31 14:34:00,973.00,976.00,973.00,976.00,1440,416640
2018-12-31 14:35:00,976.00,982.00,976.00,982.00,2140,416640
2018-12-31 14:36:00,982.00,983.90,979.90,982.90,320,420780
2018-12-31 14:37:00,982.90,983.95,980.75,980.75,80,420780
2018-12-31 14:38:00,980.75,982.75,980.20,980.20,100,420780
2018-12-31 14:39:00,980.20,982.00,980.20,982.00,760,420980
2018-12-31 14:40:00,982.00,985.00,982.00,984.30,2120,420980
2018-12-31 14:41:00,982.50,985.00,979.15,979.15,240,420980
2018-12-31 14:42:00,979.15,979.60,978.20,979.60,40,423540
2018-12-31 14:43:00,979.60,979.95,971.00,971.00,180,423540
2018-12-31 14:44:00,971.00,971.00,971.00,971.00,0,0
2018-12-31 14:45:00,971.00,976.00,971.00,976.00,580,423560
2018-12-31 14:46:00,976.00,979.00,976.00,979.00,960,423560
2018-12-31 14:47:00,979.00,982.00,979.00,981.30,1480,423560
2018-12-31 14:48:00,981.30,981.30,979.25,979.25,120,426400
2018-12-31 14:49:00,979.25,979.25,976.80,976.80,680,426400
2018-12-31 14:50:00,976.80,979.00,976.40,976.40,380,426400
2018-12-31 14:51:00,976.40,979.00,976.40,977.35,140,427000
2018-12-31 14:52:00,977.35,977.35,975.05,975.25,60,427000
2018-12-31 14:53:00,975.25,979.00,975.25,979.00,440,427000
2018-12-31 14:54:00,979.00,982.00,979.00,981.75,320,427520
2018-12-31 14:55:00,982.00,982.00,981.85,981.85,140,427520
2018-12-31 14:56:00,981.70,982.00,979.00,979.00,580,427520
2018-12-31 14:57:00,979.00,979.00,979.00,979.00,480,428440
2018-12-31 14:58:00,979.00,983.20,979.00,981.35,1560,428440
2018-12-31 14:59:00,981.35,984.85,980.15,980.75,360,428440
2018-12-31 15:00:00,980.75,984.25,980.75,983.50,100,430640
2018-12-31 15:01:00,980.95,981.45,974.00,974.00,240,430640
2018-12-31 15:02:00,974.00,974.75,970.10,970.10,380,430640
2018-12-31 15:03:00,970.10,970.10,970.10,970.10,0,0
2018-12-31 15:04:00,970.10,970.10,967.00,967.00,380,430660
2018-12-31 15:05:00,967.00,969.00,966.00,966.00,120,430660
2018-12-31 15:06:00,966.00,971.00,966.00,970.85,980,430360
2018-12-31 15:07:00,970.85,972.30,970.20,970.20,960,430360
2018-12-31 15:08:00,970.20,973.00,970.20,973.00,20,430360
2018-12-31 15:09:00,973.00,973.00,973.00,973.00,180,432140
2018-12-31 15:10:00,973.00,973.00,968.60,968.60,40,432140
2018-12-31 15:11:00,968.60,972.00,968.60,972.00,140,432140
2018-12-31 15:12:00,972.00,972.00,972.00,972.00,80,432300
2018-12-31 15:13:00,972.00,972.00,970.35,971.65,240,432300
2018-12-31 15:14:00,971.65,973.00,971.65,973.00,80,432300
2018-12-31 15:15:00,973.00,977.00,973.00,977.00,2680,432320
2018-12-31 15:16:00,977.00,979.00,977.00,979.00,500,432320
2018-12-31 15:17:00,979.00,979.00,977.55,979.00,480,432320
2018-12-31 15:18:00,979.00,981.00,978.00,978.00,860,435740
2018-12-31 15:19:00,978.00,978.95,977.40,978.95,360,435740
2018-12-31 15:20:00,978.95,978.95,973.55,978.25,360,435740
2018-12-31 15:21:00,978.50,979.00,974.50,979.00,300,436200
2018-12-31 15:22:00,979.00,979.00,978.55,978.70,100,436200
2018-12-31 15:23:00,978.70,978.90,973.25,977.15,340,436200
2018-12-31 15:24:00,977.15,977.40,973.00,973.00,320,436200
2018-12-31 15:25:00,973.20,977.00,973.20,977.00,140,436200
2018-12-31 15:26:00,977.00,979.00,977.00,979.00,820,436200
2018-12-31 15:27:00,979.00,979.85,977.80,978.20,900,437140
2018-12-31 15:28:00,978.20,979.70,978.15,978.15,340,437140
2018-12-31 15:29:01,978.15,981.00,978.15,981.00,1480,437140
2019-01-01 09:16:00,962.20,962.20,962.20,962.20,0,0
2019-01-01 09:17:00,962.20,962.20,962.20,962.20,0,0
2019-01-01 09:18:00,962.20,962.20,962.20,962.20,0,0
2019-01-01 09:19:00,962.20,962.20,935.70,936.85,80,438520
2019-01-01 09:20:00,936.85,936.85,918.35,918.35,100,0
2019-01-01 09:21:00,918.35,918.35,918.35,918.35,0,0
2019-01-01 09:22:00,918.35,943.35,918.35,938.70,80,438520
2019-01-01 09:23:00,938.70,938.70,938.70,938.70,0,0
2019-01-01 09:24:00,938.70,938.70,911.15,912.15,420,438520
2019-01-01 09:25:00,912.15,912.15,912.15,912.15,0,0
2019-01-01 09:26:00,912.15,912.15,906.45,906.45,40,0
2019-01-01 09:27:00,906.45,906.45,900.00,900.00,40,438580
2019-01-01 09:28:00,900.00,913.80,900.00,913.80,20,438540
2019-01-01 09:29:00,913.80,923.15,913.80,923.15,20,0
2019-01-01 09:30:00,923.15,923.15,923.15,923.15,0,0
2019-01-01 09:31:00,923.15,923.15,923.15,923.15,0,0
2019-01-01 09:32:00,923.15,923.15,923.15,923.15,0,0
2019-01-01 09:33:00,923.15,923.15,886.40,886.40,280,438520
2019-01-01 09:34:00,886.40,897.80,886.40,896.35,40,438520
2019-01-01 09:35:00,896.35,896.35,896.35,896.35,0,0
2019-01-01 09:36:00,896.35,902.10,896.35,901.50,80,438520
2019-01-01 09:37:00,901.50,904.60,901.50,904.60,20,438520
2019-01-01 09:38:00,904.60,904.60,904.60,904.60,0,0
2019-01-01 09:39:00,904.60,907.90,904.60,907.90,20,438540
2019-01-01 09:40:00,907.90,909.50,907.90,909.50,20,438540
2019-01-01 09:41:00,909.50,914.15,909.50,912.90,520,438540
2019-01-01 09:42:00,912.90,912.90,911.30,911.30,220,438540
2019-01-01 09:43:00,911.30,911.30,911.30,911.30,0,0
2019-01-01 09:44:00,911.30,911.30,911.30,911.30,0,0
2019-01-01 09:45:00,911.30,915.70,911.30,915.70,100,438700
2019-01-01 09:46:00,915.70,915.70,915.70,915.70,0,0
2019-01-01 09:47:00,915.70,917.50,915.70,916.55,220,438700
2019-01-01 09:48:00,916.55,916.55,914.00,914.00,20,438700
2019-01-01 09:49:00,914.00,914.00,908.30,908.30,220,438680
2019-01-01 09:50:00,908.30,908.30,908.30,908.30,0,0
2019-01-01 09:51:00,908.30,908.30,901.25,901.25,20,438680
2019-01-01 09:52:00,901.25,901.25,901.25,901.25,0,0
2019-01-01 09:53:00,901.25,901.25,901.25,901.25,0,0
2019-01-01 09:54:00,901.25,901.25,888.70,888.70,680,438680
2019-01-01 09:55:00,888.70,888.70,881.25,881.35,300,438680
2019-01-01 09:56:00,881.35,886.50,878.30,886.50,640,438680
2019-01-01 09:57:00,886.50,889.70,886.50,889.70,40,438680
2019-01-01 09:58:00,889.70,890.00,885.05,885.05,260,438620
2019-01-01 09:59:00,885.05,885.05,876.40,876.40,120,438620
2019-01-01 10:00:00,876.40,877.00,870.00,871.70,600,438620
2019-01-01 10:01:00,871.70,878.60,871.70,878.60,40,438660
2019-01-01 10:02:00,878.60,878.60,876.80,878.30,40,438660
2019-01-01 10:03:00,878.30,878.30,878.30,878.30,0,0
2019-01-01 10:04:00,878.30,878.30,875.00,875.00,80,438640
2019-01-01 10:05:00,875.00,875.00,875.00,875.00,0,0
2019-01-01 10:06:00,875.00,875.00,875.00,875.00,0,0
2019-01-01 10:07:00,875.00,875.00,875.00,875.00,0,0
2019-01-01 10:08:00,875.00,875.00,875.00,875.00,0,0
2019-01-01 10:09:00,875.00,879.30,875.00,879.30,180,438640
2019-01-01 10:10:00,879.30,879.30,878.95,879.00,240,438640
2019-01-01 10:11:00,879.00,879.00,879.00,879.00,0,0
2019-01-01 10:12:00,879.00,879.00,879.00,879.00,0,0
2019-01-01 10:13:00,879.00,891.60,879.00,891.60,260,438740
2019-01-01 10:14:00,891.60,891.60,887.30,887.30,140,438740
2019-01-01 10:15:00,887.30,887.30,882.75,882.75,20,438740
2019-01-01 10:16:00,882.75,885.65,882.45,885.65,260,438740
2019-01-01 10:17:00,885.65,885.65,885.65,885.65,0,0
2019-01-01 10:18:00,885.65,887.80,885.65,887.80,40,438740
2019-01-01 10:19:00,887.80,891.40,887.80,889.90,360,438660
2019-01-01 10:20:00,889.90,889.90,889.90,889.90,0,0
2019-01-01 10:21:00,889.90,896.00,889.90,895.25,160,438660
2019-01-01 10:22:00,895.25,896.50,894.35,895.10,340,438620
2019-01-01 10:23:00,895.10,895.10,895.10,895.10,20,438620
2019-01-01 10:24:00,895.10,895.10,895.10,895.10,0,0
2019-01-01 10:25:00,895.10,895.10,895.10,895.10,0,0
2019-01-01 10:26:00,895.10,895.10,895.10,895.10,0,0
2019-01-01 10:27:00,895.10,895.10,895.10,895.10,0,0
2019-01-01 10:28:00,895.10,896.00,895.10,896.00,40,438620
2019-01-01 10:29:00,896.00,896.00,896.00,896.00,0,0
2019-01-01 10:30:00,896.00,896.00,896.00,896.00,0,0
2019-01-01 10:31:00,896.00,896.00,896.00,896.00,0,0
2019-01-01 10:32:00,896.00,896.00,896.00,896.00,0,0
2019-01-01 10:33:00,896.00,898.00,896.00,898.00,20,438640
2019-01-01 10:34:00,898.00,900.90,898.00,900.90,160,438640
2019-01-01 10:35:00,900.90,900.90,898.05,898.05,20,438640
2019-01-01 10:36:00,898.05,898.05,898.05,898.05,0,0
2019-01-01 10:37:00,898.05,900.10,896.50,900.10,280,438660
2019-01-01 10:38:00,900.10,902.00,900.10,900.20,180,438660
2019-01-01 10:39:00,900.20,900.20,888.90,888.90,60,438660
2019-01-01 10:40:00,888.90,888.90,887.70,887.70,80,438660
2019-01-01 10:41:00,887.70,890.70,885.95,890.70,140,438660
2019-01-01 10:42:00,890.70,890.70,890.70,890.70,0,0
2019-01-01 10:43:00,890.70,890.70,890.70,890.70,0,0
2019-01-01 10:44:00,890.70,890.70,890.70,890.70,0,0
2019-01-01 10:45:00,890.70,890.70,890.70,890.70,0,0
2019-01-01 10:46:00,890.70,896.65,890.70,895.10,200,438660
2019-01-01 10:47:00,895.10,895.10,895.10,895.10,0,0
2019-01-01 10:48:00,895.10,895.10,895.10,895.10,0,0
2019-01-01 10:49:00,895.10,895.10,895.10,895.10,0,0
2019-01-01 10:50:00,895.10,895.10,892.00,892.00,20,438660
2019-01-01 10:51:00,892.00,895.95,892.00,895.95,200,438680
2019-01-01 10:52:00,895.95,895.95,895.95,895.95,0,0
2019-01-01 10:53:00,895.95,898.10,895.00,895.00,220,438680
2019-01-01 10:54:00,895.00,898.00,895.00,898.00,20,438680
2019-01-01 10:55:00,898.00,899.15,898.00,898.15,40,438700
2019-01-01 10:56:00,898.15,898.75,898.15,898.75,100,0
2019-01-01 10:57:00,898.75,898.75,894.50,894.70,160,438700
2019-01-01 10:58:00,894.70,894.70,894.70,894.70,0,0
2019-01-01 10:59:00,894.70,894.70,894.70,894.70,0,0
2019-01-01 11:00:00,894.70,895.65,894.70,895.65,20,0
2019-01-01 11:01:00,895.65,895.65,895.65,895.65,0,0
2019-01-01 11:02:00,895.65,895.65,895.65,895.65,0,0
2019-01-01 11:03:00,895.65,895.65,895.65,895.65,0,0
2019-01-01 11:04:00,895.65,895.65,895.65,895.65,0,0
2019-01-01 11:05:00,895.65,895.65,895.65,895.65,0,0
2019-01-01 11:06:00,895.65,909.10,895.65,907.50,200,438660
2019-01-01 11:07:00,907.50,907.50,907.50,907.50,0,0
2019-01-01 11:08:00,907.50,907.50,905.25,905.25,140,438660
2019-01-01 11:09:00,905.25,905.25,905.25,905.25,0,0
2019-01-01 11:10:00,905.25,905.25,905.25,905.25,0,0
2019-01-01 11:11:00,905.25,905.25,905.25,905.25,0,0
2019-01-01 11:12:00,905.25,905.25,905.25,905.25,0,0
2019-01-01 11:13:00,905.25,905.25,905.25,905.25,0,0
2019-01-01 11:14:00,905.25,917.85,905.25,917.85,20,438660
2019-01-01 11:15:00,917.85,917.85,917.85,917.85,0,0
2019-01-01 11:16:00,917.85,917.85,917.40,917.40,40,438640
2019-01-01 11:17:00,917.40,917.40,917.40,917.40,0,0
2019-01-01 11:18:00,917.40,917.40,917.40,917.40,0,0
2019-01-01 11:19:00,917.40,917.40,917.40,917.40,0,0
2019-01-01 11:20:00,917.40,917.40,917.40,917.40,0,0
2019-01-01 11:21:00,917.40,917.40,917.40,917.40,0,0
2019-01-01 11:22:00,917.40,917.40,917.40,917.40,0,0
2019-01-01 11:23:00,917.40,917.40,917.40,917.40,0,0
2019-01-01 11:24:00,917.40,917.40,904.95,904.95,20,438600
2019-01-01 11:25:00,904.95,904.95,904.95,904.95,0,0
2019-01-01 11:26:00,904.95,904.95,904.95,904.95,0,0
2019-01-01 11:27:00,904.95,904.95,904.95,904.95,0,0
2019-01-01 11:28:00,904.95,904.95,900.10,900.10,100,438600
2019-01-01 11:29:00,900.10,900.10,900.10,900.10,0,0
2019-01-01 11:30:00,900.10,900.10,896.10,896.10,20,0
2019-01-01 11:31:00,896.10,896.10,896.10,896.10,0,0
2019-01-01 11:32:00,896.10,896.10,896.10,896.10,0,0
2019-01-01 11:33:00,896.10,896.10,896.10,896.10,0,0
2019-01-01 11:34:00,896.10,896.10,896.10,896.10,0,0
2019-01-01 11:35:00,896.10,903.15,896.10,903.15,20,438580
2019-01-01 11:36:00,903.15,903.15,903.15,903.15,0,0
2019-01-01 11:37:00,903.15,903.15,903.15,903.15,0,0
2019-01-01 11:38:00,903.15,903.15,903.15,903.15,0,0
2019-01-01 11:39:00,903.15,903.15,903.15,903.15,0,0
2019-01-01 11:40:00,903.15,903.15,903.15,903.15,0,0
2019-01-01 11:41:00,903.15,903.15,903.15,903.15,0,0
2019-01-01 11:42:00,903.15,903.15,903.15,903.15,0,0
2019-01-01 11:43:00,903.15,903.15,903.15,903.15,0,0
2019-01-01 11:44:00,903.15,904.90,903.15,904.90,20,438580
2019-01-01 11:45:00,905.45,905.45,905.45,905.45,0,438580
2019-01-01 11:46:00,905.45,905.45,905.45,905.45,0,0
2019-01-01 11:47:00,905.45,910.00,905.45,908.55,40,438600
2019-01-01 11:48:00,908.55,908.55,908.55,908.55,0,0
2019-01-01 11:49:00,908.55,908.55,908.55,908.55,0,0
2019-01-01 11:50:00,908.55,908.55,908.55,908.55,0,0
2019-01-01 11:51:00,908.55,908.55,908.55,908.55,0,0
2019-01-01 11:52:00,908.55,911.15,908.55,911.15,20,438600
2019-01-01 11:53:00,911.15,911.15,911.15,911.15,0,0
2019-01-01 11:54:00,911.15,911.15,911.15,911.15,0,0
2019-01-01 11:55:00,911.15,914.65,911.15,914.00,80,438580
2019-01-01 11:56:00,914.00,914.05,914.00,914.05,40,438580
2019-01-01 11:57:00,914.05,914.05,914.05,914.05,0,0
2019-01-01 11:58:00,914.05,914.05,914.05,914.05,0,0
2019-01-01 11:59:00,914.05,914.05,914.05,914.05,0,0
2019-01-01 12:00:00,914.05,914.05,914.05,914.05,0,0
2019-01-01 12:01:00,914.05,914.05,914.05,914.05,0,0
2019-01-01 12:02:00,914.05,914.05,914.05,914.05,0,0
2019-01-01 12:03:00,914.05,914.05,914.05,914.05,0,0
2019-01-01 12:04:00,914.05,914.05,914.05,914.05,0,0
2019-01-01 12:05:00,914.05,926.30,914.05,925.55,180,438580
2019-01-01 12:06:00,925.55,925.75,923.45,925.75,40,438580
2019-01-01 12:07:00,925.75,925.75,925.75,925.75,0,0
2019-01-01 12:08:00,925.75,925.75,919.40,919.40,80,438600
2019-01-01 12:09:00,919.40,919.40,917.00,917.00,0,438600
2019-01-01 12:10:00,917.00,917.00,917.00,917.00,0,0
2019-01-01 12:11:00,917.00,917.00,917.00,917.00,0,0
2019-01-01 12:12:00,917.00,917.00,917.00,917.00,0,0
2019-01-01 12:13:00,917.00,917.00,917.00,917.00,0,0
2019-01-01 12:14:00,917.00,917.00,917.00,917.00,0,0
2019-01-01 12:15:00,917.00,917.00,917.00,917.00,0,0
2019-01-01 12:16:00,917.00,917.00,917.00,917.00,0,0
2019-01-01 12:17:00,917.00,917.00,917.00,917.00,0,0
2019-01-01 12:18:00,917.00,917.00,917.00,917.00,0,0
2019-01-01 12:19:00,917.00,917.00,917.00,917.00,0,0
2019-01-01 12:20:00,917.00,917.00,917.00,917.00,0,0
2019-01-01 12:21:00,917.00,918.60,916.80,916.80,980,438600
2019-01-01 12:22:00,916.80,916.80,916.80,916.80,0,0
2019-01-01 12:23:00,916.80,916.80,916.80,916.80,0,0
2019-01-01 12:24:00,916.80,916.80,913.10,913.10,20,438600
2019-01-01 12:25:00,913.10,913.10,913.10,913.10,0,0
2019-01-01 12:26:00,913.10,913.10,913.10,913.10,0,0
2019-01-01 12:27:00,913.10,913.10,909.80,909.80,20,0
2019-01-01 12:28:00,909.80,909.80,909.80,909.80,0,0
2019-01-01 12:29:00,909.80,909.80,900.10,900.10,140,438600
2019-01-01 12:30:00,900.10,900.10,900.10,900.10,0,0
2019-01-01 12:31:00,900.10,900.10,894.65,894.65,20,0
2019-01-01 12:32:00,894.65,894.65,894.05,894.60,160,438500
2019-01-01 12:33:00,894.60,894.60,894.00,894.00,20,438500
2019-01-01 12:34:00,894.00,894.00,894.00,894.00,0,0
2019-01-01 12:35:00,894.00,894.00,894.00,894.00,0,0
2019-01-01 12:36:00,894.00,894.00,894.00,894.00,0,0
2019-01-01 12:37:00,894.00,894.00,894.00,894.00,0,0
2019-01-01 12:38:00,894.00,894.00,894.00,894.00,0,0
2019-01-01 12:39:00,894.00,894.00,894.00,894.00,0,0
2019-01-01 12:40:00,894.00,894.00,894.00,894.00,0,0
2019-01-01 12:41:00,894.00,894.00,894.00,894.00,0,0
2019-01-01 12:42:00,894.00,894.00,894.00,894.00,0,0
2019-01-01 12:43:00,894.00,894.00,894.00,894.00,0,0
2019-01-01 12:44:00,894.00,894.00,894.00,894.00,0,0
2019-01-01 12:45:00,894.00,894.00,894.00,894.00,0,0
2019-01-01 12:46:00,894.00,894.00,894.00,894.00,0,0
2019-01-01 12:47:00,894.00,894.00,894.00,894.00,0,0
2019-01-01 12:48:00,894.00,894.00,894.00,894.00,0,0
2019-01-01 12:49:00,894.00,894.00,894.00,894.00,0,0
2019-01-01 12:50:00,891.95,891.95,891.95,891.95,0,438500
2019-01-01 12:51:00,891.95,891.95,891.95,891.95,0,0
2019-01-01 12:52:00,891.95,891.95,891.95,891.95,0,0
2019-01-01 12:53:00,891.95,891.95,891.95,891.95,0,0
2019-01-01 12:54:00,891.95,891.95,891.95,891.95,0,0
2019-01-01 12:55:00,891.95,891.95,891.95,891.95,0,0
2019-01-01 12:56:00,891.95,891.95,891.95,891.95,0,0
2019-01-01 12:57:00,891.95,897.60,891.95,897.60,80,438500
2019-01-01 12:58:00,897.60,897.60,896.00,896.00,120,438500
2019-01-01 12:59:00,896.00,896.00,896.00,896.00,0,0
2019-01-01 13:00:00,896.00,896.00,896.00,896.00,0,0
2019-01-01 13:01:00,896.00,896.00,896.00,896.00,0,0
2019-01-01 13:02:00,896.00,896.00,896.00,896.00,0,0
2019-01-01 13:03:00,896.00,896.00,896.00,896.00,0,0
2019-01-01 13:04:00,896.00,902.90,896.00,901.10,220,438520
2019-01-01 13:05:00,901.10,901.10,900.50,900.85,80,438520
2019-01-01 13:06:00,900.85,900.85,900.85,900.85,0,0
2019-01-01 13:07:00,900.85,900.85,900.85,900.85,0,0
2019-01-01 13:08:00,900.85,907.05,900.85,904.95,100,438500
2019-01-01 13:09:00,904.95,905.45,904.95,905.05,60,438500
2019-01-01 13:10:00,905.05,905.05,904.50,904.50,40,438520
2019-01-01 13:11:00,904.50,906.65,904.50,906.65,40,438520
2019-01-01 13:12:00,906.65,906.65,906.65,906.65,0,0
2019-01-01 13:13:00,906.65,916.00,906.65,916.00,60,438520
2019-01-01 13:14:00,916.00,916.00,904.40,904.40,260,438520
2019-01-01 13:15:00,904.40,904.40,904.40,904.40,0,0
2019-01-01 13:16:00,904.40,906.45,904.40,906.45,20,0
2019-01-01 13:17:00,906.45,906.45,906.45,906.45,0,0
2019-01-01 13:18:00,906.45,906.45,901.95,901.95,80,438580
2019-01-01 13:19:00,901.95,901.95,901.95,901.95,0,0
2019-01-01 13:20:00,901.95,901.95,897.50,898.90,60,438580
2019-01-01 13:21:00,898.90,898.90,896.05,896.05,60,0
2019-01-01 13:22:00,896.05,903.25,896.05,903.25,80,438540
2019-01-01 13:23:00,903.25,903.25,897.35,897.35,20,438540
2019-01-01 13:24:00,897.35,897.35,897.35,897.35,0,0
2019-01-01 13:25:00,897.35,897.35,897.35,897.35,0,0
2019-01-01 13:26:00,897.35,897.35,897.35,897.35,0,0
2019-01-01 13:27:00,897.35,897.35,897.35,897.35,0,0
2019-01-01 13:28:00,897.35,897.35,897.35,897.35,0,0
2019-01-01 13:29:00,897.35,901.00,897.35,901.00,20,0
2019-01-01 13:30:00,901.00,901.00,901.00,901.00,0,0
2019-01-01 13:31:00,901.00,901.00,901.00,901.00,0,0
2019-01-01 13:32:00,901.00,901.00,901.00,901.00,0,0
2019-01-01 13:33:00,901.00,901.00,901.00,901.00,0,0
2019-01-01 13:34:00,901.00,901.00,890.10,890.10,20,0
2019-01-01 13:35:00,890.10,890.10,871.30,871.30,200,438560
2019-01-01 13:36:00,871.30,871.30,865.45,865.45,320,438560
2019-01-01 13:37:00,865.45,873.85,865.45,867.45,140,438480
2019-01-01 13:38:00,867.45,867.45,850.00,854.50,800,438480
2019-01-01 13:39:00,852.55,859.90,851.75,859.90,300,438480
2019-01-01 13:40:00,859.90,861.35,859.90,861.35,240,438480
2019-01-01 13:41:00,861.35,861.35,858.80,859.30,380,438480
2019-01-01 13:42:00,859.30,859.30,859.30,859.30,0,0
2019-01-01 13:43:00,859.30,865.50,859.30,865.50,40,438480
2019-01-01 13:44:00,865.50,868.45,863.05,863.70,140,438480
2019-01-01 13:45:00,863.70,863.70,853.50,863.35,200,438480
2019-01-01 13:46:00,863.35,865.95,863.35,865.95,240,0
2019-01-01 13:47:00,865.95,867.25,865.95,867.25,120,0
2019-01-01 13:48:00,867.25,867.25,867.25,867.25,0,0
2019-01-01 13:49:00,867.25,869.50,867.25,868.95,40,438440
2019-01-01 13:50:00,868.95,882.15,868.95,879.65,200,438440
2019-01-01 13:51:00,879.65,879.65,879.65,879.65,0,0
2019-01-01 13:52:00,879.65,879.65,877.60,877.60,20,0
2019-01-01 13:53:00,877.60,877.60,877.60,877.60,0,0
2019-01-01 13:54:00,877.60,877.60,871.70,871.90,40,0
2019-01-01 13:55:00,871.90,871.90,871.90,871.90,0,0
2019-01-01 13:56:00,871.90,871.90,871.90,871.90,0,0
2019-01-01 13:57:00,871.90,871.90,871.90,871.90,0,0
2019-01-01 13:58:00,871.90,872.70,871.90,872.70,80,438360
2019-01-01 13:59:00,872.70,872.70,872.65,872.65,20,0
2019-01-01 14:00:00,872.65,872.65,872.65,872.65,0,0
2019-01-01 14:01:00,872.65,872.65,872.65,872.65,0,0
2019-01-01 14:02:00,872.65,872.65,872.65,872.65,0,0
2019-01-01 14:03:00,872.65,883.90,872.65,883.90,320,438380
2019-01-01 14:04:00,883.90,883.90,883.90,883.90,0,0
2019-01-01 14:05:00,883.90,883.90,883.90,883.90,0,0
2019-01-01 14:06:00,883.90,883.90,883.90,883.90,0,0
2019-01-01 14:07:00,883.90,883.90,883.90,883.90,0,0
2019-01-01 14:08:00,883.90,890.00,883.90,890.00,20,438380
2019-01-01 14:09:00,890.00,890.00,890.00,890.00,0,0
2019-01-01 14:10:00,890.00,890.00,890.00,890.00,0,0
2019-01-01 14:11:00,890.00,890.00,890.00,890.00,0,0
2019-01-01 14:12:00,890.00,890.00,890.00,890.00,0,0
2019-01-01 14:13:00,890.00,890.00,870.00,870.00,100,0
2019-01-01 14:14:00,870.00,870.00,870.00,870.00,60,0
2019-01-01 14:15:00,870.00,870.00,870.00,870.00,0,0
2019-01-01 14:16:00,870.00,879.60,870.00,879.60,40,0
2019-01-01 14:17:00,879.60,879.60,879.60,879.60,0,0
2019-01-01 14:18:00,879.60,879.60,879.60,879.60,0,0
2019-01-01 14:19:00,879.60,884.60,879.60,884.60,40,0
2019-01-01 14:20:00,884.60,884.60,884.60,884.60,0,0
2019-01-01 14:21:00,884.60,884.60,884.60,884.60,0,0
2019-01-01 14:22:00,884.60,884.60,884.60,884.60,0,0
2019-01-01 14:23:00,884.60,884.60,884.60,884.60,0,0
2019-01-01 14:24:00,884.60,884.60,884.60,884.60,0,0
2019-01-01 14:25:00,884.60,889.95,884.60,889.95,80,438620
2019-01-01 14:26:00,889.95,889.95,889.95,889.95,0,0
2019-01-01 14:27:00,889.95,890.00,889.95,890.00,40,438620
2019-01-01 14:28:00,890.00,890.00,890.00,890.00,0,0
2019-01-01 14:29:00,890.00,985.75,890.00,985.75,720,438640
2019-01-01 14:30:00,985.75,985.75,959.85,959.85,120,438640
2019-01-01 14:31:00,959.85,1021.65,959.85,1000.45,540,438680
2019-01-01 14:32:00,1000.45,1039.05,1000.45,1025.25,380,438680
2019-01-01 14:33:00,1025.25,1030.65,1010.40,1010.40,220,438680
2019-01-01 14:34:00,1010.40,1012.00,999.20,1012.00,200,438700
2019-01-01 14:35:00,1012.00,1034.70,1012.00,1034.70,480,438700
2019-01-01 14:36:00,1034.70,1042.65,1034.70,1035.00,80,438700
2019-01-01 14:37:00,1035.00,1035.00,1020.35,1020.35,140,438680
2019-01-01 14:38:00,1020.35,1045.70,1020.35,1038.55,60,438680
2019-01-01 14:39:00,1038.55,1060.00,1038.55,1050.70,140,438720
2019-01-01 14:40:00,1050.70,1055.00,1050.70,1051.35,60,438720
2019-01-01 14:41:00,1051.35,1051.35,1051.35,1051.35,0,0
2019-01-01 14:42:00,1051.35,1051.35,1049.00,1049.00,20,0
2019-01-01 14:43:00,1049.00,1060.00,1049.00,1056.45,160,438720
2019-01-01 14:44:00,1056.45,1072.35,1052.75,1052.75,560,438720
2019-01-01 14:45:00,1052.75,1079.30,1052.75,1074.90,240,438760
2019-01-01 14:46:00,1071.85,1071.85,1071.85,1071.85,0,438760
2019-01-01 14:47:00,1075.00,1080.00,1075.00,1080.00,20,438760
2019-01-01 14:48:00,1080.00,1080.00,1080.00,1080.00,600,438760
2019-01-01 14:49:00,1080.00,1087.70,1080.00,1087.70,20,438780
2019-01-01 14:50:00,1087.70,1090.00,1087.70,1090.00,60,438780
2019-01-01 14:51:00,1090.00,1090.00,1090.00,1090.00,0,0
2019-01-01 14:52:00,1090.00,1090.00,1090.00,1090.00,0,0
2019-01-01 14:53:00,1090.00,1090.00,1090.00,1090.00,0,0
2019-01-01 14:54:00,1090.00,1090.00,1090.00,1090.00,0,0
2019-01-01 14:55:00,1090.00,1090.00,1090.00,1090.00,0,0
2019-01-01 14:56:00,1090.00,1090.00,1090.00,1090.00,0,0
2019-01-01 14:57:00,1090.00,1090.00,1090.00,1090.00,0,0
2019-01-01 14:58:00,1090.00,1100.70,1090.00,1100.70,380,438740
2019-01-01 14:59:00,1100.70,1100.70,1100.70,1100.70,0,0
2019-01-01 15:00:00,1100.70,1100.70,1100.00,1100.00,180,438900
2019-01-01 15:01:00,1100.00,1100.00,1100.00,1100.00,40,438900
2019-01-01 15:02:00,1100.00,1100.00,1100.00,1100.00,0,0
2019-01-01 15:03:00,1100.00,1100.00,1097.55,1100.00,140,439020
2019-01-01 15:04:00,1100.00,1110.15,1100.00,1110.10,120,439020
2019-01-01 15:05:00,1110.10,1110.10,1110.10,1110.10,0,0
2019-01-01 15:06:00,1110.10,1110.10,1110.10,1110.10,0,0
2019-01-01 15:07:00,1110.10,1112.00,1110.10,1112.00,80,439020
2019-01-01 15:08:00,1112.00,1112.00,1112.00,1112.00,20,439020
2019-01-01 15:09:00,1112.00,1120.00,1110.00,1118.55,1080,439020
2019-01-01 15:10:00,1118.55,1130.00,1118.55,1126.40,1460,439020
2019-01-01 15:11:00,1126.40,1129.00,1123.70,1129.00,60,439020
2019-01-01 15:12:00,1129.00,1129.00,1122.00,1129.00,220,439020
2019-01-01 15:13:00,1129.00,1129.00,1129.00,1129.00,0,0
2019-01-01 15:14:00,1129.00,1129.00,1129.00,1129.00,0,0
2019-01-01 15:15:00,1129.00,1129.00,1129.00,1129.00,0,0
2019-01-01 15:16:00,1129.00,1130.00,1129.00,1129.95,120,441000
2019-01-01 15:17:00,1129.95,1130.00,1129.95,1130.00,700,441000
2019-01-01 15:18:00,1130.00,1130.00,1130.00,1130.00,0,0
2019-01-01 15:19:00,1130.00,1130.00,1130.00,1130.00,40,441760
2019-01-01 15:20:00,1130.00,1130.00,1117.45,1126.40,100,441760
2019-01-01 15:21:00,1126.40,1129.95,1126.40,1129.95,40,441760
2019-01-01 15:22:00,1129.95,1129.95,1129.95,1129.95,0,0
2019-01-01 15:23:00,1129.95,1134.95,1127.60,1134.95,180,441760
2019-01-01 15:24:00,1134.95,1140.00,1134.95,1140.00,1160,442700
2019-01-01 15:25:00,1140.00,1140.00,1132.85,1135.30,340,442700
2019-01-01 15:26:00,1135.30,1135.30,1133.15,1133.15,20,442700
2019-01-01 15:27:00,1133.15,1134.00,1133.15,1134.00,20,0
2019-01-01 15:28:00,1134.00,1134.00,1129.60,1129.60,60,442860
2019-01-01 15:29:01,1129.60,1129.60,1129.60,1129.60,0,0
2019-02-01 09:15:00,1000.00,1012.10,1000.00,1012.10,20,442840
2019-02-01 09:16:00,1012.10,1012.10,1010.00,1010.00,20,442840
2019-02-01 09:17:00,1010.00,1010.00,1010.00,1010.00,0,0
2019-02-01 09:18:00,1010.00,1040.00,1010.00,1027.40,140,442800
2019-02-01 09:19:00,1027.40,1050.00,1027.40,1050.00,20,442800
2019-02-01 09:20:00,1062.60,1067.15,1062.60,1067.15,20,442700
2019-02-01 09:21:00,1077.10,1077.10,1077.10,1077.10,0,0
2019-02-01 09:22:00,1077.10,1079.80,1077.10,1079.80,20,442700
2019-02-01 09:23:00,1079.80,1079.80,1079.80,1079.80,0,0
2019-02-01 09:24:00,1079.80,1097.35,1079.80,1097.35,40,442680
2019-02-01 09:25:00,1097.35,1097.35,1097.35,1097.35,0,0
2019-02-01 09:26:00,1097.35,1100.00,1097.35,1100.00,20,442660
2019-02-01 09:27:00,1100.00,1100.00,1100.00,1100.00,0,0
2019-02-01 09:28:00,1100.00,1100.00,1100.00,1100.00,0,0
2019-02-01 09:29:00,1100.00,1100.00,1100.00,1100.00,0,0
2019-02-01 09:30:00,1100.00,1100.00,1100.00,1100.00,0,0
2019-02-01 09:31:00,1100.00,1100.00,1046.55,1046.55,40,442660
2019-02-01 09:32:00,1046.55,1046.55,1046.55,1046.55,0,0
2019-02-01 09:33:00,1046.55,1046.55,1040.00,1040.00,440,442660
2019-02-01 09:34:00,1040.00,1040.00,1040.00,1040.00,360,442260
2019-02-01 09:35:00,1040.00,1040.00,1030.00,1030.00,360,442260
2019-02-01 09:36:00,1020.00,1020.00,1020.00,1020.00,0,442260
2019-02-01 09:37:00,1020.00,1020.00,1020.00,1020.00,20,0
2019-02-01 09:38:00,1020.00,1033.00,1020.00,1033.00,20,441880
2019-02-01 09:39:00,1033.00,1033.00,1020.00,1020.00,40,441880
2019-02-01 09:40:00,1020.00,1020.00,1019.05,1019.05,20,441880
2019-02-01 09:41:00,1019.05,1019.05,1019.05,1019.05,0,0
2019-02-01 09:42:00,1030.00,1040.00,1030.00,1040.00,380,441880
2019-02-01 09:43:00,1040.00,1048.00,1040.00,1048.00,460,441880
2019-02-01 09:44:00,1048.00,1048.00,1045.00,1045.00,40,440880
2019-02-01 09:45:00,1045.00,1045.00,1035.00,1035.00,80,440880
2019-02-01 09:46:00,1035.00,1035.00,1035.00,1035.00,0,0
2019-02-01 09:47:00,1035.00,1035.00,1035.00,1035.00,0,0
2019-02-01 09:48:00,1035.00,1035.00,1035.00,1035.00,0,0
2019-02-01 09:49:00,1035.00,1060.00,1035.00,1060.00,20,440960
2019-02-01 09:50:00,1060.00,1060.00,1060.00,1060.00,0,0
2019-02-01 09:51:00,1060.00,1060.00,1060.00,1060.00,0,0
2019-02-01 09:52:00,1060.00,1060.00,1060.00,1060.00,0,0
2019-02-01 09:53:00,1060.00,1060.00,1060.00,1060.00,0,0
2019-02-01 09:54:00,1060.00,1060.00,1060.00,1060.00,0,0
2019-02-01 09:55:00,1060.00,1060.00,1060.00,1060.00,0,0
2019-02-01 09:56:00,1060.00,1060.00,1060.00,1060.00,0,0
2019-02-01 09:57:00,1060.00,1060.00,1060.00,1060.00,0,0
2019-02-01 09:58:00,1060.00,1060.00,1060.00,1060.00,0,0
2019-02-01 09:59:00,1060.00,1060.00,1060.00,1060.00,0,0
2019-02-01 10:00:00,1060.00,1060.00,1060.00,1060.00,0,0
2019-02-01 10:01:00,1060.00,1060.00,1060.00,1060.00,0,0
2019-02-01 10:02:00,1060.00,1060.00,1060.00,1060.00,0,0
2019-02-01 10:03:00,1060.00,1061.95,1060.00,1061.95,20,440960
2019-02-01 10:04:00,1061.95,1061.95,1061.95,1061.95,0,0
2019-02-01 10:05:00,1061.95,1061.95,1061.95,1061.95,0,0
2019-02-01 10:06:00,1061.95,1061.95,1061.95,1061.95,0,0
2019-02-01 10:07:00,1061.95,1061.95,1061.95,1061.95,0,0
2019-02-01 10:08:00,1061.95,1061.95,1061.95,1061.95,0,0
2019-02-01 10:09:00,1061.95,1061.95,1061.95,1061.95,0,0
2019-02-01 10:10:00,1061.95,1061.95,1061.95,1061.95,0,0
2019-02-01 10:11:00,1061.95,1061.95,1061.95,1061.95,0,0
2019-02-01 10:12:00,1061.95,1061.95,1061.95,1061.95,0,0
2019-02-01 10:13:00,1061.95,1061.95,1061.95,1061.95,0,0
2019-02-01 10:14:00,1061.95,1061.95,1061.95,1061.95,0,0
2019-02-01 10:15:00,1061.95,1061.95,1061.95,1061.95,0,0
2019-02-01 10:16:00,1061.95,1061.95,1061.95,1061.95,0,0
2019-02-01 10:17:00,1061.95,1090.00,1061.95,1090.00,20,0
2019-02-01 10:18:00,1090.00,1090.00,1090.00,1090.00,0,0
2019-02-01 10:19:00,1090.00,1090.00,1090.00,1090.00,0,0
2019-02-01 10:20:00,1090.00,1090.00,1090.00,1090.00,0,0
2019-02-01 10:21:00,1090.00,1090.00,1090.00,1090.00,0,0
2019-02-01 10:22:00,1090.00,1090.00,1090.00,1090.00,0,0
2019-02-01 10:23:00,1090.00,1122.40,1090.00,1122.40,20,440980
2019-02-01 10:24:00,1122.40,1122.40,1112.15,1112.15,60,440980
2019-02-01 10:25:00,1112.15,1112.15,1100.00,1100.00,20,0
2019-02-01 10:26:00,1100.00,1100.00,1100.00,1100.00,0,0
2019-02-01 10:27:00,1100.00,1113.00,1100.00,1111.95,60,440980
2019-02-01 10:28:00,1111.95,1111.95,1111.95,1111.95,0,0
2019-02-01 10:29:00,1111.95,1111.95,1111.95,1111.95,0,0
2019-02-01 10:30:00,1111.95,1111.95,1103.45,1103.45,660,440980
2019-02-01 10:31:00,1103.45,1103.45,1099.55,1099.55,100,440980
2019-02-01 10:32:00,1099.55,1100.00,1094.80,1100.00,120,440480
2019-02-01 10:33:00,1100.00,1100.00,1100.00,1100.00,0,0
2019-02-01 10:34:00,1100.00,1100.00,1089.95,1089.95,80,440480
2019-02-01 10:35:00,1089.95,1100.00,1089.95,1100.00,20,440480
2019-02-01 10:36:00,1100.00,1100.00,1100.00,1100.00,0,0
2019-02-01 10:37:00,1100.00,1100.00,1100.00,1100.00,0,0
2019-02-01 10:38:00,1100.00,1100.00,1100.00,1100.00,0,0
2019-02-01 10:39:00,1100.00,1100.00,1100.00,1100.00,0,0
2019-02-01 10:40:00,1100.00,1100.00,1100.00,1100.00,0,0
2019-02-01 10:41:00,1100.00,1102.40,1100.00,1101.65,60,440480
2019-02-01 10:42:00,1101.65,1101.65,1101.65,1101.65,0,0
2019-02-01 10:43:00,1101.65,1105.00,1101.65,1105.00,60,440480
2019-02-01 10:44:00,1105.00,1105.00,1105.00,1105.00,0,0
2019-02-01 10:45:00,1105.00,1105.00,1105.00,1105.00,0,0
2019-02-01 10:46:00,1105.00,1105.00,1105.00,1105.00,0,0
2019-02-01 10:47:00,1105.00,1107.25,1105.00,1107.25,20,440480
2019-02-01 10:48:00,1107.25,1107.25,1107.25,1107.25,0,0
2019-02-01 10:49:00,1107.25,1111.00,1107.25,1111.00,20,440480
2019-02-01 10:50:00,1111.00,1120.55,1111.00,1120.55,40,440480
2019-02-01 10:51:00,1120.55,1125.25,1120.55,1125.25,20,440480
2019-02-01 10:52:00,1125.25,1125.25,1119.55,1119.55,20,440480
2019-02-01 10:53:00,1119.55,1125.50,1119.55,1122.55,40,440480
2019-02-01 10:54:00,1122.55,1122.55,1122.55,1122.55,0,0
2019-02-01 10:55:00,1122.55,1122.55,1122.55,1122.55,0,0
2019-02-01 10:56:00,1122.55,1122.55,1122.55,1122.55,0,0
2019-02-01 10:57:00,1122.55,1122.55,1122.55,1122.55,0,0
2019-02-01 10:58:00,1122.55,1122.55,1122.55,1122.55,0,0
2019-02-01 10:59:00,1122.55,1122.55,1106.35,1106.35,20,440480
2019-02-01 11:00:00,1106.35,1106.35,1106.35,1106.35,0,0
2019-02-01 11:01:00,1106.35,1115.00,1106.35,1115.00,80,0
2019-02-01 11:02:00,1115.00,1115.00,1115.00,1115.00,0,0
2019-02-01 11:03:00,1115.00,1115.00,1115.00,1115.00,0,0
2019-02-01 11:04:00,1115.00,1115.00,1115.00,1115.00,0,0
2019-02-01 11:05:00,1115.00,1115.00,1115.00,1115.00,0,0
2019-02-01 11:06:00,1115.00,1130.00,1115.00,1130.00,20,440580
2019-02-01 11:07:00,1130.00,1133.00,1130.00,1133.00,20,440580
2019-02-01 11:08:00,1133.00,1133.00,1121.10,1121.10,40,440620
2019-02-01 11:09:00,1121.10,1121.10,1121.10,1121.10,0,0
2019-02-01 11:10:00,1121.10,1121.10,1121.10,1121.10,0,0
2019-02-01 11:11:00,1121.10,1121.10,1115.45,1115.45,20,440620
2019-02-01 11:12:00,1115.45,1115.45,1115.45,1115.45,0,0
2019-02-01 11:13:00,1115.45,1115.45,1115.45,1115.45,0,0
2019-02-01 11:14:00,1115.45,1115.45,1106.00,1106.00,20,440620
2019-02-01 11:15:00,1106.00,1118.30,1106.00,1110.40,140,440620
2019-02-01 11:16:00,1110.40,1110.40,1109.30,1109.30,40,440620
2019-02-01 11:17:00,1109.30,1109.30,1109.30,1109.30,0,0
2019-02-01 11:18:00,1109.30,1109.30,1100.55,1100.55,20,440420
2019-02-01 11:19:00,1100.55,1100.55,1100.55,1100.55,0,0
2019-02-01 11:20:00,1100.55,1100.55,1100.00,1100.00,20,440400
2019-02-01 11:21:00,1100.00,1100.00,1100.00,1100.00,0,0
2019-02-01 11:22:00,1100.00,1100.00,1100.00,1100.00,0,0
2019-02-01 11:23:00,1100.00,1100.00,1100.00,1100.00,0,0
2019-02-01 11:24:00,1100.00,1100.00,1100.00,1100.00,0,0
2019-02-01 11:25:00,1100.00,1100.00,1100.00,1100.00,0,0
2019-02-01 11:26:00,1100.00,1100.00,1100.00,1100.00,0,0
2019-02-01 11:27:00,1100.00,1100.00,1100.00,1100.00,0,0
2019-02-01 11:28:00,1100.00,1100.00,1100.00,1100.00,0,0
2019-02-01 11:29:00,1100.00,1100.00,1100.00,1100.00,0,0
2019-02-01 11:30:00,1100.00,1100.00,1100.00,1100.00,0,0
2019-02-01 11:31:00,1100.00,1100.00,1100.00,1100.00,0,0
2019-02-01 11:32:00,1100.00,1108.80,1100.00,1108.80,100,440420
2019-02-01 11:33:00,1108.80,1109.65,1106.95,1106.95,60,440420
2019-02-01 11:34:00,1106.95,1106.95,1106.95,1106.95,0,0
2019-02-01 11:35:00,1106.95,1106.95,1106.95,1106.95,0,0
2019-02-01 11:36:00,1106.95,1106.95,1106.95,1106.95,0,0
2019-02-01 11:37:00,1106.95,1108.00,1105.60,1107.20,820,440260
2019-02-01 11:38:00,1107.20,1113.70,1107.20,1109.30,160,440160
2019-02-01 11:39:00,1109.30,1117.10,1109.30,1117.10,40,440160
2019-02-01 11:40:00,1117.10,1117.10,1111.95,1112.30,60,440160
2019-02-01 11:41:00,1112.30,1121.55,1112.30,1121.55,20,439980
2019-02-01 11:42:00,1119.15,1119.15,1119.15,1119.15,0,439980
2019-02-01 11:43:00,1119.15,1119.15,1119.15,1119.15,0,0
2019-02-01 11:44:00,1119.15,1119.15,1119.15,1119.15,0,0
2019-02-01 11:45:00,1119.15,1119.15,1119.15,1119.15,0,0
2019-02-01 11:46:00,1119.15,1119.15,1119.15,1119.15,0,0
2019-02-01 11:47:00,1119.15,1119.15,1119.15,1119.15,0,0
2019-02-01 11:48:00,1119.15,1119.15,1103.95,1103.95,20,439940
2019-02-01 11:49:00,1103.95,1103.95,1102.70,1102.70,20,439940
2019-02-01 11:50:00,1102.70,1102.70,1102.70,1102.70,0,0
2019-02-01 11:51:00,1102.70,1102.70,1100.80,1100.80,20,439900
2019-02-01 11:52:00,1100.80,1102.05,1100.80,1102.05,0,439900
2019-02-01 11:53:00,1102.05,1102.05,1102.05,1102.05,0,0
2019-02-01 11:54:00,1102.05,1102.05,1102.05,1102.05,0,0
2019-02-01 11:55:00,1102.05,1102.05,1102.05,1102.05,0,0
2019-02-01 11:56:00,1102.05,1102.05,1102.05,1102.05,0,0
2019-02-01 11:57:00,1102.05,1102.05,1102.05,1102.05,0,0
2019-02-01 11:58:00,1102.05,1102.05,1102.05,1102.05,0,0
2019-02-01 11:59:00,1102.05,1102.05,1102.05,1102.05,0,0
2019-02-01 12:00:00,1102.05,1113.75,1102.05,1113.75,20,439860
2019-02-01 12:01:00,1113.75,1113.75,1113.75,1113.75,0,0
2019-02-01 12:02:00,1113.75,1113.75,1113.75,1113.75,0,0
2019-02-01 12:03:00,1113.75,1113.75,1113.75,1113.75,0,0
2019-02-01 12:04:00,1113.75,1113.75,1100.00,1100.00,20,439840
2019-02-01 12:05:00,1100.00,1100.00,1100.00,1100.00,0,0
2019-02-01 12:06:00,1100.00,1100.00,1100.00,1100.00,0,0
2019-02-01 12:07:00,1100.00,1100.00,1100.00,1100.00,0,0
2019-02-01 12:08:00,1100.00,1100.00,1100.00,1100.00,0,0
2019-02-01 12:09:00,1100.00,1100.00,1100.00,1100.00,0,0
2019-02-01 12:10:00,1100.00,1100.00,1100.00,1100.00,0,0
2019-02-01 12:11:00,1100.00,1100.00,1100.00,1100.00,0,0
2019-02-01 12:12:00,1100.00,1100.00,1100.00,1100.00,20,439820
2019-02-01 12:13:00,1100.00,1100.00,1100.00,1100.00,0,0
2019-02-01 12:14:00,1100.00,1105.00,1100.00,1105.00,20,439800
2019-02-01 12:15:00,1105.00,1105.00,1105.00,1105.00,0,0
2019-02-01 12:16:00,1105.00,1105.00,1105.00,1105.00,0,0
2019-02-01 12:17:00,1105.00,1105.00,1105.00,1105.00,0,0
2019-02-01 12:18:00,1105.00,1105.00,1105.00,1105.00,0,0
2019-02-01 12:19:00,1105.00,1105.00,1105.00,1105.00,0,0
2019-02-01 12:20:00,1105.00,1105.00,1105.00,1105.00,0,0
2019-02-01 12:21:00,1105.00,1105.00,1039.15,1039.15,180,439780
2019-02-01 12:22:00,1039.15,1039.15,1039.15,1039.15,0,0
2019-02-01 12:23:00,1039.15,1039.15,1039.15,1039.15,0,0
2019-02-01 12:24:00,1039.15,1039.15,1039.15,1039.15,0,0
2019-02-01 12:25:00,1039.15,1039.15,1039.15,1039.15,0,0
2019-02-01 12:26:00,1039.15,1040.45,1039.15,1040.45,20,439620
2019-02-01 12:27:00,1040.45,1040.45,1030.00,1030.00,80,439620
2019-02-01 12:28:00,1030.00,1030.00,1030.00,1030.00,0,0
2019-02-01 12:29:00,1030.00,1030.00,1030.00,1030.00,20,439560
2019-02-01 12:30:00,1030.00,1030.00,1013.00,1025.00,40,439560
2019-02-01 12:31:00,1025.00,1025.00,1025.00,1025.00,0,0
2019-02-01 12:32:00,1025.00,1025.00,1025.00,1025.00,0,0
2019-02-01 12:33:00,1025.00,1033.05,1025.00,1033.05,20,439560
2019-02-01 12:34:00,1033.05,1033.05,1033.05,1033.05,0,0
2019-02-01 12:35:00,1033.05,1033.05,1023.85,1023.85,40,439560
2019-02-01 12:36:00,1023.85,1023.85,1023.85,1023.85,0,0
2019-02-01 12:37:00,1023.85,1023.85,1023.85,1023.85,0,0
2019-02-01 12:38:00,1023.85,1023.85,1023.85,1023.85,0,0
2019-02-01 12:39:00,1023.85,1023.85,1023.85,1023.85,0,0
2019-02-01 12:40:00,1023.85,1023.85,1023.85,1023.85,0,0
2019-02-01 12:41:00,1023.85,1029.75,1023.85,1029.75,20,439520
2019-02-01 12:42:00,1029.75,1029.75,988.15,988.15,140,439520
2019-02-01 12:43:00,988.15,988.15,988.15,988.15,0,0
2019-02-01 12:44:00,988.15,992.30,988.15,992.30,20,439420
2019-02-01 12:45:00,995.70,995.70,960.00,960.00,2600,439420
2019-02-01 12:46:00,960.00,960.00,950.00,950.00,100,439420
2019-02-01 12:47:00,950.00,950.00,950.00,950.00,0,0
2019-02-01 12:48:00,950.00,950.00,950.00,950.00,0,0
2019-02-01 12:49:00,950.00,950.00,950.00,950.00,0,0
2019-02-01 12:50:00,950.00,950.00,950.00,950.00,0,0
2019-02-01 12:51:00,950.00,950.00,950.00,950.00,0,0
2019-02-01 12:52:00,950.00,999.00,950.00,999.00,20,436820
2019-02-01 12:53:00,999.00,999.00,999.00,999.00,0,0
2019-02-01 12:54:00,999.00,999.00,999.00,999.00,0,0
2019-02-01 12:55:00,999.00,999.00,999.00,999.00,0,0
2019-02-01 12:56:00,999.00,999.00,999.00,999.00,0,0
2019-02-01 12:57:00,999.00,999.00,999.00,999.00,0,0
2019-02-01 12:58:00,999.00,999.00,999.00,999.00,0,0
2019-02-01 12:59:00,999.00,999.00,980.00,980.00,20,436840
2019-02-01 13:00:00,980.00,980.00,980.00,980.00,0,0
2019-02-01 13:01:00,980.00,980.00,980.00,980.00,0,0
2019-02-01 13:02:00,980.00,980.00,969.40,969.40,200,436820
2019-02-01 13:03:00,969.40,969.40,969.00,969.00,20,436820
2019-02-01 13:04:00,969.00,969.00,969.00,969.00,0,0
2019-02-01 13:05:00,969.00,969.00,969.00,969.00,0,0
2019-02-01 13:06:00,969.00,990.00,969.00,990.00,20,437040
2019-02-01 13:07:00,990.00,990.00,990.00,990.00,0,0
2019-02-01 13:08:00,990.00,990.00,990.00,990.00,0,0
2019-02-01 13:09:00,990.00,990.00,990.00,990.00,0,0
2019-02-01 13:10:00,990.00,990.00,990.00,990.00,0,0
2019-02-01 13:11:00,990.00,990.00,990.00,990.00,0,0
2019-02-01 13:12:00,990.00,990.00,990.00,990.00,0,0
2019-02-01 13:13:00,990.00,990.00,990.00,990.00,0,0
2019-02-01 13:14:00,990.00,990.00,980.00,980.00,0,437060
2019-02-01 13:15:00,980.00,980.00,980.00,980.00,40,437060
2019-02-01 13:16:00,980.00,980.00,980.00,980.00,0,0
2019-02-01 13:17:00,980.00,980.00,980.00,980.00,0,0
2019-02-01 13:18:00,980.00,980.00,980.00,980.00,0,0
2019-02-01 13:19:00,980.00,980.00,980.00,980.00,0,0
2019-02-01 13:20:00,980.00,980.00,980.00,980.00,0,0
2019-02-01 13:21:00,980.00,980.00,967.10,967.10,100,437100
2019-02-01 13:22:00,967.10,967.10,950.00,950.00,1000,437100
2019-02-01 13:23:00,950.00,950.90,940.00,950.25,1140,436220
2019-02-01 13:24:00,950.25,950.25,950.25,950.25,0,0
2019-02-01 13:25:00,950.25,950.25,950.25,950.25,0,0
2019-02-01 13:26:00,950.25,950.25,950.25,950.25,0,0
2019-02-01 13:27:00,950.25,950.25,950.25,950.25,0,0
2019-02-01 13:28:00,950.25,950.25,950.25,950.25,0,0
2019-02-01 13:29:00,950.25,950.25,950.25,950.25,0,0
2019-02-01 13:30:00,950.25,950.25,950.25,950.25,0,0
2019-02-01 13:31:00,950.25,950.25,950.25,950.25,0,0
2019-02-01 13:32:00,950.25,950.25,945.10,945.10,0,435200
2019-02-01 13:33:00,945.10,945.10,945.10,945.10,0,0
2019-02-01 13:34:00,945.10,945.10,945.10,945.10,0,0
2019-02-01 13:35:00,945.10,945.10,920.00,920.00,2120,435200
2019-02-01 13:36:00,920.00,920.00,920.00,920.00,0,0
2019-02-01 13:37:00,920.00,920.00,920.00,920.00,0,0
2019-02-01 13:38:00,920.00,920.00,920.00,920.00,0,0
2019-02-01 13:39:00,920.00,920.00,920.00,920.00,0,0
2019-02-01 13:40:00,920.00,920.00,920.00,920.00,0,0
2019-02-01 13:41:00,920.00,936.00,920.00,936.00,20,433120
2019-02-01 13:42:00,936.00,936.00,936.00,936.00,0,0
2019-02-01 13:43:00,936.00,936.00,936.00,936.00,0,0
2019-02-01 13:44:00,936.00,936.00,920.00,920.00,20,433120
2019-02-01 13:45:00,920.00,920.00,900.00,900.00,2100,433120
2019-02-01 13:46:00,900.00,900.00,900.00,900.00,0,0
2019-02-01 13:47:00,900.00,900.95,898.00,898.00,60,431400
2019-02-01 13:48:00,898.00,898.00,898.00,898.00,0,0
2019-02-01 13:49:00,898.00,909.90,898.00,909.90,20,431400
2019-02-01 13:50:00,909.90,909.90,890.00,897.10,1120,431400
2019-02-01 13:51:00,896.90,896.90,896.90,896.90,20,431400
2019-02-01 13:52:00,896.90,896.90,896.90,896.90,0,0
2019-02-01 13:53:00,896.90,896.90,896.90,896.90,0,0
2019-02-01 13:54:00,896.90,896.90,896.90,896.90,0,0
2019-02-01 13:55:00,896.90,896.90,896.90,896.90,0,0
2019-02-01 13:56:00,896.90,948.15,896.90,948.15,360,430040
2019-02-01 13:57:00,948.15,948.15,948.15,948.15,0,0
2019-02-01 13:58:00,948.15,948.15,948.15,948.15,0,0
2019-02-01 13:59:00,948.15,948.15,922.10,922.10,60,429980
2019-02-01 14:00:00,922.10,922.10,920.55,920.55,40,429980
2019-02-01 14:01:00,920.55,920.55,920.55,920.55,0,0
2019-02-01 14:02:00,920.55,920.55,896.00,896.00,20,429920
2019-02-01 14:03:00,896.00,903.00,896.00,903.00,60,429920
2019-02-01 14:04:00,903.00,905.00,903.00,905.00,20,429920
2019-02-01 14:05:00,905.00,905.00,905.00,905.00,0,0
2019-02-01 14:06:00,905.00,905.00,905.00,905.00,0,0
2019-02-01 14:07:00,905.00,905.00,905.00,905.00,0,0
2019-02-01 14:08:00,905.00,930.85,905.00,930.85,20,429900
2019-02-01 14:09:00,930.85,930.85,930.85,930.85,0,0
2019-02-01 14:10:00,930.85,930.85,924.70,924.70,40,429900
2019-02-01 14:11:00,924.70,924.70,924.70,924.70,0,0
2019-02-01 14:12:00,924.70,924.70,915.30,915.30,20,429900
2019-02-01 14:13:00,915.30,915.30,910.00,910.00,100,429900
2019-02-01 14:14:00,910.00,920.75,910.00,920.75,40,429960
2019-02-01 14:15:00,920.75,920.75,920.75,920.75,0,0
2019-02-01 14:16:00,920.75,924.40,920.75,924.40,20,0
2019-02-01 14:17:00,924.40,924.40,924.40,924.40,0,0
2019-02-01 14:18:00,924.40,924.40,911.00,913.85,60,429960
2019-02-01 14:19:00,913.85,913.85,911.80,913.00,120,429960
2019-02-01 14:20:00,913.00,922.40,913.00,922.40,20,429940
2019-02-01 14:21:00,922.40,922.40,920.00,920.00,60,429940
2019-02-01 14:22:00,920.00,920.00,919.80,919.80,80,429940
2019-02-01 14:23:00,919.80,927.00,919.80,922.00,220,429940
2019-02-01 14:24:00,922.00,925.15,917.25,925.15,240,429940
2019-02-01 14:25:00,925.15,925.15,919.70,919.70,20,429940
2019-02-01 14:26:00,919.70,919.70,919.70,919.70,0,0
2019-02-01 14:27:00,919.70,919.70,903.75,910.15,140,430100
2019-02-01 14:28:00,910.15,910.15,910.15,910.15,100,430100
2019-02-01 14:29:00,910.15,911.80,910.15,911.80,100,430160
2019-02-01 14:30:00,911.80,911.80,911.80,911.80,0,0
2019-02-01 14:31:00,911.80,911.80,911.80,911.80,0,0
2019-02-01 14:32:00,911.80,920.00,911.80,920.00,20,430160
2019-02-01 14:33:00,920.00,920.00,920.00,920.00,0,0
2019-02-01 14:34:00,920.00,942.55,920.00,942.55,100,430160
2019-02-01 14:35:00,942.55,954.95,942.55,954.95,40,430080
2019-02-01 14:36:00,954.95,964.70,951.35,955.05,120,430080
2019-02-01 14:37:00,955.05,956.40,955.05,956.40,20,430080
2019-02-01 14:38:00,956.40,956.40,956.40,956.40,0,0
2019-02-01 14:39:00,956.40,965.00,956.40,965.00,20,429900
2019-02-01 14:40:00,965.00,965.00,965.00,965.00,0,0
2019-02-01 14:41:00,965.00,965.00,965.00,965.00,0,0
2019-02-01 14:42:00,965.00,965.00,965.00,965.00,0,0
2019-02-01 14:43:00,965.00,983.55,965.00,983.55,40,429900
2019-02-01 14:44:00,983.55,983.55,983.55,983.55,0,0
2019-02-01 14:45:00,983.55,983.55,980.00,980.00,20,429900
2019-02-01 14:46:00,980.00,980.00,950.00,950.00,60,429900
2019-02-01 14:47:00,950.00,950.00,933.05,933.05,60,429940
2019-02-01 14:48:00,933.05,933.05,933.00,933.00,20,429940
2019-02-01 14:49:00,930.20,936.50,930.20,936.50,60,429940
2019-02-01 14:50:00,936.50,936.50,936.50,936.50,0,0
2019-02-01 14:51:00,936.50,949.75,936.50,949.75,60,429940
2019-02-01 14:52:00,949.75,964.05,949.75,964.05,40,429940
2019-02-01 14:53:00,964.05,964.05,964.05,964.05,0,0
2019-02-01 14:54:00,964.05,976.35,964.05,976.35,20,429940
2019-02-01 14:55:00,976.35,981.95,976.35,981.95,40,429940
2019-02-01 14:56:00,981.95,981.95,975.85,976.15,140,429920
2019-02-01 14:57:00,976.15,989.70,976.15,989.70,40,429920
2019-02-01 14:58:00,989.70,989.70,989.70,989.70,0,0
2019-02-01 14:59:00,989.70,989.70,989.70,989.70,0,0
2019-02-01 15:00:00,989.70,989.70,989.70,989.70,0,0
2019-02-01 15:01:00,989.70,989.70,989.70,989.70,0,0
2019-02-01 15:02:00,989.70,989.70,989.70,989.70,0,0
2019-02-01 15:03:00,989.70,989.70,976.05,976.05,40,429920
2019-02-01 15:04:00,976.05,976.05,976.05,976.05,0,0
2019-02-01 15:05:00,976.05,976.05,976.05,976.05,0,0
2019-02-01 15:06:00,976.05,976.05,976.05,976.05,0,0
2019-02-01 15:07:00,976.05,976.05,958.25,958.25,20,429920
2019-02-01 15:08:00,950.00,950.00,950.00,950.00,0,429920
2019-02-01 15:09:00,950.00,953.80,950.00,953.80,120,429920
2019-02-01 15:10:00,953.80,953.80,953.80,953.80,0,0
2019-02-01 15:11:00,953.80,953.80,935.00,935.00,420,429920
2019-02-01 15:12:00,935.00,950.00,935.00,950.00,20,429920
2019-02-01 15:13:00,950.00,950.80,944.90,950.80,40,429920
2019-02-01 15:14:00,950.80,950.80,950.80,950.80,0,0
2019-02-01 15:15:00,950.80,950.80,950.70,950.70,20,429980
2019-02-01 15:16:00,950.70,950.70,935.20,935.20,60,429980
2019-02-01 15:17:00,935.20,950.00,935.20,950.00,20,429960
2019-02-01 15:18:00,950.00,950.00,944.75,948.35,100,429960
2019-02-01 15:19:00,948.35,955.55,948.15,955.55,180,429960
2019-02-01 15:20:00,953.75,953.75,953.75,953.75,0,429960
2019-02-01 15:21:00,953.75,953.75,943.65,943.65,20,429960
2019-02-01 15:22:00,943.65,950.00,943.65,950.00,20,429960
2019-02-01 15:23:00,950.00,950.00,950.00,950.00,0,0
2019-02-01 15:24:00,950.00,950.00,950.00,950.00,0,0
2019-02-01 15:25:00,950.00,950.00,944.25,947.65,120,429980
2019-02-01 15:26:00,947.65,947.65,947.65,947.65,0,0
2019-02-01 15:27:00,947.65,947.65,947.65,947.65,0,0
2019-02-01 15:28:00,947.65,953.90,946.80,953.90,100,429980
2019-02-01 15:29:01,953.90,953.90,953.90,953.90,0,0
2019-03-01 09:16:00,917.15,917.15,912.10,912.10,20,429920
2019-03-01 09:17:00,912.10,912.10,912.10,912.10,0,0
2019-03-01 09:18:00,912.10,912.10,912.10,912.10,0,0
2019-03-01 09:19:00,912.10,912.10,912.10,912.10,0,0
2019-03-01 09:20:00,912.10,912.10,912.10,912.10,0,0
2019-03-01 09:21:00,912.10,912.10,900.00,900.00,60,429900
2019-03-01 09:22:00,900.00,900.00,900.00,900.00,0,0
2019-03-01 09:23:00,900.00,900.00,900.00,900.00,0,0
2019-03-01 09:24:00,900.00,900.00,885.00,885.00,100,0
2019-03-01 09:25:00,885.00,885.00,885.00,885.00,160,429920
2019-03-01 09:26:00,885.00,885.00,885.00,885.00,0,0
2019-03-01 09:27:00,885.00,885.00,885.00,885.00,0,0
2019-03-01 09:28:00,885.00,885.00,885.00,885.00,0,0
2019-03-01 09:29:00,885.00,906.00,885.00,906.00,20,430180
2019-03-01 09:30:00,906.00,906.00,890.00,890.00,200,430180
2019-03-01 09:31:00,890.00,902.55,890.00,902.55,40,0
2019-03-01 09:32:00,902.55,902.55,900.00,900.00,20,430180
2019-03-01 09:33:00,900.00,900.00,900.00,900.00,0,0
2019-03-01 09:34:00,900.00,900.00,900.00,900.00,0,0
2019-03-01 09:35:00,900.00,919.90,900.00,919.90,20,430400
2019-03-01 09:36:00,919.90,919.90,919.90,919.90,0,0
2019-03-01 09:37:00,919.90,939.75,919.90,939.75,60,430400
2019-03-01 09:38:00,932.10,939.80,932.10,939.80,160,430400
2019-03-01 09:39:00,939.80,939.80,939.80,939.80,20,430400
2019-03-01 09:40:00,939.80,939.80,939.80,939.80,0,0
2019-03-01 09:41:00,939.80,939.80,939.80,939.80,0,0
2019-03-01 09:42:00,939.80,939.80,939.80,939.80,20,430540
2019-03-01 09:43:00,939.80,976.05,939.80,968.05,260,430540
2019-03-01 09:44:00,968.05,968.05,968.05,968.05,0,0
2019-03-01 09:45:00,968.05,968.05,968.05,968.05,0,0
2019-03-01 09:46:00,968.05,968.05,968.05,968.05,0,0
2019-03-01 09:47:00,943.45,944.05,943.45,943.55,120,430520
2019-03-01 09:48:00,943.55,943.55,943.55,943.55,0,0
2019-03-01 09:49:00,943.55,943.55,943.55,943.55,0,0
2019-03-01 09:50:00,943.55,943.55,943.55,943.55,0,0
2019-03-01 09:51:00,943.55,943.55,943.55,943.55,0,0
2019-03-01 09:52:00,943.55,943.55,943.55,943.55,0,0
2019-03-01 09:53:00,943.55,943.55,943.55,943.55,0,0
2019-03-01 09:54:00,943.55,943.55,943.55,943.55,0,0
2019-03-01 09:55:00,943.55,943.55,943.55,943.55,0,0
2019-03-01 09:56:00,943.55,943.55,920.00,920.00,400,430380
2019-03-01 09:57:00,920.00,936.80,920.00,936.80,60,430740
2019-03-01 09:58:00,936.80,940.00,935.65,940.00,120,430740
2019-03-01 09:59:00,940.00,940.00,937.10,937.10,40,430740
2019-03-01 10:00:00,937.10,942.15,937.10,942.15,40,430740
2019-03-01 10:01:00,942.15,942.15,942.15,942.15,0,0
2019-03-01 10:02:00,942.15,942.15,942.15,942.15,0,0
2019-03-01 10:03:00,942.15,942.15,941.15,941.15,20,430740
2019-03-01 10:04:00,941.15,941.15,941.15,941.15,0,0
2019-03-01 10:05:00,941.15,941.15,941.15,941.15,0,0
2019-03-01 10:06:00,941.15,941.15,941.15,941.15,0,0
2019-03-01 10:07:00,941.15,941.15,941.15,941.15,0,0
2019-03-01 10:08:00,941.15,941.15,941.15,941.15,0,0
2019-03-01 10:09:00,941.15,941.15,941.15,941.15,0,0
2019-03-01 10:10:00,941.15,941.15,941.15,941.15,0,0
2019-03-01 10:11:00,941.15,941.15,941.15,941.15,0,0
2019-03-01 10:12:00,941.15,941.15,941.15,941.15,0,0
2019-03-01 10:13:00,941.15,941.15,941.15,941.15,0,0
2019-03-01 10:14:00,941.15,941.15,941.15,941.15,0,0
2019-03-01 10:15:00,941.15,941.15,941.15,941.15,0,0
2019-03-01 10:16:00,941.15,941.15,938.00,938.00,20,430740
2019-03-01 10:17:00,938.00,955.00,938.00,955.00,20,430740
2019-03-01 10:18:00,955.00,959.00,955.00,959.00,140,430740
2019-03-01 10:19:00,959.00,959.00,959.00,959.00,0,0
2019-03-01 10:20:00,959.00,960.00,959.00,959.15,60,430720
2019-03-01 10:21:00,959.15,959.15,956.10,956.10,20,430740
2019-03-01 10:22:00,956.10,956.10,956.10,956.10,0,0
2019-03-01 10:23:00,956.10,956.10,956.10,956.10,0,0
2019-03-01 10:24:00,956.10,956.10,950.00,950.00,100,430740
2019-03-01 10:25:00,950.00,950.00,950.00,950.00,0,0
2019-03-01 10:26:00,950.00,950.00,950.00,950.00,0,0
2019-03-01 10:27:00,950.00,950.00,950.00,950.00,0,0
2019-03-01 10:28:00,950.00,950.00,949.65,949.65,20,430740
2019-03-01 10:29:00,949.65,949.65,944.95,945.00,100,430740
2019-03-01 10:30:00,945.00,950.00,945.00,949.95,120,430740
2019-03-01 10:31:00,949.95,949.95,949.95,949.95,0,0
2019-03-01 10:32:00,949.95,949.95,930.00,930.00,120,430740
2019-03-01 10:33:00,930.00,930.00,930.00,930.00,0,0
2019-03-01 10:34:00,930.00,930.00,930.00,930.00,0,0
2019-03-01 10:35:00,930.00,930.00,930.00,930.00,0,0
2019-03-01 10:36:00,930.00,930.00,930.00,930.00,0,0
2019-03-01 10:37:00,930.00,930.00,930.00,930.00,0,0
2019-03-01 10:38:00,930.00,930.00,930.00,930.00,0,0
2019-03-01 10:39:00,930.00,930.00,912.30,912.30,20,430740
2019-03-01 10:40:00,912.30,912.30,912.30,912.30,0,0
2019-03-01 10:41:00,912.30,912.30,912.30,912.30,0,0
2019-03-01 10:42:00,912.30,912.30,912.30,912.30,0,0
2019-03-01 10:43:00,912.30,912.30,900.65,900.65,40,430720
2019-03-01 10:44:00,900.65,900.65,900.65,900.65,0,0
2019-03-01 10:45:00,900.65,900.65,890.00,890.00,100,430760
2019-03-01 10:46:00,890.00,894.00,890.00,894.00,100,430760
2019-03-01 10:47:00,894.00,894.00,894.00,894.00,0,0
2019-03-01 10:48:00,894.00,894.00,894.00,894.00,0,0
2019-03-01 10:49:00,894.00,894.00,894.00,894.00,0,0
2019-03-01 10:50:00,894.00,894.00,868.20,868.20,100,430740
2019-03-01 10:51:00,868.20,868.20,868.20,868.20,0,0
2019-03-01 10:52:00,868.20,880.00,868.20,880.00,80,430660
2019-03-01 10:53:00,880.00,880.00,880.00,880.00,0,0
2019-03-01 10:54:00,880.00,880.00,880.00,880.00,0,0
2019-03-01 10:55:00,880.00,880.00,880.00,880.00,0,0
2019-03-01 10:56:00,880.00,880.00,880.00,880.00,0,0
2019-03-01 10:57:00,880.00,880.00,880.00,880.00,240,430740
2019-03-01 10:58:00,880.00,896.30,880.00,896.30,120,430740
2019-03-01 10:59:00,890.00,890.00,890.00,890.00,0,430740
2019-03-01 11:00:00,890.00,898.90,890.00,898.90,80,431100
2019-03-01 11:01:00,898.90,898.90,898.90,898.90,0,0
2019-03-01 11:02:00,898.90,912.80,898.90,912.80,180,431100
2019-03-01 11:03:00,912.80,912.80,912.80,912.80,0,0
2019-03-01 11:04:00,912.80,912.80,906.35,906.35,20,431060
2019-03-01 11:05:00,906.35,910.60,906.35,908.00,340,431060
2019-03-01 11:06:00,908.00,909.40,906.70,907.20,200,431100
2019-03-01 11:07:00,907.20,910.90,907.20,909.65,160,431100
2019-03-01 11:08:00,909.65,909.65,909.65,909.65,0,0
2019-03-01 11:09:00,909.65,909.65,905.90,905.90,20,431060
2019-03-01 11:10:00,905.90,905.90,898.55,898.55,40,431060
2019-03-01 11:11:00,898.55,898.55,898.55,898.55,0,0
2019-03-01 11:12:00,898.55,907.70,898.55,907.70,60,431040
2019-03-01 11:13:00,907.55,907.55,905.60,905.60,40,431040
2019-03-01 11:14:00,905.60,905.60,905.60,905.60,0,0
2019-03-01 11:15:00,905.60,905.60,890.00,890.00,60,431020
2019-03-01 11:16:00,890.00,890.00,885.00,890.00,200,431020
2019-03-01 11:17:00,890.00,890.00,890.00,890.00,0,0
2019-03-01 11:18:00,890.00,892.00,890.00,892.00,80,431020
2019-03-01 11:19:00,892.00,892.00,892.00,892.00,0,0
2019-03-01 11:20:00,892.00,892.00,892.00,892.00,0,0
2019-03-01 11:21:00,892.00,892.00,892.00,892.00,0,0
2019-03-01 11:22:00,892.00,892.00,892.00,892.00,0,0
2019-03-01 11:23:00,892.00,892.00,892.00,892.00,0,0
2019-03-01 11:24:00,892.00,892.00,892.00,892.00,0,0
2019-03-01 11:25:00,892.00,892.00,892.00,892.00,0,0
2019-03-01 11:26:00,892.00,892.00,892.00,892.00,0,0
2019-03-01 11:27:00,892.00,892.00,892.00,892.00,0,0
2019-03-01 11:28:00,892.00,899.60,892.00,899.60,20,431020
2019-03-01 11:29:00,899.60,899.60,899.60,899.60,0,0
2019-03-01 11:30:00,899.60,899.60,890.00,890.00,20,431020
2019-03-01 11:31:00,890.00,890.00,890.00,890.00,0,0
2019-03-01 11:32:00,890.00,890.00,870.00,870.00,320,431000
2019-03-01 11:33:00,870.00,875.10,870.00,875.10,20,0
2019-03-01 11:34:00,875.10,875.10,875.10,875.10,0,0
2019-03-01 11:35:00,875.10,875.10,875.10,875.10,0,0
2019-03-01 11:36:00,875.10,875.10,855.00,855.00,20,430780
2019-03-01 11:37:00,855.00,855.00,855.00,855.00,0,0
2019-03-01 11:38:00,855.00,865.20,855.00,865.20,40,0
2019-03-01 11:39:00,865.20,865.20,865.20,865.20,0,0
2019-03-01 11:40:00,865.20,865.20,865.20,865.20,0,0
2019-03-01 11:41:00,865.20,865.20,865.20,865.20,0,0
2019-03-01 11:42:00,865.20,865.90,864.85,864.85,60,430640
2019-03-01 11:43:00,864.85,864.85,850.00,850.00,240,430620
2019-03-01 11:44:00,850.00,850.00,850.00,850.00,100,430620
2019-03-01 11:45:00,850.00,850.00,850.00,850.00,0,0
2019-03-01 11:46:00,850.00,850.00,850.00,850.00,0,0
2019-03-01 11:47:00,850.00,850.00,850.00,850.00,0,0
2019-03-01 11:48:00,850.00,850.00,850.00,850.00,0,0
2019-03-01 11:49:00,850.00,850.00,850.00,850.00,0,0
2019-03-01 11:50:00,850.00,860.00,850.00,860.00,20,430420
2019-03-01 11:51:00,860.00,860.00,860.00,860.00,0,0
2019-03-01 11:52:00,860.00,860.00,860.00,860.00,0,0
2019-03-01 11:53:00,860.00,860.00,850.05,850.05,40,430420
2019-03-01 11:54:00,850.05,850.05,850.00,850.00,240,430420
2019-03-01 11:55:00,850.00,861.00,850.00,861.00,160,430380
2019-03-01 11:56:00,861.00,861.00,861.00,861.00,0,0
2019-03-01 11:57:00,861.00,861.00,861.00,861.00,0,0
2019-03-01 11:58:00,861.00,861.00,853.70,853.70,100,430360
2019-03-01 11:59:00,853.70,853.70,853.70,853.70,0,0
2019-03-01 12:00:00,853.70,853.70,853.70,853.70,0,0
2019-03-01 12:01:00,853.70,853.70,853.70,853.70,0,0
2019-03-01 12:02:00,853.70,853.70,853.70,853.70,0,0
2019-03-01 12:03:00,853.70,853.70,853.70,853.70,0,0
2019-03-01 12:04:00,853.70,853.70,853.70,853.70,0,0
2019-03-01 12:05:00,853.70,853.70,853.70,853.70,0,0
2019-03-01 12:06:00,853.70,860.00,853.70,860.00,380,430280
2019-03-01 12:07:00,860.00,860.00,860.00,860.00,0,0
2019-03-01 12:08:00,860.00,860.00,860.00,860.00,0,0
2019-03-01 12:09:00,860.00,860.00,860.00,860.00,0,0
2019-03-01 12:10:00,860.00,860.00,860.00,860.00,0,0
2019-03-01 12:11:00,860.00,860.00,860.00,860.00,0,0
2019-03-01 12:12:00,860.00,860.00,860.00,860.00,0,0
2019-03-01 12:13:00,860.00,860.00,860.00,860.00,0,0
2019-03-01 12:14:00,860.00,870.85,860.00,870.85,40,430880
2019-03-01 12:15:00,870.85,870.85,870.85,870.85,0,0
2019-03-01 12:16:00,870.85,870.85,870.85,870.85,0,0
2019-03-01 12:17:00,870.85,870.85,870.85,870.85,0,0
2019-03-01 12:18:00,870.85,870.85,869.05,869.05,20,430920
2019-03-01 12:19:00,869.05,869.05,869.05,869.05,0,0
2019-03-01 12:20:00,869.05,869.05,869.05,869.05,0,0
2019-03-01 12:21:00,869.05,869.05,869.05,869.05,0,0
2019-03-01 12:22:00,869.05,869.05,869.05,869.05,0,0
2019-03-01 12:23:00,869.05,869.05,845.05,845.05,20,430920
2019-03-01 12:24:00,845.05,850.00,845.05,850.00,100,430940
2019-03-01 12:25:00,850.00,850.00,830.00,837.35,280,430940
2019-03-01 12:26:00,837.35,845.40,837.35,845.40,20,430940
2019-03-01 12:27:00,845.40,845.40,845.40,845.40,0,0
2019-03-01 12:28:00,845.40,845.40,845.40,845.40,0,0
2019-03-01 12:29:00,845.40,845.40,845.40,845.40,0,0
2019-03-01 12:30:00,845.40,845.40,845.40,845.40,0,0
2019-03-01 12:31:00,845.40,845.40,845.40,845.40,0,0
2019-03-01 12:32:00,845.40,845.40,845.40,845.40,0,0
2019-03-01 12:33:00,845.40,868.95,845.40,868.95,140,430800
2019-03-01 12:34:00,868.95,869.00,862.05,864.00,240,430880
2019-03-01 12:35:00,864.00,886.20,864.00,884.50,140,430880
2019-03-01 12:36:00,884.50,889.70,884.50,889.70,40,430940
2019-03-01 12:37:00,889.70,889.70,889.70,889.70,0,0
2019-03-01 12:38:00,889.70,889.70,889.70,889.70,0,0
2019-03-01 12:39:00,889.70,889.70,889.70,889.70,0,0
2019-03-01 12:40:00,889.70,889.70,874.05,874.05,300,0
2019-03-01 12:41:00,874.05,874.05,874.00,874.00,100,430940
2019-03-01 12:42:00,874.00,874.00,874.00,874.00,0,0
2019-03-01 12:43:00,874.00,874.00,874.00,874.00,0,0
2019-03-01 12:44:00,874.00,874.00,874.00,874.00,0,0
2019-03-01 12:45:00,874.00,874.00,874.00,874.00,0,0
2019-03-01 12:46:00,874.00,880.00,874.00,880.00,60,430840
2019-03-01 12:47:00,880.00,880.00,880.00,880.00,0,0
2019-03-01 12:48:00,880.00,880.00,880.00,880.00,0,0
2019-03-01 12:49:00,880.00,880.00,855.10,855.10,20,430900
2019-03-01 12:50:00,855.10,855.10,855.10,855.10,0,0
2019-03-01 12:51:00,855.10,855.10,855.10,855.10,0,0
2019-03-01 12:52:00,855.10,855.10,855.10,855.10,0,0
2019-03-01 12:53:00,855.10,855.10,855.10,855.10,0,0
2019-03-01 12:54:00,855.10,855.10,855.10,855.10,0,0
2019-03-01 12:55:00,855.10,855.10,855.10,855.10,0,0
2019-03-01 12:56:00,855.10,855.10,855.10,855.10,0,0
2019-03-01 12:57:00,855.10,855.10,855.10,855.10,0,0
2019-03-01 12:58:00,855.10,855.10,855.10,855.10,0,0
2019-03-01 12:59:00,855.10,855.10,855.10,855.10,0,0
2019-03-01 13:00:00,855.10,855.10,855.10,855.10,0,0
2019-03-01 13:01:00,855.10,880.00,855.10,880.00,60,430900
2019-03-01 13:02:00,880.00,880.00,880.00,880.00,0,0
2019-03-01 13:03:00,880.00,880.00,880.00,880.00,0,0
2019-03-01 13:04:00,880.00,880.00,880.00,880.00,0,0
2019-03-01 13:05:00,880.00,880.00,872.00,872.00,40,430920
2019-03-01 13:06:00,872.00,872.00,872.00,872.00,0,0
2019-03-01 13:07:00,872.00,872.00,872.00,872.00,0,0
2019-03-01 13:08:00,872.00,890.95,872.00,890.95,40,430960
2019-03-01 13:09:00,897.85,909.45,897.85,909.45,180,431040
2019-03-01 13:10:00,909.45,913.60,899.85,913.60,100,431040
2019-03-01 13:11:00,913.60,913.60,913.60,913.60,0,0
2019-03-01 13:12:00,913.60,913.60,913.60,913.60,0,0
2019-03-01 13:13:00,913.60,913.60,895.00,895.00,20,431060
2019-03-01 13:14:00,895.00,895.00,895.00,895.00,0,0
2019-03-01 13:15:00,895.00,895.00,895.00,895.00,0,0
2019-03-01 13:16:00,895.00,895.00,895.00,895.00,0,0
2019-03-01 13:17:00,895.00,895.00,895.00,895.00,0,0
2019-03-01 13:18:00,895.00,895.00,895.00,895.00,0,0
2019-03-01 13:19:00,895.00,895.00,895.00,895.00,0,0
2019-03-01 13:20:00,895.00,906.20,895.00,906.20,60,431060
2019-03-01 13:21:00,906.20,912.00,906.20,912.00,40,431060
2019-03-01 13:22:00,912.00,912.00,895.10,901.25,60,0
2019-03-01 13:23:00,901.25,901.25,901.25,901.25,0,0
2019-03-01 13:24:00,901.25,901.25,901.25,901.25,0,0
2019-03-01 13:25:00,901.25,901.25,892.00,892.00,200,431060
2019-03-01 13:26:00,892.00,892.00,892.00,892.00,0,0
2019-03-01 13:27:00,892.00,892.00,892.00,892.00,0,0
2019-03-01 13:28:00,892.00,892.00,892.00,892.00,0,0
2019-03-01 13:29:00,892.00,892.00,892.00,892.00,0,0
2019-03-01 13:30:00,892.00,892.00,892.00,892.00,0,0
2019-03-01 13:31:00,892.00,892.00,892.00,892.00,0,0
2019-03-01 13:32:00,892.00,892.00,892.00,892.00,0,0
2019-03-01 13:33:00,892.00,892.00,892.00,892.00,0,0
2019-03-01 13:34:00,892.00,892.00,892.00,892.00,0,0
2019-03-01 13:35:00,892.00,892.00,861.05,861.05,20,0
2019-03-01 13:36:00,861.05,861.05,861.05,861.05,0,0
2019-03-01 13:37:00,861.05,861.05,844.45,850.00,80,431060
2019-03-01 13:38:00,850.00,850.00,812.05,828.25,220,431060
2019-03-01 13:39:00,828.25,832.00,828.25,832.00,20,430940
2019-03-01 13:40:00,832.00,840.70,832.00,840.70,60,430940
2019-03-01 13:41:00,840.70,840.70,832.40,832.40,40,0
2019-03-01 13:42:00,832.40,832.40,804.20,814.70,300,431020
2019-03-01 13:43:00,814.70,814.70,814.70,814.70,0,0
2019-03-01 13:44:00,814.70,821.20,814.70,821.20,200,431020
2019-03-01 13:45:00,821.20,821.20,821.20,821.20,0,0
2019-03-01 13:46:00,821.20,821.20,821.20,821.20,0,0
2019-03-01 13:47:00,821.20,830.55,821.20,830.55,280,0
2019-03-01 13:48:00,830.55,830.55,830.55,830.55,0,0
2019-03-01 13:49:00,830.55,830.55,830.55,830.55,0,0
2019-03-01 13:50:00,830.55,830.55,830.55,830.55,0,0
2019-03-01 13:51:00,830.55,830.55,830.55,830.55,0,0
2019-03-01 13:52:00,830.55,830.55,830.55,830.55,0,0
2019-03-01 13:53:00,830.55,830.55,830.55,830.55,0,0
2019-03-01 13:54:00,830.55,838.80,829.20,838.80,80,430760
2019-03-01 13:55:00,838.80,838.80,838.80,838.80,0,0
2019-03-01 13:56:00,838.80,838.80,838.80,838.80,0,0
2019-03-01 13:57:00,838.80,838.80,838.80,838.80,0,0
2019-03-01 13:58:00,838.80,850.00,838.80,850.00,40,430680
2019-03-01 13:59:00,850.00,850.00,850.00,850.00,0,0
2019-03-01 14:00:00,850.00,876.35,850.00,876.35,100,430680
2019-03-01 14:01:00,876.35,876.35,866.75,866.75,0,430680
2019-03-01 14:02:00,866.75,866.75,866.75,866.75,0,0
2019-03-01 14:03:00,866.75,866.75,866.75,866.75,0,0
2019-03-01 14:04:00,866.75,866.75,860.25,860.25,20,0
2019-03-01 14:05:00,860.25,860.25,860.25,860.25,0,0
2019-03-01 14:06:00,860.25,860.25,860.25,860.25,0,0
2019-03-01 14:07:00,860.25,860.25,860.25,860.25,0,0
2019-03-01 14:08:00,860.25,860.25,847.70,847.70,20,430740
2019-03-01 14:09:00,847.70,847.70,847.70,847.70,0,0
2019-03-01 14:10:00,847.70,847.70,833.15,833.15,40,430740
2019-03-01 14:11:00,833.15,833.15,833.15,833.15,0,0
2019-03-01 14:12:00,833.15,833.15,820.40,820.40,20,430740
2019-03-01 14:13:00,820.40,834.35,820.40,831.80,480,430700
2019-03-01 14:14:00,831.80,833.65,831.80,833.65,20,430700
2019-03-01 14:15:00,833.65,833.65,833.65,833.65,0,0
2019-03-01 14:16:00,833.65,833.65,833.65,833.65,0,0
2019-03-01 14:17:00,833.65,833.65,833.65,833.65,0,0
2019-03-01 14:18:00,833.65,843.40,833.65,843.40,40,430900
2019-03-01 14:19:00,843.40,843.40,843.40,843.40,0,0
2019-03-01 14:20:00,843.40,843.40,843.40,843.40,0,0
2019-03-01 14:21:00,843.40,850.00,843.40,850.00,20,430860
2019-03-01 14:22:00,850.00,850.00,850.00,850.00,0,0
2019-03-01 14:23:00,850.00,850.00,850.00,850.00,0,0
2019-03-01 14:24:00,850.00,850.00,825.70,825.70,80,430840
2019-03-01 14:25:00,824.45,824.45,824.45,824.45,0,0
2019-03-01 14:26:00,824.45,824.45,824.45,824.45,0,0
2019-03-01 14:27:00,824.45,839.50,824.45,839.50,20,0
2019-03-01 14:28:00,839.50,839.50,824.00,824.00,260,430880
2019-03-01 14:29:00,824.00,839.00,824.00,839.00,80,430880
2019-03-01 14:30:00,839.00,847.70,839.00,847.70,440,430880
2019-03-01 14:31:00,847.70,847.70,832.40,832.40,20,430580
2019-03-01 14:32:00,832.40,832.40,832.40,832.40,0,0
2019-03-01 14:33:00,832.40,832.40,832.40,832.40,0,0
2019-03-01 14:34:00,832.40,841.50,832.40,841.50,120,430660
2019-03-01 14:35:00,841.50,866.50,841.50,866.50,120,0
2019-03-01 14:36:00,866.50,866.50,851.80,851.80,40,430660
2019-03-01 14:37:00,851.80,851.80,844.50,844.50,20,430560
2019-03-01 14:38:00,844.50,844.50,844.50,844.50,0,0
2019-03-01 14:39:00,844.50,844.50,844.50,844.50,0,0
2019-03-01 14:40:00,844.50,844.50,838.20,838.20,80,430480
2019-03-01 14:41:00,838.20,838.20,838.20,838.20,0,0
2019-03-01 14:42:00,838.20,838.20,835.00,835.00,100,0
2019-03-01 14:43:00,835.00,835.00,835.00,835.00,0,0
2019-03-01 14:44:00,835.00,835.00,835.00,835.00,0,0
2019-03-01 14:45:00,835.00,835.00,835.00,835.00,0,0
2019-03-01 14:46:00,835.00,835.00,835.00,835.00,0,0
2019-03-01 14:47:00,835.00,840.45,834.70,840.45,100,430600
2019-03-01 14:48:00,840.45,840.90,838.95,840.90,160,430640
2019-03-01 14:49:00,840.90,848.20,840.75,840.75,160,430640
2019-03-01 14:50:00,848.90,848.90,847.15,847.15,20,430640
2019-03-01 14:51:00,847.15,847.15,847.15,847.15,0,0
2019-03-01 14:52:00,847.15,847.15,847.15,847.15,0,0
2019-03-01 14:53:00,847.15,847.15,847.15,847.15,0,0
2019-03-01 14:54:00,847.15,847.15,837.00,837.00,40,430680
2019-03-01 14:55:00,837.00,838.10,837.00,838.10,20,0
2019-03-01 14:56:00,838.10,838.10,838.10,838.10,0,0
2019-03-01 14:57:00,838.10,838.10,838.10,838.10,0,0
2019-03-01 14:58:00,838.10,861.90,838.10,861.90,60,430720
2019-03-01 14:59:00,861.90,861.90,861.90,861.90,0,0
2019-03-01 15:00:00,861.90,861.90,861.90,861.90,0,0
2019-03-01 15:01:00,861.90,861.90,861.90,861.90,0,0
2019-03-01 15:02:00,861.90,861.90,861.90,861.90,0,0
2019-03-01 15:03:00,861.90,861.90,845.30,845.30,180,430720
2019-03-01 15:04:00,845.30,845.30,842.00,842.00,20,430720
2019-03-01 15:05:00,842.00,844.85,833.85,833.85,160,430720
2019-03-01 15:06:00,833.85,833.85,825.05,829.25,300,430620
2019-03-01 15:07:00,829.25,829.25,820.00,820.90,320,430620
2019-03-01 15:08:00,820.90,820.90,820.90,820.90,0,0
2019-03-01 15:09:00,820.90,820.90,820.90,820.90,0,0
2019-03-01 15:10:00,820.90,820.90,820.90,820.90,0,0
2019-03-01 15:11:00,820.90,820.90,820.90,820.90,0,0
2019-03-01 15:12:00,820.90,829.30,820.90,829.30,100,430720
2019-03-01 15:13:00,829.30,829.30,825.00,829.30,720,430720
2019-03-01 15:14:00,829.30,830.00,826.00,826.00,40,430720
2019-03-01 15:15:00,826.00,826.00,823.05,823.05,80,430720
2019-03-01 15:16:00,823.05,823.05,823.05,823.05,60,431320
2019-03-01 15:17:00,823.05,824.55,820.00,820.00,300,431320
2019-03-01 15:18:00,820.00,820.00,820.00,820.00,0,0
2019-03-01 15:19:00,820.00,820.00,820.00,820.00,0,0
2019-03-01 15:20:00,820.00,820.00,820.00,820.00,0,0
2019-03-01 15:21:00,820.00,820.00,820.00,820.00,0,0
2019-03-01 15:22:00,820.00,826.50,820.00,824.65,360,431060
2019-03-01 15:23:00,824.65,824.65,818.00,818.00,360,431060
2019-03-01 15:24:00,818.00,818.00,815.00,815.00,20,431060
2019-03-01 15:25:00,815.00,820.00,815.00,820.00,120,431080
2019-03-01 15:26:00,819.15,825.00,819.15,825.00,160,431080
2019-03-01 15:27:00,825.00,826.85,825.00,826.85,160,431220
2019-03-01 15:28:00,826.85,826.85,818.00,822.80,2500,431220
2019-03-01 15:29:01,822.80,822.80,811.95,820.00,2440,431220
2019-04-01 09:16:00,864.00,865.40,848.45,851.05,180,431160
2019-04-01 09:17:00,851.10,852.45,833.30,833.30,220,431180
2019-04-01 09:18:00,833.30,851.00,833.30,851.00,80,431180
2019-04-01 09:19:00,851.00,852.55,851.00,852.55,60,431180
2019-04-01 09:20:00,852.55,885.00,852.55,884.50,200,431220
2019-04-01 09:21:00,884.50,884.50,884.50,884.50,0,0
2019-04-01 09:22:00,884.50,884.50,884.50,884.50,0,0
2019-04-01 09:23:00,884.50,900.00,884.50,900.00,40,431280
2019-04-01 09:24:00,900.00,900.00,896.20,896.20,40,431280
2019-04-01 09:25:00,896.20,896.20,879.00,879.00,120,431280
2019-04-01 09:26:00,879.00,879.00,879.00,879.00,0,0
2019-04-01 09:27:00,879.00,879.00,879.00,879.00,0,0
2019-04-01 09:28:00,879.00,879.00,875.00,875.00,80,431220
2019-04-01 09:29:00,875.00,875.00,875.00,875.00,0,0
2019-04-01 09:30:00,875.00,875.00,875.00,875.00,140,431180
2019-04-01 09:31:00,875.00,875.00,870.00,870.00,100,431180
2019-04-01 09:32:00,870.00,870.00,870.00,870.00,0,0
2019-04-01 09:33:00,870.00,870.00,870.00,870.00,0,0
2019-04-01 09:34:00,870.00,870.00,870.00,870.00,0,431160
2019-04-01 09:35:00,875.00,875.00,875.00,875.00,0,0
2019-04-01 09:36:00,875.00,875.00,863.00,863.00,20,431180
2019-04-01 09:37:00,860.20,860.20,850.15,850.15,120,431180
2019-04-01 09:38:00,850.15,850.15,840.15,840.15,20,431180
2019-04-01 09:39:00,840.15,840.15,840.15,840.15,0,0
2019-04-01 09:40:00,840.15,840.15,840.15,840.15,0,0
2019-04-01 09:41:00,840.15,840.15,834.30,834.30,40,0
2019-04-01 09:42:00,834.30,834.30,829.95,830.00,80,431180
2019-04-01 09:43:00,830.00,830.00,829.95,830.00,80,431180
2019-04-01 09:44:00,830.00,830.00,830.00,830.00,0,0
2019-04-01 09:45:00,830.00,830.00,800.95,801.00,280,431180
2019-04-01 09:46:00,801.00,801.00,801.00,801.00,0,0
2019-04-01 09:47:00,801.00,820.00,800.00,820.00,280,431220
2019-04-01 09:48:00,820.00,820.00,820.00,820.00,0,0
2019-04-01 09:49:00,820.00,820.00,820.00,820.00,0,0
2019-04-01 09:50:00,820.00,820.00,820.00,820.00,0,0
2019-04-01 09:51:00,820.00,820.00,820.00,820.00,0,0
2019-04-01 09:52:00,820.00,820.00,820.00,820.00,0,0
2019-04-01 09:53:00,820.00,842.30,820.00,842.30,180,431100
2019-04-01 09:54:00,842.30,845.95,842.30,845.95,40,431100
2019-04-01 09:55:00,845.95,845.95,845.95,845.95,0,0
2019-04-01 09:56:00,847.45,847.45,847.45,847.45,0,431100
2019-04-01 09:57:00,847.45,847.45,829.85,833.55,100,431260
2019-04-01 09:58:00,833.55,833.55,833.55,833.55,0,0
2019-04-01 09:59:00,833.55,833.55,833.55,833.55,0,0
2019-04-01 10:00:00,833.55,834.60,833.55,834.60,20,431280
2019-04-01 10:01:00,834.60,834.60,834.60,834.60,0,0
2019-04-01 10:02:00,834.60,834.60,825.00,825.00,80,431280
2019-04-01 10:03:00,825.00,825.00,825.00,825.00,0,0
2019-04-01 10:04:00,825.00,825.00,825.00,825.00,0,0
2019-04-01 10:05:00,825.00,825.00,823.55,823.55,40,431220
2019-04-01 10:06:00,823.55,823.55,823.55,823.55,0,0
2019-04-01 10:07:00,823.55,830.10,823.55,830.10,40,431220
2019-04-01 10:08:00,830.10,830.10,825.00,825.00,20,431300
2019-04-01 10:09:00,825.00,825.00,825.00,825.00,0,0
2019-04-01 10:10:00,825.00,825.00,817.65,817.65,40,431300
2019-04-01 10:11:00,817.65,818.00,817.45,817.45,60,431300
2019-04-01 10:12:00,817.45,817.45,817.45,817.45,0,0
2019-04-01 10:13:00,817.45,829.85,817.45,829.85,20,0
2019-04-01 10:14:00,829.85,832.50,829.85,832.50,60,431400
2019-04-01 10:15:00,832.50,832.50,832.50,832.50,0,0
2019-04-01 10:16:00,832.50,832.50,832.50,832.50,0,0
2019-04-01 10:17:00,832.50,832.50,832.50,832.50,0,0
2019-04-01 10:18:00,832.50,832.50,832.50,832.50,0,0
2019-04-01 10:19:00,832.50,832.50,816.20,816.20,160,431380
2019-04-01 10:20:00,829.20,829.20,829.20,829.20,0,431380
2019-04-01 10:21:00,829.20,829.20,825.10,825.10,160,431260
2019-04-01 10:22:00,825.10,830.60,818.55,818.55,160,431260
2019-04-01 10:23:00,818.55,818.55,818.35,818.35,40,431260
2019-04-01 10:24:00,818.35,826.40,818.35,826.40,160,431340
2019-04-01 10:25:00,826.40,826.40,824.35,824.35,100,431340
2019-04-01 10:26:00,824.35,824.35,819.00,819.00,60,431340
2019-04-01 10:27:00,819.00,819.00,819.00,819.00,0,0
2019-04-01 10:28:00,819.00,819.00,819.00,819.00,0,0
2019-04-01 10:29:00,819.00,819.00,812.00,812.00,80,431400
2019-04-01 10:30:00,812.00,812.00,812.00,812.00,0,0
2019-04-01 10:31:00,812.00,812.00,812.00,812.00,0,0
2019-04-01 10:32:00,812.00,812.00,812.00,812.00,0,0
2019-04-01 10:33:00,812.00,812.00,812.00,812.00,0,0
2019-04-01 10:34:00,812.00,812.00,812.00,812.00,0,0
2019-04-01 10:35:00,812.00,812.00,812.00,812.00,0,0
2019-04-01 10:36:00,812.00,834.05,812.00,834.05,60,431320
2019-04-01 10:37:00,834.05,843.65,834.05,842.70,120,431320
2019-04-01 10:38:00,842.70,842.70,842.70,842.70,0,0
2019-04-01 10:39:00,842.70,842.70,842.70,842.70,0,0
2019-04-01 10:40:00,842.70,842.70,842.70,842.70,0,0
2019-04-01 10:41:00,842.70,842.70,842.70,842.70,0,0
2019-04-01 10:42:00,842.70,842.70,830.55,830.55,120,431460
2019-04-01 10:43:00,830.55,830.55,830.55,830.55,0,0
2019-04-01 10:44:00,830.55,830.55,830.55,830.55,0,0
2019-04-01 10:45:00,830.55,830.55,830.55,830.55,0,0
2019-04-01 10:46:00,830.55,830.55,830.55,830.55,0,0
2019-04-01 10:47:00,830.55,830.55,817.75,817.75,40,431340
2019-04-01 10:48:00,819.20,819.20,814.90,815.60,220,431340
2019-04-01 10:49:00,815.60,821.65,815.60,819.85,220,431340
2019-04-01 10:50:00,820.90,823.40,819.70,823.40,60,431340
2019-04-01 10:51:00,823.40,833.70,823.40,830.75,140,431680
2019-04-01 10:52:00,830.75,834.80,830.75,834.80,420,431680
2019-04-01 10:53:00,833.15,840.05,832.10,840.05,220,432400
2019-04-01 10:54:00,840.05,840.90,838.30,839.45,200,432400
2019-04-01 10:55:00,839.45,846.25,838.10,846.00,320,432400
2019-04-01 10:56:00,846.00,856.35,831.45,856.35,1960,433240
2019-04-01 10:57:00,856.35,856.35,856.35,856.35,0,0
2019-04-01 10:58:00,856.35,856.35,856.35,856.35,0,0
2019-04-01 10:59:00,856.35,857.05,856.35,857.05,20,434400
2019-04-01 11:00:00,857.05,873.45,857.05,873.45,240,434400
2019-04-01 11:01:00,873.45,886.70,873.45,886.70,20,0
2019-04-01 11:02:00,886.70,892.45,886.70,892.45,80,434400
2019-04-01 11:03:00,892.45,895.00,891.15,895.00,100,434420
2019-04-01 11:04:00,895.00,895.00,895.00,895.00,0,0
2019-04-01 11:05:00,895.00,919.80,895.00,919.10,260,434420
2019-04-01 11:06:00,919.10,919.10,919.10,919.10,0,0
2019-04-01 11:07:00,919.10,919.10,919.10,919.10,0,0
2019-04-01 11:08:00,919.10,919.10,919.10,919.10,0,0
2019-04-01 11:09:00,919.10,960.45,919.10,938.10,480,434760
2019-04-01 11:10:00,938.10,941.00,938.10,940.45,140,434760
2019-04-01 11:11:00,940.45,940.45,940.45,940.45,0,0
2019-04-01 11:12:00,940.45,940.45,940.45,940.45,0,0
2019-04-01 11:13:00,940.45,940.45,900.05,900.05,80,434700
2019-04-01 11:14:00,900.05,900.05,900.05,900.05,0,0
2019-04-01 11:15:00,900.05,900.05,900.05,900.05,0,0
2019-04-01 11:16:00,900.05,920.75,900.05,920.75,20,0
2019-04-01 11:17:00,920.75,920.75,910.00,910.00,80,434640
2019-04-01 11:18:00,910.00,919.95,910.00,919.95,40,434640
2019-04-01 11:19:00,919.95,919.95,919.95,919.95,0,0
2019-04-01 11:20:00,919.95,927.35,919.95,927.35,60,434640
2019-04-01 11:21:00,927.35,927.35,914.80,914.80,40,434580
2019-04-01 11:22:00,914.80,914.80,914.80,914.80,0,0
2019-04-01 11:23:00,914.80,914.80,914.80,914.80,0,0
2019-04-01 11:24:00,914.80,914.80,914.80,914.80,0,0
2019-04-01 11:25:00,914.80,915.05,914.80,915.00,40,434560
2019-04-01 11:26:00,915.00,915.00,915.00,915.00,0,0
2019-04-01 11:27:00,915.00,915.00,915.00,915.00,0,0
2019-04-01 11:28:00,915.00,915.00,915.00,915.00,0,0
2019-04-01 11:29:00,915.00,915.00,915.00,915.00,20,0
2019-04-01 11:30:00,915.00,917.10,915.00,917.10,60,434520
2019-04-01 11:31:00,917.10,917.10,917.10,917.10,0,0
2019-04-01 11:32:00,917.10,925.05,917.10,925.05,20,434520
2019-04-01 11:33:00,925.05,930.10,925.05,930.10,20,434520
2019-04-01 11:34:00,930.10,945.15,930.10,945.15,20,434520
2019-04-01 11:35:00,945.15,971.40,945.15,971.40,340,434520
2019-04-01 11:36:00,971.40,971.40,963.65,963.65,60,434560
2019-04-01 11:37:00,963.65,963.65,963.65,963.65,0,0
2019-04-01 11:38:00,963.65,963.65,963.65,963.65,0,0
2019-04-01 11:39:00,963.65,963.65,963.65,963.65,0,0
2019-04-01 11:40:00,963.65,965.00,963.65,965.00,40,434560
2019-04-01 11:41:00,965.00,965.00,965.00,965.00,0,0
2019-04-01 11:42:00,965.00,965.00,965.00,965.00,0,0
2019-04-01 11:43:00,965.00,965.00,965.00,965.00,0,0
2019-04-01 11:44:00,965.00,965.00,965.00,965.00,0,0
2019-04-01 11:45:00,965.00,967.35,961.75,961.75,80,434560
2019-04-01 11:46:00,961.75,961.75,961.75,961.75,0,0
2019-04-01 11:47:00,961.75,961.75,958.55,958.55,20,434560
2019-04-01 11:48:00,958.55,958.55,958.55,958.55,0,0
2019-04-01 11:49:00,958.55,958.55,958.55,958.55,0,0
2019-04-01 11:50:00,958.55,958.55,958.55,958.55,0,0
2019-04-01 11:51:00,958.55,958.55,935.65,940.00,80,434560
2019-04-01 11:52:00,940.00,940.00,940.00,940.00,0,0
2019-04-01 11:53:00,940.00,940.00,940.00,940.00,0,0
2019-04-01 11:54:00,940.00,940.00,940.00,940.00,0,0
2019-04-01 11:55:00,940.00,940.00,940.00,940.00,0,0
2019-04-01 11:56:00,940.00,940.00,940.00,940.00,0,0
2019-04-01 11:57:00,940.00,940.00,940.00,940.00,0,0
2019-04-01 11:58:00,940.00,940.00,940.00,940.00,0,0
2019-04-01 11:59:00,940.00,940.00,940.00,940.00,0,0
2019-04-01 12:00:00,940.00,940.00,940.00,940.00,20,434600
2019-04-01 12:01:00,940.00,940.00,933.40,933.40,60,434600
2019-04-01 12:02:00,933.40,933.40,933.00,933.00,40,434600
2019-04-01 12:03:00,933.00,933.00,933.00,933.00,0,0
2019-04-01 12:04:00,933.00,933.00,933.00,933.00,0,0
2019-04-01 12:05:00,933.00,933.00,933.00,933.00,0,0
2019-04-01 12:06:00,933.00,933.00,933.00,933.00,0,0
2019-04-01 12:07:00,933.00,959.65,933.00,959.65,80,434600
2019-04-01 12:08:00,959.65,959.65,959.65,959.65,0,0
2019-04-01 12:09:00,959.65,959.65,959.65,959.65,0,0
2019-04-01 12:10:00,959.65,959.65,959.65,959.65,0,0
2019-04-01 12:11:00,959.65,959.65,959.65,959.65,0,0
2019-04-01 12:12:00,959.65,959.65,959.65,959.65,0,0
2019-04-01 12:13:00,959.65,959.65,959.65,959.65,0,0
2019-04-01 12:14:00,959.65,959.65,959.65,959.65,0,0
2019-04-01 12:15:00,959.65,959.65,959.65,959.65,0,0
2019-04-01 12:16:00,959.65,959.65,959.65,959.65,0,0
2019-04-01 12:17:00,959.65,959.65,959.65,959.65,0,0
2019-04-01 12:18:00,959.65,959.65,959.65,959.65,0,0
2019-04-01 12:19:00,959.65,959.65,959.65,959.65,0,0
2019-04-01 12:20:00,959.65,959.65,959.65,959.65,0,0
2019-04-01 12:21:00,959.65,959.65,959.65,959.65,0,0
2019-04-01 12:22:00,959.65,959.65,959.65,959.65,0,0
2019-04-01 12:23:00,959.65,959.65,959.65,959.65,0,0
2019-04-01 12:24:00,959.65,959.65,959.65,959.65,0,0
2019-04-01 12:25:00,959.65,959.65,959.65,959.65,0,0
2019-04-01 12:26:00,959.65,966.90,959.65,966.90,40,434640
2019-04-01 12:27:00,966.90,966.90,966.90,966.90,0,0
2019-04-01 12:28:00,966.90,980.00,966.90,980.00,60,434640
2019-04-01 12:29:00,980.00,996.45,980.00,987.45,160,434640
2019-04-01 12:30:00,987.45,987.45,987.45,987.45,0,0
2019-04-01 12:31:00,987.45,1012.40,987.45,1012.40,160,434700
2019-04-01 12:32:00,1012.40,1012.40,995.00,995.00,20,434700
2019-04-01 12:33:00,995.00,995.00,995.00,995.00,0,0
2019-04-01 12:34:00,995.00,995.00,990.30,990.30,20,0
2019-04-01 12:35:00,990.30,990.30,990.30,990.30,0,0
2019-04-01 12:36:00,990.30,990.30,990.30,990.30,0,0
2019-04-01 12:37:00,990.30,990.30,990.30,990.30,0,0
2019-04-01 12:38:00,990.30,1009.00,990.30,1009.00,20,434740
2019-04-01 12:39:00,1009.00,1009.00,1009.00,1009.00,0,0
2019-04-01 12:40:00,1009.00,1009.00,1009.00,1009.00,0,0
2019-04-01 12:41:00,1009.00,1009.00,1009.00,1009.00,0,0
2019-04-01 12:42:00,1009.00,1009.00,1009.00,1009.00,0,0
2019-04-01 12:43:00,1009.00,1009.00,996.75,996.85,220,434760
2019-04-01 12:44:00,996.85,996.85,996.85,996.85,0,0
2019-04-01 12:45:00,996.85,996.85,996.85,996.85,0,0
2019-04-01 12:46:00,996.85,1029.30,996.85,1021.30,60,434760
2019-04-01 12:47:00,1021.30,1021.30,1021.30,1021.30,0,0
2019-04-01 12:48:00,1021.30,1030.00,1021.30,1030.00,20,434760
2019-04-01 12:49:00,1030.00,1030.00,1030.00,1030.00,0,0
2019-04-01 12:50:00,1030.00,1040.00,1030.00,1040.00,40,434760
2019-04-01 12:51:00,1040.00,1040.00,1036.40,1036.40,20,434780
2019-04-01 12:52:00,1036.40,1040.00,1036.40,1040.00,700,434780
2019-04-01 12:53:00,1040.00,1040.00,1040.00,1040.00,260,434780
2019-04-01 12:54:00,1040.00,1050.00,1040.00,1050.00,520,0
2019-04-01 12:55:00,1050.00,1050.00,1026.15,1026.15,20,0
2019-04-01 12:56:00,1026.15,1026.15,1026.15,1026.15,0,0
2019-04-01 12:57:00,1026.15,1026.15,1026.15,1026.15,0,0
2019-04-01 12:58:00,1026.15,1026.15,1026.15,1026.15,0,0
2019-04-01 12:59:00,1026.15,1026.15,1026.15,1026.15,0,0
2019-04-01 13:00:00,1026.15,1026.15,1026.15,1026.15,0,0
2019-04-01 13:01:00,1026.15,1026.15,1026.15,1026.15,0,0
2019-04-01 13:02:00,1026.15,1026.15,1026.15,1026.15,0,0
2019-04-01 13:03:00,1026.15,1026.15,1026.15,1026.15,0,0
2019-04-01 13:04:00,1026.15,1026.15,1026.15,1026.15,0,0
2019-04-01 13:05:00,1026.15,1026.15,1026.15,1026.15,0,0
2019-04-01 13:06:00,1026.15,1026.15,1026.15,1026.15,0,0
2019-04-01 13:07:00,1026.15,1026.15,1026.15,1026.15,0,0
2019-04-01 13:08:00,1026.15,1029.95,1026.15,1029.95,20,0
2019-04-01 13:09:00,1029.95,1029.95,1029.95,1029.95,0,0
2019-04-01 13:10:00,1029.95,1030.40,1029.40,1029.40,40,436300
2019-04-01 13:11:00,1029.40,1031.30,1029.40,1031.30,40,436300
2019-04-01 13:12:00,1031.30,1031.30,1031.30,1031.30,0,0
2019-04-01 13:13:00,1031.30,1031.30,1031.30,1031.30,0,0
2019-04-01 13:14:00,1031.30,1031.30,1031.30,1031.30,0,0
2019-04-01 13:15:00,1031.30,1031.30,1031.30,1031.30,0,0
2019-04-01 13:16:00,1031.30,1031.30,1031.30,1031.30,0,0
2019-04-01 13:17:00,1031.30,1031.30,1018.70,1019.00,60,436380
2019-04-01 13:18:00,1019.00,1019.00,1004.00,1014.80,40,436420
2019-04-01 13:19:00,1014.80,1019.70,1014.80,1019.70,20,0
2019-04-01 13:20:00,1019.70,1019.70,1003.00,1003.00,20,436420
2019-04-01 13:21:00,1003.00,1012.05,1003.00,1012.05,20,436420
2019-04-01 13:22:00,1012.05,1023.10,1012.05,1023.10,20,436420
2019-04-01 13:23:00,1023.10,1023.10,1007.10,1007.10,40,436420
2019-04-01 13:24:00,1007.10,1010.00,1007.10,1010.00,20,436420
2019-04-01 13:25:00,1010.00,1010.00,1010.00,1010.00,0,0
2019-04-01 13:26:00,1010.00,1010.00,1010.00,1010.00,0,0
2019-04-01 13:27:00,1010.00,1020.00,1010.00,1020.00,60,436420
2019-04-01 13:28:00,1020.00,1020.00,1020.00,1020.00,0,0
2019-04-01 13:29:00,1020.00,1020.00,1020.00,1020.00,0,0
2019-04-01 13:30:00,1020.00,1020.00,1020.00,1020.00,0,0
2019-04-01 13:31:00,1020.00,1029.90,1020.00,1029.90,20,436420
2019-04-01 13:32:00,1029.90,1029.90,1029.90,1029.90,0,0
2019-04-01 13:33:00,1029.90,1029.90,1029.90,1029.90,0,0
2019-04-01 13:34:00,1029.90,1060.00,1029.90,1049.90,600,436440
2019-04-01 13:35:00,1049.90,1054.55,1049.90,1049.90,100,436960
2019-04-01 13:36:00,1049.90,1049.90,1049.90,1049.90,0,0
2019-04-01 13:37:00,1049.90,1049.90,1028.90,1040.00,80,436960
2019-04-01 13:38:00,1040.00,1045.00,1040.00,1045.00,20,436940
2019-04-01 13:39:00,1045.00,1045.00,1045.00,1045.00,0,0
2019-04-01 13:40:00,1045.00,1045.00,1045.00,1045.00,0,0
2019-04-01 13:41:00,1045.00,1045.00,1045.00,1045.00,0,0
2019-04-01 13:42:00,1045.00,1045.00,1045.00,1045.00,0,0
2019-04-01 13:43:00,1045.00,1045.00,1045.00,1045.00,0,0
2019-04-01 13:44:00,1045.00,1045.00,1030.00,1030.00,20,436940
2019-04-01 13:45:00,1030.00,1030.00,1030.00,1030.00,0,0
2019-04-01 13:46:00,1030.00,1030.00,1030.00,1030.00,0,0
2019-04-01 13:47:00,1030.00,1030.00,1015.00,1015.00,80,436940
2019-04-01 13:48:00,1015.00,1015.00,1000.00,1000.00,20,436940
2019-04-01 13:49:00,1000.00,1000.00,1000.00,1000.00,20,436940
2019-04-01 13:50:00,1000.00,1000.00,1000.00,1000.00,0,0
2019-04-01 13:51:00,1000.00,1000.00,1000.00,1000.00,0,0
2019-04-01 13:52:00,1000.00,1000.00,1000.00,1000.00,0,0
2019-04-01 13:53:00,1000.00,1000.00,1000.00,1000.00,0,0
2019-04-01 13:54:00,1000.00,1000.00,970.00,970.00,40,436920
2019-04-01 13:55:00,970.00,970.00,970.00,970.00,20,436920
2019-04-01 13:56:00,970.00,970.00,970.00,970.00,0,0
2019-04-01 13:57:00,970.00,970.00,970.00,970.00,0,0
2019-04-01 13:58:00,970.00,970.00,970.00,970.00,0,0
2019-04-01 13:59:00,970.00,976.00,970.00,976.00,20,436920
2019-04-01 14:00:00,976.00,976.00,976.00,976.00,0,0
2019-04-01 14:01:00,976.00,989.40,976.00,989.40,20,436920
2019-04-01 14:02:00,989.40,989.40,985.00,985.00,20,436920
2019-04-01 14:03:00,985.00,985.00,985.00,985.00,0,0
2019-04-01 14:04:00,985.00,985.00,985.00,985.00,0,0
2019-04-01 14:05:00,985.00,985.00,982.95,982.95,60,436920
2019-04-01 14:06:00,982.95,999.20,979.20,992.35,120,436920
2019-04-01 14:07:00,992.35,992.35,960.00,960.00,40,436920
2019-04-01 14:08:00,960.00,960.00,960.00,960.00,0,0
2019-04-01 14:09:00,960.00,977.00,960.00,977.00,20,436960
2019-04-01 14:10:00,977.00,977.00,977.00,977.00,0,0
2019-04-01 14:11:00,977.00,977.00,937.30,937.30,160,436960
2019-04-01 14:12:00,937.30,937.30,937.30,937.30,0,0
2019-04-01 14:13:00,937.30,945.20,937.30,945.20,2400,436820
2019-04-01 14:14:00,945.20,945.20,917.15,917.15,2380,437160
2019-04-01 14:15:00,917.15,917.15,910.00,910.00,2440,437160
2019-04-01 14:16:00,910.00,910.00,901.00,901.00,20,437160
2019-04-01 14:17:00,901.00,910.00,901.00,910.00,20,437160
2019-04-01 14:18:00,910.00,911.05,909.30,911.05,100,437660
2019-04-01 14:19:00,911.05,917.45,904.80,904.80,320,437660
2019-04-01 14:20:00,904.80,904.80,904.80,904.80,0,0
2019-04-01 14:21:00,904.80,904.80,898.15,898.15,100,437640
2019-04-01 14:22:00,898.15,898.15,898.15,898.15,0,0
2019-04-01 14:23:00,898.15,940.00,898.15,940.00,20,437240
2019-04-01 14:24:00,940.00,940.00,940.00,940.00,0,0
2019-04-01 14:25:00,940.00,940.00,940.00,940.00,0,0
2019-04-01 14:26:00,940.00,940.00,940.00,940.00,0,0
2019-04-01 14:27:00,940.00,940.00,930.00,930.00,20,437200
2019-04-01 14:28:00,930.00,930.00,930.00,930.00,0,0
2019-04-01 14:29:00,930.00,930.00,930.00,930.00,0,0
2019-04-01 14:30:00,930.00,930.00,930.00,930.00,0,0
2019-04-01 14:31:00,930.00,930.00,930.00,930.00,0,0
2019-04-01 14:32:00,930.00,930.00,930.00,930.00,0,0
2019-04-01 14:33:00,930.00,930.00,930.00,930.00,0,0
2019-04-01 14:34:00,930.00,930.00,926.45,926.45,20,437180
2019-04-01 14:35:00,926.45,926.45,926.45,926.45,0,0
2019-04-01 14:36:00,926.45,926.45,926.45,926.45,0,0
2019-04-01 14:37:00,926.45,960.00,926.45,960.00,40,437180
2019-04-01 14:38:00,960.00,960.00,960.00,960.00,0,0
2019-04-01 14:39:00,960.00,960.00,960.00,960.00,0,0
2019-04-01 14:40:00,960.00,960.00,960.00,960.00,0,0
2019-04-01 14:41:00,960.00,960.00,951.90,951.90,160,437160
2019-04-01 14:42:00,951.90,971.20,951.90,971.20,20,437160
2019-04-01 14:43:00,971.20,975.00,971.20,975.00,20,437160
2019-04-01 14:44:00,975.00,975.00,975.00,975.00,0,0
2019-04-01 14:45:00,975.00,996.20,975.00,996.20,100,437140
2019-04-01 14:46:00,996.20,996.20,996.20,996.20,0,0
2019-04-01 14:47:00,996.20,1000.00,996.20,1000.00,40,437140
2019-04-01 14:48:00,1000.00,1000.00,992.30,992.30,20,437200
2019-04-01 14:49:00,992.30,992.30,992.30,992.30,0,0
2019-04-01 14:50:00,992.30,992.30,992.30,992.30,0,0
2019-04-01 14:51:00,992.30,992.30,992.30,992.30,0,0
2019-04-01 14:52:00,992.30,992.30,992.30,992.30,0,0
2019-04-01 14:53:00,992.30,992.30,992.30,992.30,0,0
2019-04-01 14:54:00,992.30,1003.20,992.30,1003.20,20,437180
2019-04-01 14:55:00,1003.20,1003.20,1003.20,1003.20,0,0
2019-04-01 14:56:00,1003.20,1003.20,1000.00,1000.00,20,437180
2019-04-01 14:57:00,1000.00,1000.00,1000.00,1000.00,0,0
2019-04-01 14:58:00,1000.00,1000.00,1000.00,1000.00,0,0
2019-04-01 14:59:00,1000.00,1005.00,1000.00,1000.45,160,437160
2019-04-01 15:00:00,1000.45,1010.00,1000.45,1010.00,60,437160
2019-04-01 15:01:00,1010.00,1010.00,1010.00,1010.00,0,0
2019-04-01 15:02:00,1010.00,1010.00,1010.00,1010.00,0,0
2019-04-01 15:03:00,1010.00,1010.00,979.50,979.50,60,437120
2019-04-01 15:04:00,979.50,979.50,979.50,979.50,0,0
2019-04-01 15:05:00,979.50,979.50,979.50,979.50,0,0
2019-04-01 15:06:00,979.50,982.00,979.50,982.00,20,437120
2019-04-01 15:07:00,982.00,982.00,982.00,982.00,0,0
2019-04-01 15:08:00,982.00,982.00,982.00,982.00,0,0
2019-04-01 15:09:00,982.00,982.00,982.00,982.00,0,0
2019-04-01 15:10:00,982.00,982.00,982.00,982.00,0,0
2019-04-01 15:11:00,982.00,982.00,982.00,982.00,0,0
2019-04-01 15:12:00,982.00,982.00,982.00,982.00,0,0
2019-04-01 15:13:00,982.00,982.00,982.00,982.00,0,0
2019-04-01 15:14:00,982.00,982.00,982.00,982.00,0,0
2019-04-01 15:15:00,982.00,982.00,982.00,982.00,0,0
2019-04-01 15:16:00,982.00,1000.00,982.00,1000.00,60,437060
2019-04-01 15:17:00,1000.00,1000.00,1000.00,1000.00,0,0
2019-04-01 15:18:00,1000.00,1004.95,1000.00,1002.50,120,437060
2019-04-01 15:19:00,1002.50,1002.50,999.00,999.00,20,437060
2019-04-01 15:20:00,999.00,999.00,992.00,992.00,20,437060
2019-04-01 15:21:00,992.00,992.00,992.00,992.00,40,436920
2019-04-01 15:22:00,992.00,992.00,991.60,991.60,20,436920
2019-04-01 15:23:00,991.60,991.60,990.00,990.00,20,436920
2019-04-01 15:24:00,990.00,990.00,990.00,990.00,0,0
2019-04-01 15:25:00,990.00,1003.50,990.00,1003.50,220,436900
2019-04-01 15:26:00,1003.50,1010.00,1000.60,1010.00,200,436900
2019-04-01 15:27:00,1010.00,1010.00,1010.00,1010.00,0,0
2019-04-01 15:28:00,1010.00,1010.00,1010.00,1010.00,0,0
2019-04-01 15:29:01,1010.00,1014.95,1010.00,1014.95,40,436700
2019-07-01 09:18:00,1130.00,1130.00,1117.95,1128.00,280,436700
2019-07-01 09:19:00,1128.00,1128.00,1128.00,1128.00,0,0
2019-07-01 09:20:00,1128.00,1129.00,1114.80,1129.00,40,436440
2019-07-01 09:21:00,1129.00,1129.00,1129.00,1129.00,0,0
2019-07-01 09:22:00,1129.00,1129.00,1128.45,1128.45,20,436440
2019-07-01 09:23:00,1128.45,1128.45,1128.45,1128.45,0,0
2019-07-01 09:24:00,1128.45,1128.45,1116.15,1116.15,20,436480
2019-07-01 09:25:00,1116.15,1116.15,1116.15,1116.15,0,0
2019-07-01 09:26:00,1116.15,1116.15,1116.15,1116.15,0,0
2019-07-01 09:27:00,1116.15,1116.15,1113.75,1113.75,20,436480
2019-07-01 09:28:00,1113.75,1113.75,1113.75,1113.75,0,0
2019-07-01 09:29:00,1113.75,1113.75,1113.75,1113.75,0,0
2019-07-01 09:30:00,1113.75,1113.75,1113.75,1113.75,0,0
2019-07-01 09:31:00,1113.75,1120.00,1113.75,1119.30,220,436480
2019-07-01 09:32:00,1119.30,1119.30,1105.50,1105.50,20,436280
2019-07-01 09:33:00,1105.50,1110.00,1105.50,1108.00,20,436280
2019-07-01 09:34:00,1108.00,1110.00,1095.60,1095.95,180,436280
2019-07-01 09:35:00,1095.95,1106.05,1095.95,1106.05,40,436080
2019-07-01 09:36:00,1106.05,1110.65,1106.05,1110.65,20,0
2019-07-01 09:37:00,1110.65,1110.65,1110.65,1110.65,0,0
2019-07-01 09:38:00,1110.65,1110.65,1110.65,1110.65,0,0
2019-07-01 09:39:00,1110.65,1110.65,1110.65,1110.65,0,0
2019-07-01 09:40:00,1110.65,1110.65,1110.65,1110.65,0,0
2019-07-01 09:41:00,1110.65,1110.65,1110.65,1110.65,0,0
2019-07-01 09:42:00,1110.65,1110.65,1110.65,1110.65,0,0
2019-07-01 09:43:00,1110.65,1110.65,1110.65,1110.65,0,0
2019-07-01 09:44:00,1110.65,1130.00,1110.65,1120.00,240,436020
2019-07-01 09:45:00,1120.00,1120.00,1120.00,1120.00,0,436020
2019-07-01 09:46:00,1120.00,1120.00,1118.45,1118.45,20,436020
2019-07-01 09:47:00,1118.45,1119.50,1118.45,1119.50,20,435780
2019-07-01 09:48:00,1119.50,1119.50,1119.50,1119.50,0,0
2019-07-01 09:49:00,1119.50,1119.50,1105.00,1110.00,60,435780
2019-07-01 09:50:00,1110.00,1110.00,1100.00,1100.00,640,435780
2019-07-01 09:51:00,1100.00,1120.00,1100.00,1120.00,1000,435780
2019-07-01 09:52:00,1120.00,1120.00,1120.00,1120.00,20,436120
2019-07-01 09:53:00,1120.00,1125.00,1118.15,1125.00,1860,436120
2019-07-01 09:54:00,1125.00,1125.00,1125.00,1125.00,420,436120
2019-07-01 09:55:00,1125.00,1127.00,1125.00,1127.00,40,436120
2019-07-01 09:56:00,1127.00,1130.00,1127.00,1130.00,1000,436260
2019-07-01 09:57:00,1130.00,1130.00,1130.00,1130.00,40,436260
2019-07-01 09:58:00,1130.00,1135.00,1130.00,1135.00,40,436260
2019-07-01 09:59:00,1135.00,1135.00,1129.65,1129.65,20,437100
2019-07-01 10:00:00,1129.65,1157.30,1129.65,1145.00,3640,437100
2019-07-01 10:01:00,1145.00,1150.00,1145.00,1147.40,780,437100
2019-07-01 10:02:00,1147.40,1147.40,1147.40,1147.40,0,0
2019-07-01 10:03:00,1147.40,1147.40,1147.40,1147.40,0,0
2019-07-01 10:04:00,1147.40,1147.40,1147.40,1147.40,0,0
2019-07-01 10:05:00,1147.40,1147.40,1147.40,1147.40,0,0
2019-07-01 10:06:00,1147.40,1147.40,1147.40,1147.40,0,0
2019-07-01 10:07:00,1147.40,1147.40,1147.40,1147.40,0,0
2019-07-01 10:08:00,1147.40,1147.40,1147.40,1147.40,0,0
2019-07-01 10:09:00,1147.40,1147.40,1147.40,1147.40,0,0
2019-07-01 10:10:00,1147.40,1147.40,1147.40,1147.40,0,0
2019-07-01 10:11:00,1147.40,1147.40,1125.00,1125.00,20,440220
2019-07-01 10:12:00,1125.00,1125.00,1125.00,1125.00,0,0
2019-07-01 10:13:00,1125.00,1125.00,1125.00,1125.00,0,0
2019-07-01 10:14:00,1125.00,1125.00,1125.00,1125.00,0,0
2019-07-01 10:15:00,1125.00,1140.00,1125.00,1140.00,680,440240
2019-07-01 10:16:00,1140.00,1155.00,1140.00,1155.00,2040,443120
2019-07-01 10:17:00,1155.00,1155.00,1155.00,1155.00,0,443120
2019-07-01 10:18:00,1155.00,1155.00,1155.00,1155.00,0,0
2019-07-01 10:19:00,1155.00,1155.00,1155.00,1155.00,0,0
2019-07-01 10:20:00,1155.00,1155.00,1144.20,1145.00,80,443240
2019-07-01 10:21:00,1145.00,1145.00,1140.00,1140.00,20,443240
2019-07-01 10:22:00,1140.00,1140.00,1140.00,1140.00,0,0
2019-07-01 10:23:00,1140.00,1145.00,1140.00,1145.00,520,443240
2019-07-01 10:24:00,1145.00,1145.00,1145.00,1145.00,380,443240
2019-07-01 10:25:00,1145.00,1150.00,1145.00,1150.00,140,0
2019-07-01 10:26:00,1150.00,1150.00,1148.00,1148.00,20,444240
2019-07-01 10:27:00,1148.00,1148.00,1145.00,1145.00,900,444240
2019-07-01 10:28:00,1145.00,1149.00,1145.00,1149.00,380,444240
2019-07-01 10:29:00,1149.00,1149.00,1141.00,1141.00,540,445580
2019-07-01 10:30:00,1141.00,1141.00,1141.00,1141.00,0,0
2019-07-01 10:31:00,1141.00,1141.00,1141.00,1141.00,0,0
2019-07-01 10:32:00,1141.00,1141.00,1141.00,1141.00,540,445580
2019-07-01 10:33:00,1141.00,1141.00,1141.00,1141.00,0,0
2019-07-01 10:34:00,1141.00,1141.00,1141.00,1141.00,0,0
2019-07-01 10:35:00,1141.00,1141.00,1141.00,1141.00,0,0
2019-07-01 10:36:00,1141.00,1141.00,1141.00,1141.00,0,0
2019-07-01 10:37:00,1141.00,1141.00,1141.00,1141.00,0,0
2019-07-01 10:38:00,1141.00,1141.00,1129.00,1129.00,20,446120
2019-07-01 10:39:00,1129.00,1129.00,1129.00,1129.00,0,0
2019-07-01 10:40:00,1129.00,1129.00,1129.00,1129.00,0,0
2019-07-01 10:41:00,1129.00,1129.00,1129.00,1129.00,0,0
2019-07-01 10:42:00,1129.00,1129.00,1129.00,1129.00,0,0
2019-07-01 10:43:00,1129.00,1142.75,1129.00,1141.95,40,446140
2019-07-01 10:44:00,1141.95,1141.95,1141.95,1141.95,0,0
2019-07-01 10:45:00,1141.95,1141.95,1141.95,1141.95,0,0
2019-07-01 10:46:00,1141.95,1141.95,1141.95,1141.95,0,0
2019-07-01 10:47:00,1141.95,1141.95,1141.95,1141.95,0,0
2019-07-01 10:48:00,1141.95,1141.95,1141.95,1141.95,0,0
2019-07-01 10:49:00,1141.95,1141.95,1141.95,1141.95,0,0
2019-07-01 10:50:00,1141.95,1141.95,1141.95,1141.95,0,0
2019-07-01 10:51:00,1141.95,1141.95,1141.95,1141.95,0,0
2019-07-01 10:52:00,1141.95,1141.95,1141.95,1141.95,0,0
2019-07-01 10:53:00,1141.95,1141.95,1141.95,1141.95,0,0
2019-07-01 10:54:00,1141.95,1141.95,1141.95,1141.95,0,0
2019-07-01 10:55:00,1141.95,1141.95,1141.95,1141.95,0,0
2019-07-01 10:56:00,1141.95,1141.95,1113.65,1113.65,20,446140
2019-07-01 10:57:00,1113.65,1113.65,1113.65,1113.65,0,0
2019-07-01 10:58:00,1113.65,1113.65,1113.65,1113.65,0,0
2019-07-01 10:59:00,1113.65,1130.30,1113.65,1130.30,20,446140
2019-07-01 11:00:00,1130.30,1130.30,1130.30,1130.30,0,0
2019-07-01 11:01:00,1130.30,1130.30,1130.30,1130.30,0,0
2019-07-01 11:02:00,1130.30,1130.30,1130.30,1130.30,0,0
2019-07-01 11:03:00,1130.30,1130.30,1130.30,1130.30,0,0
2019-07-01 11:04:00,1130.30,1130.30,1130.30,1130.30,0,0
2019-07-01 11:05:00,1130.30,1130.30,1130.30,1130.30,0,0
2019-07-01 11:06:00,1130.30,1138.10,1130.30,1138.10,140,446140
2019-07-01 11:07:00,1138.10,1138.10,1138.10,1138.10,0,0
2019-07-01 11:08:00,1138.10,1138.10,1138.10,1138.10,0,0
2019-07-01 11:09:00,1138.10,1138.10,1138.10,1138.10,0,0
2019-07-01 11:10:00,1138.10,1138.10,1138.10,1138.10,0,0
2019-07-01 11:11:00,1138.10,1138.10,1138.10,1138.10,0,0
2019-07-01 11:12:00,1138.10,1138.10,1138.10,1138.10,0,0
2019-07-01 11:13:00,1138.10,1138.10,1120.00,1120.00,20,446140
2019-07-01 11:14:00,1120.00,1120.00,1120.00,1120.00,20,446140
2019-07-01 11:15:00,1120.00,1122.10,1120.00,1122.10,20,446140
2019-07-01 11:16:00,1122.10,1122.10,1122.10,1122.10,0,0
2019-07-01 11:17:00,1122.10,1122.10,1122.10,1122.10,0,0
2019-07-01 11:18:00,1122.10,1122.10,1122.10,1122.10,0,0
2019-07-01 11:19:00,1122.10,1130.40,1122.10,1130.40,60,446140
2019-07-01 11:20:00,1130.40,1134.80,1130.40,1131.30,280,446140
2019-07-01 11:21:00,1131.30,1131.30,1131.30,1131.30,0,0
2019-07-01 11:22:00,1131.30,1131.30,1125.50,1125.50,20,446140
2019-07-01 11:23:00,1125.50,1125.50,1125.50,1125.50,0,0
2019-07-01 11:24:00,1125.50,1125.50,1125.50,1125.50,0,0
2019-07-01 11:25:00,1125.50,1125.50,1125.50,1125.50,0,0
2019-07-01 11:26:00,1125.50,1125.50,1125.50,1125.50,0,0
2019-07-01 11:27:00,1125.50,1125.50,1125.50,1125.50,0,0
2019-07-01 11:28:00,1125.50,1125.50,1125.50,1125.50,0,0
2019-07-01 11:29:00,1125.50,1125.50,1125.50,1125.50,0,0
2019-07-01 11:30:00,1125.50,1127.35,1125.50,1127.35,20,0
2019-07-01 11:31:00,1127.35,1127.35,1127.35,1127.35,0,0
2019-07-01 11:32:00,1127.35,1127.35,1127.35,1127.35,0,0
2019-07-01 11:33:00,1127.35,1127.35,1127.35,1127.35,0,0
2019-07-01 11:34:00,1127.35,1127.35,1108.00,1108.00,140,446160
2019-07-01 11:35:00,1108.00,1108.00,1108.00,1108.00,0,0
2019-07-01 11:36:00,1108.00,1108.00,1103.20,1103.20,20,446020
2019-07-01 11:37:00,1103.20,1110.40,1103.20,1110.40,20,0
2019-07-01 11:38:00,1110.40,1118.50,1110.40,1118.50,0,446000
2019-07-01 11:39:00,1118.50,1118.50,1118.50,1118.50,0,0
2019-07-01 11:40:00,1118.50,1118.50,1118.50,1118.50,0,0
2019-07-01 11:41:00,1118.50,1118.50,1118.50,1118.50,0,0
2019-07-01 11:42:00,1118.50,1118.50,1083.75,1083.75,60,445980
2019-07-01 11:43:00,1083.75,1083.75,1083.75,1083.75,0,0
2019-07-01 11:44:00,1083.75,1083.75,1083.75,1083.75,0,0
2019-07-01 11:45:00,1083.75,1083.75,1083.75,1083.75,0,0
2019-07-01 11:46:00,1083.75,1097.70,1083.75,1097.70,20,445960
2019-07-01 11:47:00,1097.70,1097.70,1097.70,1097.70,0,0
2019-07-01 11:48:00,1097.70,1105.00,1097.70,1105.00,20,445940
2019-07-01 11:49:00,1105.00,1105.00,1105.00,1105.00,0,0
2019-07-01 11:50:00,1105.00,1105.00,1105.00,1105.00,0,0
2019-07-01 11:51:00,1105.00,1105.00,1105.00,1105.00,0,0
2019-07-01 11:52:00,1105.00,1105.00,1105.00,1105.00,0,0
2019-07-01 11:53:00,1105.00,1105.00,1100.00,1100.00,120,445940
2019-07-01 11:54:00,1100.00,1100.00,1100.00,1100.00,100,445940
2019-07-01 11:55:00,1100.00,1100.00,1100.00,1100.00,0,0
2019-07-01 11:56:00,1100.00,1100.00,1100.00,1100.00,0,0
2019-07-01 11:57:00,1100.00,1114.55,1100.00,1114.55,40,445960
2019-07-01 11:58:00,1114.55,1123.20,1114.55,1123.20,20,445960
2019-07-01 11:59:00,1123.20,1123.20,1123.20,1123.20,0,0
2019-07-01 12:00:00,1123.20,1126.75,1123.20,1126.75,20,446000
2019-07-01 12:01:00,1126.75,1126.75,1126.75,1126.75,0,0
2019-07-01 12:02:00,1126.75,1126.75,1126.75,1126.75,0,0
2019-07-01 12:03:00,1126.75,1126.75,1125.00,1125.00,180,446000
2019-07-01 12:04:00,1125.00,1125.00,1125.00,1125.00,0,0
2019-07-01 12:05:00,1125.00,1125.00,1125.00,1125.00,0,0
2019-07-01 12:06:00,1125.00,1125.00,1119.65,1119.90,80,446000
2019-07-01 12:07:00,1119.90,1119.90,1119.40,1119.40,120,446000
2019-07-01 12:08:00,1119.40,1119.40,1119.40,1119.40,0,0
2019-07-01 12:09:00,1119.40,1119.40,1119.40,1119.40,0,0
2019-07-01 12:10:00,1119.40,1119.40,1119.40,1119.40,0,0
2019-07-01 12:11:00,1119.40,1119.40,1108.05,1108.05,20,446000
2019-07-01 12:12:00,1108.05,1108.05,1108.05,1108.05,0,0
2019-07-01 12:13:00,1108.05,1108.05,1108.05,1108.05,0,0
2019-07-01 12:14:00,1108.05,1108.05,1108.05,1108.05,0,0
2019-07-01 12:15:00,1108.05,1116.70,1108.05,1116.60,80,445980
2019-07-01 12:16:00,1116.75,1116.75,1115.75,1115.75,40,445980
2019-07-01 12:17:00,1115.75,1115.75,1115.75,1115.75,0,0
2019-07-01 12:18:00,1115.75,1115.75,1115.75,1115.75,0,0
2019-07-01 12:19:00,1115.75,1118.20,1115.75,1116.45,60,445980
2019-07-01 12:20:00,1116.45,1116.45,1115.10,1115.10,60,445980
2019-07-01 12:21:00,1115.10,1115.10,1114.10,1114.10,120,445980
2019-07-01 12:22:00,1114.10,1114.10,1114.10,1114.10,0,0
2019-07-01 12:23:00,1114.10,1117.25,1114.10,1115.60,200,445980
2019-07-01 12:24:00,1115.60,1116.25,1115.60,1116.25,100,445980
2019-07-01 12:25:00,1116.25,1116.25,1116.25,1116.25,20,445980
2019-07-01 12:26:00,1116.25,1116.25,1110.10,1110.10,100,445980
2019-07-01 12:27:00,1110.10,1110.10,1110.10,1110.10,0,0
2019-07-01 12:28:00,1110.10,1110.10,1110.10,1110.10,0,0
2019-07-01 12:29:00,1110.10,1110.10,1110.10,1110.10,0,0
2019-07-01 12:30:00,1110.10,1114.10,1110.10,1114.10,20,445980
2019-07-01 12:31:00,1114.10,1114.10,1114.10,1114.10,0,0
2019-07-01 12:32:00,1114.10,1115.75,1114.10,1115.75,40,445960
2019-07-01 12:33:00,1115.75,1120.75,1115.75,1120.75,80,445960
2019-07-01 12:34:00,1120.75,1120.75,1114.40,1114.40,60,445960
2019-07-01 12:35:00,1114.40,1114.40,1114.40,1114.40,0,0
2019-07-01 12:36:00,1114.40,1114.40,1114.40,1114.40,0,0
2019-07-01 12:37:00,1114.40,1135.95,1114.40,1135.95,40,445960
2019-07-01 12:38:00,1135.95,1135.95,1135.95,1135.95,0,0
2019-07-01 12:39:00,1135.95,1135.95,1135.95,1135.95,0,0
2019-07-01 12:40:00,1135.95,1135.95,1135.95,1135.95,0,0
2019-07-01 12:41:00,1135.95,1135.95,1135.95,1135.95,0,0
2019-07-01 12:42:00,1135.95,1135.95,1135.00,1135.00,20,445980
2019-07-01 12:43:00,1135.00,1135.00,1125.00,1125.00,60,445980
2019-07-01 12:44:00,1125.00,1125.00,1125.00,1125.00,0,0
2019-07-01 12:45:00,1125.00,1125.00,1125.00,1125.00,0,0
2019-07-01 12:46:00,1125.00,1125.00,1125.00,1125.00,0,0
2019-07-01 12:47:00,1125.00,1125.00,1125.00,1125.00,0,0
2019-07-01 12:48:00,1125.00,1128.00,1125.00,1128.00,40,445940
2019-07-01 12:49:00,1128.00,1128.00,1128.00,1128.00,0,0
2019-07-01 12:50:00,1128.00,1128.00,1128.00,1128.00,0,0
2019-07-01 12:51:00,1128.00,1128.00,1128.00,1128.00,0,0
2019-07-01 12:52:00,1128.00,1128.00,1128.00,1128.00,0,0
2019-07-01 12:53:00,1128.00,1128.00,1128.00,1128.00,0,0
2019-07-01 12:54:00,1128.00,1128.00,1125.95,1125.95,60,445940
2019-07-01 12:55:00,1125.95,1125.95,1125.95,1125.95,0,0
2019-07-01 12:56:00,1125.95,1126.45,1125.95,1126.45,20,445940
2019-07-01 12:57:00,1126.45,1126.85,1123.60,1123.60,120,445940
2019-07-01 12:58:00,1123.60,1133.30,1123.60,1133.30,20,445940
2019-07-01 12:59:00,1133.30,1133.30,1133.30,1133.30,0,0
2019-07-01 13:00:00,1133.30,1133.30,1133.30,1133.30,0,0
2019-07-01 13:01:00,1133.30,1133.30,1129.30,1129.30,60,445940
2019-07-01 13:02:00,1129.30,1129.30,1129.30,1129.30,0,0
2019-07-01 13:03:00,1129.30,1129.30,1129.30,1129.30,0,0
2019-07-01 13:04:00,1129.30,1129.30,1129.30,1129.30,0,0
2019-07-01 13:05:00,1129.30,1129.30,1129.30,1129.30,0,0
2019-07-01 13:06:00,1129.30,1129.30,1129.30,1129.30,0,0
2019-07-01 13:07:00,1129.30,1129.30,1129.30,1129.30,0,0
2019-07-01 13:08:00,1129.30,1129.30,1129.30,1129.30,0,0
2019-07-01 13:09:00,1129.30,1129.30,1129.30,1129.30,0,0
2019-07-01 13:10:00,1129.30,1129.30,1129.30,1129.30,0,0
2019-07-01 13:11:00,1129.30,1129.30,1129.30,1129.30,0,0
2019-07-01 13:12:00,1129.30,1129.30,1129.30,1129.30,0,0
2019-07-01 13:13:00,1129.30,1129.30,1129.30,1129.30,0,0
2019-07-01 13:14:00,1129.30,1129.30,1129.30,1129.30,0,0
2019-07-01 13:15:00,1129.30,1129.30,1129.30,1129.30,0,0
2019-07-01 13:16:00,1129.30,1129.30,1129.30,1129.30,0,0
2019-07-01 13:17:00,1129.30,1133.05,1129.30,1133.05,20,445940
2019-07-01 13:18:00,1133.05,1133.05,1127.85,1127.85,20,445940
2019-07-01 13:19:00,1127.85,1127.85,1127.85,1127.85,0,0
2019-07-01 13:20:00,1127.85,1127.85,1127.85,1127.85,0,0
2019-07-01 13:21:00,1127.85,1133.45,1127.85,1133.45,40,445920
2019-07-01 13:22:00,1133.45,1133.45,1133.45,1133.45,0,0
2019-07-01 13:23:00,1133.45,1133.45,1130.25,1130.25,20,445900
2019-07-01 13:24:00,1130.25,1130.25,1130.25,1130.25,0,0
2019-07-01 13:25:00,1130.25,1130.25,1130.25,1130.25,0,0
2019-07-01 13:26:00,1130.25,1130.25,1122.55,1122.55,20,445900
2019-07-01 13:27:00,1122.55,1122.55,1122.55,1122.55,0,0
2019-07-01 13:28:00,1122.55,1122.55,1122.55,1122.55,0,0
2019-07-01 13:29:00,1122.55,1122.55,1122.55,1122.55,0,0
2019-07-01 13:30:00,1122.55,1122.55,1122.55,1122.55,0,0
2019-07-01 13:31:00,1122.55,1122.55,1122.55,1122.55,0,0
2019-07-01 13:32:00,1122.55,1122.55,1100.15,1100.15,20,445900
2019-07-01 13:33:00,1100.15,1105.00,1100.15,1105.00,20,445900
2019-07-01 13:34:00,1105.00,1105.00,1105.00,1105.00,0,0
2019-07-01 13:35:00,1105.00,1105.00,1105.00,1105.00,0,0
2019-07-01 13:36:00,1105.00,1105.00,1105.00,1105.00,20,445880
2019-07-01 13:37:00,1105.00,1105.00,1105.00,1105.00,0,0
2019-07-01 13:38:00,1105.00,1105.00,1105.00,1105.00,0,0
2019-07-01 13:39:00,1105.00,1105.00,1105.00,1105.00,0,0
2019-07-01 13:40:00,1105.00,1105.00,1105.00,1105.00,0,0
2019-07-01 13:41:00,1105.00,1105.00,1105.00,1105.00,0,0
2019-07-01 13:42:00,1105.00,1105.00,1105.00,1105.00,0,0
2019-07-01 13:43:00,1105.00,1105.00,1105.00,1105.00,0,0
2019-07-01 13:44:00,1105.00,1105.00,1105.00,1105.00,0,0
2019-07-01 13:45:00,1105.00,1105.00,1105.00,1105.00,0,0
2019-07-01 13:46:00,1105.00,1105.00,1105.00,1105.00,0,0
2019-07-01 13:47:00,1105.00,1105.00,1105.00,1105.00,0,0
2019-07-01 13:48:00,1105.00,1105.00,1080.65,1080.65,60,445880
2019-07-01 13:49:00,1080.65,1080.65,1070.20,1080.00,40,445880
2019-07-01 13:50:00,1080.00,1080.00,1080.00,1080.00,0,0
2019-07-01 13:51:00,1080.00,1080.00,1080.00,1080.00,0,0
2019-07-01 13:52:00,1080.00,1080.00,1080.00,1080.00,0,0
2019-07-01 13:53:00,1080.00,1080.00,1080.00,1080.00,0,0
2019-07-01 13:54:00,1080.00,1080.00,1080.00,1080.00,0,0
2019-07-01 13:55:00,1080.00,1082.00,1080.00,1082.00,20,445840
2019-07-01 13:56:00,1082.00,1082.00,1082.00,1082.00,0,0
2019-07-01 13:57:00,1082.00,1082.00,1082.00,1082.00,0,0
2019-07-01 13:58:00,1082.00,1082.00,1082.00,1082.00,0,0
2019-07-01 13:59:00,1082.00,1082.00,1082.00,1082.00,0,0
2019-07-01 14:00:00,1082.00,1108.40,1082.00,1108.40,20,445860
2019-07-01 14:01:00,1108.40,1115.80,1108.40,1115.80,20,445860
2019-07-01 14:02:00,1115.80,1115.80,1115.80,1115.80,0,0
2019-07-01 14:03:00,1115.80,1115.80,1115.80,1115.80,0,0
2019-07-01 14:04:00,1115.80,1116.50,1114.20,1114.20,60,445840
2019-07-01 14:05:00,1114.20,1114.20,1114.20,1114.20,0,0
2019-07-01 14:06:00,1114.20,1114.20,1114.20,1114.20,0,0
2019-07-01 14:07:00,1114.20,1114.20,1114.20,1114.20,0,0
2019-07-01 14:08:00,1114.20,1114.20,1114.20,1114.20,0,0
2019-07-01 14:09:00,1114.20,1114.20,1114.20,1114.20,0,0
2019-07-01 14:10:00,1114.20,1114.20,1114.20,1114.20,0,0
2019-07-01 14:11:00,1114.20,1114.20,1114.20,1114.20,0,0
2019-07-01 14:12:00,1114.20,1114.20,1114.20,1114.20,0,0
2019-07-01 14:13:00,1114.20,1115.10,1114.20,1115.10,80,445840
2019-07-01 14:14:00,1115.10,1115.10,1115.10,1115.10,0,0
2019-07-01 14:15:00,1115.10,1115.10,1115.10,1115.10,0,0
2019-07-01 14:16:00,1115.10,1115.10,1115.10,1115.10,0,0
2019-07-01 14:17:00,1115.10,1115.10,1115.10,1115.10,0,0
2019-07-01 14:18:00,1115.10,1115.10,1099.95,1099.95,40,445840
2019-07-01 14:19:00,1099.95,1107.25,1099.95,1107.25,40,445840
2019-07-01 14:20:00,1107.25,1112.60,1107.25,1112.10,40,445780
2019-07-01 14:21:00,1112.10,1112.10,1108.00,1108.00,60,445780
2019-07-01 14:22:00,1108.00,1111.00,1108.00,1111.00,520,445780
2019-07-01 14:23:00,1111.00,1111.00,1108.00,1108.00,500,445720
2019-07-01 14:24:00,1108.00,1108.00,1092.80,1092.80,40,445720
2019-07-01 14:25:00,1092.80,1092.80,1092.80,1092.80,0,0
2019-07-01 14:26:00,1092.80,1092.80,1092.80,1092.80,0,0
2019-07-01 14:27:00,1092.80,1092.80,1092.80,1092.80,0,0
2019-07-01 14:28:00,1092.80,1092.80,1092.80,1092.80,0,0
2019-07-01 14:29:00,1092.80,1092.80,1088.85,1088.85,80,445780
2019-07-01 14:30:00,1088.85,1088.85,1088.85,1088.85,0,0
2019-07-01 14:31:00,1088.85,1088.85,1088.85,1088.85,0,0
2019-07-01 14:32:00,1088.85,1088.85,1088.85,1088.85,0,0
2019-07-01 14:33:00,1088.85,1088.85,1088.85,1088.85,0,0
2019-07-01 14:34:00,1088.85,1088.85,1088.85,1088.85,0,0
2019-07-01 14:35:00,1088.85,1088.85,1088.85,1088.85,0,0
2019-07-01 14:36:00,1088.85,1088.85,1088.85,1088.85,0,0
2019-07-01 14:37:00,1088.85,1088.85,1080.85,1080.85,60,445780
2019-07-01 14:38:00,1080.85,1080.85,1080.85,1080.85,0,0
2019-07-01 14:39:00,1080.85,1086.75,1080.85,1086.75,100,445780
2019-07-01 14:40:00,1086.75,1088.15,1086.75,1088.15,20,445780
2019-07-01 14:41:00,1088.15,1088.15,1082.60,1082.60,20,445660
2019-07-01 14:42:00,1082.60,1082.80,1082.35,1082.35,40,445660
2019-07-01 14:43:00,1082.35,1082.35,1060.15,1060.15,200,445660
2019-07-01 14:44:00,1060.15,1060.15,1060.15,1060.15,0,0
2019-07-01 14:45:00,1060.15,1060.15,1060.15,1060.15,0,0
2019-07-01 14:46:00,1060.15,1060.15,1040.00,1040.00,40,445540
2019-07-01 14:47:00,1040.00,1040.00,1040.00,1040.00,2280,445540
2019-07-01 14:48:00,1040.00,1040.00,1040.00,1040.00,0,0
2019-07-01 14:49:00,1040.00,1041.10,1038.70,1038.70,80,445540
2019-07-01 14:50:00,1038.70,1038.70,1038.70,1038.70,0,0
2019-07-01 14:51:00,1038.70,1038.70,1025.00,1025.00,100,445640
2019-07-01 14:52:00,1025.00,1026.55,1025.00,1026.55,20,445640
2019-07-01 14:53:00,1026.55,1026.55,1026.55,1026.55,0,0
2019-07-01 14:54:00,1026.55,1026.55,1026.55,1026.55,0,0
2019-07-01 14:55:00,1026.55,1026.55,1026.55,1026.55,0,0
2019-07-01 14:56:00,1026.55,1026.55,1026.55,1026.55,0,0
2019-07-01 14:57:00,1026.55,1030.10,1026.55,1030.00,2420,445560
2019-07-01 14:58:00,1030.00,1030.00,1010.60,1010.60,20,445560
2019-07-01 14:59:00,1010.60,1010.60,1010.60,1010.60,0,0
2019-07-01 15:00:00,1010.60,1010.60,1010.60,1010.60,0,0
2019-07-01 15:01:00,1010.60,1010.60,1003.90,1003.90,20,445520
2019-07-01 15:02:00,1003.90,1003.90,1003.90,1003.90,0,0
2019-07-01 15:03:00,1003.90,1003.90,1003.90,1003.90,0,0
2019-07-01 15:04:00,1003.90,1003.90,1003.90,1003.90,0,0
2019-07-01 15:05:00,1003.90,1003.90,1003.90,1003.90,0,0
2019-07-01 15:06:00,1003.90,1003.90,1003.90,1003.90,0,0
2019-07-01 15:07:00,1003.90,1003.90,1003.90,1003.90,0,0
2019-07-01 15:08:00,1003.90,1003.90,1003.90,1003.90,0,0
2019-07-01 15:09:00,1003.90,1020.00,1003.90,1020.00,20,445520
2019-07-01 15:10:00,1020.00,1020.00,1011.00,1014.00,220,445520
2019-07-01 15:11:00,1014.00,1014.00,1014.00,1014.00,0,0
2019-07-01 15:12:00,1014.00,1014.00,1014.00,1014.00,0,0
2019-07-01 15:13:00,1014.00,1014.00,1014.00,1014.00,0,0
2019-07-01 15:14:00,1014.00,1014.00,1014.00,1014.00,0,0
2019-07-01 15:15:00,1014.00,1027.00,1014.00,1027.00,20,445460
2019-07-01 15:16:00,1027.00,1027.00,1027.00,1027.00,0,0
2019-07-01 15:17:00,1027.00,1027.00,1027.00,1027.00,0,0
2019-07-01 15:18:00,1027.00,1027.00,1027.00,1027.00,0,0
2019-07-01 15:19:00,1027.00,1027.00,1027.00,1027.00,0,0
2019-07-01 15:20:00,1027.00,1027.00,1027.00,1027.00,0,0
2019-07-01 15:21:00,1027.00,1027.00,1027.00,1027.00,0,0
2019-07-01 15:22:00,1027.00,1027.00,1027.00,1027.00,0,0
2019-07-01 15:23:00,1027.00,1028.20,1027.00,1028.20,20,445460
2019-07-01 15:24:00,1028.20,1028.20,1022.70,1022.70,20,445460
2019-07-01 15:25:00,1022.70,1022.70,1021.40,1021.55,200,445460
2019-07-01 15:26:00,1021.55,1021.55,1021.55,1021.55,0,0
2019-07-01 15:27:00,1021.55,1021.55,1000.00,1000.00,100,445300
2019-07-01 15:28:00,1000.00,1000.00,1000.00,1000.00,60,445300
2019-07-01 15:29:01,1000.00,1006.50,1000.00,1000.00,280,445380
2019-08-01 09:21:00,931.00,931.00,931.00,931.00,0,445360
2019-08-01 09:22:00,931.00,931.00,931.00,931.00,0,0
2019-08-01 09:23:00,931.00,931.00,931.00,931.00,0,0
2019-08-01 09:24:00,931.00,948.35,931.00,948.35,60,445340
2019-08-01 09:25:00,948.35,955.00,948.35,955.00,40,445360
2019-08-01 09:26:00,955.00,966.50,955.00,966.50,60,445360
2019-08-01 09:27:00,966.50,968.40,966.50,968.40,40,445360
2019-08-01 09:28:00,968.40,968.40,968.40,968.40,0,0
2019-08-01 09:29:00,968.40,968.40,968.40,968.40,0,0
2019-08-01 09:30:00,968.40,968.40,964.55,966.35,40,445400
2019-08-01 09:31:00,966.35,966.35,955.70,955.70,100,445400
2019-08-01 09:32:00,955.70,958.35,955.70,958.35,20,445400
2019-08-01 09:33:00,958.35,967.50,958.35,967.50,20,445280
2019-08-01 09:34:00,967.50,967.50,965.00,965.00,20,445280
2019-08-01 09:35:00,965.00,975.00,965.00,975.00,60,445280
2019-08-01 09:36:00,975.00,975.00,966.00,966.00,60,445240
2019-08-01 09:37:00,966.00,966.00,959.80,959.80,80,445240
2019-08-01 09:38:00,959.80,960.80,959.80,960.80,20,445240
2019-08-01 09:39:00,960.80,960.80,957.80,959.15,40,445100
2019-08-01 09:40:00,959.15,959.15,959.15,959.15,0,0
2019-08-01 09:41:00,962.35,962.35,954.95,954.95,40,445100
2019-08-01 09:42:00,954.95,954.95,954.95,954.95,0,0
2019-08-01 09:43:00,954.95,954.95,954.95,954.95,0,0
2019-08-01 09:44:00,954.95,968.00,954.95,968.00,80,445020
2019-08-01 09:45:00,968.00,968.00,968.00,968.00,0,0
2019-08-01 09:46:00,968.00,968.00,968.00,968.00,0,0
2019-08-01 09:47:00,968.00,968.00,968.00,968.00,0,0
2019-08-01 09:48:00,968.00,980.00,968.00,980.00,80,444940
2019-08-01 09:49:00,980.00,980.00,980.00,980.00,0,0
2019-08-01 09:50:00,980.00,991.70,980.00,991.70,20,444860
2019-08-01 09:51:00,991.70,991.70,991.70,991.70,0,0
2019-08-01 09:52:00,991.70,991.70,991.70,991.70,0,0
2019-08-01 09:53:00,991.70,991.70,991.70,991.70,0,0
2019-08-01 09:54:00,991.70,999.00,991.70,999.00,20,444840
2019-08-01 09:55:00,999.00,999.00,999.00,999.00,0,0
2019-08-01 09:56:00,999.00,999.00,999.00,999.00,0,0
2019-08-01 09:57:00,999.00,999.00,989.50,992.70,80,444860
2019-08-01 09:58:00,992.70,992.70,980.30,980.30,60,444780
2019-08-01 09:59:00,980.30,983.55,980.30,982.60,40,444780
2019-08-01 10:00:00,982.60,995.00,982.60,991.85,140,444780
2019-08-01 10:01:00,991.85,997.75,991.85,996.60,300,444680
2019-08-01 10:02:00,996.60,998.70,996.60,998.70,20,444680
2019-08-01 10:03:00,998.70,998.70,995.45,995.45,40,444580
2019-08-01 10:04:00,995.45,1008.60,994.00,1007.40,420,444580
2019-08-01 10:05:00,1007.40,1007.40,1007.40,1007.40,0,0
2019-08-01 10:06:00,1007.40,1025.05,1007.40,1025.05,20,0
2019-08-01 10:07:00,1025.05,1028.40,1025.05,1028.40,20,444500
2019-08-01 10:08:00,1028.40,1028.40,1028.40,1028.40,0,0
2019-08-01 10:09:00,1028.40,1049.50,1027.00,1049.50,120,444500
2019-08-01 10:10:00,1049.50,1049.50,1049.50,1049.50,60,444500
2019-08-01 10:11:00,1049.50,1049.50,1049.50,1049.50,0,0
2019-08-01 10:12:00,1049.50,1049.50,1049.50,1049.50,0,0
2019-08-01 10:13:00,1049.50,1049.50,1049.50,1049.50,0,0
2019-08-01 10:14:00,1049.50,1049.50,1049.50,1049.50,0,0
2019-08-01 10:15:00,1049.50,1049.50,1037.10,1037.10,20,444520
2019-08-01 10:16:00,1037.10,1037.10,1037.10,1037.10,0,0
2019-08-01 10:17:00,1037.10,1037.10,1037.10,1037.10,0,0
2019-08-01 10:18:00,1037.10,1037.10,1037.10,1037.10,0,0
2019-08-01 10:19:00,1037.10,1037.10,1037.10,1037.10,0,0
2019-08-01 10:20:00,1037.10,1037.10,1037.10,1037.10,0,0
2019-08-01 10:21:00,1037.10,1037.10,1037.10,1037.10,0,0
2019-08-01 10:22:00,1037.10,1037.10,1037.10,1037.10,0,0
2019-08-01 10:23:00,1037.10,1037.10,1037.10,1037.10,0,0
2019-08-01 10:24:00,1037.10,1037.10,1037.10,1037.10,0,0
2019-08-01 10:25:00,1037.10,1037.10,1037.10,1037.10,0,0
2019-08-01 10:26:00,1037.10,1037.10,1037.10,1037.10,0,0
2019-08-01 10:27:00,1037.10,1037.10,1037.10,1037.10,0,0
2019-08-01 10:28:00,1037.10,1037.10,1037.10,1037.10,0,0
2019-08-01 10:29:00,1037.10,1037.10,1037.10,1037.10,0,0
2019-08-01 10:30:00,1037.10,1037.10,1037.10,1037.10,0,0
2019-08-01 10:31:00,1037.10,1037.10,1037.10,1037.10,0,0
2019-08-01 10:32:00,1037.10,1046.05,1037.10,1046.05,20,444500
2019-08-01 10:33:00,1046.05,1046.05,1046.05,1046.05,0,0
2019-08-01 10:34:00,1046.05,1046.05,1046.05,1046.05,0,0
2019-08-01 10:35:00,1046.05,1046.05,1046.05,1046.05,0,0
2019-08-01 10:36:00,1046.05,1046.05,1046.05,1046.05,0,0
2019-08-01 10:37:00,1046.05,1046.05,1046.05,1046.05,0,0
2019-08-01 10:38:00,1046.05,1046.05,1046.05,1046.05,0,0
2019-08-01 10:39:00,1046.05,1046.05,1036.00,1036.00,180,444500
2019-08-01 10:40:00,1036.00,1036.65,1036.00,1036.65,120,444320
2019-08-01 10:41:00,1036.65,1036.65,1036.65,1036.65,0,0
2019-08-01 10:42:00,1036.65,1036.65,1036.65,1036.65,0,0
2019-08-01 10:43:00,1036.65,1036.65,1036.65,1036.65,0,0
2019-08-01 10:44:00,1036.65,1036.65,1036.65,1036.65,0,0
2019-08-01 10:45:00,1036.65,1036.65,1036.65,1036.65,0,0
2019-08-01 10:46:00,1036.65,1036.65,1002.05,1002.05,80,444200
2019-08-01 10:47:00,1002.05,1002.05,1002.05,1002.05,0,0
2019-08-01 10:48:00,1002.05,1002.05,1002.05,1002.05,0,0
2019-08-01 10:49:00,995.15,1002.90,995.15,1002.90,40,444200
2019-08-01 10:50:00,1002.90,1002.90,1002.90,1002.90,0,0
2019-08-01 10:51:00,1002.90,1002.90,1002.90,1002.90,0,0
2019-08-01 10:52:00,1002.90,1002.90,1002.90,1002.90,0,0
2019-08-01 10:53:00,1002.90,1002.90,1002.90,1002.90,0,0
2019-08-01 10:54:00,1002.90,1002.90,1002.90,1002.90,0,0
2019-08-01 10:55:00,1002.90,1002.90,1002.90,1002.90,0,0
2019-08-01 10:56:00,1002.90,1002.90,1002.90,1002.90,0,0
2019-08-01 10:57:00,1002.90,1002.90,1002.90,1002.90,0,0
2019-08-01 10:58:00,1002.90,1002.90,1002.90,1002.90,0,0
2019-08-01 10:59:00,1002.90,1002.90,1002.90,1002.90,0,0
2019-08-01 11:00:00,1002.90,1002.90,1002.90,1002.90,0,0
2019-08-01 11:01:00,1002.90,1002.90,1002.90,1002.90,0,0
2019-08-01 11:02:00,1002.90,1002.90,1002.90,1002.90,0,0
2019-08-01 11:03:00,1002.90,1002.90,1000.00,1000.00,100,444200
2019-08-01 11:04:00,1000.00,1000.00,981.75,981.75,100,444300
2019-08-01 11:05:00,981.75,981.75,981.75,981.75,0,0
2019-08-01 11:06:00,981.75,981.75,981.75,981.75,0,0
2019-08-01 11:07:00,981.75,981.75,981.75,981.75,0,0
2019-08-01 11:08:00,981.75,981.75,981.75,981.75,0,0
2019-08-01 11:09:00,981.75,981.75,981.75,981.75,0,0
2019-08-01 11:10:00,981.75,981.75,981.75,981.75,0,0
2019-08-01 11:11:00,981.75,981.75,981.75,981.75,0,0
2019-08-01 11:12:00,981.75,981.75,981.75,981.75,0,0
2019-08-01 11:13:00,981.75,981.75,981.75,981.75,0,0
2019-08-01 11:14:00,981.75,1000.00,981.75,1000.00,100,0
2019-08-01 11:15:00,1000.00,1000.00,1000.00,1000.00,0,0
2019-08-01 11:16:00,1000.00,1000.00,1000.00,1000.00,0,0
2019-08-01 11:17:00,1000.00,1000.00,1000.00,1000.00,0,0
2019-08-01 11:18:00,1000.00,1000.00,1000.00,1000.00,0,0
2019-08-01 11:19:00,1000.00,1000.00,1000.00,1000.00,0,0
2019-08-01 11:20:00,1000.00,1000.00,1000.00,1000.00,0,0
2019-08-01 11:21:00,1000.00,1000.00,1000.00,1000.00,0,0
2019-08-01 11:22:00,1000.00,1000.00,1000.00,1000.00,0,0
2019-08-01 11:23:00,1000.00,1000.00,1000.00,1000.00,0,0
2019-08-01 11:24:00,1000.00,1000.00,1000.00,1000.00,0,0
2019-08-01 11:25:00,1000.00,1000.00,1000.00,1000.00,0,0
2019-08-01 11:26:00,1000.00,1000.00,1000.00,1000.00,0,0
2019-08-01 11:27:00,1000.00,1000.00,1000.00,1000.00,0,0
2019-08-01 11:28:00,1000.00,1005.00,1000.00,1005.00,20,444500
2019-08-01 11:29:00,1005.00,1005.00,1000.00,1000.00,0,444500
2019-08-01 11:30:00,1000.00,1000.00,1000.00,1000.00,0,0
2019-08-01 11:31:00,1000.00,1000.00,1000.00,1000.00,0,0
2019-08-01 11:32:00,1000.00,1000.00,1000.00,1000.00,0,0
2019-08-01 11:33:00,1000.00,1000.00,1000.00,1000.00,0,0
2019-08-01 11:34:00,1000.00,1000.00,1000.00,1000.00,0,0
2019-08-01 11:35:00,1000.00,1000.00,1000.00,1000.00,0,0
2019-08-01 11:36:00,1000.00,1000.00,968.60,968.60,40,444500
2019-08-01 11:37:00,968.60,968.60,968.60,968.60,0,0
2019-08-01 11:38:00,968.60,968.60,968.60,968.60,0,0
2019-08-01 11:39:00,968.60,968.60,968.60,968.60,0,0
2019-08-01 11:40:00,968.60,968.60,968.60,968.60,0,0
2019-08-01 11:41:00,968.60,968.60,968.60,968.60,0,0
2019-08-01 11:42:00,968.60,968.60,968.60,968.60,0,0
2019-08-01 11:43:00,968.60,985.00,968.60,985.00,20,444480
2019-08-01 11:44:00,985.00,985.00,985.00,985.00,0,0
2019-08-01 11:45:00,985.00,985.00,985.00,985.00,0,0
2019-08-01 11:46:00,985.00,985.00,985.00,985.00,0,0
2019-08-01 11:47:00,985.00,985.00,985.00,985.00,0,0
2019-08-01 11:48:00,985.00,985.00,985.00,985.00,0,0
2019-08-01 11:49:00,985.00,985.00,985.00,985.00,0,0
2019-08-01 11:50:00,985.00,985.00,985.00,985.00,0,0
2019-08-01 11:51:00,985.00,985.00,985.00,985.00,0,0
2019-08-01 11:52:00,985.00,985.00,985.00,985.00,0,0
2019-08-01 11:53:00,985.00,985.00,985.00,985.00,0,0
2019-08-01 11:54:00,985.00,985.00,985.00,985.00,0,0
2019-08-01 11:55:00,985.00,985.00,985.00,985.00,0,0
2019-08-01 11:56:00,985.00,985.00,985.00,985.00,0,0
2019-08-01 11:57:00,985.00,985.00,985.00,985.00,0,0
2019-08-01 11:58:00,985.00,985.00,985.00,985.00,0,0
2019-08-01 11:59:00,985.00,985.00,985.00,985.00,0,0
2019-08-01 12:00:00,985.00,985.00,985.00,985.00,0,0
2019-08-01 12:01:00,985.00,985.00,985.00,985.00,0,0
2019-08-01 12:02:00,985.00,985.00,985.00,985.00,0,0
2019-08-01 12:03:00,985.00,985.00,985.00,985.00,0,0
2019-08-01 12:04:00,985.00,985.00,985.00,985.00,0,0
2019-08-01 12:05:00,985.00,985.00,985.00,985.00,0,0
2019-08-01 12:06:00,985.00,1025.00,985.00,1025.00,20,444480
2019-08-01 12:07:00,1025.00,1025.00,1025.00,1025.00,0,0
2019-08-01 12:08:00,1025.00,1025.00,1025.00,1025.00,0,0
2019-08-01 12:09:00,1025.00,1025.00,1025.00,1025.00,0,0
2019-08-01 12:10:00,1025.00,1025.00,1025.00,1025.00,0,0
2019-08-01 12:11:00,1025.00,1025.00,1025.00,1025.00,0,0
2019-08-01 12:12:00,1025.00,1025.00,1025.00,1025.00,0,0
2019-08-01 12:13:00,1025.00,1025.00,1025.00,1025.00,0,0
2019-08-01 12:14:00,1025.00,1025.00,1025.00,1025.00,0,0
2019-08-01 12:15:00,1025.00,1025.00,1025.00,1025.00,0,0
2019-08-01 12:16:00,1025.00,1025.00,1025.00,1025.00,0,0
2019-08-01 12:17:00,1025.00,1025.00,1025.00,1025.00,0,0
2019-08-01 12:18:00,1025.00,1025.00,1025.00,1025.00,0,0
2019-08-01 12:19:00,1025.00,1025.00,1025.00,1025.00,0,0
2019-08-01 12:20:00,1025.00,1025.00,1025.00,1025.00,0,0
2019-08-01 12:21:00,1025.00,1025.00,1025.00,1025.00,0,0
2019-08-01 12:22:00,1025.00,1025.00,1025.00,1025.00,0,0
2019-08-01 12:23:00,1025.00,1025.00,1025.00,1025.00,0,0
2019-08-01 12:24:00,1025.00,1025.00,1025.00,1025.00,0,0
2019-08-01 12:25:00,1025.00,1025.00,1025.00,1025.00,0,0
2019-08-01 12:26:00,1025.00,1025.00,1025.00,1025.00,0,0
2019-08-01 12:27:00,1025.00,1025.00,1025.00,1025.00,0,0
2019-08-01 12:28:00,1025.00,1025.00,1025.00,1025.00,0,0
2019-08-01 12:29:00,1025.00,1025.00,1025.00,1025.00,0,0
2019-08-01 12:30:00,1025.00,1025.00,1025.00,1025.00,0,0
2019-08-01 12:31:00,1025.00,1025.00,1025.00,1025.00,0,0
2019-08-01 12:32:00,1025.00,1025.00,1025.00,1025.00,0,0
2019-08-01 12:33:00,1025.00,1025.00,1025.00,1025.00,0,0
2019-08-01 12:34:00,1025.00,1025.00,1025.00,1025.00,0,0
2019-08-01 12:35:00,1025.00,1025.00,1025.00,1025.00,0,0
2019-08-01 12:36:00,1025.00,1025.00,1025.00,1025.00,0,0
2019-08-01 12:37:00,1025.00,1025.00,1025.00,1025.00,0,0
2019-08-01 12:38:00,1025.00,1025.00,1025.00,1025.00,0,0
2019-08-01 12:39:00,1025.00,1025.00,1025.00,1025.00,0,0
2019-08-01 12:40:00,1025.00,1025.00,1025.00,1025.00,0,0
2019-08-01 12:41:00,1025.00,1025.00,1025.00,1025.00,0,0
2019-08-01 12:42:00,1025.00,1025.00,1025.00,1025.00,0,0
2019-08-01 12:43:00,1025.00,1025.00,1025.00,1025.00,0,0
2019-08-01 12:44:00,1025.00,1025.00,1025.00,1025.00,0,0
2019-08-01 12:45:00,1025.00,1025.00,1025.00,1025.00,0,0
2019-08-01 12:46:00,1025.00,1025.00,1025.00,1025.00,0,0
2019-08-01 12:47:00,1025.00,1025.00,1025.00,1025.00,0,0
2019-08-01 12:48:00,1025.00,1025.00,1025.00,1025.00,0,0
2019-08-01 12:49:00,1025.00,1025.00,1025.00,1025.00,0,0
2019-08-01 12:50:00,1025.00,1025.00,1025.00,1025.00,0,0
2019-08-01 12:51:00,1025.00,1025.00,1025.00,1025.00,0,0
2019-08-01 12:52:00,1025.00,1025.00,1025.00,1025.00,0,0
2019-08-01 12:53:00,1025.00,1025.00,1025.00,1025.00,0,0
2019-08-01 12:54:00,1025.00,1025.00,1025.00,1025.00,0,0
2019-08-01 12:55:00,1025.00,1025.00,1025.00,1025.00,0,0
2019-08-01 12:56:00,1025.00,1025.00,1025.00,1025.00,0,0
2019-08-01 12:57:00,1025.00,1025.00,1025.00,1025.00,0,0
2019-08-01 12:58:00,1025.00,1025.00,1025.00,1025.00,0,0
2019-08-01 12:59:00,1025.00,1025.00,1025.00,1025.00,0,0
2019-08-01 13:00:00,1025.00,1025.00,1025.00,1025.00,0,0
2019-08-01 13:01:00,1025.00,1025.00,1025.00,1025.00,0,0
2019-08-01 13:02:00,1025.00,1025.00,1025.00,1025.00,0,0
2019-08-01 13:03:00,1025.00,1025.00,1025.00,1025.00,0,0
2019-08-01 13:04:00,1025.00,1025.00,1025.00,1025.00,0,0
2019-08-01 13:05:00,1025.00,1063.45,1025.00,1063.45,140,444480
2019-08-01 13:06:00,1063.45,1063.45,1059.75,1059.95,120,444480
2019-08-01 13:07:00,1059.95,1059.95,1059.95,1059.95,0,0
2019-08-01 13:08:00,1059.95,1059.95,1059.95,1059.95,0,0
2019-08-01 13:09:00,1059.95,1059.95,1059.95,1059.95,0,0
2019-08-01 13:10:00,1059.95,1059.95,1059.95,1059.95,0,0
2019-08-01 13:11:00,1059.95,1059.95,1059.95,1059.95,0,0
2019-08-01 13:12:00,1059.95,1059.95,1059.95,1059.95,0,0
2019-08-01 13:13:00,1059.95,1059.95,1059.95,1059.95,0,0
2019-08-01 13:14:00,1059.95,1059.95,1059.95,1059.95,0,0
2019-08-01 13:15:00,1059.95,1059.95,1059.95,1059.95,0,0
2019-08-01 13:16:00,1059.95,1059.95,1059.95,1059.95,0,0
2019-08-01 13:17:00,1059.95,1059.95,1059.95,1059.95,0,0
2019-08-01 13:18:00,1059.95,1059.95,1017.20,1017.20,20,444480
2019-08-01 13:19:00,1017.20,1017.20,1014.35,1014.85,60,444480
2019-08-01 13:20:00,1014.85,1014.85,1014.85,1014.85,0,0
2019-08-01 13:21:00,1014.85,1020.55,1014.45,1014.45,40,444480
2019-08-01 13:22:00,1014.45,1027.15,1014.45,1027.15,80,444340
2019-08-01 13:23:00,1027.15,1029.60,1027.15,1029.60,20,0
2019-08-01 13:24:00,1029.60,1029.60,1029.60,1029.60,0,0
2019-08-01 13:25:00,1029.60,1029.60,1029.60,1029.60,0,0
2019-08-01 13:26:00,1029.60,1029.60,1029.45,1029.45,20,0
2019-08-01 13:27:00,1029.45,1033.00,1029.45,1033.00,340,444240
2019-08-01 13:28:00,1035.00,1036.95,1035.00,1036.95,360,444540
2019-08-01 13:29:00,1036.95,1036.95,1036.95,1036.95,0,0
2019-08-01 13:30:00,1036.95,1036.95,1036.95,1036.95,0,0
2019-08-01 13:31:00,1036.95,1036.95,1036.95,1036.95,0,0
2019-08-01 13:32:00,1036.95,1040.60,1036.95,1040.60,20,0
2019-08-01 13:33:00,1040.60,1051.30,1040.60,1051.30,40,444880
2019-08-01 13:34:00,1053.00,1057.20,1050.00,1057.20,200,444840
2019-08-01 13:35:00,1057.20,1074.10,1057.20,1066.90,100,444840
2019-08-01 13:36:00,1070.45,1074.75,1068.90,1069.20,100,444840
2019-08-01 13:37:00,1069.20,1080.80,1069.20,1070.40,120,445020
2019-08-01 13:38:00,1070.40,1076.40,1067.90,1072.85,120,445020
2019-08-01 13:39:00,1072.85,1081.55,1071.30,1079.85,120,445020
2019-08-01 13:40:00,1079.85,1079.85,1078.95,1078.95,20,444640
2019-08-01 13:41:00,1078.95,1078.95,1078.95,1078.95,0,0
2019-08-01 13:42:00,1078.95,1078.95,1078.95,1078.95,0,0
2019-08-01 13:43:00,1078.95,1078.95,1078.95,1078.95,0,0
2019-08-01 13:44:00,1078.95,1078.95,1078.95,1078.95,0,0
2019-08-01 13:45:00,1078.95,1078.95,1078.95,1078.95,0,0
2019-08-01 13:46:00,1078.95,1078.95,1078.95,1078.95,0,0
2019-08-01 13:47:00,1078.95,1097.90,1078.95,1097.90,40,444600
2019-08-01 13:48:00,1097.90,1097.90,1097.90,1097.90,0,0
2019-08-01 13:49:00,1097.90,1097.90,1097.90,1097.90,0,0
2019-08-01 13:50:00,1097.90,1097.90,1097.90,1097.90,0,0
2019-08-01 13:51:00,1097.90,1097.90,1087.00,1090.00,140,444620
2019-08-01 13:52:00,1090.00,1090.00,1090.00,1090.00,0,0
2019-08-01 13:53:00,1090.00,1090.00,1090.00,1090.00,0,0
2019-08-01 13:54:00,1090.00,1090.00,1090.00,1090.00,0,0
2019-08-01 13:55:00,1090.00,1090.00,1090.00,1090.00,0,0
2019-08-01 13:56:00,1090.00,1090.00,1076.00,1076.00,20,444760
2019-08-01 13:57:00,1076.00,1076.00,1076.00,1076.00,0,0
2019-08-01 13:58:00,1076.00,1076.00,1076.00,1076.00,0,0
2019-08-01 13:59:00,1076.00,1076.00,1076.00,1076.00,0,0
2019-08-01 14:00:00,1076.00,1076.00,1076.00,1076.00,0,0
2019-08-01 14:01:00,1076.00,1076.00,1076.00,1076.00,0,0
2019-08-01 14:02:00,1076.00,1076.00,1076.00,1076.00,0,0
2019-08-01 14:03:00,1076.00,1076.00,1076.00,1076.00,0,0
2019-08-01 14:04:00,1076.00,1110.00,1076.00,1110.00,20,444760
2019-08-01 14:05:00,1110.00,1120.00,1110.00,1120.00,100,444760
2019-08-01 14:06:00,1120.00,1120.00,1120.00,1120.00,0,0
2019-08-01 14:07:00,1120.00,1120.00,1113.15,1113.15,160,444860
2019-08-01 14:08:00,1113.15,1115.10,1105.95,1105.95,40,444860
2019-08-01 14:09:00,1105.95,1120.00,1105.95,1120.00,100,444860
2019-08-01 14:10:00,1120.00,1120.00,1120.00,1120.00,0,0
2019-08-01 14:11:00,1120.00,1137.40,1120.00,1136.25,60,444960
2019-08-01 14:12:00,1130.00,1130.00,1128.95,1130.00,60,445000
2019-08-01 14:13:00,1130.00,1135.00,1130.00,1135.00,20,445000
2019-08-01 14:14:00,1135.00,1135.00,1127.00,1127.00,100,445000
2019-08-01 14:15:00,1127.00,1130.00,1124.35,1130.00,140,445000
2019-08-01 14:16:00,1130.00,1150.10,1130.00,1150.10,420,445200
2019-08-01 14:17:00,1150.10,1150.10,1148.95,1148.95,160,445200
2019-08-01 14:18:00,1148.95,1152.00,1146.95,1146.95,380,445420
2019-08-01 14:19:00,1146.95,1147.25,1146.95,1147.25,40,445420
2019-08-01 14:20:00,1147.25,1147.25,1137.50,1137.50,60,445420
2019-08-01 14:21:00,1137.50,1137.50,1137.50,1137.50,0,0
2019-08-01 14:22:00,1137.50,1137.50,1137.50,1137.50,0,0
2019-08-01 14:23:00,1137.50,1141.25,1137.50,1138.65,200,445560
2019-08-01 14:24:00,1138.65,1138.65,1133.70,1134.75,180,445560
2019-08-01 14:25:00,1134.75,1134.75,1129.65,1129.65,20,445560
2019-08-01 14:26:00,1129.65,1129.65,1123.65,1126.75,80,445560
2019-08-01 14:27:00,1126.75,1133.25,1126.75,1133.25,60,445560
2019-08-01 14:28:00,1133.25,1133.25,1133.25,1133.25,0,0
2019-08-01 14:29:00,1133.25,1143.55,1133.25,1143.55,40,445560
2019-08-01 14:30:00,1143.55,1150.00,1143.55,1150.00,20,445560
2019-08-01 14:31:00,1150.00,1160.25,1150.00,1160.25,20,445580
2019-08-01 14:32:00,1160.25,1160.25,1146.70,1146.70,20,445580
2019-08-01 14:33:00,1146.70,1146.70,1143.30,1143.30,60,445580
2019-08-01 14:34:00,1143.30,1143.30,1143.30,1143.30,0,0
2019-08-01 14:35:00,1143.30,1143.30,1143.30,1143.30,0,0
2019-08-01 14:36:00,1143.30,1143.30,1143.30,1143.30,0,0
2019-08-01 14:37:00,1143.30,1143.30,1143.30,1143.30,0,0
2019-08-01 14:38:00,1143.30,1143.30,1143.30,1143.30,0,0
2019-08-01 14:39:00,1143.30,1143.30,1143.30,1143.30,0,0
2019-08-01 14:40:00,1143.30,1143.30,1136.85,1136.85,40,445580
2019-08-01 14:41:00,1136.85,1136.85,1136.85,1136.85,0,0
2019-08-01 14:42:00,1136.85,1138.35,1136.00,1136.00,80,445580
2019-08-01 14:43:00,1136.00,1136.00,1132.15,1132.90,200,445580
2019-08-01 14:44:00,1132.90,1132.90,1132.90,1132.90,0,0
2019-08-01 14:45:00,1132.90,1132.90,1132.90,1132.90,0,0
2019-08-01 14:46:00,1132.90,1132.90,1132.90,1132.90,0,0
2019-08-01 14:47:00,1132.90,1132.90,1132.90,1132.90,0,0
2019-08-01 14:48:00,1132.90,1132.90,1132.90,1132.90,0,0
2019-08-01 14:49:00,1132.90,1132.90,1129.30,1129.30,20,445580
2019-08-01 14:50:00,1129.30,1129.30,1129.30,1129.30,0,0
2019-08-01 14:51:00,1129.30,1129.30,1129.30,1129.30,0,0
2019-08-01 14:52:00,1129.30,1129.30,1129.30,1129.30,0,0
2019-08-01 14:53:00,1129.30,1129.30,1129.30,1129.30,0,0
2019-08-01 14:54:00,1129.30,1129.30,1129.30,1129.30,0,0
2019-08-01 14:55:00,1129.30,1129.30,1129.30,1129.30,0,0
2019-08-01 14:56:00,1129.30,1129.30,1129.30,1129.30,0,0
2019-08-01 14:57:00,1129.30,1129.30,1129.30,1129.30,0,0
2019-08-01 14:58:00,1129.30,1129.30,1129.30,1129.30,0,0
2019-08-01 14:59:00,1129.30,1129.95,1127.25,1127.25,220,445580
2019-08-01 15:00:00,1127.25,1133.10,1127.25,1133.10,40,445580
2019-08-01 15:01:00,1133.10,1133.10,1133.10,1133.10,0,0
2019-08-01 15:02:00,1133.10,1140.00,1133.10,1140.00,20,445580
2019-08-01 15:03:00,1140.00,1140.00,1140.00,1140.00,0,0
2019-08-01 15:04:00,1140.00,1140.00,1140.00,1140.00,0,0
2019-08-01 15:05:00,1140.00,1153.10,1140.00,1153.10,20,445600
2019-08-01 15:06:00,1153.10,1153.10,1153.10,1153.10,0,0
2019-08-01 15:07:00,1153.10,1153.10,1153.10,1153.10,0,0
2019-08-01 15:08:00,1153.10,1153.10,1153.10,1153.10,0,0
2019-08-01 15:09:00,1153.10,1154.00,1147.35,1147.35,60,445600
2019-08-01 15:10:00,1147.35,1156.90,1147.35,1156.90,160,445600
2019-08-01 15:11:00,1156.90,1156.90,1156.90,1156.90,0,0
2019-08-01 15:12:00,1156.90,1170.00,1156.90,1170.00,80,445620
2019-08-01 15:13:00,1175.00,1175.00,1175.00,1175.00,0,0
2019-08-01 15:14:00,1175.00,1175.00,1175.00,1175.00,0,0
2019-08-01 15:15:00,1175.00,1175.00,1175.00,1175.00,0,0
2019-08-01 15:16:00,1175.00,1184.95,1175.00,1178.50,560,445620
2019-08-01 15:17:00,1178.50,1186.75,1178.00,1184.35,660,445620
2019-08-01 15:18:00,1184.35,1188.00,1183.50,1188.00,240,445620
2019-08-01 15:19:00,1188.00,1188.00,1188.00,1188.00,0,0
2019-08-01 15:20:00,1188.00,1188.00,1188.00,1188.00,20,445660
2019-08-01 15:21:00,1188.00,1188.00,1188.00,1188.00,0,0
2019-08-01 15:22:00,1188.00,1188.00,1180.00,1180.00,200,445660
2019-08-01 15:23:00,1180.00,1180.00,1176.55,1177.45,440,445660
2019-08-01 15:24:00,1177.45,1180.50,1177.45,1178.90,140,445660
2019-08-01 15:25:00,1178.90,1180.70,1177.50,1180.70,600,445660
2019-08-01 15:26:00,1180.70,1180.70,1176.35,1176.35,120,445660
2019-08-01 15:27:00,1176.35,1180.00,1174.10,1178.90,520,445660
2019-08-01 15:28:00,1178.90,1179.80,1178.90,1179.80,40,445640
2019-08-01 15:29:01,1179.80,1179.80,1172.00,1172.00,200,445640
2019-09-01 09:15:00,1288.10,1318.55,1288.10,1307.40,40,445640
2019-09-01 09:16:00,1307.40,1307.40,1274.00,1287.70,260,445620
2019-09-01 09:17:00,1287.70,1287.70,1285.00,1287.30,60,445620
2019-09-01 09:18:00,1287.30,1287.30,1268.20,1269.20,60,445620
2019-09-01 09:19:00,1269.20,1269.20,1251.65,1253.55,140,445620
2019-09-01 09:20:00,1253.55,1263.30,1253.55,1260.00,140,445620
2019-09-01 09:21:00,1260.00,1266.40,1260.00,1265.30,1040,445640
2019-09-01 09:22:00,1265.30,1266.15,1265.30,1266.15,60,445640
2019-09-01 09:23:00,1266.15,1266.15,1266.15,1266.15,0,0
2019-09-01 09:24:00,1266.15,1266.15,1241.60,1251.25,120,445640
2019-09-01 09:25:00,1251.25,1251.25,1238.90,1238.90,660,445640
2019-09-01 09:26:00,1238.90,1238.90,1238.90,1238.90,0,0
2019-09-01 09:27:00,1238.90,1238.90,1238.90,1238.90,0,445640
2019-09-01 09:28:00,1240.80,1240.80,1237.30,1237.30,40,445640
2019-09-01 09:29:00,1237.30,1237.30,1237.30,1237.30,0,0
2019-09-01 09:30:00,1237.30,1237.30,1217.25,1217.25,60,445660
2019-09-01 09:31:00,1217.25,1217.25,1217.25,1217.25,0,0
2019-09-01 09:32:00,1217.25,1217.25,1217.25,1217.25,0,0
2019-09-01 09:33:00,1217.25,1217.25,1217.25,1217.25,0,0
2019-09-01 09:34:00,1217.25,1243.50,1217.25,1243.50,80,445700
2019-09-01 09:35:00,1243.50,1243.50,1232.05,1232.05,20,445700
2019-09-01 09:36:00,1232.05,1235.25,1231.30,1232.90,140,445700
2019-09-01 09:37:00,1232.90,1238.70,1232.90,1236.40,620,445700
2019-09-01 09:38:00,1236.40,1241.60,1234.75,1241.60,400,445700
2019-09-01 09:39:00,1241.60,1245.00,1240.45,1241.65,720,445760
2019-09-01 09:40:00,1241.65,1251.30,1241.65,1249.65,220,445760
2019-09-01 09:41:00,1249.65,1257.30,1249.65,1257.30,40,445760
2019-09-01 09:42:00,1257.30,1262.50,1255.00,1256.50,1020,445760
2019-09-01 09:43:00,1256.50,1256.50,1247.00,1248.70,820,445500
2019-09-01 09:44:00,1250.65,1251.60,1247.20,1247.20,100,445500
2019-09-01 09:45:00,1247.20,1247.20,1232.65,1232.65,120,445500
2019-09-01 09:46:00,1236.00,1239.80,1232.85,1232.85,180,445500
2019-09-01 09:47:00,1232.85,1240.85,1232.85,1236.20,240,445500
2019-09-01 09:48:00,1236.20,1236.20,1230.25,1230.25,220,445180
2019-09-01 09:49:00,1230.25,1235.00,1230.25,1235.00,40,445180
2019-09-01 09:50:00,1235.00,1235.00,1231.95,1233.25,60,445180
2019-09-01 09:51:00,1233.25,1238.00,1230.40,1234.05,1520,445180
2019-09-01 09:52:00,1233.15,1238.15,1233.15,1238.00,1680,445180
2019-09-01 09:53:00,1238.00,1244.10,1238.00,1238.45,660,445180
2019-09-01 09:54:00,1238.45,1244.15,1232.25,1244.15,1040,445380
2019-09-01 09:55:00,1244.15,1247.00,1242.25,1242.25,700,445380
2019-09-01 09:56:00,1242.25,1242.95,1241.25,1241.25,380,445380
2019-09-01 09:57:00,1241.25,1242.55,1241.25,1242.55,200,445380
2019-09-01 09:58:00,1243.25,1243.40,1225.35,1225.35,480,445380
2019-09-01 09:59:00,1223.60,1230.45,1222.15,1230.45,80,445380
2019-09-01 10:00:00,1230.45,1230.45,1220.65,1220.65,60,445380
2019-09-01 10:01:00,1220.65,1235.00,1220.65,1229.05,240,445340
2019-09-01 10:02:00,1229.05,1229.30,1229.05,1229.30,0,445340
2019-09-01 10:03:00,1229.30,1229.30,1229.30,1229.30,0,0
2019-09-01 10:04:00,1223.70,1223.70,1223.70,1223.70,0,445200
2019-09-01 10:05:00,1223.70,1231.40,1223.70,1227.95,240,445200
2019-09-01 10:06:00,1227.95,1227.95,1227.95,1227.95,0,0
2019-09-01 10:07:00,1227.95,1227.95,1227.95,1227.95,0,0
2019-09-01 10:08:00,1227.95,1227.95,1227.95,1227.95,0,0
2019-09-01 10:09:00,1227.95,1227.95,1227.95,1227.95,0,0
2019-09-01 10:10:00,1227.95,1227.95,1206.30,1206.30,200,445240
2019-09-01 10:11:00,1206.30,1206.30,1206.30,1206.30,0,0
2019-09-01 10:12:00,1206.30,1206.30,1206.30,1206.30,0,0
2019-09-01 10:13:00,1206.30,1206.30,1206.30,1206.30,0,0
2019-09-01 10:14:00,1206.30,1218.35,1206.30,1218.35,100,445240
2019-09-01 10:15:00,1218.35,1218.35,1218.35,1218.35,0,0
2019-09-01 10:16:00,1218.35,1218.35,1215.70,1215.70,200,445240
2019-09-01 10:17:00,1215.70,1215.70,1213.90,1213.90,80,445240
2019-09-01 10:18:00,1213.90,1213.90,1211.50,1213.90,260,445240
2019-09-01 10:19:00,1213.90,1213.90,1210.00,1210.00,80,445040
2019-09-01 10:20:00,1210.00,1214.90,1210.00,1214.90,200,445040
2019-09-01 10:21:00,1214.90,1214.90,1214.90,1214.90,0,0
2019-09-01 10:22:00,1214.90,1214.90,1214.90,1214.90,0,0
2019-09-01 10:23:00,1214.90,1214.90,1214.90,1214.90,0,0
2019-09-01 10:24:00,1214.90,1214.90,1214.90,1214.90,0,0
2019-09-01 10:25:00,1214.90,1214.90,1214.90,1214.90,0,0
2019-09-01 10:26:00,1214.90,1228.10,1214.90,1228.00,100,445040
2019-09-01 10:27:00,1228.00,1228.00,1228.00,1228.00,0,0
2019-09-01 10:28:00,1228.00,1236.85,1228.00,1236.85,20,445040
2019-09-01 10:29:00,1236.85,1240.55,1236.00,1236.00,160,445040
2019-09-01 10:30:00,1236.00,1236.00,1236.00,1236.00,0,0
2019-09-01 10:31:00,1236.00,1236.00,1236.00,1236.00,0,0
2019-09-01 10:32:00,1236.00,1236.00,1236.00,1236.00,0,0
2019-09-01 10:33:00,1236.00,1236.00,1229.10,1229.10,20,445040
2019-09-01 10:34:00,1229.10,1233.55,1229.10,1233.55,40,445040
2019-09-01 10:35:00,1233.55,1233.55,1233.55,1233.55,0,0
2019-09-01 10:36:00,1233.55,1233.55,1230.20,1230.20,20,445000
2019-09-01 10:37:00,1230.20,1230.20,1230.20,1230.20,0,0
2019-09-01 10:38:00,1230.20,1230.20,1230.20,1230.20,0,0
2019-09-01 10:39:00,1230.20,1230.20,1220.60,1220.60,120,445000
2019-09-01 10:40:00,1220.60,1220.60,1219.05,1219.05,40,445000
2019-09-01 10:41:00,1219.05,1219.05,1219.05,1219.05,0,0
2019-09-01 10:42:00,1219.05,1219.20,1215.70,1215.70,100,445000
2019-09-01 10:43:00,1215.70,1221.40,1215.70,1221.40,200,445000
2019-09-01 10:44:00,1219.15,1219.15,1219.15,1219.15,0,0
2019-09-01 10:45:00,1219.15,1219.15,1219.15,1219.15,0,0
2019-09-01 10:46:00,1219.15,1228.00,1219.15,1228.00,200,445040
2019-09-01 10:47:00,1228.50,1228.50,1226.45,1226.45,200,445040
2019-09-01 10:48:00,1226.45,1226.45,1226.45,1226.45,0,0
2019-09-01 10:49:00,1226.45,1226.45,1222.75,1222.75,60,445040
2019-09-01 10:50:00,1222.75,1222.75,1222.75,1222.75,0,0
2019-09-01 10:51:00,1222.75,1222.75,1222.75,1222.75,0,0
2019-09-01 10:52:00,1222.75,1222.75,1222.75,1222.75,0,0
2019-09-01 10:53:00,1222.75,1222.75,1220.10,1220.10,160,445040
2019-09-01 10:54:00,1220.10,1220.10,1220.10,1220.10,0,0
2019-09-01 10:55:00,1220.10,1220.10,1220.10,1220.10,0,0
2019-09-01 10:56:00,1220.10,1220.10,1220.10,1220.10,0,0
2019-09-01 10:57:00,1220.10,1220.10,1220.10,1220.10,0,0
2019-09-01 10:58:00,1220.10,1220.10,1200.50,1200.50,140,445040
2019-09-01 10:59:00,1200.50,1203.55,1200.50,1203.55,40,445040
2019-09-01 11:00:00,1203.55,1203.55,1198.15,1198.15,60,445040
2019-09-01 11:01:00,1198.15,1200.20,1191.55,1191.80,940,445040
2019-09-01 11:02:00,1191.80,1191.80,1188.80,1188.80,200,445040
2019-09-01 11:03:00,1188.80,1196.55,1188.80,1196.55,120,445040
2019-09-01 11:04:00,1196.55,1196.55,1196.55,1196.55,0,0
2019-09-01 11:05:00,1196.55,1196.55,1196.55,1196.55,0,0
2019-09-01 11:06:00,1196.55,1196.55,1196.55,1196.55,0,0
2019-09-01 11:07:00,1196.55,1196.55,1196.55,1196.55,0,0
2019-09-01 11:08:00,1196.55,1196.55,1196.55,1196.55,0,0
2019-09-01 11:09:00,1196.55,1196.55,1196.55,1196.55,0,0
2019-09-01 11:10:00,1196.55,1201.40,1196.55,1201.40,60,445040
2019-09-01 11:11:00,1201.40,1201.40,1201.40,1201.40,20,445040
2019-09-01 11:12:00,1201.40,1201.40,1201.40,1201.40,0,0
2019-09-01 11:13:00,1201.40,1201.40,1201.40,1201.40,0,0
2019-09-01 11:14:00,1201.40,1201.40,1201.40,1201.40,0,0
2019-09-01 11:15:00,1201.40,1201.40,1201.40,1201.40,0,0
2019-09-01 11:16:00,1201.40,1201.40,1201.40,1201.40,0,0
2019-09-01 11:17:00,1201.40,1201.40,1201.40,1201.40,0,0
2019-09-01 11:18:00,1201.40,1201.40,1201.40,1201.40,0,0
2019-09-01 11:19:00,1201.40,1201.40,1201.40,1201.40,0,0
2019-09-01 11:20:00,1201.40,1201.40,1201.40,1201.40,0,0
2019-09-01 11:21:00,1201.40,1201.40,1201.40,1201.40,0,0
2019-09-01 11:22:00,1201.40,1201.40,1201.40,1201.40,0,0
2019-09-01 11:23:00,1201.40,1201.40,1201.40,1201.40,0,0
2019-09-01 11:24:00,1201.40,1201.40,1201.40,1201.40,0,0
2019-09-01 11:25:00,1201.40,1201.40,1201.40,1201.40,0,0
2019-09-01 11:26:00,1201.40,1220.60,1201.40,1220.60,2360,444980
2019-09-01 11:27:00,1220.60,1220.60,1220.60,1220.60,0,0
2019-09-01 11:28:00,1220.60,1220.60,1220.60,1220.60,0,0
2019-09-01 11:29:00,1220.60,1220.60,1220.60,1220.60,0,0
2019-09-01 11:30:00,1220.60,1220.60,1220.60,1220.60,0,0
2019-09-01 11:31:00,1220.60,1220.60,1215.00,1215.00,240,445040
2019-09-01 11:32:00,1215.00,1215.00,1215.00,1215.00,0,0
2019-09-01 11:33:00,1215.00,1221.20,1215.00,1221.20,20,445040
2019-09-01 11:34:00,1221.20,1231.15,1221.20,1230.00,80,445040
2019-09-01 11:35:00,1230.00,1230.00,1230.00,1230.00,0,0
2019-09-01 11:36:00,1230.00,1230.00,1230.00,1230.00,0,0
2019-09-01 11:37:00,1230.00,1230.00,1230.00,1230.00,0,0
2019-09-01 11:38:00,1230.00,1230.00,1230.00,1230.00,0,0
2019-09-01 11:39:00,1230.00,1230.00,1230.00,1230.00,0,0
2019-09-01 11:40:00,1230.00,1230.00,1230.00,1230.00,0,0
2019-09-01 11:41:00,1230.00,1230.00,1230.00,1230.00,0,0
2019-09-01 11:42:00,1230.00,1230.00,1230.00,1230.00,0,0
2019-09-01 11:43:00,1230.00,1230.00,1230.00,1230.00,0,0
2019-09-01 11:44:00,1230.00,1230.00,1230.00,1230.00,0,0
2019-09-01 11:45:00,1230.00,1230.00,1230.00,1230.00,0,0
2019-09-01 11:46:00,1230.00,1230.00,1215.00,1215.00,100,445020
2019-09-01 11:47:00,1215.00,1215.00,1215.00,1215.00,0,0
2019-09-01 11:48:00,1215.00,1215.00,1215.00,1215.00,0,0
2019-09-01 11:49:00,1215.00,1218.25,1215.00,1218.25,20,445020
2019-09-01 11:50:00,1218.25,1220.40,1218.25,1220.40,40,445020
2019-09-01 11:51:00,1220.40,1220.40,1220.40,1220.40,0,0
2019-09-01 11:52:00,1220.40,1220.40,1220.40,1220.40,0,0
2019-09-01 11:53:00,1220.40,1220.40,1220.40,1220.40,0,0
2019-09-01 11:54:00,1220.40,1220.40,1220.40,1220.40,0,0
2019-09-01 11:55:00,1220.40,1220.40,1220.40,1220.40,0,0
2019-09-01 11:56:00,1220.40,1220.40,1220.40,1220.40,0,0
2019-09-01 11:57:00,1220.40,1228.20,1220.40,1228.20,20,445020
2019-09-01 11:58:00,1228.20,1228.20,1228.20,1228.20,0,0
2019-09-01 11:59:00,1228.20,1236.30,1228.20,1236.30,20,445020
2019-09-01 12:00:00,1236.30,1236.30,1236.30,1236.30,0,0
2019-09-01 12:01:00,1236.30,1236.30,1236.30,1236.30,0,0
2019-09-01 12:02:00,1236.30,1236.30,1236.30,1236.30,0,0
2019-09-01 12:03:00,1236.30,1236.30,1236.30,1236.30,0,0
2019-09-01 12:04:00,1236.30,1236.30,1236.30,1236.30,0,0
2019-09-01 12:05:00,1236.30,1236.30,1236.30,1236.30,0,0
2019-09-01 12:06:00,1236.30,1236.30,1236.30,1236.30,0,0
2019-09-01 12:07:00,1236.30,1236.30,1236.30,1236.30,0,0
2019-09-01 12:08:00,1236.30,1236.30,1236.30,1236.30,0,0
2019-09-01 12:09:00,1236.30,1236.30,1236.30,1236.30,0,0
2019-09-01 12:10:00,1236.30,1236.30,1236.30,1236.30,0,0
2019-09-01 12:11:00,1236.30,1236.30,1236.30,1236.30,0,0
2019-09-01 12:12:00,1236.30,1236.30,1236.30,1236.30,0,0
2019-09-01 12:13:00,1236.30,1236.30,1236.30,1236.30,0,0
2019-09-01 12:14:00,1236.30,1236.30,1236.30,1236.30,0,0
2019-09-01 12:15:00,1236.30,1236.30,1232.25,1232.25,20,445000
2019-09-01 12:16:00,1232.25,1232.25,1232.25,1232.25,0,0
2019-09-01 12:17:00,1232.25,1232.25,1232.25,1232.25,0,0
2019-09-01 12:18:00,1232.25,1252.60,1232.25,1252.60,80,444980
2019-09-01 12:19:00,1252.60,1252.60,1252.60,1252.60,0,0
2019-09-01 12:20:00,1252.60,1252.60,1252.60,1252.60,0,0
2019-09-01 12:21:00,1252.60,1252.60,1248.25,1248.25,80,444980
2019-09-01 12:22:00,1248.25,1249.00,1248.25,1249.00,20,444920
2019-09-01 12:23:00,1249.00,1253.65,1249.00,1253.65,20,444920
2019-09-01 12:24:00,1253.65,1253.65,1253.00,1253.05,40,444920
2019-09-01 12:25:00,1253.05,1253.05,1250.40,1250.55,220,444900
2019-09-01 12:26:00,1250.55,1250.55,1250.55,1250.55,0,0
2019-09-01 12:27:00,1250.55,1250.55,1250.55,1250.55,0,0
2019-09-01 12:28:00,1250.55,1250.55,1250.55,1250.55,0,0
2019-09-01 12:29:00,1250.55,1250.55,1220.00,1220.00,680,444880
2019-09-01 12:30:00,1220.00,1220.00,1220.00,1220.00,0,0
2019-09-01 12:31:00,1220.00,1220.00,1220.00,1220.00,0,0
2019-09-01 12:32:00,1220.00,1220.00,1220.00,1220.00,0,0
2019-09-01 12:33:00,1220.00,1220.00,1220.00,1220.00,0,0
2019-09-01 12:34:00,1220.00,1220.00,1220.00,1220.00,0,0
2019-09-01 12:35:00,1220.00,1220.00,1220.00,1220.00,0,0
2019-09-01 12:36:00,1220.00,1220.00,1220.00,1220.00,0,0
2019-09-01 12:37:00,1220.00,1242.00,1220.00,1242.00,100,444860
2019-09-01 12:38:00,1242.00,1242.00,1242.00,1242.00,0,0
2019-09-01 12:39:00,1242.00,1242.00,1242.00,1242.00,0,0
2019-09-01 12:40:00,1242.00,1242.00,1242.00,1242.00,0,0
2019-09-01 12:41:00,1242.00,1242.00,1242.00,1242.00,0,0
2019-09-01 12:42:00,1242.00,1250.25,1242.00,1249.50,140,444840
2019-09-01 12:43:00,1249.50,1257.65,1249.50,1257.65,80,444840
2019-09-01 12:44:00,1257.35,1258.85,1253.50,1253.50,60,444840
2019-09-01 12:45:00,1253.50,1264.65,1253.50,1264.65,20,444840
2019-09-01 12:46:00,1264.65,1264.65,1260.00,1260.00,20,444840
2019-09-01 12:47:00,1260.00,1260.00,1250.75,1250.75,120,444840
2019-09-01 12:48:00,1250.75,1251.85,1248.40,1251.85,40,444840
2019-09-01 12:49:00,1251.85,1255.90,1251.85,1255.90,20,444820
2019-09-01 12:50:00,1255.90,1259.95,1251.25,1251.25,120,444820
2019-09-01 12:51:00,1251.25,1254.85,1250.35,1250.35,40,444820
2019-09-01 12:52:00,1250.35,1276.95,1250.35,1267.25,9640,444820
2019-09-01 12:53:00,1267.25,1267.25,1263.45,1263.50,160,444820
2019-09-01 12:54:00,1263.50,1263.50,1260.60,1260.60,540,438700
2019-09-01 12:55:00,1260.60,1260.60,1260.60,1260.60,0,0
2019-09-01 12:56:00,1260.60,1260.60,1260.60,1260.60,0,0
2019-09-01 12:57:00,1260.60,1260.60,1260.60,1260.60,0,0
2019-09-01 12:58:00,1260.60,1260.60,1260.60,1260.60,0,0
2019-09-01 12:59:00,1260.60,1260.60,1260.60,1260.60,0,0
2019-09-01 13:00:00,1260.60,1260.60,1260.60,1260.60,0,0
2019-09-01 13:01:00,1260.60,1260.60,1260.60,1260.60,0,0
2019-09-01 13:02:00,1260.60,1260.60,1260.60,1260.60,20,438460
2019-09-01 13:03:00,1260.60,1262.30,1260.60,1262.30,40,438460
2019-09-01 13:04:00,1262.30,1262.30,1262.30,1262.30,0,0
2019-09-01 13:05:00,1262.30,1262.30,1262.30,1262.30,0,0
2019-09-01 13:06:00,1262.30,1262.30,1262.30,1262.30,0,0
2019-09-01 13:07:00,1262.30,1262.30,1262.30,1262.30,0,0
2019-09-01 13:08:00,1262.30,1262.30,1262.30,1262.30,0,0
2019-09-01 13:09:00,1262.30,1262.30,1262.30,1262.30,0,0
2019-09-01 13:10:00,1262.30,1262.30,1262.30,1262.30,0,0
2019-09-01 13:11:00,1262.30,1262.30,1262.30,1262.30,0,0
2019-09-01 13:12:00,1262.30,1262.30,1262.30,1262.30,0,0
2019-09-01 13:13:00,1262.30,1262.30,1262.30,1262.30,0,0
2019-09-01 13:14:00,1262.30,1262.30,1262.30,1262.30,0,0
2019-09-01 13:15:00,1262.30,1262.30,1262.30,1262.30,0,0
2019-09-01 13:16:00,1262.30,1262.30,1262.30,1262.30,0,0
2019-09-01 13:17:00,1262.30,1262.30,1262.30,1262.30,0,0
2019-09-01 13:18:00,1262.30,1262.30,1262.30,1262.30,0,0
2019-09-01 13:19:00,1262.30,1262.30,1262.30,1262.30,0,0
2019-09-01 13:20:00,1262.30,1262.30,1262.30,1262.30,0,0
2019-09-01 13:21:00,1262.30,1262.30,1262.30,1262.30,0,0
2019-09-01 13:22:00,1262.30,1262.30,1262.30,1262.30,0,0
2019-09-01 13:23:00,1262.30,1262.30,1262.30,1262.30,0,0
2019-09-01 13:24:00,1262.30,1262.30,1262.30,1262.30,0,0
2019-09-01 13:25:00,1262.30,1262.30,1262.30,1262.30,0,0
2019-09-01 13:26:00,1262.30,1262.30,1262.30,1262.30,0,0
2019-09-01 13:27:00,1262.30,1285.15,1262.30,1285.15,40,438420
2019-09-01 13:28:00,1285.15,1285.15,1285.15,1285.15,0,0
2019-09-01 13:29:00,1285.15,1285.15,1285.15,1285.15,0,0
2019-09-01 13:30:00,1285.15,1305.00,1285.15,1299.75,360,438420
2019-09-01 13:31:00,1299.75,1299.75,1299.75,1299.75,0,0
2019-09-01 13:32:00,1299.75,1299.75,1299.75,1299.75,0,0
2019-09-01 13:33:00,1299.75,1299.75,1299.75,1299.75,0,0
2019-09-01 13:34:00,1299.75,1299.75,1299.75,1299.75,0,0
2019-09-01 13:35:00,1299.75,1299.75,1265.15,1265.15,200,438420
2019-09-01 13:36:00,1265.15,1265.15,1249.15,1249.15,20,438420
2019-09-01 13:37:00,1249.15,1249.15,1249.15,1249.15,0,0
2019-09-01 13:38:00,1249.15,1259.15,1249.15,1259.15,20,438420
2019-09-01 13:39:00,1259.15,1259.15,1259.15,1259.15,0,0
2019-09-01 13:40:00,1259.15,1259.15,1259.15,1259.15,0,0
2019-09-01 13:41:00,1259.15,1259.15,1246.85,1246.85,20,438400
2019-09-01 13:42:00,1246.85,1246.85,1246.85,1246.85,0,0
2019-09-01 13:43:00,1246.85,1246.85,1246.85,1246.85,0,0
2019-09-01 13:44:00,1246.85,1246.85,1246.85,1246.85,0,0
2019-09-01 13:45:00,1246.85,1246.85,1246.85,1246.85,0,0
2019-09-01 13:46:00,1246.85,1246.85,1215.00,1215.00,3520,438400
2019-09-01 13:47:00,1215.00,1215.00,1215.00,1215.00,0,0
2019-09-01 13:48:00,1215.00,1215.00,1215.00,1215.00,0,0
2019-09-01 13:49:00,1215.00,1215.00,1215.00,1215.00,0,440040
2019-09-01 13:50:00,1215.00,1215.00,1179.25,1179.25,500,440040
2019-09-01 13:51:00,1179.25,1179.25,1179.25,1179.25,0,0
2019-09-01 13:52:00,1179.25,1179.25,1165.00,1165.00,20,440120
2019-09-01 13:53:00,1165.00,1165.00,1165.00,1165.00,0,0
2019-09-01 13:54:00,1165.00,1165.00,1154.95,1155.70,60,440120
2019-09-01 13:55:00,1155.70,1155.70,1150.80,1153.40,2420,438540
2019-09-01 13:56:00,1153.40,1153.40,1153.40,1153.40,0,0
2019-09-01 13:57:00,1153.40,1159.25,1126.15,1134.20,2940,439040
2019-09-01 13:58:00,1124.35,1124.45,1110.00,1120.00,680,439040
2019-09-01 13:59:00,1120.00,1120.00,1120.00,1120.00,0,0
2019-09-01 14:00:00,1120.00,1120.00,1085.00,1085.00,5240,438520
2019-09-01 14:01:00,1085.00,1085.80,1065.00,1085.75,3920,438520
2019-09-01 14:02:00,1085.75,1086.20,1085.75,1086.20,60,0
2019-09-01 14:03:00,1086.20,1107.00,1082.45,1082.45,1300,438520
2019-09-01 14:04:00,1082.45,1082.45,1079.55,1079.55,280,433360
2019-09-01 14:05:00,1079.55,1080.55,1079.55,1080.55,20,433360
2019-09-01 14:06:00,1080.55,1080.55,1080.55,1080.55,0,0
2019-09-01 14:07:00,1080.55,1080.55,1080.55,1080.55,0,0
2019-09-01 14:08:00,1080.55,1094.20,1080.55,1094.20,80,432840
2019-09-01 14:09:00,1094.20,1097.35,1094.20,1095.55,280,429880
2019-09-01 14:10:00,1095.55,1106.55,1095.55,1106.55,20,0
2019-09-01 14:11:00,1106.55,1109.95,1106.55,1109.95,20,429880
2019-09-01 14:12:00,1109.95,1109.95,1109.95,1109.95,0,0
2019-09-01 14:13:00,1109.95,1109.95,1109.95,1109.95,0,0
2019-09-01 14:14:00,1109.95,1109.95,1109.95,1109.95,0,0
2019-09-01 14:15:00,1109.95,1109.95,1109.95,1109.95,0,0
2019-09-01 14:16:00,1109.95,1123.00,1109.95,1123.00,20,429780
2019-09-01 14:17:00,1123.00,1123.00,1123.00,1123.00,0,0
2019-09-01 14:18:00,1123.00,1123.00,1123.00,1123.00,0,0
2019-09-01 14:19:00,1123.00,1133.00,1123.00,1133.00,20,429780
2019-09-01 14:20:00,1133.00,1133.00,1133.00,1133.00,0,0
2019-09-01 14:21:00,1133.00,1133.00,1133.00,1133.00,0,0
2019-09-01 14:22:00,1133.00,1133.00,1133.00,1133.00,0,0
2019-09-01 14:23:00,1133.00,1133.00,1133.00,1133.00,0,0
2019-09-01 14:24:00,1133.00,1133.00,1133.00,1133.00,0,0
2019-09-01 14:25:00,1133.00,1133.00,1133.00,1133.00,0,0
2019-09-01 14:26:00,1133.00,1133.00,1131.05,1131.05,20,429780
2019-09-01 14:27:00,1131.05,1131.05,1131.05,1131.05,0,0
2019-09-01 14:28:00,1131.05,1135.00,1131.05,1135.00,20,429760
2019-09-01 14:29:00,1135.00,1135.00,1135.00,1135.00,0,0
2019-09-01 14:30:00,1135.00,1135.00,1135.00,1135.00,0,0
2019-09-01 14:31:00,1135.00,1135.00,1135.00,1135.00,0,0
2019-09-01 14:32:00,1135.00,1135.00,1135.00,1135.00,0,0
2019-09-01 14:33:00,1135.00,1135.00,1127.15,1131.05,60,429760
2019-09-01 14:34:00,1131.05,1131.05,1129.55,1129.55,40,429760
2019-09-01 14:35:00,1129.55,1130.15,1129.55,1130.15,20,429760
2019-09-01 14:36:00,1130.15,1130.15,1130.15,1130.15,0,0
2019-09-01 14:37:00,1130.15,1130.15,1130.15,1130.15,0,0
2019-09-01 14:38:00,1130.15,1149.95,1130.15,1149.95,20,429640
2019-09-01 14:39:00,1149.95,1149.95,1149.95,1149.95,0,0
2019-09-01 14:40:00,1149.95,1149.95,1149.95,1149.95,0,0
2019-09-01 14:41:00,1149.95,1171.55,1149.95,1171.55,60,429640
2019-09-01 14:42:00,1171.55,1199.00,1171.55,1199.00,80,429640
2019-09-01 14:43:00,1199.00,1199.00,1199.00,1199.00,0,0
2019-09-01 14:44:00,1199.00,1199.00,1199.00,1199.00,0,0
2019-09-01 14:45:00,1199.00,1199.00,1199.00,1199.00,0,0
2019-09-01 14:46:00,1199.00,1210.00,1199.00,1210.00,60,429640
2019-09-01 14:47:00,1210.00,1210.00,1210.00,1210.00,0,0
2019-09-01 14:48:00,1210.00,1210.00,1205.00,1205.00,200,429640
2019-09-01 14:49:00,1205.00,1215.00,1205.00,1215.00,1480,429640
2019-09-01 14:50:00,1215.00,1259.35,1215.00,1259.35,40,429640
2019-09-01 14:51:00,1259.35,1259.35,1242.20,1252.00,40,429640
2019-09-01 14:52:00,1252.00,1265.80,1252.00,1265.80,20,430320
2019-09-01 14:53:00,1265.80,1265.80,1265.80,1265.80,0,0
2019-09-01 14:54:00,1265.80,1265.80,1265.80,1265.80,0,0
2019-09-01 14:55:00,1265.80,1265.80,1265.80,1265.80,0,0
2019-09-01 14:56:00,1265.80,1265.80,1265.80,1265.80,0,0
2019-09-01 14:57:00,1265.80,1265.80,1248.55,1248.55,20,430320
2019-09-01 14:58:00,1248.55,1256.00,1248.55,1256.00,40,0
2019-09-01 14:59:00,1256.00,1256.00,1256.00,1256.00,0,0
2019-09-01 15:00:00,1256.00,1256.00,1256.00,1256.00,0,0
2019-09-01 15:01:00,1256.00,1256.00,1256.00,1256.00,0,0
2019-09-01 15:02:00,1256.00,1256.00,1256.00,1256.00,0,0
2019-09-01 15:03:00,1256.00,1256.00,1256.00,1256.00,0,0
2019-09-01 15:04:00,1256.00,1275.00,1256.00,1275.00,60,430280
2019-09-01 15:05:00,1275.00,1290.00,1275.00,1290.00,140,430280
2019-09-01 15:06:00,1290.00,1299.95,1290.00,1299.95,20,0
2019-09-01 15:07:00,1299.95,1299.95,1299.95,1299.95,0,0
2019-09-01 15:08:00,1299.95,1299.95,1299.95,1299.95,0,0
2019-09-01 15:09:00,1299.95,1302.05,1297.75,1302.05,60,430380
2019-09-01 15:10:00,1302.05,1302.05,1302.05,1302.05,0,0
2019-09-01 15:11:00,1302.05,1302.05,1293.10,1293.95,100,430380
2019-09-01 15:12:00,1293.95,1298.70,1293.95,1298.70,0,430380
2019-09-01 15:13:00,1298.70,1315.00,1298.70,1315.00,20,430380
2019-09-01 15:14:00,1315.00,1327.95,1315.00,1327.95,40,430380
2019-09-01 15:15:00,1327.95,1327.95,1306.40,1320.70,320,430380
2019-09-01 15:16:00,1320.70,1320.70,1320.70,1320.70,0,0
2019-09-01 15:17:00,1320.70,1320.70,1320.70,1320.70,0,0
2019-09-01 15:18:00,1320.70,1320.70,1320.70,1320.70,0,0
2019-09-01 15:19:00,1320.70,1320.70,1320.70,1320.70,0,0
2019-09-01 15:20:00,1320.70,1320.70,1299.35,1299.35,80,430620
2019-09-01 15:21:00,1299.35,1300.45,1299.35,1300.45,40,430620
2019-09-01 15:22:00,1300.45,1300.45,1300.45,1300.45,0,0
2019-09-01 15:23:00,1300.45,1305.00,1300.45,1305.00,20,430580
2019-09-01 15:24:00,1305.00,1305.00,1300.85,1300.85,20,430600
2019-09-01 15:25:00,1300.85,1302.25,1299.05,1299.05,300,430600
2019-09-01 15:26:00,1299.05,1299.05,1299.05,1299.05,0,0
2019-09-01 15:27:00,1299.05,1299.05,1299.05,1299.05,0,0
2019-09-01 15:28:00,1299.05,1300.00,1299.05,1300.00,720,430680
2019-09-01 15:29:01,1300.00,1300.00,1300.00,1300.00,1160,430680
2019-10-01 09:15:00,1241.15,1241.15,1241.15,1241.15,0,430700
2019-10-01 09:16:00,1241.15,1252.05,1241.15,1252.00,40,430680
2019-10-01 09:17:00,1252.00,1252.00,1252.00,1252.00,0,0
2019-10-01 09:18:00,1252.00,1253.70,1252.00,1253.70,20,0
2019-10-01 09:19:00,1253.70,1253.70,1243.05,1243.05,80,430680
2019-10-01 09:20:00,1243.05,1259.00,1243.05,1259.00,20,0
2019-10-01 09:21:00,1259.00,1259.00,1259.00,1259.00,0,0
2019-10-01 09:22:00,1259.00,1259.00,1245.00,1245.00,40,430700
2019-10-01 09:23:00,1245.00,1245.00,1235.10,1235.10,20,430700
2019-10-01 09:24:00,1235.10,1242.15,1235.10,1242.15,20,430700
2019-10-01 09:25:00,1242.15,1248.70,1242.15,1248.70,20,430660
2019-10-01 09:26:00,1248.70,1248.70,1233.65,1235.55,80,430660
2019-10-01 09:27:00,1235.55,1240.55,1235.55,1240.55,20,430660
2019-10-01 09:28:00,1240.55,1240.95,1239.95,1239.95,220,430680
2019-10-01 09:29:00,1239.95,1242.95,1239.95,1242.95,420,430680
2019-10-01 09:30:00,1242.95,1250.00,1242.95,1250.00,20,430680
2019-10-01 09:31:00,1250.00,1250.00,1250.00,1250.00,0,0
2019-10-01 09:32:00,1250.00,1250.00,1250.00,1250.00,0,0
2019-10-01 09:33:00,1250.00,1250.00,1250.00,1250.00,0,0
2019-10-01 09:34:00,1250.00,1250.00,1250.00,1250.00,0,0
2019-10-01 09:35:00,1250.00,1250.00,1250.00,1250.00,0,0
2019-10-01 09:36:00,1250.00,1250.00,1250.00,1250.00,0,0
2019-10-01 09:37:00,1250.00,1250.00,1217.15,1217.15,20,430660
2019-10-01 09:38:00,1217.15,1222.00,1217.15,1222.00,20,0
2019-10-01 09:39:00,1222.00,1230.00,1222.00,1230.00,20,430660
2019-10-01 09:40:00,1230.00,1230.00,1230.00,1230.00,0,0
2019-10-01 09:41:00,1230.00,1230.00,1230.00,1230.00,0,0
2019-10-01 09:42:00,1230.00,1230.00,1225.00,1225.00,60,430640
2019-10-01 09:43:00,1225.00,1225.00,1225.00,1225.00,0,0
2019-10-01 09:44:00,1225.00,1225.00,1225.00,1225.00,0,0
2019-10-01 09:45:00,1225.00,1225.00,1225.00,1225.00,0,0
2019-10-01 09:46:00,1225.00,1230.00,1225.00,1225.00,260,430640
2019-10-01 09:47:00,1225.00,1225.00,1225.00,1225.00,0,0
2019-10-01 09:48:00,1225.00,1225.00,1225.00,1225.00,0,0
2019-10-01 09:49:00,1225.00,1225.00,1225.00,1225.00,0,0
2019-10-01 09:50:00,1225.00,1225.00,1225.00,1225.00,200,430480
2019-10-01 09:51:00,1225.00,1225.00,1225.00,1225.00,0,0
2019-10-01 09:52:00,1225.00,1225.00,1225.00,1225.00,0,0
2019-10-01 09:53:00,1225.00,1225.00,1225.00,1225.00,0,0
2019-10-01 09:54:00,1225.00,1225.00,1225.00,1225.00,0,0
2019-10-01 09:55:00,1225.00,1225.00,1225.00,1225.00,0,0
2019-10-01 09:56:00,1225.00,1244.95,1225.00,1244.95,400,430480
2019-10-01 09:57:00,1244.95,1244.95,1244.95,1244.95,0,0
2019-10-01 09:58:00,1244.95,1244.95,1244.95,1244.95,0,0
2019-10-01 09:59:00,1244.95,1244.95,1240.00,1240.00,20,430480
2019-10-01 10:00:00,1240.00,1240.00,1240.00,1240.00,0,0
2019-10-01 10:01:00,1240.00,1240.00,1240.00,1240.00,0,0
2019-10-01 10:02:00,1240.00,1240.00,1240.00,1240.00,0,0
2019-10-01 10:03:00,1240.00,1240.00,1240.00,1240.00,0,0
2019-10-01 10:04:00,1240.00,1240.00,1240.00,1240.00,0,0
2019-10-01 10:05:00,1240.00,1240.00,1240.00,1240.00,0,0
2019-10-01 10:06:00,1240.00,1240.00,1240.00,1240.00,0,0
2019-10-01 10:07:00,1240.00,1240.00,1240.00,1240.00,0,0
2019-10-01 10:08:00,1240.00,1240.00,1240.00,1240.00,0,0
2019-10-01 10:09:00,1240.00,1240.00,1226.00,1226.00,260,430480
2019-10-01 10:10:00,1226.00,1226.00,1226.00,1226.00,0,0
2019-10-01 10:11:00,1226.00,1226.00,1226.00,1226.00,0,0
2019-10-01 10:12:00,1226.00,1226.00,1226.00,1226.00,0,0
2019-10-01 10:13:00,1226.00,1226.00,1226.00,1226.00,0,0
2019-10-01 10:14:00,1226.00,1226.00,1226.00,1226.00,0,0
2019-10-01 10:15:00,1226.00,1226.00,1226.00,1226.00,0,0
2019-10-01 10:16:00,1226.00,1226.00,1226.00,1226.00,0,0
2019-10-01 10:17:00,1226.00,1226.00,1226.00,1226.00,0,0
2019-10-01 10:18:00,1226.00,1226.00,1226.00,1226.00,0,0
2019-10-01 10:19:00,1226.00,1226.00,1226.00,1226.00,0,0
2019-10-01 10:20:00,1226.00,1226.00,1226.00,1226.00,0,0
2019-10-01 10:21:00,1226.00,1226.00,1226.00,1226.00,0,0
2019-10-01 10:22:00,1226.00,1226.00,1226.00,1226.00,0,0
2019-10-01 10:23:00,1226.00,1226.00,1226.00,1226.00,0,0
2019-10-01 10:24:00,1226.00,1226.00,1226.00,1226.00,0,0
2019-10-01 10:25:00,1226.00,1226.00,1226.00,1226.00,0,0
2019-10-01 10:26:00,1226.00,1226.00,1226.00,1226.00,0,0
2019-10-01 10:27:00,1226.00,1226.00,1226.00,1226.00,0,0
2019-10-01 10:28:00,1226.00,1226.00,1226.00,1226.00,0,0
2019-10-01 10:29:00,1226.00,1226.00,1226.00,1226.00,0,0
2019-10-01 10:30:00,1226.00,1226.00,1226.00,1226.00,0,0
2019-10-01 10:31:00,1226.00,1226.00,1226.00,1226.00,0,0
2019-10-01 10:32:00,1226.00,1226.00,1226.00,1226.00,0,0
2019-10-01 10:33:00,1226.00,1226.00,1226.00,1226.00,0,0
2019-10-01 10:34:00,1226.00,1260.00,1226.00,1260.00,20,430480
2019-10-01 10:35:00,1260.00,1260.00,1260.00,1260.00,0,0
2019-10-01 10:36:00,1260.00,1260.00,1260.00,1260.00,0,0
2019-10-01 10:37:00,1260.00,1260.00,1260.00,1260.00,0,0
2019-10-01 10:38:00,1260.00,1260.00,1260.00,1260.00,0,0
2019-10-01 10:39:00,1260.00,1260.00,1258.00,1258.00,40,430480
2019-10-01 10:40:00,1258.00,1264.50,1258.00,1264.50,20,430520
2019-10-01 10:41:00,1264.50,1264.50,1264.50,1264.50,0,0
2019-10-01 10:42:00,1264.50,1264.50,1264.50,1264.50,0,0
2019-10-01 10:43:00,1264.50,1264.50,1264.50,1264.50,0,0
2019-10-01 10:44:00,1264.50,1264.50,1264.50,1264.50,0,0
2019-10-01 10:45:00,1264.50,1264.50,1264.50,1264.50,0,0
2019-10-01 10:46:00,1264.50,1264.50,1242.75,1242.75,20,430540
2019-10-01 10:47:00,1242.75,1242.75,1242.75,1242.75,0,0
2019-10-01 10:48:00,1242.75,1242.75,1242.75,1242.75,0,0
2019-10-01 10:49:00,1242.75,1242.75,1242.75,1242.75,0,0
2019-10-01 10:50:00,1242.75,1242.75,1242.75,1242.75,0,0
2019-10-01 10:51:00,1242.75,1242.75,1242.75,1242.75,0,0
2019-10-01 10:52:00,1242.75,1242.75,1242.75,1242.75,0,0
2019-10-01 10:53:00,1242.75,1242.75,1242.75,1242.75,0,0
2019-10-01 10:54:00,1242.75,1242.75,1242.75,1242.75,0,0
2019-10-01 10:55:00,1242.75,1242.75,1227.15,1227.15,40,430540
2019-10-01 10:56:00,1227.15,1227.15,1227.15,1227.15,0,0
2019-10-01 10:57:00,1227.15,1227.15,1227.15,1227.15,0,0
2019-10-01 10:58:00,1227.15,1227.15,1227.15,1227.15,0,0
2019-10-01 10:59:00,1227.15,1227.15,1227.15,1227.15,0,0
2019-10-01 11:00:00,1227.15,1227.15,1220.00,1220.00,20,430500
2019-10-01 11:01:00,1210.00,1210.00,1210.00,1210.00,0,430500
2019-10-01 11:02:00,1210.00,1210.00,1210.00,1210.00,0,0
2019-10-01 11:03:00,1210.00,1210.00,1210.00,1210.00,0,0
2019-10-01 11:04:00,1210.00,1210.00,1210.00,1210.00,0,0
2019-10-01 11:05:00,1210.00,1210.00,1210.00,1210.00,0,0
2019-10-01 11:06:00,1210.00,1210.00,1210.00,1210.00,0,0
2019-10-01 11:07:00,1210.00,1210.00,1205.45,1205.45,20,430460
2019-10-01 11:08:00,1205.45,1205.45,1205.45,1205.45,0,0
2019-10-01 11:09:00,1205.45,1205.45,1205.45,1205.45,0,0
2019-10-01 11:10:00,1205.45,1205.45,1205.45,1205.45,0,0
2019-10-01 11:11:00,1205.45,1205.45,1205.45,1205.45,0,0
2019-10-01 11:12:00,1205.45,1205.45,1205.45,1205.45,0,0
2019-10-01 11:13:00,1205.45,1205.45,1205.45,1205.45,0,0
2019-10-01 11:14:00,1205.45,1205.45,1205.45,1205.45,0,0
2019-10-01 11:15:00,1205.45,1205.45,1205.45,1205.45,0,0
2019-10-01 11:16:00,1205.45,1205.45,1200.00,1200.00,60,0
2019-10-01 11:17:00,1200.00,1200.00,1200.00,1200.00,0,0
2019-10-01 11:18:00,1200.00,1200.00,1200.00,1200.00,0,0
2019-10-01 11:19:00,1200.00,1200.00,1200.00,1200.00,0,0
2019-10-01 11:20:00,1200.00,1205.00,1200.00,1205.00,40,430460
2019-10-01 11:21:00,1205.00,1205.00,1205.00,1205.00,0,0
2019-10-01 11:22:00,1205.00,1205.00,1205.00,1205.00,0,0
2019-10-01 11:23:00,1205.00,1205.00,1205.00,1205.00,0,0
2019-10-01 11:24:00,1205.00,1205.00,1205.00,1205.00,0,0
2019-10-01 11:25:00,1205.00,1205.00,1205.00,1205.00,0,0
2019-10-01 11:26:00,1205.00,1205.00,1205.00,1205.00,0,0
2019-10-01 11:27:00,1205.00,1205.00,1205.00,1205.00,0,0
2019-10-01 11:28:00,1205.00,1205.00,1205.00,1205.00,0,0
2019-10-01 11:29:00,1205.00,1205.00,1205.00,1205.00,20,430480
2019-10-01 11:30:00,1205.00,1205.00,1205.00,1205.00,0,0
2019-10-01 11:31:00,1205.00,1205.00,1205.00,1205.00,0,0
2019-10-01 11:32:00,1205.00,1205.00,1205.00,1205.00,0,0
2019-10-01 11:33:00,1205.00,1205.00,1205.00,1205.00,0,0
2019-10-01 11:34:00,1205.00,1205.00,1205.00,1205.00,0,0
2019-10-01 11:35:00,1205.00,1205.00,1205.00,1205.00,0,0
2019-10-01 11:36:00,1205.00,1205.00,1205.00,1205.00,0,0
2019-10-01 11:37:00,1205.00,1205.00,1205.00,1205.00,0,0
2019-10-01 11:38:00,1205.00,1214.30,1205.00,1214.30,80,430480
2019-10-01 11:39:00,1214.30,1214.30,1206.00,1206.00,40,430480
2019-10-01 11:40:00,1206.00,1206.00,1206.00,1206.00,0,0
2019-10-01 11:41:00,1206.00,1206.00,1206.00,1206.00,0,0
2019-10-01 11:42:00,1206.00,1206.00,1206.00,1206.00,0,0
2019-10-01 11:43:00,1206.00,1206.00,1206.00,1206.00,0,0
2019-10-01 11:44:00,1206.00,1206.00,1206.00,1206.00,0,0
2019-10-01 11:45:00,1206.00,1206.00,1206.00,1206.00,0,0
2019-10-01 11:46:00,1206.00,1206.00,1206.00,1206.00,0,0
2019-10-01 11:47:00,1206.00,1206.00,1206.00,1206.00,0,0
2019-10-01 11:48:00,1206.00,1206.00,1206.00,1206.00,0,0
2019-10-01 11:49:00,1206.00,1206.00,1206.00,1206.00,0,0
2019-10-01 11:50:00,1206.00,1206.00,1206.00,1206.00,0,0
2019-10-01 11:51:00,1206.00,1206.00,1206.00,1206.00,20,430460
2019-10-01 11:52:00,1206.00,1206.00,1206.00,1206.00,0,0
2019-10-01 11:53:00,1206.00,1206.00,1206.00,1206.00,0,0
2019-10-01 11:54:00,1206.00,1206.00,1206.00,1206.00,0,0
2019-10-01 11:55:00,1206.00,1206.00,1206.00,1206.00,0,0
2019-10-01 11:56:00,1206.00,1206.00,1206.00,1206.00,0,0
2019-10-01 11:57:00,1206.00,1206.00,1206.00,1206.00,0,0
2019-10-01 11:58:00,1206.00,1206.00,1200.00,1200.00,40,430460
2019-10-01 11:59:00,1200.00,1200.00,1198.70,1198.70,140,430460
2019-10-01 12:00:00,1198.70,1198.70,1198.70,1198.70,0,0
2019-10-01 12:01:00,1198.70,1198.70,1198.70,1198.70,0,0
2019-10-01 12:02:00,1198.70,1198.70,1198.70,1198.70,0,0
2019-10-01 12:03:00,1198.70,1198.70,1198.70,1198.70,0,0
2019-10-01 12:04:00,1198.70,1198.70,1198.70,1198.70,0,0
2019-10-01 12:05:00,1198.70,1198.70,1198.70,1198.70,0,0
2019-10-01 12:06:00,1198.70,1198.70,1190.00,1190.00,40,430420
2019-10-01 12:07:00,1190.00,1190.00,1190.00,1190.00,0,0
2019-10-01 12:08:00,1190.00,1190.00,1175.00,1175.00,20,430420
2019-10-01 12:09:00,1175.00,1175.00,1170.00,1170.00,40,430420
2019-10-01 12:10:00,1170.00,1170.00,1167.15,1167.15,20,430340
2019-10-01 12:11:00,1167.15,1167.15,1167.15,1167.15,0,0
2019-10-01 12:12:00,1167.15,1167.15,1167.15,1167.15,0,0
2019-10-01 12:13:00,1167.15,1167.15,1167.15,1167.15,0,0
2019-10-01 12:14:00,1167.15,1167.15,1167.15,1167.15,0,0
2019-10-01 12:15:00,1167.15,1167.15,1167.15,1167.15,0,0
2019-10-01 12:16:00,1167.15,1167.15,1167.15,1167.15,0,0
2019-10-01 12:17:00,1167.15,1167.15,1167.15,1167.15,0,0
2019-10-01 12:18:00,1167.15,1167.15,1167.15,1167.15,0,0
2019-10-01 12:19:00,1167.15,1167.15,1167.15,1167.15,0,0
2019-10-01 12:20:00,1167.15,1167.15,1167.15,1167.15,0,0
2019-10-01 12:21:00,1167.15,1167.15,1167.15,1167.15,0,0
2019-10-01 12:22:00,1167.15,1167.15,1167.15,1167.15,0,0
2019-10-01 12:23:00,1167.15,1167.15,1167.15,1167.15,0,0
2019-10-01 12:24:00,1167.15,1167.15,1167.15,1167.15,0,0
2019-10-01 12:25:00,1167.15,1167.15,1167.15,1167.15,0,0
2019-10-01 12:26:00,1167.15,1167.15,1167.15,1167.15,0,0
2019-10-01 12:27:00,1167.15,1167.15,1167.15,1167.15,0,0
2019-10-01 12:28:00,1167.15,1167.15,1167.15,1167.15,0,0
2019-10-01 12:29:00,1167.15,1167.15,1167.15,1167.15,0,0
2019-10-01 12:30:00,1167.15,1167.15,1167.15,1167.15,0,0
2019-10-01 12:31:00,1167.15,1167.15,1167.15,1167.15,0,0
2019-10-01 12:32:00,1167.15,1167.15,1167.15,1167.15,0,0
2019-10-01 12:33:00,1167.15,1167.15,1167.15,1167.15,0,0
2019-10-01 12:34:00,1167.15,1167.15,1167.15,1167.15,0,0
2019-10-01 12:35:00,1167.15,1167.15,1167.15,1167.15,0,0
2019-10-01 12:36:00,1167.15,1167.15,1167.15,1167.15,0,0
2019-10-01 12:37:00,1167.15,1167.15,1167.15,1167.15,0,0
2019-10-01 12:38:00,1167.15,1167.15,1167.15,1167.15,0,0
2019-10-01 12:39:00,1167.15,1167.15,1167.15,1167.15,0,0
2019-10-01 12:40:00,1167.15,1167.15,1167.15,1167.15,0,0
2019-10-01 12:41:00,1167.15,1233.00,1167.15,1233.00,20,430300
2019-10-01 12:42:00,1233.00,1233.00,1233.00,1233.00,0,0
2019-10-01 12:43:00,1233.00,1233.00,1233.00,1233.00,0,0
2019-10-01 12:44:00,1233.00,1233.00,1225.55,1225.55,400,430300
2019-10-01 12:45:00,1225.55,1225.55,1225.55,1225.55,0,0
2019-10-01 12:46:00,1225.55,1225.55,1225.55,1225.55,0,0
2019-10-01 12:47:00,1225.55,1225.55,1225.55,1225.55,0,0
2019-10-01 12:48:00,1225.55,1225.55,1225.55,1225.55,0,0
2019-10-01 12:49:00,1225.55,1225.55,1225.55,1225.55,0,0
2019-10-01 12:50:00,1225.55,1225.55,1225.55,1225.55,0,0
2019-10-01 12:51:00,1225.55,1225.55,1225.55,1225.55,0,0
2019-10-01 12:52:00,1225.55,1225.55,1225.55,1225.55,0,0
2019-10-01 12:53:00,1225.55,1227.00,1225.55,1227.00,1000,430700
2019-10-01 12:54:00,1227.00,1227.00,1227.00,1227.00,0,0
2019-10-01 12:55:00,1227.00,1227.00,1227.00,1227.00,0,0
2019-10-01 12:56:00,1227.00,1227.00,1227.00,1227.00,0,0
2019-10-01 12:57:00,1227.00,1227.00,1227.00,1227.00,0,0
2019-10-01 12:58:00,1227.00,1227.00,1227.00,1227.00,0,0
2019-10-01 12:59:00,1227.00,1227.00,1227.00,1227.00,0,0
2019-10-01 13:00:00,1227.00,1227.00,1222.30,1222.30,20,431700
2019-10-01 13:01:00,1222.30,1222.95,1222.30,1222.95,60,431700
2019-10-01 13:02:00,1222.95,1222.95,1222.95,1222.95,0,0
2019-10-01 13:03:00,1222.95,1222.95,1222.95,1222.95,0,0
2019-10-01 13:04:00,1222.95,1222.95,1222.95,1222.95,0,0
2019-10-01 13:05:00,1222.95,1222.95,1222.95,1222.95,0,0
2019-10-01 13:06:00,1222.95,1222.95,1222.95,1222.95,0,0
2019-10-01 13:07:00,1222.95,1222.95,1220.00,1220.00,40,431740
2019-10-01 13:08:00,1220.00,1220.00,1220.00,1220.00,540,431740
2019-10-01 13:09:00,1220.00,1220.00,1220.00,1220.00,0,0
2019-10-01 13:10:00,1220.00,1220.00,1220.00,1220.00,0,0
2019-10-01 13:11:00,1220.00,1220.00,1220.00,1220.00,0,0
2019-10-01 13:12:00,1220.00,1220.00,1220.00,1220.00,0,0
2019-10-01 13:13:00,1210.00,1210.00,1210.00,1210.00,0,432320
2019-10-01 13:14:00,1210.00,1225.00,1210.00,1225.00,1420,432320
2019-10-01 13:15:00,1225.00,1225.00,1225.00,1225.00,0,0
2019-10-01 13:16:00,1225.00,1225.00,1225.00,1225.00,0,0
2019-10-01 13:17:00,1225.00,1225.00,1225.00,1225.00,0,0
2019-10-01 13:18:00,1225.00,1225.00,1225.00,1225.00,0,0
2019-10-01 13:19:00,1225.00,1225.00,1225.00,1225.00,0,0
2019-10-01 13:20:00,1225.00,1226.00,1225.00,1226.00,1000,433740
2019-10-01 13:21:00,1226.00,1226.00,1226.00,1226.00,0,0
2019-10-01 13:22:00,1226.00,1226.00,1226.00,1226.00,0,0
2019-10-01 13:23:00,1226.00,1226.00,1226.00,1226.00,0,0
2019-10-01 13:24:00,1226.00,1226.00,1226.00,1226.00,0,0
2019-10-01 13:25:00,1226.00,1226.00,1214.70,1214.70,20,434740
2019-10-01 13:26:00,1214.70,1214.70,1214.70,1214.70,0,0
2019-10-01 13:27:00,1214.70,1214.70,1214.70,1214.70,0,0
2019-10-01 13:28:00,1214.70,1214.70,1214.70,1214.70,0,0
2019-10-01 13:29:00,1214.70,1214.70,1214.70,1214.70,0,0
2019-10-01 13:30:00,1214.70,1214.70,1214.70,1214.70,0,0
2019-10-01 13:31:00,1214.70,1214.70,1214.70,1214.70,0,0
2019-10-01 13:32:00,1214.70,1214.70,1184.65,1184.65,40,434740
2019-10-01 13:33:00,1184.65,1184.65,1184.65,1184.65,0,0
2019-10-01 13:34:00,1184.65,1184.65,1184.65,1184.65,0,0
2019-10-01 13:35:00,1184.65,1184.65,1175.35,1175.35,20,0
2019-10-01 13:36:00,1175.35,1175.35,1175.35,1175.35,0,0
2019-10-01 13:37:00,1175.35,1175.35,1175.35,1175.35,0,0
2019-10-01 13:38:00,1175.35,1175.35,1175.35,1175.35,0,0
2019-10-01 13:39:00,1175.35,1175.35,1175.35,1175.35,0,0
2019-10-01 13:40:00,1175.35,1175.35,1175.35,1175.35,0,0
2019-10-01 13:41:00,1175.35,1175.35,1175.35,1175.35,0,0
2019-10-01 13:42:00,1175.35,1175.35,1175.35,1175.35,0,0
2019-10-01 13:43:00,1175.35,1182.80,1175.35,1182.80,40,434720
2019-10-01 13:44:00,1182.80,1182.80,1182.80,1182.80,0,0
2019-10-01 13:45:00,1182.80,1182.80,1182.80,1182.80,0,0
2019-10-01 13:46:00,1182.80,1182.80,1182.80,1182.80,0,0
2019-10-01 13:47:00,1182.80,1182.80,1182.80,1182.80,0,0
2019-10-01 13:48:00,1182.80,1182.80,1182.80,1182.80,0,0
2019-10-01 13:49:00,1182.80,1182.80,1182.80,1182.80,0,0
2019-10-01 13:50:00,1182.80,1182.80,1182.80,1182.80,0,0
2019-10-01 13:51:00,1182.80,1182.80,1182.80,1182.80,0,0
2019-10-01 13:52:00,1182.80,1182.80,1182.80,1182.80,0,0
2019-10-01 13:53:00,1182.80,1182.80,1182.80,1182.80,0,0
2019-10-01 13:54:00,1182.80,1182.80,1182.80,1182.80,0,0
2019-10-01 13:55:00,1182.80,1190.00,1182.80,1190.00,1000,434720
2019-10-01 13:56:00,1190.00,1198.00,1190.00,1198.00,80,434720
2019-10-01 13:57:00,1198.00,1210.00,1198.00,1207.25,1880,434720
2019-10-01 13:58:00,1207.25,1210.00,1207.25,1210.00,40,437600
2019-10-01 13:59:00,1210.00,1210.00,1201.20,1201.20,340,437600
2019-10-01 14:00:00,1201.20,1201.20,1194.15,1194.15,20,437600
2019-10-01 14:01:00,1194.15,1194.15,1194.15,1194.15,0,0
2019-10-01 14:02:00,1194.15,1210.00,1194.15,1210.00,60,437640
2019-10-01 14:03:00,1210.00,1210.00,1201.05,1201.05,80,437640
2019-10-01 14:04:00,1201.05,1201.05,1201.05,1201.05,0,0
2019-10-01 14:05:00,1201.05,1201.05,1201.05,1201.05,0,0
2019-10-01 14:06:00,1201.05,1201.05,1190.00,1190.00,40,437720
2019-10-01 14:07:00,1190.00,1190.00,1190.00,1190.00,20,437720
2019-10-01 14:08:00,1190.00,1195.00,1190.00,1195.00,20,437720
2019-10-01 14:09:00,1195.00,1219.50,1195.00,1219.50,1060,438780
2019-10-01 14:10:00,1219.50,1220.10,1215.30,1220.10,1380,438780
2019-10-01 14:11:00,1220.10,1220.10,1216.00,1216.00,200,438780
2019-10-01 14:12:00,1216.00,1220.00,1215.00,1220.00,1120,439820
2019-10-01 14:13:00,1220.00,1229.70,1220.00,1225.30,1620,439820
2019-10-01 14:14:00,1225.30,1225.30,1225.30,1225.30,0,0
2019-10-01 14:15:00,1225.30,1225.30,1203.90,1209.35,480,439820
2019-10-01 14:16:00,1209.35,1209.35,1195.75,1202.00,20,441840
2019-10-01 14:17:00,1202.00,1202.00,1186.00,1186.00,140,441840
2019-10-01 14:18:00,1186.00,1186.00,1186.00,1186.00,0,0
2019-10-01 14:19:00,1186.00,1186.00,1186.00,1186.00,0,0
2019-10-01 14:20:00,1186.00,1195.00,1177.60,1177.60,420,441860
2019-10-01 14:21:00,1175.05,1175.40,1169.00,1169.00,440,441860
2019-10-01 14:22:00,1169.00,1172.00,1169.00,1170.00,220,442120
2019-10-01 14:23:00,1170.00,1175.00,1170.00,1175.00,220,442120
2019-10-01 14:24:00,1175.00,1175.00,1175.00,1175.00,0,0
2019-10-01 14:25:00,1175.00,1175.00,1175.00,1175.00,20,442560
2019-10-01 14:26:00,1175.00,1185.00,1175.00,1180.00,340,442560
2019-10-01 14:27:00,1180.00,1180.00,1180.00,1180.00,0,0
2019-10-01 14:28:00,1180.00,1180.00,1175.00,1175.00,20,442720
2019-10-01 14:29:00,1175.00,1175.00,1170.00,1170.00,20,0
2019-10-01 14:30:00,1170.00,1180.00,1170.00,1180.00,40,442780
2019-10-01 14:31:00,1180.00,1190.00,1180.00,1190.00,20,442780
2019-10-01 14:32:00,1190.00,1190.00,1190.00,1190.00,0,0
2019-10-01 14:33:00,1190.00,1190.00,1190.00,1190.00,0,0
2019-10-01 14:34:00,1190.00,1190.00,1190.00,1190.00,40,442780
2019-10-01 14:35:00,1190.00,1200.00,1190.00,1200.00,60,442780
2019-10-01 14:36:00,1200.00,1200.00,1185.00,1185.00,20,0
2019-10-01 14:37:00,1185.00,1185.00,1185.00,1185.00,40,442800
2019-10-01 14:38:00,1185.00,1185.00,1185.00,1185.00,0,0
2019-10-01 14:39:00,1185.00,1185.00,1185.00,1185.00,0,0
2019-10-01 14:40:00,1185.00,1200.00,1185.00,1200.00,360,442860
2019-10-01 14:41:00,1200.00,1200.00,1200.00,1200.00,0,0
2019-10-01 14:42:00,1200.00,1200.00,1200.00,1200.00,0,0
2019-10-01 14:43:00,1200.00,1200.00,1200.00,1200.00,0,0
2019-10-01 14:44:00,1200.00,1200.00,1200.00,1200.00,0,0
2019-10-01 14:45:00,1200.00,1200.00,1185.00,1185.00,20,443220
2019-10-01 14:46:00,1185.00,1185.00,1185.00,1185.00,0,0
2019-10-01 14:47:00,1185.00,1185.00,1185.00,1185.00,0,0
2019-10-01 14:48:00,1185.00,1185.00,1175.00,1175.00,1220,443240
2019-10-01 14:49:00,1175.00,1185.00,1175.00,1185.00,700,444460
2019-10-01 14:50:00,1185.00,1195.00,1185.00,1195.00,1860,444460
2019-10-01 14:51:00,1195.00,1200.00,1195.00,1200.00,240,447160
2019-10-01 14:52:00,1200.00,1200.00,1200.00,1200.00,260,447160
2019-10-01 14:53:00,1200.00,1200.00,1195.00,1200.00,960,447160
2019-10-01 14:54:00,1200.00,1200.00,1200.00,1200.00,420,447160
2019-10-01 14:55:00,1200.00,1205.00,1200.00,1205.00,340,449180
2019-10-01 14:56:00,1205.00,1205.00,1203.00,1205.00,340,449180
2019-10-01 14:57:00,1205.00,1205.00,1194.70,1194.70,540,449180
2019-10-01 14:58:00,1194.70,1194.70,1194.70,1194.70,0,0
2019-10-01 14:59:00,1194.70,1205.00,1194.70,1205.00,1040,449900
2019-10-01 15:00:00,1205.00,1215.00,1205.00,1215.00,1020,451920
2019-10-01 15:01:00,1215.00,1224.80,1215.00,1220.00,1300,451920
2019-10-01 15:02:00,1220.00,1220.00,1220.00,1220.00,80,451920
2019-10-01 15:03:00,1220.00,1220.00,1203.65,1203.65,260,451920
2019-10-01 15:04:00,1203.65,1203.65,1200.00,1200.00,20,453280
2019-10-01 15:05:00,1200.00,1200.00,1200.00,1200.00,0,0
2019-10-01 15:06:00,1200.00,1200.00,1183.55,1183.55,1020,453300
2019-10-01 15:07:00,1183.55,1195.00,1180.85,1195.00,1140,453300
2019-10-01 15:08:00,1195.00,1195.00,1185.00,1195.00,1220,453300
2019-10-01 15:09:00,1195.00,1195.00,1195.00,1195.00,260,0
2019-10-01 15:10:00,1195.00,1200.00,1192.00,1192.00,120,456960
2019-10-01 15:11:00,1195.00,1195.00,1195.00,1195.00,140,456960
2019-10-01 15:12:00,1195.00,1195.00,1193.00,1193.00,20,456960
2019-10-01 15:13:00,1193.00,1193.00,1186.00,1186.00,180,457200
2019-10-01 15:14:00,1186.00,1190.00,1186.00,1190.00,40,0
2019-10-01 15:15:00,1190.00,1195.00,1190.00,1195.00,340,457200
2019-10-01 15:16:00,1195.00,1195.00,1191.00,1191.00,100,457760
2019-10-01 15:17:00,1191.00,1195.00,1185.00,1191.65,100,457760
2019-10-01 15:18:00,1191.65,1191.65,1191.65,1191.65,0,0
2019-10-01 15:19:00,1191.65,1191.65,1191.65,1191.65,0,0
2019-10-01 15:20:00,1191.65,1191.65,1191.65,1191.65,0,0
2019-10-01 15:21:00,1191.65,1191.65,1180.00,1180.00,40,457740
2019-10-01 15:22:00,1180.00,1180.00,1180.00,1180.00,0,0
2019-10-01 15:23:00,1180.00,1180.75,1180.00,1180.75,20,457720
2019-10-01 15:24:00,1180.75,1180.75,1180.75,1180.75,0,0
2019-10-01 15:25:00,1180.75,1183.60,1180.05,1182.00,440,457720
2019-10-01 15:26:00,1182.00,1191.10,1180.00,1180.00,80,457720
2019-10-01 15:27:00,1180.00,1180.00,1180.00,1180.00,0,0
2019-10-01 15:28:00,1180.00,1182.95,1180.00,1182.95,80,457680
2019-10-01 15:29:01,1182.95,1182.95,1182.95,1182.95,0,0
2019-11-01 09:15:00,1204.75,1204.75,1204.75,1204.75,0,457680
2019-11-01 09:16:00,1204.75,1204.75,1204.75,1204.75,0,457680
2019-11-01 09:17:00,1204.75,1211.70,1202.35,1202.35,80,457680
2019-11-01 09:18:00,1202.35,1202.45,1202.35,1202.45,0,457680
2019-11-01 09:19:00,1202.45,1203.55,1202.45,1203.55,20,457680
2019-11-01 09:20:00,1203.55,1203.55,1203.55,1203.55,0,457680
2019-11-01 09:21:00,1203.55,1203.55,1203.55,1203.55,0,457680
2019-11-01 09:22:00,1203.55,1203.55,1203.55,1203.55,0,457680
2019-11-01 09:23:00,1203.55,1203.55,1203.55,1203.55,0,457680
2019-11-01 09:24:00,1203.55,1203.55,1203.55,1203.55,0,457680
2019-11-01 09:25:00,1203.55,1203.55,1203.55,1203.55,0,457680
2019-11-01 09:26:00,1203.55,1203.55,1203.55,1203.55,0,457680
2019-11-01 09:27:00,1203.55,1203.55,1203.55,1203.55,0,457680
2019-11-01 09:28:00,1203.55,1203.55,1203.55,1203.55,0,457680
2019-11-01 09:29:00,1203.55,1203.55,1203.55,1203.55,0,457680
2019-11-01 09:30:00,1203.55,1203.55,1203.55,1203.55,0,457680
2019-11-01 09:31:00,1203.55,1203.55,1203.55,1203.55,0,457680
2019-11-01 09:32:00,1203.55,1203.55,1203.55,1203.55,0,457680
2019-11-01 09:33:00,1203.55,1203.55,1203.55,1203.55,0,457680
2019-11-01 09:34:00,1203.55,1203.55,1203.55,1203.55,0,457680
2019-11-01 09:35:00,1203.55,1203.55,1203.55,1203.55,0,457680
2019-11-01 09:36:00,1203.55,1203.55,1203.55,1203.55,0,457680
2019-11-01 09:37:00,1203.55,1203.55,1203.55,1203.55,0,457680
2019-11-01 09:38:00,1203.55,1203.55,1203.55,1203.55,0,457680
2019-11-01 09:39:00,1203.55,1203.55,1203.55,1203.55,0,457680
2019-11-01 09:40:00,1203.55,1203.55,1203.55,1203.55,0,457680
2019-11-01 09:41:00,1203.55,1203.55,1203.55,1203.55,0,457680
2019-11-01 09:42:00,1203.55,1203.55,1203.55,1203.55,0,457680
2019-11-01 09:43:00,1203.55,1210.00,1203.55,1210.00,40,457700
2019-11-01 09:44:00,1210.00,1214.45,1210.00,1214.45,360,457700
2019-11-01 09:45:00,1214.45,1220.00,1214.45,1220.00,1000,457700
2019-11-01 09:46:00,1220.00,1220.00,1220.00,1220.00,0,457700
2019-11-01 09:47:00,1220.00,1220.00,1220.00,1220.00,0,457700
2019-11-01 09:48:00,1220.00,1220.00,1220.00,1220.00,0,457700
2019-11-01 09:49:00,1220.00,1220.00,1220.00,1220.00,0,457700
2019-11-01 09:50:00,1220.00,1220.00,1220.00,1220.00,0,457700
2019-11-01 09:51:00,1220.00,1220.00,1220.00,1220.00,0,457700
2019-11-01 09:52:00,1220.00,1220.00,1220.00,1220.00,0,457700
2019-11-01 09:53:00,1220.00,1220.00,1220.00,1220.00,0,457700
2019-11-01 09:54:00,1220.00,1220.00,1220.00,1220.00,0,457700
2019-11-01 09:55:00,1220.00,1220.00,1220.00,1220.00,0,457700
2019-11-01 09:56:00,1220.00,1220.00,1220.00,1220.00,0,457700
2019-11-01 09:57:00,1220.00,1220.00,1220.00,1220.00,0,457700
2019-11-01 09:58:00,1220.00,1220.00,1220.00,1220.00,0,457700
2019-11-01 09:59:00,1220.00,1220.00,1220.00,1220.00,0,457700
2019-11-01 10:00:00,1220.00,1220.00,1220.00,1220.00,0,457700
2019-11-01 10:01:00,1220.00,1220.00,1220.00,1220.00,0,457700
2019-11-01 10:02:00,1220.00,1220.00,1220.00,1220.00,0,457700
2019-11-01 10:03:00,1220.00,1220.00,1220.00,1220.00,0,457700
2019-11-01 10:04:00,1220.00,1220.00,1220.00,1220.00,0,457700
2019-11-01 10:05:00,1220.00,1220.00,1220.00,1220.00,0,457700
2019-11-01 10:06:00,1220.00,1220.00,1180.00,1180.00,60,459080
2019-11-01 10:07:00,1180.00,1180.00,1180.00,1180.00,0,459080
2019-11-01 10:08:00,1180.00,1180.00,1180.00,1180.00,0,459080
2019-11-01 10:09:00,1180.00,1180.00,1180.00,1180.00,0,459080
2019-11-01 10:10:00,1180.00,1184.65,1180.00,1184.65,20,459020
2019-11-01 10:11:00,1184.65,1184.65,1184.65,1184.65,0,459020
2019-11-01 10:12:00,1184.65,1190.00,1184.65,1190.00,200,459020
2019-11-01 10:13:00,1190.00,1190.00,1190.00,1190.00,0,459020
2019-11-01 10:14:00,1190.00,1190.00,1190.00,1190.00,0,459020
2019-11-01 10:15:00,1190.00,1190.00,1190.00,1190.00,0,459020
2019-11-01 10:16:00,1190.00,1190.00,1178.00,1178.00,120,460020
2019-11-01 10:17:00,1178.00,1178.00,1178.00,1178.00,0,460020
2019-11-01 10:18:00,1178.00,1178.00,1178.00,1178.00,0,460020
2019-11-01 10:19:00,1178.00,1178.00,1178.00,1178.00,0,460020
2019-11-01 10:20:00,1178.00,1178.00,1178.00,1178.00,0,460020
2019-11-01 10:21:00,1178.00,1178.00,1178.00,1178.00,0,460020
2019-11-01 10:22:00,1178.00,1178.00,1178.00,1178.00,0,460020
2019-11-01 10:23:00,1178.00,1178.00,1178.00,1178.00,0,460020
2019-11-01 10:24:00,1160.00,1160.00,1160.00,1160.00,20,459900
2019-11-01 10:25:00,1160.00,1160.00,1160.00,1160.00,0,459900
2019-11-01 10:26:00,1160.00,1160.00,1160.00,1160.00,0,459900
2019-11-01 10:27:00,1160.00,1160.00,1160.00,1160.00,0,459900
2019-11-01 10:28:00,1160.00,1160.00,1160.00,1160.00,0,459900
2019-11-01 10:29:00,1160.00,1160.00,1160.00,1160.00,0,459900
2019-11-01 10:30:00,1160.00,1160.00,1160.00,1160.00,0,459900
2019-11-01 10:31:00,1160.00,1160.00,1160.00,1160.00,0,459900
2019-11-01 10:32:00,1160.00,1160.00,1160.00,1160.00,0,459900
2019-11-01 10:33:00,1160.00,1160.00,1160.00,1160.00,0,459900
2019-11-01 10:34:00,1160.00,1160.00,1160.00,1160.00,0,459900
2019-11-01 10:35:00,1160.00,1162.20,1160.00,1162.20,20,459900
2019-11-01 10:36:00,1162.20,1162.20,1160.00,1160.00,20,459860
2019-11-01 10:37:00,1141.20,1141.20,1141.20,1141.20,0,459860
2019-11-01 10:38:00,1141.20,1141.20,1141.20,1141.20,0,459860
2019-11-01 10:39:00,1141.20,1141.20,1141.20,1141.20,0,459860
2019-11-01 10:40:00,1141.20,1141.20,1141.20,1141.20,0,459860
2019-11-01 10:41:00,1141.20,1141.20,1141.20,1141.20,0,459860
2019-11-01 10:42:00,1141.20,1141.20,1141.20,1141.20,0,459860
2019-11-01 10:43:00,1141.20,1141.20,1141.20,1141.20,0,459860
2019-11-01 10:44:00,1141.20,1141.20,1141.20,1141.20,0,459860
2019-11-01 10:45:00,1141.20,1141.20,1141.20,1141.20,0,459860
2019-11-01 10:46:00,1141.20,1141.20,1141.20,1141.20,0,459860
2019-11-01 10:47:00,1141.20,1141.20,1141.20,1141.20,0,459860
2019-11-01 10:48:00,1141.20,1141.20,1141.20,1141.20,0,459860
2019-11-01 10:49:00,1141.20,1141.20,1141.20,1141.20,0,459860
2019-11-01 10:50:00,1141.20,1141.20,1141.20,1141.20,0,459860
2019-11-01 10:51:00,1141.20,1141.20,1141.20,1141.20,0,459860
2019-11-01 10:52:00,1141.20,1141.20,1140.00,1140.00,60,459840
2019-11-01 10:53:00,1140.00,1140.00,1140.00,1140.00,0,459840
2019-11-01 10:54:00,1140.00,1140.00,1140.00,1140.00,0,459840
2019-11-01 10:55:00,1140.00,1140.00,1140.00,1140.00,40,459780
2019-11-01 10:56:00,1140.00,1140.00,1140.00,1140.00,0,459780
2019-11-01 10:57:00,1140.00,1140.00,1140.00,1140.00,0,459780
2019-11-01 10:58:00,1140.00,1140.00,1140.00,1140.00,0,459780
2019-11-01 10:59:00,1140.00,1140.00,1140.00,1140.00,0,459780
2019-11-01 11:00:00,1140.00,1140.00,1140.00,1140.00,0,459780
2019-11-01 11:01:00,1140.00,1140.00,1140.00,1140.00,0,459780
2019-11-01 11:02:00,1140.00,1140.00,1140.00,1140.00,0,459780
2019-11-01 11:03:00,1140.00,1140.00,1140.00,1140.00,0,459780
2019-11-01 11:04:00,1140.00,1140.00,1140.00,1140.00,0,459780
2019-11-01 11:05:00,1140.00,1140.00,1140.00,1140.00,0,459780
2019-11-01 11:06:00,1140.00,1140.00,1140.00,1140.00,0,459780
2019-11-01 11:07:00,1140.00,1140.00,1140.00,1140.00,0,459780
2019-11-01 11:08:00,1140.00,1140.00,1140.00,1140.00,0,459780
2019-11-01 11:09:00,1140.00,1140.00,1140.00,1140.00,0,459780
2019-11-01 11:10:00,1140.00,1140.00,1140.00,1140.00,0,459780
2019-11-01 11:11:00,1140.00,1140.00,1140.00,1140.00,0,459780
2019-11-01 11:12:00,1140.00,1140.00,1140.00,1140.00,0,459780
2019-11-01 11:13:00,1140.00,1140.00,1140.00,1140.00,0,459780
2019-11-01 11:14:00,1140.00,1140.00,1140.00,1140.00,0,459780
2019-11-01 11:15:00,1140.00,1145.55,1140.00,1145.55,160,459780
2019-11-01 11:16:00,1145.55,1145.55,1145.55,1145.55,0,459740
2019-11-01 11:17:00,1145.55,1145.55,1145.55,1145.55,0,459740
2019-11-01 11:18:00,1145.55,1145.55,1145.55,1145.55,0,459740
2019-11-01 11:19:00,1145.55,1145.55,1145.55,1145.55,0,459740
2019-11-01 11:20:00,1145.55,1145.55,1145.55,1145.55,0,459740
2019-11-01 11:21:00,1145.55,1146.00,1145.55,1146.00,20,459580
2019-11-01 11:22:00,1146.00,1146.00,1146.00,1146.00,0,459580
2019-11-01 11:23:00,1146.00,1146.00,1146.00,1146.00,0,459580
2019-11-01 11:24:00,1146.00,1146.00,1146.00,1146.00,0,459580
2019-11-01 11:25:00,1146.00,1146.00,1146.00,1146.00,0,459580
2019-11-01 11:26:00,1146.00,1146.00,1146.00,1146.00,0,459580
2019-11-01 11:27:00,1146.00,1146.00,1146.00,1146.00,0,459580
2019-11-01 11:28:00,1146.00,1146.00,1146.00,1146.00,0,459580
2019-11-01 11:29:00,1146.00,1146.00,1146.00,1146.00,0,459580
2019-11-01 11:30:00,1146.00,1146.00,1146.00,1146.00,0,459580
2019-11-01 11:31:00,1146.00,1146.00,1146.00,1146.00,0,459580
2019-11-01 11:32:00,1146.00,1146.00,1146.00,1146.00,0,459580
2019-11-01 11:33:00,1146.00,1146.00,1110.00,1110.10,80,459600
2019-11-01 11:34:00,1110.10,1110.10,1100.00,1100.00,20,459600
2019-11-01 11:35:00,1100.00,1100.00,1100.00,1100.00,0,459560
2019-11-01 11:36:00,1100.00,1100.00,1100.00,1100.00,0,459560
2019-11-01 11:37:00,1100.00,1100.00,1100.00,1100.00,0,459560
2019-11-01 11:38:00,1100.00,1100.00,1100.00,1100.00,0,459560
2019-11-01 11:39:00,1100.00,1100.00,1100.00,1100.00,0,459560
2019-11-01 11:40:00,1100.00,1100.00,1100.00,1100.00,20,459540
2019-11-01 11:41:00,1100.00,1100.00,1090.00,1090.00,20,459520
2019-11-01 11:42:00,1090.00,1090.00,1090.00,1090.00,0,459520
2019-11-01 11:43:00,1090.00,1106.00,1090.00,1106.00,20,459520
2019-11-01 11:44:00,1106.00,1106.00,1106.00,1106.00,0,459500
2019-11-01 11:45:00,1106.00,1106.00,1106.00,1106.00,0,459500
2019-11-01 11:46:00,1106.00,1106.00,1106.00,1106.00,0,459500
2019-11-01 11:47:00,1106.00,1106.00,1106.00,1106.00,0,459500
2019-11-01 11:48:00,1106.00,1106.00,1106.00,1106.00,0,459500
2019-11-01 11:49:00,1106.00,1106.00,1106.00,1106.00,0,459500
2019-11-01 11:50:00,1106.00,1106.00,1106.00,1106.00,0,459500
2019-11-01 11:51:00,1106.00,1106.00,1106.00,1106.00,0,459500
2019-11-01 11:52:00,1106.00,1106.00,1106.00,1106.00,0,459500
2019-11-01 11:53:00,1106.00,1106.00,1100.00,1100.00,20,459500
2019-11-01 11:54:00,1100.00,1100.00,1100.00,1100.00,0,459500
2019-11-01 11:55:00,1100.00,1100.00,1100.00,1100.00,0,459500
2019-11-01 11:56:00,1100.00,1100.00,1100.00,1100.00,0,459500
2019-11-01 11:57:00,1100.00,1100.00,1100.00,1100.00,0,459500
2019-11-01 11:58:00,1100.00,1105.00,1100.00,1105.00,40,459480
2019-11-01 11:59:00,1105.00,1105.00,1105.00,1105.00,0,459480
2019-11-01 12:00:00,1105.00,1105.00,1105.00,1105.00,0,459480
2019-11-01 12:01:00,1105.00,1105.00,1105.00,1105.00,0,459480
2019-11-01 12:02:00,1105.00,1105.00,1080.00,1080.00,100,459500
2019-11-01 12:03:00,1080.00,1080.00,1080.00,1080.00,0,459500
2019-11-01 12:04:00,1080.00,1080.00,1080.00,1080.00,0,459500
2019-11-01 12:05:00,1080.00,1080.00,1080.00,1080.00,0,459500
2019-11-01 12:06:00,1080.00,1095.00,1080.00,1095.00,100,459500
2019-11-01 12:07:00,1095.00,1095.00,1095.00,1095.00,0,459480
2019-11-01 12:08:00,1095.00,1095.00,1095.00,1095.00,0,459480
2019-11-01 12:09:00,1095.00,1095.00,1095.00,1095.00,0,459480
2019-11-01 12:10:00,1095.00,1095.00,1095.00,1095.00,0,459480
2019-11-01 12:11:00,1095.00,1095.00,1095.00,1095.00,0,459480
2019-11-01 12:12:00,1095.00,1095.00,1095.00,1095.00,0,459480
2019-11-01 12:13:00,1095.00,1095.00,1095.00,1095.00,0,459480
2019-11-01 12:14:00,1095.00,1095.00,1095.00,1095.00,0,459480
2019-11-01 12:15:00,1095.00,1110.00,1095.00,1110.00,20,459480
2019-11-01 12:16:00,1110.00,1110.00,1110.00,1110.00,0,459480
2019-11-01 12:17:00,1110.00,1110.00,1110.00,1110.00,0,459480
2019-11-01 12:18:00,1110.00,1110.00,1110.00,1110.00,0,459480
2019-11-01 12:19:00,1110.00,1110.00,1110.00,1110.00,0,459480
2019-11-01 12:20:00,1110.00,1110.00,1110.00,1110.00,0,459480
2019-11-01 12:21:00,1110.00,1110.00,1110.00,1110.00,0,459480
2019-11-01 12:22:00,1110.00,1110.00,1110.00,1110.00,0,459480
2019-11-01 12:23:00,1110.00,1110.00,1110.00,1110.00,0,459480
2019-11-01 12:24:00,1110.00,1110.00,1110.00,1110.00,0,459480
2019-11-01 12:25:00,1110.00,1110.00,1110.00,1110.00,0,459480
2019-11-01 12:26:00,1110.00,1110.00,1110.00,1110.00,0,459480
2019-11-01 12:27:00,1110.00,1110.00,1110.00,1110.00,0,459480
2019-11-01 12:28:00,1110.00,1110.00,1110.00,1110.00,0,459480
2019-11-01 12:29:00,1110.00,1110.00,1110.00,1110.00,0,459480
2019-11-01 12:30:00,1110.00,1110.00,1110.00,1110.00,0,459480
2019-11-01 12:31:00,1110.00,1110.00,1110.00,1110.00,0,459480
2019-11-01 12:32:00,1110.00,1110.00,1110.00,1110.00,0,459480
2019-11-01 12:33:00,1110.00,1110.00,1110.00,1110.00,0,459480
2019-11-01 12:34:00,1110.00,1110.00,1110.00,1110.00,0,459480
2019-11-01 12:35:00,1110.00,1110.00,1110.00,1110.00,0,459480
2019-11-01 12:36:00,1110.00,1110.00,1110.00,1110.00,0,459480
2019-11-01 12:37:00,1110.00,1111.00,1110.00,1111.00,20,459480
2019-11-01 12:38:00,1111.00,1111.00,1111.00,1111.00,0,459460
2019-11-01 12:39:00,1111.00,1111.00,1111.00,1111.00,0,459460
2019-11-01 12:40:00,1111.00,1113.30,1111.00,1113.30,20,459460
2019-11-01 12:41:00,1113.30,1113.30,1113.30,1113.30,0,459460
2019-11-01 12:42:00,1113.30,1113.30,1113.30,1113.30,0,459460
2019-11-01 12:43:00,1113.30,1113.30,1113.30,1113.30,0,459460
2019-11-01 12:44:00,1113.30,1113.30,1113.30,1113.30,0,459460
2019-11-01 12:45:00,1113.30,1113.30,1097.00,1097.00,20,459460
2019-11-01 12:46:00,1097.00,1097.00,1097.00,1097.00,0,459460
2019-11-01 12:47:00,1097.00,1097.00,1097.00,1097.00,0,459460
2019-11-01 12:48:00,1097.00,1097.00,1097.00,1097.00,0,459460
2019-11-01 12:49:00,1097.00,1097.00,1097.00,1097.00,0,459460
2019-11-01 12:50:00,1097.00,1097.00,1097.00,1097.00,0,459460
2019-11-01 12:51:00,1097.00,1097.00,1097.00,1097.00,0,459460
2019-11-01 12:52:00,1097.00,1097.00,1097.00,1097.00,0,459460
2019-11-01 12:53:00,1097.00,1097.00,1097.00,1097.00,0,459460
2019-11-01 12:54:00,1097.00,1097.00,1097.00,1097.00,0,459460
2019-11-01 12:55:00,1097.00,1097.00,1097.00,1097.00,0,459460
2019-11-01 12:56:00,1097.00,1097.00,1097.00,1097.00,0,459460
2019-11-01 12:57:00,1097.00,1097.00,1097.00,1097.00,0,459460
2019-11-01 12:58:00,1097.00,1097.00,1097.00,1097.00,0,459460
2019-11-01 12:59:00,1097.00,1097.00,1097.00,1097.00,0,459460
2019-11-01 13:00:00,1097.00,1097.00,1097.00,1097.00,0,459460
2019-11-01 13:01:00,1097.00,1097.00,1097.00,1097.00,0,459460
2019-11-01 13:02:00,1097.00,1097.00,1097.00,1097.00,0,459460
2019-11-01 13:03:00,1097.00,1097.00,1097.00,1097.00,0,459460
2019-11-01 13:04:00,1097.00,1097.00,1097.00,1097.00,0,459460
2019-11-01 13:05:00,1097.00,1097.00,1097.00,1097.00,0,459460
2019-11-01 13:06:00,1097.00,1097.00,1097.00,1097.00,0,459460
2019-11-01 13:07:00,1097.00,1135.15,1097.00,1135.15,80,459460
2019-11-01 13:08:00,1135.15,1135.15,1132.45,1132.45,0,459440
2019-11-01 13:09:00,1132.45,1132.45,1132.45,1132.45,0,459440
2019-11-01 13:10:00,1132.45,1132.45,1132.45,1132.45,0,459440
2019-11-01 13:11:00,1132.45,1132.45,1132.45,1132.45,0,459440
2019-11-01 13:12:00,1132.45,1132.45,1132.45,1132.45,0,459440
2019-11-01 13:13:00,1132.45,1132.45,1132.45,1132.45,0,459440
2019-11-01 13:14:00,1132.45,1132.45,1129.90,1129.90,20,459440
2019-11-01 13:15:00,1129.90,1129.90,1129.90,1129.90,0,459440
2019-11-01 13:16:00,1129.90,1129.90,1129.90,1129.90,0,459440
2019-11-01 13:17:00,1129.90,1129.90,1129.90,1129.90,0,459440
2019-11-01 13:18:00,1129.90,1129.90,1129.90,1129.90,0,459440
2019-11-01 13:19:00,1129.90,1129.90,1129.90,1129.90,0,459440
2019-11-01 13:20:00,1129.90,1129.90,1129.90,1129.90,0,459440
2019-11-01 13:21:00,1129.90,1129.90,1129.90,1129.90,0,459440
2019-11-01 13:22:00,1129.90,1129.90,1129.90,1129.90,0,459440
2019-11-01 13:23:00,1129.90,1129.90,1129.90,1129.90,0,459440
2019-11-01 13:24:00,1129.90,1129.90,1129.90,1129.90,0,459440
2019-11-01 13:25:00,1129.90,1129.90,1129.90,1129.90,0,459440
2019-11-01 13:26:00,1129.90,1129.90,1129.90,1129.90,0,459440
2019-11-01 13:27:00,1129.90,1129.90,1129.90,1129.90,0,459440
2019-11-01 13:28:00,1129.90,1129.90,1129.90,1129.90,0,459440
2019-11-01 13:29:00,1129.90,1129.90,1129.90,1129.90,0,459440
2019-11-01 13:30:00,1129.90,1129.90,1106.60,1106.60,20,459420
2019-11-01 13:31:00,1106.60,1106.60,1106.60,1106.60,0,459420
2019-11-01 13:32:00,1106.60,1106.60,1106.60,1106.60,0,459420
2019-11-01 13:33:00,1106.60,1106.60,1106.60,1106.60,0,459420
2019-11-01 13:34:00,1106.60,1114.00,1106.60,1114.00,20,459420
2019-11-01 13:35:00,1114.00,1114.00,1114.00,1114.00,0,459420
2019-11-01 13:36:00,1114.00,1114.00,1114.00,1114.00,0,459420
2019-11-01 13:37:00,1114.00,1114.00,1114.00,1114.00,0,459420
2019-11-01 13:38:00,1114.00,1114.00,1114.00,1114.00,0,459420
2019-11-01 13:39:00,1114.00,1114.00,1114.00,1114.00,0,459420
2019-11-01 13:40:00,1114.00,1114.00,1114.00,1114.00,0,459420
2019-11-01 13:41:00,1114.00,1114.00,1114.00,1114.00,0,459420
2019-11-01 13:42:00,1114.00,1114.00,1114.00,1114.00,0,459420
2019-11-01 13:43:00,1114.00,1114.00,1114.00,1114.00,0,459420
2019-11-01 13:44:00,1114.00,1114.00,1085.00,1085.00,160,459420
2019-11-01 13:45:00,1085.00,1085.00,1085.00,1085.00,0,459420
2019-11-01 13:46:00,1085.00,1085.00,1085.00,1085.00,0,459420
2019-11-01 13:47:00,1085.00,1085.00,1085.00,1085.00,0,459420
2019-11-01 13:48:00,1085.00,1085.00,1085.00,1085.00,0,459420
2019-11-01 13:49:00,1085.00,1085.00,1085.00,1085.00,0,459420
2019-11-01 13:50:00,1085.00,1096.90,1085.00,1096.90,40,459260
2019-11-01 13:51:00,1096.90,1096.90,1096.90,1096.90,0,459260
2019-11-01 13:52:00,1096.90,1096.90,1096.90,1096.90,0,459260
2019-11-01 13:53:00,1096.90,1096.90,1096.90,1096.90,0,459260
2019-11-01 13:54:00,1096.90,1096.90,1096.90,1096.90,0,459260
2019-11-01 13:55:00,1096.90,1096.90,1084.50,1084.50,40,459260
2019-11-01 13:56:00,1084.50,1084.50,1084.50,1084.50,0,459260
2019-11-01 13:57:00,1084.50,1084.50,1084.50,1084.50,0,459260
2019-11-01 13:58:00,1084.50,1084.50,1084.50,1084.50,0,459260
2019-11-01 13:59:00,1084.50,1084.50,1084.50,1084.50,0,459260
2019-11-01 14:00:00,1084.50,1084.50,1077.75,1077.75,40,459260
2019-11-01 14:01:00,1077.75,1077.75,1077.75,1077.75,0,459260
2019-11-01 14:02:00,1077.75,1085.00,1077.75,1085.00,20,459260
2019-11-01 14:03:00,1085.00,1085.00,1085.00,1085.00,0,459240
2019-11-01 14:04:00,1085.00,1085.00,1081.10,1081.10,20,459240
2019-11-01 14:05:00,1081.10,1081.10,1081.10,1081.10,0,459240
2019-11-01 14:06:00,1081.10,1081.10,1081.10,1081.10,0,459240
2019-11-01 14:07:00,1081.10,1081.10,1081.10,1081.10,0,459240
2019-11-01 14:08:00,1081.10,1081.10,1081.10,1081.10,0,459240
2019-11-01 14:09:00,1081.10,1081.10,1081.10,1081.10,0,459240
2019-11-01 14:10:00,1081.10,1081.10,1081.10,1081.10,0,459240
2019-11-01 14:11:00,1081.10,1081.10,1081.10,1081.10,0,459240
2019-11-01 14:12:00,1081.10,1081.10,1081.10,1081.10,0,459240
2019-11-01 14:13:00,1081.10,1081.10,1081.10,1081.10,0,459240
2019-11-01 14:14:00,1081.10,1081.10,1081.10,1081.10,0,459240
2019-11-01 14:15:00,1081.10,1081.10,1081.10,1081.10,0,459240
2019-11-01 14:16:00,1081.10,1128.00,1081.10,1128.00,20,459240
2019-11-01 14:17:00,1128.00,1128.00,1125.00,1125.00,20,459220
2019-11-01 14:18:00,1125.00,1125.00,1125.00,1125.00,0,459220
2019-11-01 14:19:00,1125.00,1125.00,1125.00,1125.00,0,459220
2019-11-01 14:20:00,1125.00,1149.50,1125.00,1149.50,0,459220
2019-11-01 14:21:00,1149.50,1149.50,1149.50,1149.50,0,459220
2019-11-01 14:22:00,1149.50,1149.50,1149.50,1149.50,0,459220
2019-11-01 14:23:00,1149.50,1149.50,1149.50,1149.50,0,459220
2019-11-01 14:24:00,1149.50,1149.50,1149.50,1149.50,0,459220
2019-11-01 14:25:00,1149.50,1149.50,1149.50,1149.50,0,459220
2019-11-01 14:26:00,1149.50,1149.50,1149.50,1149.50,0,459220
2019-11-01 14:27:00,1149.50,1149.50,1149.50,1149.50,0,459220
2019-11-01 14:28:00,1149.50,1149.50,1149.50,1149.50,0,459220
2019-11-01 14:29:00,1149.50,1149.50,1149.50,1149.50,0,459220
2019-11-01 14:30:00,1149.50,1149.50,1149.50,1149.50,0,459220
2019-11-01 14:31:00,1149.50,1149.50,1149.50,1149.50,0,459220
2019-11-01 14:32:00,1149.50,1149.50,1149.50,1149.50,0,459220
2019-11-01 14:33:00,1149.50,1149.50,1149.50,1149.50,0,459220
2019-11-01 14:34:00,1149.50,1149.50,1122.15,1122.15,20,459200
2019-11-01 14:35:00,1122.15,1122.15,1118.90,1118.90,20,459200
2019-11-01 14:36:00,1118.90,1118.90,1118.90,1118.90,0,459200
2019-11-01 14:37:00,1118.90,1118.90,1118.90,1118.90,0,459200
2019-11-01 14:38:00,1118.90,1118.90,1118.90,1118.90,0,459200
2019-11-01 14:39:00,1118.90,1118.90,1118.90,1118.90,0,459200
2019-11-01 14:40:00,1118.90,1118.90,1118.90,1118.90,0,459200
2019-11-01 14:41:00,1118.90,1118.90,1118.90,1118.90,0,459200
2019-11-01 14:42:00,1118.90,1118.90,1118.90,1118.90,0,459200
2019-11-01 14:43:00,1118.90,1118.90,1118.90,1118.90,0,459200
2019-11-01 14:44:00,1118.90,1118.90,1118.90,1118.90,0,459200
2019-11-01 14:45:00,1118.90,1160.25,1118.90,1160.25,20,459200
2019-11-01 14:46:00,1160.25,1160.25,1160.25,1160.25,0,459200
2019-11-01 14:47:00,1160.25,1160.25,1160.25,1160.25,0,459200
2019-11-01 14:48:00,1160.25,1160.25,1141.65,1141.65,20,459200
2019-11-01 14:49:00,1141.65,1141.65,1141.65,1141.65,0,459200
2019-11-01 14:50:00,1141.65,1141.65,1141.65,1141.65,0,459200
2019-11-01 14:51:00,1141.65,1141.65,1141.65,1141.65,0,459200
2019-11-01 14:52:00,1141.65,1141.65,1141.65,1141.65,0,459200
2019-11-01 14:53:00,1141.65,1141.65,1141.65,1141.65,0,459200
2019-11-01 14:54:00,1141.65,1141.65,1141.65,1141.65,0,459200
2019-11-01 14:55:00,1141.65,1141.65,1141.65,1141.65,0,459200
2019-11-01 14:56:00,1141.65,1141.65,1141.65,1141.65,0,459200
2019-11-01 14:57:00,1141.65,1141.65,1141.65,1141.65,0,459200
2019-11-01 14:58:00,1141.65,1141.65,1141.65,1141.65,0,459200
2019-11-01 14:59:00,1141.65,1141.65,1141.65,1141.65,0,459200
2019-11-01 15:00:00,1141.65,1141.65,1141.65,1141.65,0,459200
2019-11-01 15:01:00,1141.65,1141.65,1141.65,1141.65,0,459200
2019-11-01 15:02:00,1141.65,1141.65,1141.65,1141.65,0,459200
2019-11-01 15:03:00,1141.65,1155.00,1141.65,1155.00,420,459200
2019-11-01 15:04:00,1155.00,1162.00,1155.00,1162.00,700,459200
2019-11-01 15:05:00,1162.00,1162.00,1162.00,1162.00,0,459200
2019-11-01 15:06:00,1162.00,1162.00,1162.00,1162.00,0,459200
2019-11-01 15:07:00,1162.00,1162.00,1162.00,1162.00,0,459200
2019-11-01 15:08:00,1162.00,1162.00,1162.00,1162.00,0,459200
2019-11-01 15:09:00,1162.00,1162.00,1150.00,1150.00,20,460320
2019-11-01 15:10:00,1150.00,1150.00,1145.00,1145.00,20,460320
2019-11-01 15:11:00,1145.00,1145.00,1145.00,1145.00,0,460300
2019-11-01 15:12:00,1145.00,1145.00,1145.00,1145.00,0,460300
2019-11-01 15:13:00,1145.00,1145.00,1145.00,1145.00,0,460300
2019-11-01 15:14:00,1145.00,1145.00,1145.00,1145.00,0,460300
2019-11-01 15:15:00,1145.00,1145.00,1145.00,1145.00,0,460300
2019-11-01 15:16:00,1145.00,1145.00,1145.00,1145.00,0,460300
2019-11-01 15:17:00,1145.00,1145.00,1145.00,1145.00,0,460300
2019-11-01 15:18:00,1145.00,1145.00,1104.70,1104.70,40,460300
2019-11-01 15:19:00,1104.70,1104.70,1100.00,1100.00,200,460280
2019-11-01 15:20:00,1100.00,1100.00,1092.70,1092.70,20,460280
2019-11-01 15:21:00,1092.70,1092.70,1092.70,1092.70,0,460280
2019-11-01 15:22:00,1092.70,1092.70,1092.70,1092.70,0,460280
2019-11-01 15:23:00,1092.70,1092.70,1092.70,1092.70,0,460280
2019-11-01 15:24:00,1092.70,1092.70,1092.70,1092.70,0,460280
2019-11-01 15:25:00,1092.70,1092.70,1092.35,1092.35,80,460280
2019-11-01 15:26:00,1092.35,1092.35,1092.35,1092.35,0,460280
2019-11-01 15:27:00,1092.35,1092.35,1092.35,1092.35,0,460280
2019-11-01 15:28:00,1092.35,1092.35,1092.35,1092.35,0,460280
2019-11-01 15:29:01,1092.35,1092.35,1089.55,1089.55,20,460280
2019-01-14 09:30:00,948.00,948.00,948.00,948.00,0,460280
2019-01-14 09:31:00,948.00,948.00,939.55,939.55,40,460280
2019-01-14 09:32:00,939.55,939.55,939.55,939.55,0,0
2019-01-14 09:33:00,939.55,939.55,939.55,939.55,0,0
2019-01-14 09:34:00,939.55,950.00,939.55,950.00,20,460240
2019-01-14 09:35:00,946.00,946.00,946.00,946.00,0,0
2019-01-14 09:36:00,946.00,946.00,946.00,946.00,0,0
2019-01-14 09:37:00,946.00,946.00,946.00,946.00,0,0
2019-01-14 09:38:00,946.00,946.00,946.00,946.00,0,0
2019-01-14 09:39:00,946.00,946.00,946.00,946.00,0,0
2019-01-14 09:40:00,946.00,946.00,946.00,946.00,0,0
2019-01-14 09:41:00,946.00,960.00,946.00,960.00,20,0
2019-01-14 09:42:00,960.00,960.00,960.00,960.00,0,0
2019-01-14 09:43:00,960.00,960.00,960.00,960.00,0,0
2019-01-14 09:44:00,960.00,960.00,960.00,960.00,0,0
2019-01-14 09:45:00,960.00,965.00,960.00,964.00,80,460200
2019-01-14 09:46:00,964.00,964.00,964.00,964.00,0,0
2019-01-14 09:47:00,964.00,964.00,964.00,964.00,0,0
2019-01-14 09:48:00,964.00,964.00,964.00,964.00,0,0
2019-01-14 09:49:00,964.00,964.00,964.00,964.00,0,0
2019-01-14 09:50:00,964.00,964.00,964.00,964.00,0,0
2019-01-14 09:51:00,964.00,964.00,964.00,964.00,0,0
2019-01-14 09:52:00,964.00,964.00,964.00,964.00,0,0
2019-01-14 09:53:00,964.00,964.00,964.00,964.00,0,0
2019-01-14 09:54:00,964.00,964.00,955.00,955.00,20,460200
2019-01-14 09:55:00,955.00,955.00,955.00,955.00,0,0
2019-01-14 09:56:00,955.00,955.00,955.00,955.00,0,0
2019-01-14 09:57:00,955.00,955.00,955.00,955.00,0,0
2019-01-14 09:58:00,955.00,955.00,920.90,925.00,160,460220
2019-01-14 09:59:00,925.00,925.00,914.10,914.10,80,460220
2019-01-14 10:00:00,914.10,914.10,914.10,914.10,0,0
2019-01-14 10:01:00,914.10,914.10,914.10,914.10,0,0
2019-01-14 10:02:00,914.10,914.10,914.10,914.10,0,0
2019-01-14 10:03:00,914.10,924.95,914.10,924.95,40,460180
2019-01-14 10:04:00,924.95,925.70,924.95,925.70,20,0
2019-01-14 10:05:00,925.70,925.70,925.70,925.70,0,0
2019-01-14 10:06:00,925.70,925.70,925.70,925.70,0,0
2019-01-14 10:07:00,925.70,925.70,925.70,925.70,0,0
2019-01-14 10:08:00,925.70,935.50,925.70,935.50,1100,460180
2019-01-14 10:09:00,935.50,935.50,935.50,935.50,1020,460180
2019-01-14 10:10:00,935.50,935.50,935.50,935.50,140,0
2019-01-14 10:11:00,935.50,935.50,935.50,935.50,20,460320
2019-01-14 10:12:00,935.50,935.50,935.50,935.50,120,460320
2019-01-14 10:13:00,935.50,935.50,935.50,935.50,0,0
2019-01-14 10:14:00,935.50,935.50,930.00,931.10,140,460320
2019-01-14 10:15:00,931.10,931.10,927.10,927.50,180,460320
2019-01-14 10:16:00,927.50,936.20,927.50,936.20,20,460320
2019-01-14 10:17:00,936.20,941.40,936.20,941.40,80,460300
2019-01-14 10:18:00,941.40,941.40,941.40,941.40,0,0
2019-01-14 10:19:00,941.40,941.40,941.40,941.40,0,0
2019-01-14 10:20:00,941.40,941.40,941.40,941.40,0,0
2019-01-14 10:21:00,941.40,941.40,941.40,941.40,0,0
2019-01-14 10:22:00,941.40,941.40,941.40,941.40,0,0
2019-01-14 10:23:00,941.40,941.40,941.40,941.40,0,0
2019-01-14 10:24:00,941.40,941.40,941.40,941.40,0,0
2019-01-14 10:25:00,941.40,941.40,930.00,930.00,80,460300
2019-01-14 10:26:00,930.00,930.00,930.00,930.00,0,0
2019-01-14 10:27:00,930.00,934.00,930.00,931.25,140,460220
2019-01-14 10:28:00,931.25,931.25,925.00,925.00,100,460220
2019-01-14 10:29:00,925.00,925.00,925.00,925.00,0,0
2019-01-14 10:30:00,925.00,925.00,925.00,925.00,0,0
2019-01-14 10:31:00,925.00,925.00,925.00,925.00,0,0
2019-01-14 10:32:00,925.00,925.00,925.00,925.00,0,0
2019-01-14 10:33:00,925.00,925.00,925.00,925.00,0,0
2019-01-14 10:34:00,925.00,925.00,925.00,925.00,0,0
2019-01-14 10:35:00,925.00,925.00,925.00,925.00,0,0
2019-01-14 10:36:00,925.00,925.00,925.00,925.00,0,0
2019-01-14 10:37:00,925.00,925.00,925.00,925.00,0,0
2019-01-14 10:38:00,925.00,925.00,925.00,925.00,0,0
2019-01-14 10:39:00,925.00,925.00,925.00,925.00,0,0
2019-01-14 10:40:00,925.00,925.00,925.00,925.00,0,0
2019-01-14 10:41:00,925.00,925.00,925.00,925.00,0,0
2019-01-14 10:42:00,925.00,925.00,925.00,925.00,0,0
2019-01-14 10:43:00,925.00,925.00,925.00,925.00,0,0
2019-01-14 10:44:00,925.00,925.00,925.00,925.00,0,0
2019-01-14 10:45:00,925.00,925.00,925.00,925.00,0,0
2019-01-14 10:46:00,925.00,925.00,925.00,925.00,0,0
2019-01-14 10:47:00,925.00,925.00,925.00,925.00,0,0
2019-01-14 10:48:00,925.00,925.00,925.00,925.00,0,0
2019-01-14 10:49:00,925.00,925.00,925.00,925.00,0,0
2019-01-14 10:50:00,925.00,925.00,925.00,925.00,0,0
2019-01-14 10:51:00,925.00,925.00,925.00,925.00,0,0
2019-01-14 10:52:00,925.00,925.00,925.00,925.00,0,0
2019-01-14 10:53:00,925.00,925.00,925.00,925.00,0,0
2019-01-14 10:54:00,925.00,925.00,925.00,925.00,0,0
2019-01-14 10:55:00,925.00,925.00,925.00,925.00,0,0
2019-01-14 10:56:00,925.00,925.00,925.00,925.00,0,0
2019-01-14 10:57:00,925.00,925.00,925.00,925.00,0,0
2019-01-14 10:58:00,925.00,925.00,925.00,925.00,0,0
2019-01-14 10:59:00,925.00,925.00,925.00,925.00,0,0
2019-01-14 11:00:00,925.00,925.00,925.00,925.00,0,0
2019-01-14 11:01:00,925.00,925.00,925.00,925.00,0,0
2019-01-14 11:02:00,925.00,925.00,925.00,925.00,0,0
2019-01-14 11:03:00,925.00,925.00,925.00,925.00,0,0
2019-01-14 11:04:00,925.00,925.00,925.00,925.00,0,0
2019-01-14 11:05:00,925.00,925.00,925.00,925.00,0,0
2019-01-14 11:06:00,925.00,925.00,925.00,925.00,0,0
2019-01-14 11:07:00,925.00,925.00,925.00,925.00,0,0
2019-01-14 11:08:00,925.00,925.00,925.00,925.00,0,0
2019-01-14 11:09:00,925.00,938.00,925.00,938.00,20,460000
2019-01-14 11:10:00,938.00,938.00,938.00,938.00,0,0
2019-01-14 11:11:00,938.00,938.00,938.00,938.00,0,0
2019-01-14 11:12:00,938.00,938.00,938.00,938.00,0,0
2019-01-14 11:13:00,938.00,938.00,938.00,938.00,0,0
2019-01-14 11:14:00,938.00,938.00,938.00,938.00,0,0
2019-01-14 11:15:00,938.00,938.00,938.00,938.00,0,0
2019-01-14 11:16:00,938.00,938.00,938.00,938.00,0,0
2019-01-14 11:17:00,938.00,938.00,938.00,938.00,0,0
2019-01-14 11:18:00,938.00,938.00,938.00,938.00,0,0
2019-01-14 11:19:00,938.00,938.00,938.00,938.00,0,0
2019-01-14 11:20:00,938.00,938.00,938.00,938.00,0,0
2019-01-14 11:21:00,938.00,938.00,938.00,938.00,0,0
2019-01-14 11:22:00,938.00,938.00,938.00,938.00,0,0
2019-01-14 11:23:00,928.00,928.00,928.00,928.00,20,459980
2019-01-14 11:24:00,928.00,928.00,928.00,928.00,0,0
2019-01-14 11:25:00,928.00,928.00,928.00,928.00,0,0
2019-01-14 11:26:00,928.00,928.00,928.00,928.00,0,0
2019-01-14 11:27:00,928.00,928.00,928.00,928.00,0,0
2019-01-14 11:28:00,928.00,928.00,928.00,928.00,0,0
2019-01-14 11:29:00,928.00,928.00,928.00,928.00,0,0
2019-01-14 11:30:00,928.00,928.00,928.00,928.00,0,0
2019-01-14 11:31:00,928.00,928.00,928.00,928.00,0,0
2019-01-14 11:32:00,928.00,928.00,928.00,928.00,0,0
2019-01-14 11:33:00,928.00,928.00,928.00,928.00,0,0
2019-01-14 11:34:00,928.00,928.00,928.00,928.00,0,0
2019-01-14 11:35:00,928.00,928.00,928.00,928.00,0,0
2019-01-14 11:36:00,928.00,928.00,928.00,928.00,0,0
2019-01-14 11:37:00,928.00,928.00,928.00,928.00,0,0
2019-01-14 11:38:00,928.00,928.00,928.00,928.00,0,0
2019-01-14 11:39:00,928.00,928.00,928.00,928.00,0,0
2019-01-14 11:40:00,928.00,928.00,927.00,927.00,40,459940
2019-01-14 11:41:00,927.00,927.00,924.00,924.00,20,459920
2019-01-14 11:42:00,924.00,924.00,924.00,924.00,0,0
2019-01-14 11:43:00,924.00,924.00,924.00,924.00,0,0
2019-01-14 11:44:00,924.00,924.00,920.00,920.00,60,459900
2019-01-14 11:45:00,920.00,920.00,920.00,920.00,0,0
2019-01-14 11:46:00,920.00,920.00,920.00,920.00,0,0
2019-01-14 11:47:00,920.00,920.00,920.00,920.00,0,0
2019-01-14 11:48:00,920.00,920.00,920.00,920.00,0,0
2019-01-14 11:49:00,920.00,920.00,920.00,920.00,0,0
2019-01-14 11:50:00,920.00,920.00,920.00,920.00,0,0
2019-01-14 11:51:00,920.00,920.00,920.00,920.00,0,0
2019-01-14 11:52:00,920.00,920.00,920.00,920.00,0,0
2019-01-14 11:53:00,920.00,920.00,913.30,916.85,540,459880
2019-01-14 11:54:00,916.85,916.85,904.55,904.55,60,459880
2019-01-14 11:55:00,904.55,904.55,904.55,904.55,0,0
2019-01-14 11:56:00,904.55,904.55,904.55,904.55,0,0
2019-01-14 11:57:00,904.55,906.00,904.55,906.00,40,459360
2019-01-14 11:58:00,906.00,906.00,900.00,900.00,40,459360
2019-01-14 11:59:00,900.00,900.00,900.00,900.00,0,0
2019-01-14 12:00:00,900.00,905.00,900.00,905.00,40,459300
2019-01-14 12:01:00,905.00,905.00,905.00,905.00,0,0
2019-01-14 12:02:00,905.00,905.00,905.00,905.00,0,0
2019-01-14 12:03:00,905.00,905.00,905.00,905.00,0,0
2019-01-14 12:04:00,905.00,905.00,905.00,905.00,0,0
2019-01-14 12:05:00,905.00,922.70,905.00,922.70,20,459280
2019-01-14 12:06:00,922.70,922.70,922.70,922.70,0,0
2019-01-14 12:07:00,922.70,922.70,922.70,922.70,0,0
2019-01-14 12:08:00,922.70,922.70,922.70,922.70,0,0
2019-01-14 12:09:00,922.70,922.70,922.70,922.70,0,0
2019-01-14 12:10:00,922.70,922.70,922.70,922.70,0,0
2019-01-14 12:11:00,922.70,922.70,922.70,922.70,0,0
2019-01-14 12:12:00,922.70,922.70,922.70,922.70,0,0
2019-01-14 12:13:00,922.70,922.70,922.70,922.70,0,0
2019-01-14 12:14:00,922.70,922.70,922.70,922.70,0,0
2019-01-14 12:15:00,922.70,922.70,922.70,922.70,0,0
2019-01-14 12:16:00,922.70,922.70,922.70,922.70,0,0
2019-01-14 12:17:00,922.70,922.70,922.70,922.70,0,0
2019-01-14 12:18:00,922.70,922.70,922.70,922.70,0,0
2019-01-14 12:19:00,922.70,922.70,922.70,922.70,0,0
2019-01-14 12:20:00,922.70,922.70,922.70,922.70,0,0
2019-01-14 12:21:00,922.70,922.70,922.70,922.70,0,0
2019-01-14 12:22:00,922.70,922.70,922.70,922.70,0,0
2019-01-14 12:23:00,922.70,922.70,922.70,922.70,0,0
2019-01-14 12:24:00,922.70,922.70,922.70,922.70,0,0
2019-01-14 12:25:00,922.70,922.70,922.70,922.70,0,0
2019-01-14 12:26:00,922.70,922.70,922.70,922.70,0,0
2019-01-14 12:27:00,922.70,922.70,922.70,922.70,0,0
2019-01-14 12:28:00,922.70,922.70,922.70,922.70,0,0
2019-01-14 12:29:00,922.70,922.70,922.70,922.70,0,0
2019-01-14 12:30:00,922.70,945.00,922.70,945.00,60,459280
2019-01-14 12:31:00,945.00,945.00,945.00,945.00,0,0
2019-01-14 12:32:00,945.00,945.00,945.00,945.00,0,0
2019-01-14 12:33:00,945.00,947.00,945.00,947.00,20,459280
2019-01-14 12:34:00,947.00,947.00,947.00,947.00,0,0
2019-01-14 12:35:00,947.00,950.00,947.00,950.00,100,459280
2019-01-14 12:36:00,950.00,950.00,950.00,950.00,0,0
2019-01-14 12:37:00,950.00,950.00,950.00,950.00,0,0
2019-01-14 12:38:00,950.00,950.00,950.00,950.00,0,0
2019-01-14 12:39:00,950.00,950.00,950.00,950.00,0,0
2019-01-14 12:40:00,950.00,950.00,950.00,950.00,0,0
2019-01-14 12:41:00,950.00,950.00,950.00,950.00,0,0
2019-01-14 12:42:00,950.00,950.00,950.00,950.00,0,0
2019-01-14 12:43:00,950.00,950.00,950.00,950.00,0,0
2019-01-14 12:44:00,950.00,950.00,950.00,950.00,0,0
2019-01-14 12:45:00,950.00,950.00,950.00,950.00,0,0
2019-01-14 12:46:00,950.00,950.00,950.00,950.00,0,0
2019-01-14 12:47:00,950.00,950.00,950.00,950.00,0,0
2019-01-14 12:48:00,950.00,950.00,950.00,950.00,0,0
2019-01-14 12:49:00,950.00,950.00,950.00,950.00,0,0
2019-01-14 12:50:00,950.00,950.00,950.00,950.00,0,0
2019-01-14 12:51:00,950.00,950.00,950.00,950.00,0,0
2019-01-14 12:52:00,950.00,950.00,950.00,950.00,0,0
2019-01-14 12:53:00,950.00,950.00,950.00,950.00,0,0
2019-01-14 12:54:00,950.00,950.00,950.00,950.00,0,0
2019-01-14 12:55:00,950.00,950.00,950.00,950.00,0,0
2019-01-14 12:56:00,950.00,950.00,950.00,950.00,0,0
2019-01-14 12:57:00,950.00,950.00,950.00,950.00,0,0
2019-01-14 12:58:00,950.00,950.00,950.00,950.00,0,0
2019-01-14 12:59:00,950.00,950.00,950.00,950.00,0,0
2019-01-14 13:00:00,950.00,963.40,950.00,963.40,20,459360
2019-01-14 13:01:00,963.40,966.50,963.40,966.50,40,459360
2019-01-14 13:02:00,966.50,966.50,966.50,966.50,0,0
2019-01-14 13:03:00,966.50,966.50,966.50,966.50,0,0
2019-01-14 13:04:00,966.50,966.50,966.50,966.50,0,0
2019-01-14 13:05:00,966.50,966.50,966.50,966.50,0,0
2019-01-14 13:06:00,966.50,966.50,966.50,966.50,0,0
2019-01-14 13:07:00,966.50,966.50,966.50,966.50,0,0
2019-01-14 13:08:00,966.50,966.50,942.20,942.20,120,459360
2019-01-14 13:09:00,942.20,942.20,942.20,942.20,0,0
2019-01-14 13:10:00,942.20,942.20,942.20,942.20,0,0
2019-01-14 13:11:00,942.20,945.00,942.20,945.00,60,459280
2019-01-14 13:12:00,945.00,945.00,941.00,941.00,120,459280
2019-01-14 13:13:00,941.00,941.00,936.00,936.00,200,459280
2019-01-14 13:14:00,936.00,936.00,936.00,936.00,0,0
2019-01-14 13:15:00,936.00,936.00,936.00,936.00,0,0
2019-01-14 13:16:00,936.00,936.00,936.00,936.00,0,0
2019-01-14 13:17:00,936.00,936.00,936.00,936.00,0,0
2019-01-14 13:18:00,936.00,936.00,936.00,936.00,0,0
2019-01-14 13:19:00,936.00,944.40,936.00,944.40,20,458900
2019-01-14 13:20:00,944.40,944.40,944.40,944.40,0,0
2019-01-14 13:21:00,944.40,944.40,944.40,944.40,0,0
2019-01-14 13:22:00,944.40,944.40,944.40,944.40,0,0
2019-01-14 13:23:00,944.40,944.40,944.40,944.40,0,0
2019-01-14 13:24:00,944.40,944.40,944.40,944.40,0,0
2019-01-14 13:25:00,944.40,944.40,944.40,944.40,0,0
2019-01-14 13:26:00,944.40,944.40,944.40,944.40,0,0
2019-01-14 13:27:00,944.40,944.40,944.40,944.40,0,0
2019-01-14 13:28:00,944.40,944.40,944.40,944.40,0,0
2019-01-14 13:29:00,944.40,944.40,939.15,939.15,0,458900
2019-01-14 13:30:00,939.15,939.15,939.15,939.15,0,0
2019-01-14 13:31:00,939.15,944.25,939.15,944.25,20,458900
2019-01-14 13:32:00,944.25,944.25,944.25,944.25,0,0
2019-01-14 13:33:00,944.25,944.25,944.25,944.25,0,0
2019-01-14 13:34:00,944.25,944.25,944.25,944.25,0,0
2019-01-14 13:35:00,944.25,944.25,944.25,944.25,0,0
2019-01-14 13:36:00,944.25,944.25,944.25,944.25,0,0
2019-01-14 13:37:00,944.25,944.25,944.25,944.25,0,0
2019-01-14 13:38:00,944.25,944.25,944.25,944.25,0,0
2019-01-14 13:39:00,944.25,944.25,944.25,944.25,0,0
2019-01-14 13:40:00,944.25,985.05,944.25,985.05,60,458900
2019-01-14 13:41:00,985.05,985.05,976.00,976.00,20,458900
2019-01-14 13:42:00,976.00,976.00,976.00,976.00,0,0
2019-01-14 13:43:00,957.00,957.00,957.00,957.00,0,458900
2019-01-14 13:44:00,957.00,957.00,957.00,957.00,0,0
2019-01-14 13:45:00,957.00,966.60,957.00,966.60,80,458900
2019-01-14 13:46:00,966.60,966.60,966.60,966.60,0,0
2019-01-14 13:47:00,966.60,966.60,966.60,966.60,0,0
2019-01-14 13:48:00,966.60,966.60,966.60,966.60,0,0
2019-01-14 13:49:00,966.60,966.60,966.60,966.60,0,0
2019-01-14 13:50:00,966.60,966.60,966.60,966.60,0,0
2019-01-14 13:51:00,966.60,966.60,966.60,966.60,0,0
2019-01-14 13:52:00,966.60,966.60,966.60,966.60,0,0
2019-01-14 13:53:00,966.60,966.60,966.60,966.60,0,0
2019-01-14 13:54:00,966.60,966.60,966.60,966.60,0,0
2019-01-14 13:55:00,966.60,966.60,966.60,966.60,0,0
2019-01-14 13:56:00,966.60,966.60,954.95,954.95,20,458900
2019-01-14 13:57:00,954.95,954.95,954.95,954.95,0,0
2019-01-14 13:58:00,954.95,954.95,954.95,954.95,0,0
2019-01-14 13:59:00,954.95,954.95,954.95,954.95,0,0
2019-01-14 14:00:00,954.95,954.95,954.95,954.95,0,0
2019-01-14 14:01:00,954.95,954.95,950.00,950.00,40,458900
2019-01-14 14:02:00,950.00,950.00,931.10,931.10,40,458860
2019-01-14 14:03:00,909.90,909.90,909.90,909.90,0,458860
2019-01-14 14:04:00,909.90,909.90,909.90,909.90,0,0
2019-01-14 14:05:00,909.90,909.90,909.90,909.90,0,0
2019-01-14 14:06:00,909.90,909.90,909.90,909.90,0,0
2019-01-14 14:07:00,909.90,909.90,909.90,909.90,0,0
2019-01-14 14:08:00,909.90,909.90,909.90,909.90,0,0
2019-01-14 14:09:00,909.90,909.90,909.90,909.90,0,0
2019-01-14 14:10:00,909.90,909.90,909.90,909.90,0,0
2019-01-14 14:11:00,909.90,909.90,909.90,909.90,0,0
2019-01-14 14:12:00,909.90,909.90,909.90,909.90,0,0
2019-01-14 14:13:00,909.90,909.90,909.90,909.90,0,0
2019-01-14 14:14:00,909.90,909.90,909.90,909.90,0,0
2019-01-14 14:15:00,909.90,909.90,909.90,909.90,0,0
2019-01-14 14:16:00,909.90,909.90,909.90,909.90,0,0
2019-01-14 14:17:00,909.90,909.90,909.90,909.90,0,0
2019-01-14 14:18:00,909.90,909.90,909.90,909.90,0,0
2019-01-14 14:19:00,909.90,909.90,909.90,909.90,0,0
2019-01-14 14:20:00,909.90,909.90,909.90,909.90,0,0
2019-01-14 14:21:00,909.90,909.90,909.90,909.90,0,0
2019-01-14 14:22:00,909.90,953.00,909.90,953.00,20,458820
2019-01-14 14:23:00,953.00,953.00,953.00,953.00,0,0
2019-01-14 14:24:00,953.00,953.00,953.00,953.00,0,0
2019-01-14 14:25:00,953.00,955.55,953.00,955.55,20,458840
2019-01-14 14:26:00,955.55,955.55,955.55,955.55,0,0
2019-01-14 14:27:00,955.55,955.55,955.55,955.55,0,0
2019-01-14 14:28:00,955.55,955.55,955.55,955.55,0,0
2019-01-14 14:29:00,955.55,955.55,955.55,955.55,0,0
2019-01-14 14:30:00,955.55,955.55,955.55,955.55,0,0
2019-01-14 14:31:00,955.55,955.55,955.55,955.55,0,0
2019-01-14 14:32:00,955.55,955.55,955.55,955.55,0,0
2019-01-14 14:33:00,955.55,955.55,955.55,955.55,0,0
2019-01-14 14:34:00,955.55,955.55,955.55,955.55,0,0
2019-01-14 14:35:00,955.55,955.55,955.55,955.55,0,0
2019-01-14 14:36:00,955.55,955.55,955.55,955.55,0,0
2019-01-14 14:37:00,955.55,955.55,955.55,955.55,0,0
2019-01-14 14:38:00,955.55,955.55,937.00,937.00,20,458840
2019-01-14 14:39:00,937.00,937.00,937.00,937.00,0,0
2019-01-14 14:40:00,937.00,937.00,937.00,937.00,0,0
2019-01-14 14:41:00,937.00,937.00,937.00,937.00,0,0
2019-01-14 14:42:00,937.00,937.00,937.00,937.00,0,0
2019-01-14 14:43:00,937.00,937.00,937.00,937.00,0,0
2019-01-14 14:44:00,937.00,937.00,937.00,937.00,0,0
2019-01-14 14:45:00,937.00,937.00,937.00,937.00,0,0
2019-01-14 14:46:00,937.00,937.00,937.00,937.00,0,0
2019-01-14 14:47:00,937.00,937.00,937.00,937.00,0,0
2019-01-14 14:48:00,937.00,937.00,937.00,937.00,0,0
2019-01-14 14:49:00,937.00,937.00,937.00,937.00,0,0
2019-01-14 14:50:00,937.00,937.00,937.00,937.00,0,0
2019-01-14 14:51:00,937.00,937.00,937.00,937.00,0,0
2019-01-14 14:52:00,937.00,937.00,932.55,932.55,20,0
2019-01-14 14:53:00,932.55,932.55,932.55,932.55,0,0
2019-01-14 14:54:00,932.55,932.55,932.55,932.55,0,0
2019-01-14 14:55:00,932.55,932.55,932.55,932.55,0,0
2019-01-14 14:56:00,932.55,932.55,932.55,932.55,0,0
2019-01-14 14:57:00,932.55,932.55,932.55,932.55,0,0
2019-01-14 14:58:00,932.55,932.55,932.55,932.55,0,0
2019-01-14 14:59:00,932.55,932.55,932.55,932.55,0,0
2019-01-14 15:00:00,932.55,932.55,932.55,932.55,0,0
2019-01-14 15:01:00,932.55,932.55,932.55,932.55,0,0
2019-01-14 15:02:00,932.55,932.55,932.55,932.55,0,0
2019-01-14 15:03:00,932.55,932.55,932.55,932.55,0,0
2019-01-14 15:04:00,932.55,932.55,932.55,932.55,0,0
2019-01-14 15:05:00,932.55,932.55,932.55,932.55,0,0
2019-01-14 15:06:00,932.55,932.55,932.55,932.55,0,0
2019-01-14 15:07:00,932.55,932.55,932.55,932.55,0,0
2019-01-14 15:08:00,932.55,932.55,932.55,932.55,0,0
2019-01-14 15:09:00,932.55,945.55,932.55,945.55,40,0
2019-01-14 15:10:00,945.55,945.55,945.55,945.55,0,458840
2019-01-14 15:11:00,940.15,940.45,940.15,940.45,40,458840
2019-01-14 15:12:00,940.45,940.45,938.00,938.00,60,458840
2019-01-14 15:13:00,938.00,938.00,938.00,938.00,0,0
2019-01-14 15:14:00,938.00,938.00,938.00,938.00,0,0
2019-01-14 15:15:00,938.00,938.35,938.00,938.35,20,458800
2019-01-14 15:16:00,938.35,938.35,933.00,933.00,100,458800
2019-01-14 15:17:00,933.00,933.00,930.00,930.00,840,458680
2019-01-14 15:18:00,930.00,930.00,930.00,930.00,0,0
2019-01-14 15:19:00,930.00,940.00,930.00,935.00,300,458680
2019-01-14 15:20:00,935.00,937.00,935.00,937.00,100,458380
2019-01-14 15:21:00,937.00,937.00,937.00,937.00,0,0
2019-01-14 15:22:00,937.00,940.00,937.00,940.00,100,0
2019-01-14 15:23:00,940.00,940.00,940.00,940.00,0,0
2019-01-14 15:24:00,940.00,940.00,937.00,937.00,100,458180
2019-01-14 15:25:00,937.00,937.00,935.00,935.00,380,458180
2019-01-14 15:26:00,935.00,941.20,935.00,941.20,120,457740
2019-01-14 15:27:00,941.20,941.20,941.20,941.20,0,0
2019-01-14 15:28:00,941.20,941.20,941.20,941.20,0,0
2019-01-14 15:29:01,941.20,941.20,930.00,930.00,580,457640
2019-01-15 09:30:00,1020.75,1027.80,1020.75,1027.80,40,457120
2019-01-15 09:31:00,1027.80,1027.80,1027.80,1027.80,0,457120
2019-01-15 09:32:00,1027.80,1027.80,1027.80,1027.80,0,457120
2019-01-15 09:33:00,1027.80,1027.80,1027.80,1027.80,0,457120
2019-01-15 09:34:00,1027.80,1027.80,1027.80,1027.80,0,457120
2019-01-15 09:35:00,1027.80,1027.80,1027.80,1027.80,0,457120
2019-01-15 09:36:00,1027.80,1027.80,1027.80,1027.80,0,457120
2019-01-15 09:37:00,1027.80,1027.80,1027.80,1027.80,0,457120
2019-01-15 09:38:00,1027.80,1027.80,1027.80,1027.80,0,457120
2019-01-15 09:39:00,1027.80,1027.80,1027.80,1027.80,0,457120
2019-01-15 09:40:00,1027.80,1027.80,1027.80,1027.80,0,457120
2019-01-15 09:41:00,1027.80,1027.80,1027.80,1027.80,0,457120
2019-01-15 09:42:00,1027.80,1027.80,1027.80,1027.80,0,457120
2019-01-15 09:43:00,1027.80,1027.80,1027.80,1027.80,0,457120
2019-01-15 09:44:00,1027.80,1027.80,1027.80,1027.80,0,457120
2019-01-15 09:45:00,1027.80,1027.80,1027.80,1027.80,0,457120
2019-01-15 09:46:00,1027.80,1027.80,1027.80,1027.80,0,457120
2019-01-15 09:47:00,1027.80,1027.80,1027.80,1027.80,0,457120
2019-01-15 09:48:00,1027.80,1027.80,1027.80,1027.80,0,457120
2019-01-15 09:49:00,1027.80,1027.80,1027.80,1027.80,0,457120
2019-01-15 09:50:00,1027.80,1027.80,1027.80,1027.80,0,457120
2019-01-15 09:51:00,1027.80,1027.80,1027.80,1027.80,0,457120
2019-01-15 09:52:00,1027.80,1027.80,1027.80,1027.80,0,457120
2019-01-15 09:53:00,1027.80,1027.80,1027.80,1027.80,0,457120
2019-01-15 09:54:00,1027.80,1027.80,1027.80,1027.80,0,457120
2019-01-15 09:55:00,1027.80,1027.80,1027.80,1027.80,0,457120
2019-01-15 09:56:00,1027.80,1027.80,1027.80,1027.80,0,457120
2019-01-15 09:57:00,1027.80,1027.80,1027.80,1027.80,0,457120
2019-01-15 09:58:00,1027.80,1027.80,1027.80,1027.80,0,457120
2019-01-15 09:59:00,1027.80,1027.80,1027.80,1027.80,0,457120
2019-01-15 10:00:00,1027.80,1027.80,1027.80,1027.80,0,457120
2019-01-15 10:01:00,1027.80,1027.80,1027.80,1027.80,0,457120
2019-01-15 10:02:00,1027.80,1027.80,1027.80,1027.80,0,457120
2019-01-15 10:03:00,1027.80,1027.80,1027.80,1027.80,0,457120
2019-01-15 10:04:00,1027.80,1027.80,1027.80,1027.80,0,457120
2019-01-15 10:05:00,1027.80,1027.80,1027.80,1027.80,0,457120
2019-01-15 10:06:00,1027.80,1027.80,1027.80,1027.80,0,457120
2019-01-15 10:07:00,1027.80,1027.80,1027.80,1027.80,0,457120
2019-01-15 10:08:00,1027.80,1027.80,1024.85,1024.85,40,457120
2019-01-15 10:09:00,1024.85,1024.85,1024.85,1024.85,0,457120
2019-01-15 10:10:00,1024.85,1024.85,1024.85,1024.85,0,457120
2019-01-15 10:11:00,1024.85,1024.85,1024.85,1024.85,0,457120
2019-01-15 10:12:00,1024.85,1024.85,1024.85,1024.85,0,457120
2019-01-15 10:13:00,1024.85,1024.85,1024.85,1024.85,0,457120
2019-01-15 10:14:00,1024.85,1024.85,1024.85,1024.85,0,457120
2019-01-15 10:15:00,1024.85,1024.85,1024.85,1024.85,0,457120
2019-01-15 10:16:00,1024.85,1024.85,1024.85,1024.85,0,457120
2019-01-15 10:17:00,1024.85,1024.85,1024.85,1024.85,0,457120
2019-01-15 10:18:00,1024.85,1030.30,1024.85,1030.30,20,457120
2019-01-15 10:19:00,1030.30,1030.30,1030.30,1030.30,0,457120
2019-01-15 10:20:00,1030.30,1030.30,1030.30,1030.30,0,457120
2019-01-15 10:21:00,1030.30,1030.30,1030.30,1030.30,0,457120
2019-01-15 10:22:00,1030.30,1030.30,1030.30,1030.30,0,457120
2019-01-15 10:23:00,1030.30,1030.30,1030.30,1030.30,0,457120
2019-01-15 10:24:00,1030.30,1030.30,1008.40,1018.55,40,457120
2019-01-15 10:25:00,1018.55,1018.55,1018.55,1018.55,0,457120
2019-01-15 10:26:00,1018.55,1018.55,1018.55,1018.55,0,457120
2019-01-15 10:27:00,1018.55,1018.55,1018.55,1018.55,0,457120
2019-01-15 10:28:00,1018.55,1018.55,1018.55,1018.55,0,457120
2019-01-15 10:29:00,1018.55,1018.55,1018.55,1018.55,0,457120
2019-01-15 10:30:00,1018.55,1018.55,1018.55,1018.55,0,457120
2019-01-15 10:31:00,1018.55,1018.55,1018.55,1018.55,0,457120
2019-01-15 10:32:00,1018.55,1018.55,1018.55,1018.55,0,457120
2019-01-15 10:33:00,1018.55,1018.55,1018.55,1018.55,0,457120
2019-01-15 10:34:00,1018.55,1018.55,1018.55,1018.55,0,457120
2019-01-15 10:35:00,1018.55,1018.55,1018.55,1018.55,0,457120
2019-01-15 10:36:00,1018.55,1035.20,1018.55,1035.20,60,457120
2019-01-15 10:37:00,1035.20,1035.20,1035.20,1035.20,0,457120
2019-01-15 10:38:00,1035.20,1035.20,1035.20,1035.20,0,457120
2019-01-15 10:39:00,1035.20,1035.20,1035.20,1035.20,0,457120
2019-01-15 10:40:00,1035.20,1035.20,1035.20,1035.20,0,457120
2019-01-15 10:41:00,1035.20,1035.20,1035.20,1035.20,0,457120
2019-01-15 10:42:00,1035.20,1035.20,1035.20,1035.20,0,457120
2019-01-15 10:43:00,1035.20,1035.20,1035.20,1035.20,0,457120
2019-01-15 10:44:00,1035.20,1035.20,1035.20,1035.20,0,457120
2019-01-15 10:45:00,1035.20,1035.20,1035.20,1035.20,0,457120
2019-01-15 10:46:00,1035.20,1035.20,1035.20,1035.20,0,457120
2019-01-15 10:47:00,1035.20,1035.20,1035.20,1035.20,0,457120
2019-01-15 10:48:00,1035.20,1035.20,1035.20,1035.20,0,457120
2019-01-15 10:49:00,1035.20,1040.00,1035.20,1040.00,20,457120
2019-01-15 10:50:00,1040.00,1040.00,1040.00,1040.00,0,457120
2019-01-15 10:51:00,1040.00,1040.00,1040.00,1040.00,0,457120
2019-01-15 10:52:00,1040.00,1040.00,1040.00,1040.00,0,457120
2019-01-15 10:53:00,1040.00,1040.00,1037.65,1037.65,200,457100
2019-01-15 10:54:00,1037.65,1037.65,1037.65,1037.65,0,457100
2019-01-15 10:55:00,1037.65,1037.65,1037.65,1037.65,0,457100
2019-01-15 10:56:00,1037.65,1037.65,1037.65,1037.65,0,457100
2019-01-15 10:57:00,1037.65,1037.65,1037.65,1037.65,0,457100
2019-01-15 10:58:00,1037.65,1037.65,1037.65,1037.65,0,457100
2019-01-15 10:59:00,1037.65,1037.65,1037.65,1037.65,0,457100
2019-01-15 11:00:00,1037.65,1037.65,1037.65,1037.65,0,457100
2019-01-15 11:01:00,1037.65,1037.65,1037.65,1037.65,0,457100
2019-01-15 11:02:00,1037.65,1038.00,1037.65,1038.00,20,457300
2019-01-15 11:03:00,1038.00,1038.00,1036.40,1036.40,40,457320
2019-01-15 11:04:00,1036.40,1036.40,1036.40,1036.40,0,457320
2019-01-15 11:05:00,1036.40,1036.40,1036.40,1036.40,0,457320
2019-01-15 11:06:00,1036.40,1042.00,1036.40,1042.00,20,457320
2019-01-15 11:07:00,1042.00,1042.00,1042.00,1042.00,0,457320
2019-01-15 11:08:00,1042.00,1042.00,1042.00,1042.00,0,457320
2019-01-15 11:09:00,1042.00,1066.65,1042.00,1056.40,580,457340
2019-01-15 11:10:00,1056.40,1056.40,1056.40,1056.40,0,457340
2019-01-15 11:11:00,1056.40,1056.40,1056.40,1056.40,0,457340
2019-01-15 11:12:00,1056.40,1056.40,1052.10,1052.10,100,457860
2019-01-15 11:13:00,1052.10,1052.10,1052.10,1052.10,0,457860
2019-01-15 11:14:00,1052.10,1052.10,1052.10,1052.10,0,457860
2019-01-15 11:15:00,1052.10,1052.10,1047.35,1047.35,200,457840
2019-01-15 11:16:00,1047.35,1047.35,1047.35,1047.35,0,457840
2019-01-15 11:17:00,1047.35,1047.35,1047.35,1047.35,0,457840
2019-01-15 11:18:00,1047.35,1047.35,1047.35,1047.35,0,457840
2019-01-15 11:19:00,1047.35,1047.35,1047.35,1047.35,0,457840
2019-01-15 11:20:00,1047.35,1057.35,1047.35,1057.35,300,458040
2019-01-15 11:21:00,1057.35,1057.35,1057.35,1057.35,0,458040
2019-01-15 11:22:00,1057.35,1057.35,1057.35,1057.35,0,458040
2019-01-15 11:23:00,1057.35,1057.35,1057.35,1057.35,0,458040
2019-01-15 11:24:00,1057.35,1057.35,1057.35,1057.35,0,458040
2019-01-15 11:25:00,1057.35,1057.35,1057.35,1057.35,0,458040
2019-01-15 11:26:00,1057.35,1057.35,1057.35,1057.35,0,458040
2019-01-15 11:27:00,1057.35,1057.35,1057.35,1057.35,0,458040
2019-01-15 11:28:00,1057.35,1057.35,1057.35,1057.35,0,458040
2019-01-15 11:29:00,1057.35,1062.65,1057.35,1062.65,300,458340
2019-01-15 11:30:00,1062.65,1077.65,1062.65,1077.65,320,458640
2019-01-15 11:31:00,1077.65,1077.65,1077.65,1077.65,0,458640
2019-01-15 11:32:00,1077.65,1077.65,1077.65,1077.65,0,458640
2019-01-15 11:33:00,1077.65,1077.65,1077.65,1077.65,0,458640
2019-01-15 11:34:00,1077.65,1077.65,1077.65,1077.65,0,458640
2019-01-15 11:35:00,1077.65,1077.65,1077.65,1077.65,0,458640
2019-01-15 11:36:00,1077.65,1077.65,1077.65,1077.65,0,458640
2019-01-15 11:37:00,1077.65,1077.65,1077.65,1077.65,0,458640
2019-01-15 11:38:00,1077.65,1077.65,1077.65,1077.65,0,458640
2019-01-15 11:39:00,1077.65,1077.65,1077.65,1077.65,0,458640
2019-01-15 11:40:00,1077.65,1077.65,1077.65,1077.65,0,458640
2019-01-15 11:41:00,1077.65,1077.65,1077.65,1077.65,0,458640
2019-01-15 11:42:00,1077.65,1077.65,1077.65,1077.65,0,458640
2019-01-15 11:43:00,1077.65,1077.65,1077.65,1077.65,0,458640
2019-01-15 11:44:00,1077.65,1077.65,1077.65,1077.65,0,458640
2019-01-15 11:45:00,1077.65,1077.65,1077.65,1077.65,0,458640
2019-01-15 11:46:00,1077.65,1077.65,1077.65,1077.65,0,458640
2019-01-15 11:47:00,1077.65,1077.65,1077.65,1077.65,0,458640
2019-01-15 11:48:00,1077.65,1077.65,1077.65,1077.65,0,458640
2019-01-15 11:49:00,1077.65,1077.65,1077.65,1077.65,0,458640
2019-01-15 11:50:00,1077.65,1077.65,1077.65,1077.65,0,458640
2019-01-15 11:51:00,1077.65,1077.65,1077.65,1077.65,0,458640
2019-01-15 11:52:00,1077.65,1077.65,1077.65,1077.65,0,458640
2019-01-15 11:53:00,1077.65,1077.65,1077.65,1077.65,0,458640
2019-01-15 11:54:00,1077.65,1077.65,1077.65,1077.65,0,458640
2019-01-15 11:55:00,1077.65,1077.65,1048.65,1048.65,220,458960
2019-01-15 11:56:00,1048.65,1048.65,1048.65,1048.65,0,458960
2019-01-15 11:57:00,1048.65,1048.65,1048.65,1048.65,0,458960
2019-01-15 11:58:00,1048.65,1048.65,1048.65,1048.65,0,458960
2019-01-15 11:59:00,1048.65,1048.65,1048.65,1048.65,0,458960
2019-01-15 12:00:00,1048.65,1048.65,1034.00,1034.00,20,459140
2019-01-15 12:01:00,1034.00,1034.00,1031.45,1031.45,40,459140
2019-01-15 12:02:00,1031.45,1031.45,1031.45,1031.45,0,459140
2019-01-15 12:03:00,1031.45,1031.45,1031.45,1031.45,0,459140
2019-01-15 12:04:00,1031.45,1031.45,1031.45,1031.45,0,459140
2019-01-15 12:05:00,1031.45,1031.45,1031.45,1031.45,0,459140
2019-01-15 12:06:00,1031.45,1031.45,1031.45,1031.45,0,459140
2019-01-15 12:07:00,1031.45,1031.45,1031.45,1031.45,0,459140
2019-01-15 12:08:00,1031.45,1031.45,1031.45,1031.45,0,459140
2019-01-15 12:09:00,1031.45,1031.45,1031.45,1031.45,0,459140
2019-01-15 12:10:00,1031.45,1031.45,1031.45,1031.45,0,459140
2019-01-15 12:11:00,1031.45,1031.45,1031.45,1031.45,0,459140
2019-01-15 12:12:00,1031.45,1031.45,1031.45,1031.45,0,459140
2019-01-15 12:13:00,1031.45,1031.45,1031.45,1031.45,0,459140
2019-01-15 12:14:00,1031.45,1031.45,1031.45,1031.45,0,459140
2019-01-15 12:15:00,1031.45,1031.45,1031.45,1031.45,0,459140
2019-01-15 12:16:00,1031.45,1031.45,1031.45,1031.45,0,459140
2019-01-15 12:17:00,1031.45,1031.45,1031.45,1031.45,0,459140
2019-01-15 12:18:00,1031.45,1031.45,1031.45,1031.45,0,459140
2019-01-15 12:19:00,1031.45,1031.45,1031.45,1031.45,0,459140
2019-01-15 12:20:00,1031.45,1031.45,1031.45,1031.45,0,459140
2019-01-15 12:21:00,1031.45,1031.45,1031.45,1031.45,0,459140
2019-01-15 12:22:00,1031.45,1031.45,1031.45,1031.45,0,459140
2019-01-15 12:23:00,1031.45,1031.45,1031.45,1031.45,0,459140
2019-01-15 12:24:00,1031.45,1031.45,1031.45,1031.45,0,459140
2019-01-15 12:25:00,1031.45,1031.45,1031.45,1031.45,0,459140
2019-01-15 12:26:00,1031.45,1031.45,1031.45,1031.45,0,459140
2019-01-15 12:27:00,1031.45,1031.45,1031.45,1031.45,0,459140
2019-01-15 12:28:00,1031.45,1031.45,1031.45,1031.45,0,459140
2019-01-15 12:29:00,1031.45,1031.45,1006.30,1006.30,100,459140
2019-01-15 12:30:00,1006.30,1006.30,1006.30,1006.30,0,459120
2019-01-15 12:31:00,1006.30,1006.30,1006.30,1006.30,0,459120
2019-01-15 12:32:00,1006.30,1006.30,1006.30,1006.30,0,459120
2019-01-15 12:33:00,1006.30,1006.30,1006.30,1006.30,0,459120
2019-01-15 12:34:00,1006.30,1006.30,1006.30,1006.30,0,459120
2019-01-15 12:35:00,1006.30,1006.30,1006.30,1006.30,0,459120
2019-01-15 12:36:00,1006.30,1006.30,1006.30,1006.30,0,459120
2019-01-15 12:37:00,1006.30,1006.30,1006.30,1006.30,0,459120
2019-01-15 12:38:00,1006.30,1006.30,1006.30,1006.30,0,459120
2019-01-15 12:39:00,1006.30,1006.30,1006.30,1006.30,0,459120
2019-01-15 12:40:00,1006.30,1006.30,1006.30,1006.30,0,459120
2019-01-15 12:41:00,1006.30,1006.30,1006.30,1006.30,0,459120
2019-01-15 12:42:00,1006.30,1006.30,1006.30,1006.30,0,459120
2019-01-15 12:43:00,1006.30,1023.45,1006.30,1023.45,20,459120
2019-01-15 12:44:00,1023.45,1023.45,1020.95,1020.95,20,459120
2019-01-15 12:45:00,1020.95,1020.95,1019.45,1019.45,40,459120
2019-01-15 12:46:00,1019.45,1020.80,1015.15,1015.15,100,459120
2019-01-15 12:47:00,1015.15,1015.15,1014.90,1014.90,40,459120
2019-01-15 12:48:00,1014.90,1014.90,1013.85,1013.85,20,459120
2019-01-15 12:49:00,1013.85,1013.85,1013.85,1013.85,0,459120
2019-01-15 12:50:00,1013.85,1013.85,1013.85,1013.85,0,459120
2019-01-15 12:51:00,1013.85,1013.85,1013.85,1013.85,0,459120
2019-01-15 12:52:00,1013.85,1013.85,1013.85,1013.85,0,459120
2019-01-15 12:53:00,1013.85,1013.85,1013.85,1013.85,0,459120
2019-01-15 12:54:00,1013.85,1013.85,1013.85,1013.85,0,459120
2019-01-15 12:55:00,1013.85,1013.85,1013.85,1013.85,0,459120
2019-01-15 12:56:00,1013.85,1013.85,1013.85,1013.85,0,459120
2019-01-15 12:57:00,1013.85,1013.85,1013.85,1013.85,0,459120
2019-01-15 12:58:00,1013.85,1013.85,1013.85,1013.85,0,459120
2019-01-15 12:59:00,1013.85,1013.85,1013.85,1013.85,0,459120
2019-01-15 13:00:00,1013.85,1013.85,1013.85,1013.85,0,459120
2019-01-15 13:01:00,1013.85,1013.85,1013.85,1013.85,0,459120
2019-01-15 13:02:00,1013.85,1013.85,1013.85,1013.85,0,459120
2019-01-15 13:03:00,1013.85,1013.85,1013.85,1013.85,0,459120
2019-01-15 13:04:00,1013.85,1013.85,1013.85,1013.85,0,459120
2019-01-15 13:05:00,1013.85,1013.85,1013.85,1013.85,0,459120
2019-01-15 13:06:00,1013.85,1013.85,1013.85,1013.85,0,459120
2019-01-15 13:07:00,1013.85,1013.85,1013.85,1013.85,0,459120
2019-01-15 13:08:00,1013.85,1013.85,1013.85,1013.85,0,459120
2019-01-15 13:09:00,1013.85,1013.85,1013.85,1013.85,0,459120
2019-01-15 13:10:00,1013.85,1013.85,1013.85,1013.85,0,459120
2019-01-15 13:11:00,1013.85,1013.85,1013.85,1013.85,0,459120
2019-01-15 13:12:00,1013.85,1013.85,1013.85,1013.85,0,459120
2019-01-15 13:13:00,1013.85,1013.85,1013.85,1013.85,0,459120
2019-01-15 13:14:00,1013.85,1013.85,1013.85,1013.85,0,459120
2019-01-15 13:15:00,1013.85,1013.85,1013.85,1013.85,0,459120
2019-01-15 13:16:00,1013.85,1013.85,1013.85,1013.85,0,459120
2019-01-15 13:17:00,1013.85,1013.85,1013.85,1013.85,0,459120
2019-01-15 13:18:00,1013.85,1013.85,1013.85,1013.85,0,459120
2019-01-15 13:19:00,1013.85,1038.30,1013.85,1038.30,40,459120
2019-01-15 13:20:00,1038.30,1038.30,1038.30,1038.30,0,459120
2019-01-15 13:21:00,1038.30,1038.30,1038.30,1038.30,0,459120
2019-01-15 13:22:00,1038.30,1038.30,1038.30,1038.30,0,459120
2019-01-15 13:23:00,1038.30,1038.30,1038.30,1038.30,0,459120
2019-01-15 13:24:00,1038.30,1038.30,1038.30,1038.30,0,459120
2019-01-15 13:25:00,1038.30,1038.30,1038.30,1038.30,0,459120
2019-01-15 13:26:00,1038.30,1038.30,1038.30,1038.30,0,459120
2019-01-15 13:27:00,1038.30,1038.30,1038.30,1038.30,0,459120
2019-01-15 13:28:00,1038.30,1038.30,1038.30,1038.30,0,459120
2019-01-15 13:29:00,1038.30,1038.30,1020.80,1020.80,20,459120
2019-01-15 13:30:00,1020.80,1020.80,1020.80,1020.80,0,459120
2019-01-15 13:31:00,1020.80,1020.80,1020.80,1020.80,0,459120
2019-01-15 13:32:00,1020.80,1020.80,1020.80,1020.80,0,459120
2019-01-15 13:33:00,1020.80,1020.80,1020.80,1020.80,0,459120
2019-01-15 13:34:00,1020.80,1020.80,1020.80,1020.80,0,459120
2019-01-15 13:35:00,1020.80,1020.80,1020.80,1020.80,0,459120
2019-01-15 13:36:00,1020.80,1020.80,1020.80,1020.80,0,459120
2019-01-15 13:37:00,1020.80,1020.80,1020.80,1020.80,0,459120
2019-01-15 13:38:00,1020.80,1020.80,1020.80,1020.80,0,459120
2019-01-15 13:39:00,1020.80,1020.80,1020.80,1020.80,0,459120
2019-01-15 13:40:00,1020.80,1020.80,1020.80,1020.80,0,459120
2019-01-15 13:41:00,1020.80,1020.80,1020.80,1020.80,0,459120
2019-01-15 13:42:00,1020.80,1042.65,1020.80,1042.65,20,459120
2019-01-15 13:43:00,1042.65,1042.65,1042.65,1042.65,0,459120
2019-01-15 13:44:00,1042.65,1042.65,1042.65,1042.65,0,459120
2019-01-15 13:45:00,1042.65,1042.65,1042.65,1042.65,0,459120
2019-01-15 13:46:00,1042.65,1042.65,1042.65,1042.65,0,459120
2019-01-15 13:47:00,1042.65,1042.65,1042.65,1042.65,0,459120
2019-01-15 13:48:00,1042.65,1042.65,1042.65,1042.65,0,459120
2019-01-15 13:49:00,1042.65,1042.65,1042.65,1042.65,0,459120
2019-01-15 13:50:00,1042.65,1042.65,1042.65,1042.65,0,459120
2019-01-15 13:51:00,1042.65,1042.65,1042.65,1042.65,0,459120
2019-01-15 13:52:00,1042.65,1042.65,1042.65,1042.65,0,459120
2019-01-15 13:53:00,1042.65,1042.65,1042.65,1042.65,0,459120
2019-01-15 13:54:00,1042.65,1042.65,1042.65,1042.65,0,459120
2019-01-15 13:55:00,1042.65,1042.65,1042.65,1042.65,0,459120
2019-01-15 13:56:00,1042.65,1042.65,1042.65,1042.65,0,459120
2019-01-15 13:57:00,1042.65,1042.65,1042.65,1042.65,0,459120
2019-01-15 13:58:00,1042.65,1042.65,1042.65,1042.65,0,459120
2019-01-15 13:59:00,1042.65,1042.65,1042.65,1042.65,0,459120
2019-01-15 14:00:00,1042.65,1042.65,1042.65,1042.65,0,459120
2019-01-15 14:01:00,1042.65,1042.65,1015.00,1015.00,100,459120
2019-01-15 14:02:00,1015.00,1015.00,1015.00,1015.00,100,459120
2019-01-15 14:03:00,1015.00,1015.00,1015.00,1015.00,0,459120
2019-01-15 14:04:00,1015.00,1020.00,1015.00,1020.00,60,459320
2019-01-15 14:05:00,1020.00,1020.00,1020.00,1020.00,0,459320
2019-01-15 14:06:00,1020.00,1020.00,1020.00,1020.00,0,459320
2019-01-15 14:07:00,1020.00,1020.00,991.45,991.45,100,459320
2019-01-15 14:08:00,991.45,991.45,991.45,991.45,0,459320
2019-01-15 14:09:00,991.45,991.45,991.45,991.45,0,459320
2019-01-15 14:10:00,991.45,997.10,991.45,997.10,20,459320
2019-01-15 14:11:00,997.10,997.10,997.10,997.10,0,459320
2019-01-15 14:12:00,997.10,997.10,997.10,997.10,0,459320
2019-01-15 14:13:00,997.10,997.10,997.10,997.10,0,459320
2019-01-15 14:14:00,997.10,997.10,997.10,997.10,0,459320
2019-01-15 14:15:00,997.10,997.10,997.10,997.10,0,459320
2019-01-15 14:16:00,997.10,997.10,997.10,997.10,0,459320
2019-01-15 14:17:00,997.10,997.10,997.10,997.10,0,459320
2019-01-15 14:18:00,997.10,997.10,997.10,997.10,0,459320
2019-01-15 14:19:00,997.10,997.10,997.10,997.10,0,459320
2019-01-15 14:20:00,997.10,997.10,997.10,997.10,0,459320
2019-01-15 14:21:00,997.10,997.10,997.10,997.10,0,459320
2019-01-15 14:22:00,997.10,997.10,997.10,997.10,0,459320
2019-01-15 14:23:00,997.10,997.10,997.10,997.10,0,459320
2019-01-15 14:24:00,997.10,997.10,997.10,997.10,0,459320
2019-01-15 14:25:00,997.10,997.10,997.10,997.10,0,459320
2019-01-15 14:26:00,997.10,997.10,997.10,997.10,0,459320
2019-01-15 14:27:00,997.10,997.10,997.10,997.10,0,459320
2019-01-15 14:28:00,997.10,997.10,997.10,997.10,0,459320
2019-01-15 14:29:00,997.10,997.10,997.10,997.10,0,459320
2019-01-15 14:30:00,997.10,1040.40,997.10,1040.40,20,459320
2019-01-15 14:31:00,1040.40,1040.40,1040.40,1040.40,0,459300
2019-01-15 14:32:00,1040.40,1040.40,1040.40,1040.40,0,459300
2019-01-15 14:33:00,1040.40,1040.40,1040.40,1040.40,0,459300
2019-01-15 14:34:00,1040.40,1040.40,1040.40,1040.40,0,459300
2019-01-15 14:35:00,1040.40,1040.40,1040.40,1040.40,0,459300
2019-01-15 14:36:00,1040.40,1040.40,1040.40,1040.40,0,459300
2019-01-15 14:37:00,1040.40,1040.40,1040.40,1040.40,0,459300
2019-01-15 14:38:00,1040.40,1040.40,1040.40,1040.40,0,459300
2019-01-15 14:39:00,1040.40,1040.40,1040.40,1040.40,0,459300
2019-01-15 14:40:00,1040.40,1040.40,1040.40,1040.40,0,459300
2019-01-15 14:41:00,1040.40,1040.40,1040.40,1040.40,0,459300
2019-01-15 14:42:00,1040.40,1040.40,1040.40,1040.40,0,459300
2019-01-15 14:43:00,1040.40,1040.40,1040.40,1040.40,0,459300
2019-01-15 14:44:00,1040.40,1040.40,1040.40,1040.40,0,459300
2019-01-15 14:45:00,1040.40,1040.40,1040.40,1040.40,0,459300
2019-01-15 14:46:00,1040.40,1040.40,1040.40,1040.40,0,459300
2019-01-15 14:47:00,1040.40,1040.40,1040.40,1040.40,0,459300
2019-01-15 14:48:00,1040.40,1040.40,1040.40,1040.40,0,459300
2019-01-15 14:49:00,1040.40,1040.40,1040.40,1040.40,0,459300
2019-01-15 14:50:00,1040.40,1040.40,1040.40,1040.40,0,459300
2019-01-15 14:51:00,1040.40,1040.40,1040.40,1040.40,0,459300
2019-01-15 14:52:00,1040.40,1040.40,1040.40,1040.40,0,459300
2019-01-15 14:53:00,1040.40,1040.40,1040.40,1040.40,0,459300
2019-01-15 14:54:00,1040.40,1040.40,1040.40,1040.40,0,459300
2019-01-15 14:55:00,1040.40,1040.40,1040.40,1040.40,0,459300
2019-01-15 14:56:00,1040.40,1040.40,1040.40,1040.40,0,459300
2019-01-15 14:57:00,1040.40,1040.40,1040.40,1040.40,0,459300
2019-01-15 14:58:00,1040.40,1040.40,1040.40,1040.40,0,459300
2019-01-15 14:59:00,1040.40,1040.40,1040.40,1040.40,0,459300
2019-01-15 15:00:00,1040.40,1040.40,1040.40,1040.40,0,459300
2019-01-15 15:01:00,1040.40,1040.40,1040.40,1040.40,0,459300
2019-01-15 15:02:00,1040.40,1040.40,1040.40,1040.40,0,459300
2019-01-15 15:03:00,1040.40,1040.40,1040.40,1040.40,0,459300
2019-01-15 15:04:00,1040.40,1046.75,1036.35,1046.75,80,459300
2019-01-15 15:05:00,1046.75,1046.75,1046.75,1046.75,0,459300
2019-01-15 15:06:00,1046.75,1046.75,1046.75,1046.75,0,459300
2019-01-15 15:07:00,1046.75,1046.75,1046.75,1046.75,0,459300
2019-01-15 15:08:00,1046.75,1046.75,1046.75,1046.75,0,459300
2019-01-15 15:09:00,1046.75,1065.00,1046.75,1056.20,360,459300
2019-01-15 15:10:00,1056.20,1056.85,1056.20,1056.85,20,459300
2019-01-15 15:11:00,1056.85,1060.15,1056.85,1060.15,40,459300
2019-01-15 15:12:00,1060.15,1060.15,1060.15,1060.15,0,459300
2019-01-15 15:13:00,1060.15,1060.15,1060.15,1060.15,0,459300
2019-01-15 15:14:00,1060.15,1060.15,1058.00,1058.00,20,459380
2019-01-15 15:15:00,1058.00,1059.80,1058.00,1059.80,20,459360
2019-01-15 15:16:00,1059.80,1059.80,1059.80,1059.80,80,459360
2019-01-15 15:17:00,1059.80,1059.80,1059.80,1059.80,320,459360
2019-01-15 15:18:00,1059.80,1070.00,1059.80,1070.00,220,459360
2019-01-15 15:19:00,1070.00,1070.00,1070.00,1070.00,20,459260
2019-01-15 15:20:00,1070.00,1070.00,1070.00,1070.00,60,459260
2019-01-15 15:21:00,1070.00,1070.00,1070.00,1070.00,780,459260
2019-01-15 15:22:00,1070.00,1070.00,1070.00,1070.00,0,460120
2019-01-15 15:23:00,1080.00,1080.00,1080.00,1080.00,0,460120
2019-01-15 15:24:00,1080.00,1080.00,1080.00,1080.00,0,460120
2019-01-15 15:25:00,1080.00,1080.00,1080.00,1080.00,0,460120
2019-01-15 15:26:00,1080.00,1081.60,1071.90,1081.60,80,460100
2019-01-15 15:27:00,1081.60,1081.60,1081.60,1081.60,0,460100
2019-01-15 15:28:00,1081.60,1081.60,1081.60,1081.60,0,460100
2019-01-15 15:29:01,1081.60,1081.60,1081.60,1081.60,0,460100
2019-01-16 09:19:00,1070.80,1070.80,1070.80,1070.80,0,460080
2019-01-16 09:20:00,1070.80,1070.80,1070.80,1070.80,0,460080
2019-01-16 09:21:00,1070.80,1070.80,1070.80,1070.80,0,460080
2019-01-16 09:22:00,1070.80,1100.00,1070.80,1100.00,1000,460080
2019-01-16 09:23:00,1100.00,1100.00,1100.00,1100.00,0,460080
2019-01-16 09:24:00,1100.00,1110.00,1100.00,1110.00,1000,461080
2019-01-16 09:25:00,1110.00,1120.00,1110.00,1120.00,60,461080
2019-01-16 09:26:00,1120.00,1120.00,1120.00,1120.00,80,462140
2019-01-16 09:27:00,1115.00,1115.00,1115.00,1115.00,0,462140
2019-01-16 09:28:00,1115.00,1120.00,1113.05,1120.00,100,462140
2019-01-16 09:29:00,1120.00,1120.00,1120.00,1120.00,780,462300
2019-01-16 09:30:00,1120.00,1150.00,1120.00,1150.00,3000,462300
2019-01-16 09:31:00,1150.00,1150.00,1150.00,1150.00,0,462300
2019-01-16 09:32:00,1150.00,1150.00,1150.00,1150.00,0,462300
2019-01-16 09:33:00,1150.00,1150.00,1150.00,1150.00,0,462300
2019-01-16 09:34:00,1150.00,1150.00,1150.00,1150.00,0,462300
2019-01-16 09:35:00,1150.00,1160.00,1150.00,1152.00,60,466080
2019-01-16 09:36:00,1152.00,1152.00,1152.00,1152.00,0,466080
2019-01-16 09:37:00,1152.00,1152.00,1152.00,1152.00,0,466080
2019-01-16 09:38:00,1152.00,1152.00,1152.00,1152.00,0,466080
2019-01-16 09:39:00,1152.00,1152.00,1152.00,1152.00,0,466080
2019-01-16 09:40:00,1152.00,1152.00,1152.00,1152.00,0,466080
2019-01-16 09:41:00,1152.00,1152.00,1152.00,1152.00,0,466080
2019-01-16 09:42:00,1152.00,1152.00,1152.00,1152.00,0,466080
2019-01-16 09:43:00,1152.00,1152.00,1152.00,1152.00,0,466080
2019-01-16 09:44:00,1152.00,1152.00,1152.00,1152.00,0,466080
2019-01-16 09:45:00,1152.00,1152.00,1152.00,1152.00,0,466080
2019-01-16 09:46:00,1152.00,1152.00,1152.00,1152.00,0,466080
2019-01-16 09:47:00,1152.00,1152.00,1152.00,1152.00,0,466080
2019-01-16 09:48:00,1152.00,1152.00,1152.00,1152.00,0,466080
2019-01-16 09:49:00,1152.00,1152.00,1152.00,1152.00,0,466080
2019-01-16 09:50:00,1152.00,1152.00,1140.00,1140.00,20,466120
2019-01-16 09:51:00,1140.00,1140.00,1140.00,1140.00,0,466120
2019-01-16 09:52:00,1140.00,1140.00,1140.00,1140.00,0,466120
2019-01-16 09:53:00,1140.00,1140.00,1140.00,1140.00,0,466120
2019-01-16 09:54:00,1140.00,1140.00,1140.00,1140.00,0,466120
2019-01-16 09:55:00,1140.00,1140.00,1140.00,1140.00,0,466120
2019-01-16 09:56:00,1140.00,1140.00,1140.00,1140.00,0,466120
2019-01-16 09:57:00,1140.00,1140.00,1140.00,1140.00,0,466120
2019-01-16 09:58:00,1140.00,1140.00,1140.00,1140.00,0,466120
2019-01-16 09:59:00,1140.00,1140.00,1140.00,1140.00,0,466120
2019-01-16 10:00:00,1140.00,1140.00,1140.00,1140.00,0,466120
2019-01-16 10:01:00,1140.00,1140.00,1140.00,1140.00,0,466120
2019-01-16 10:02:00,1140.00,1140.00,1140.00,1140.00,0,466120
2019-01-16 10:03:00,1140.00,1140.00,1140.00,1140.00,0,466120
2019-01-16 10:04:00,1151.15,1153.15,1151.15,1151.65,80,466100
2019-01-16 10:05:00,1151.65,1151.65,1150.75,1150.75,20,466100
2019-01-16 10:06:00,1150.75,1150.75,1150.75,1150.75,0,466100
2019-01-16 10:07:00,1150.75,1150.75,1150.75,1150.75,0,466100
2019-01-16 10:08:00,1150.75,1150.75,1150.75,1150.75,0,466100
2019-01-16 10:09:00,1150.75,1150.75,1150.75,1150.75,0,466100
2019-01-16 10:10:00,1150.75,1150.75,1150.30,1150.30,20,466100
2019-01-16 10:11:00,1150.30,1150.30,1150.30,1150.30,0,466100
2019-01-16 10:12:00,1150.30,1150.30,1150.00,1150.00,300,466100
2019-01-16 10:13:00,1150.00,1152.00,1150.00,1152.00,320,466100
2019-01-16 10:14:00,1152.00,1152.00,1152.00,1152.00,0,466100
2019-01-16 10:15:00,1152.00,1152.00,1152.00,1152.00,0,466100
2019-01-16 10:16:00,1152.00,1152.00,1152.00,1152.00,0,466100
2019-01-16 10:17:00,1152.00,1152.00,1142.00,1142.00,440,466700
2019-01-16 10:18:00,1142.00,1142.00,1138.00,1138.00,280,466700
2019-01-16 10:19:00,1138.00,1138.00,1138.00,1138.00,520,466700
2019-01-16 10:20:00,1138.00,1138.00,1138.00,1138.00,0,466700
2019-01-16 10:21:00,1138.00,1143.00,1138.00,1143.00,120,467940
2019-01-16 10:22:00,1143.00,1143.00,1142.00,1142.00,20,467940
2019-01-16 10:23:00,1142.00,1142.00,1142.00,1142.00,300,468080
2019-01-16 10:24:00,1142.00,1142.00,1142.00,1142.00,0,468080
2019-01-16 10:25:00,1142.00,1142.00,1135.00,1135.00,400,468080
2019-01-16 10:26:00,1135.00,1135.00,1130.00,1130.00,400,468780
2019-01-16 10:27:00,1130.00,1130.00,1130.00,1130.00,0,468780
2019-01-16 10:28:00,1130.00,1130.00,1130.00,1130.00,0,468780
2019-01-16 10:29:00,1130.00,1130.00,1130.00,1130.00,440,469180
2019-01-16 10:30:00,1130.00,1130.00,1130.00,1130.00,0,469180
2019-01-16 10:31:00,1130.00,1130.00,1130.00,1130.00,80,469180
2019-01-16 10:32:00,1130.00,1130.00,1130.00,1130.00,440,469700
2019-01-16 10:33:00,1130.00,1130.00,1130.00,1130.00,420,469700
2019-01-16 10:34:00,1130.00,1130.00,1130.00,1130.00,0,469700
2019-01-16 10:35:00,1130.00,1130.00,1130.00,1130.00,440,470000
2019-01-16 10:36:00,1130.00,1135.00,1130.00,1135.00,200,470000
2019-01-16 10:37:00,1135.00,1135.00,1135.00,1135.00,200,470000
2019-01-16 10:38:00,1135.00,1135.00,1134.00,1134.00,60,470840
2019-01-16 10:39:00,1134.00,1135.00,1134.00,1135.00,400,470840
2019-01-16 10:40:00,1135.00,1135.00,1135.00,1135.00,0,470840
2019-01-16 10:41:00,1135.00,1135.00,1135.00,1135.00,0,470840
2019-01-16 10:42:00,1135.00,1135.00,1135.00,1135.00,0,470840
2019-01-16 10:43:00,1135.00,1135.00,1135.00,1135.00,0,470840
2019-01-16 10:44:00,1135.00,1135.00,1133.00,1133.00,380,471200
2019-01-16 10:45:00,1133.00,1133.00,1133.00,1133.00,480,471200
2019-01-16 10:46:00,1133.00,1142.00,1133.00,1142.00,220,471200
2019-01-16 10:47:00,1142.00,1142.00,1142.00,1142.00,220,472280
2019-01-16 10:48:00,1142.00,1142.00,1142.00,1142.00,0,472280
2019-01-16 10:49:00,1142.00,1142.00,1137.00,1137.00,100,472280
2019-01-16 10:50:00,1137.00,1137.00,1130.00,1130.00,20,472600
2019-01-16 10:51:00,1130.00,1135.00,1130.00,1135.00,20,472600
2019-01-16 10:52:00,1135.00,1135.00,1135.00,1135.00,0,472600
2019-01-16 10:53:00,1135.00,1135.00,1135.00,1135.00,0,472600
2019-01-16 10:54:00,1135.00,1135.00,1129.85,1129.85,140,472600
2019-01-16 10:55:00,1129.85,1129.85,1128.00,1128.00,140,472600
2019-01-16 10:56:00,1128.00,1142.70,1128.00,1142.70,420,472880
2019-01-16 10:57:00,1142.70,1142.70,1130.00,1130.00,420,472880
2019-01-16 10:58:00,1130.00,1130.00,1130.00,1130.00,280,472880
2019-01-16 10:59:00,1130.00,1130.00,1130.00,1130.00,0,472880
2019-01-16 11:00:00,1130.00,1130.00,1130.00,1130.00,0,472880
2019-01-16 11:01:00,1130.00,1130.00,1130.00,1130.00,0,472880
2019-01-16 11:02:00,1130.00,1130.00,1130.00,1130.00,0,472880
2019-01-16 11:03:00,1130.00,1130.00,1130.00,1130.00,0,472880
2019-01-16 11:04:00,1130.00,1130.00,1125.00,1125.00,0,473980
2019-01-16 11:05:00,1125.00,1125.00,1120.00,1120.00,300,474000
2019-01-16 11:06:00,1120.00,1120.00,1120.00,1120.00,0,474000
2019-01-16 11:07:00,1120.00,1120.00,1115.00,1115.00,20,474000
2019-01-16 11:08:00,1115.00,1115.00,1114.00,1114.00,320,474320
2019-01-16 11:09:00,1114.00,1120.00,1114.00,1114.00,400,474320
2019-01-16 11:10:00,1114.00,1115.00,1112.55,1115.00,460,474320
2019-01-16 11:11:00,1115.00,1119.90,1115.00,1119.90,680,475520
2019-01-16 11:12:00,1119.90,1119.90,1115.35,1119.00,720,475520
2019-01-16 11:13:00,1119.00,1125.70,1119.00,1123.00,800,475520
2019-01-16 11:14:00,1123.00,1123.00,1117.00,1117.00,540,476280
2019-01-16 11:15:00,1117.00,1117.00,1116.00,1116.00,520,476280
2019-01-16 11:16:00,1116.00,1116.00,1116.00,1116.00,0,476280
2019-01-16 11:17:00,1116.00,1118.00,1116.00,1117.00,640,477300
2019-01-16 11:18:00,1117.00,1122.05,1117.00,1118.45,440,477300
2019-01-16 11:19:00,1118.45,1118.45,1098.95,1098.95,880,477300
2019-01-16 11:20:00,1098.95,1103.00,1098.95,1101.20,320,478400
2019-01-16 11:21:00,1101.20,1105.00,1101.20,1105.00,460,478400
2019-01-16 11:22:00,1105.00,1111.05,1105.00,1111.05,860,478400
2019-01-16 11:23:00,1111.05,1111.05,1110.00,1110.00,500,479380
2019-01-16 11:24:00,1110.00,1113.00,1110.00,1113.00,200,479380
2019-01-16 11:25:00,1113.00,1113.00,1113.00,1113.00,460,479380
2019-01-16 11:26:00,1113.00,1120.00,1113.00,1120.00,940,480400
2019-01-16 11:27:00,1120.00,1120.00,1117.00,1117.00,20,480400
2019-01-16 11:28:00,1117.00,1120.00,1116.85,1120.00,440,480400
2019-01-16 11:29:00,1120.00,1120.00,1118.30,1118.30,400,481420
2019-01-16 11:30:00,1117.40,1121.15,1117.00,1121.15,660,481420
2019-01-16 11:31:00,1121.15,1122.10,1119.80,1122.00,1220,481420
2019-01-16 11:32:00,1122.00,1128.45,1122.00,1126.10,1540,482940
2019-01-16 11:33:00,1126.10,1127.00,1125.00,1127.00,500,482940
2019-01-16 11:34:00,1128.45,1130.00,1128.45,1130.00,1120,482940
2019-01-16 11:35:00,1130.00,1130.00,1126.65,1128.10,420,485280
2019-01-16 11:36:00,1128.10,1130.00,1128.10,1130.00,360,485280
2019-01-16 11:37:00,1130.00,1130.00,1130.00,1130.00,40,485280
2019-01-16 11:38:00,1130.00,1130.00,1125.00,1125.00,460,485700
2019-01-16 11:39:00,1125.00,1125.00,1125.00,1125.00,200,485700
2019-01-16 11:40:00,1125.00,1125.00,1125.00,1125.00,460,485700
2019-01-16 11:41:00,1125.00,1125.00,1125.00,1125.00,0,485700
2019-01-16 11:42:00,1125.00,1125.00,1125.00,1125.00,0,485700
2019-01-16 11:43:00,1125.00,1125.00,1125.00,1125.00,600,486840
2019-01-16 11:44:00,1125.00,1125.00,1125.00,1125.00,360,487440
2019-01-16 11:45:00,1125.00,1125.00,1123.00,1123.00,340,487440
2019-01-16 11:46:00,1123.00,1130.00,1123.00,1125.00,300,487440
2019-01-16 11:47:00,1125.00,1125.00,1125.00,1125.00,760,488440
2019-01-16 11:48:00,1125.00,1130.00,1125.00,1130.00,1020,488440
2019-01-16 11:49:00,1130.00,1130.00,1125.00,1125.00,1040,488440
2019-01-16 11:50:00,1125.00,1125.00,1125.00,1125.00,140,488440
2019-01-16 11:51:00,1125.00,1125.00,1125.00,1125.00,640,487120
2019-01-16 11:52:00,1125.00,1125.00,1125.00,1125.00,260,487120
2019-01-16 11:53:00,1125.00,1125.00,1125.00,1125.00,520,487120
2019-01-16 11:54:00,1125.00,1125.00,1125.00,1125.00,0,487040
2019-01-16 11:55:00,1125.00,1130.00,1125.00,1130.00,1180,487040
2019-01-16 11:56:00,1130.00,1130.00,1130.00,1130.00,0,487040
2019-01-16 11:57:00,1130.00,1130.00,1130.00,1130.00,0,488280
2019-01-16 11:58:00,1132.30,1140.00,1132.30,1140.00,760,488280
2019-01-16 11:59:00,1140.00,1149.95,1140.00,1149.95,300,489040
2019-01-16 12:00:00,1149.95,1149.95,1149.95,1149.95,0,489040
2019-01-16 12:01:00,1149.95,1149.95,1149.95,1149.95,0,489040
2019-01-16 12:02:00,1149.95,1149.95,1149.95,1149.95,0,489040
2019-01-16 12:03:00,1149.95,1149.95,1140.00,1140.00,0,489100
2019-01-16 12:04:00,1140.00,1140.00,1140.00,1140.00,0,489100
2019-01-16 12:05:00,1140.00,1140.00,1140.00,1140.00,160,489140
2019-01-16 12:06:00,1140.00,1140.00,1137.00,1137.00,40,489140
2019-01-16 12:07:00,1137.00,1137.00,1137.00,1137.00,0,489140
2019-01-16 12:08:00,1137.00,1137.00,1131.00,1135.00,340,489360
2019-01-16 12:09:00,1135.00,1135.00,1132.00,1132.00,540,489360
2019-01-16 12:10:00,1132.00,1132.00,1132.00,1132.00,440,489360
2019-01-16 12:11:00,1132.00,1132.00,1132.00,1132.00,140,490760
2019-01-16 12:12:00,1132.00,1132.00,1132.00,1132.00,0,490760
2019-01-16 12:13:00,1132.00,1132.00,1130.00,1130.00,80,490760
2019-01-16 12:14:00,1130.00,1130.00,1130.00,1130.00,0,490760
2019-01-16 12:15:00,1130.00,1130.00,1125.00,1125.00,140,490940
2019-01-16 12:16:00,1125.00,1125.00,1124.00,1124.00,460,490940
2019-01-16 12:17:00,1124.00,1124.00,1124.00,1124.00,0,490940
2019-01-16 12:18:00,1124.00,1130.00,1124.00,1130.00,600,491540
2019-01-16 12:19:00,1130.00,1130.00,1130.00,1130.00,0,491540
2019-01-16 12:20:00,1130.00,1130.00,1130.00,1130.00,0,491540
2019-01-16 12:21:00,1130.00,1130.00,1130.00,1130.00,0,491540
2019-01-16 12:22:00,1130.00,1130.00,1130.00,1130.00,0,491540
2019-01-16 12:23:00,1130.00,1130.00,1130.00,1130.00,0,491540
2019-01-16 12:24:00,1130.00,1131.50,1130.00,1131.50,20,492140
2019-01-16 12:25:00,1131.50,1131.50,1129.20,1129.20,300,492140
2019-01-16 12:26:00,1129.20,1129.20,1127.00,1127.00,20,492140
2019-01-16 12:27:00,1127.00,1127.00,1125.00,1125.00,540,492140
2019-01-16 12:28:00,1125.00,1130.00,1125.00,1130.00,900,492140
2019-01-16 12:29:00,1130.00,1131.60,1130.00,1130.00,800,493520
2019-01-16 12:30:00,1130.00,1130.00,1124.00,1124.00,300,493520
2019-01-16 12:31:00,1124.00,1130.00,1124.00,1130.00,940,493520
2019-01-16 12:32:00,1130.00,1130.00,1130.00,1130.00,0,493520
2019-01-16 12:33:00,1130.00,1140.00,1130.00,1137.15,240,495160
2019-01-16 12:34:00,1137.15,1137.15,1137.15,1137.15,0,495160
2019-01-16 12:35:00,1137.15,1140.00,1137.15,1140.00,400,495140
2019-01-16 12:36:00,1140.00,1145.00,1140.00,1145.00,360,495140
2019-01-16 12:37:00,1145.00,1145.00,1141.90,1141.90,200,495140
2019-01-16 12:38:00,1141.90,1141.90,1140.00,1140.00,180,495960
2019-01-16 12:39:00,1140.00,1150.00,1140.00,1150.00,220,495960
2019-01-16 12:40:00,1150.00,1150.00,1149.00,1150.00,1300,495960
2019-01-16 12:41:00,1150.00,1150.00,1150.00,1150.00,0,495960
2019-01-16 12:42:00,1150.00,1160.00,1150.00,1160.00,120,497740
2019-01-16 12:43:00,1160.00,1160.00,1150.00,1150.00,220,497740
2019-01-16 12:44:00,1150.00,1150.00,1150.00,1150.00,0,497740
2019-01-16 12:45:00,1150.00,1150.00,1150.00,1150.00,0,497740
2019-01-16 12:46:00,1150.00,1153.75,1150.00,1153.75,20,498180
2019-01-16 12:47:00,1153.75,1153.75,1147.00,1150.00,620,498180
2019-01-16 12:48:00,1150.00,1150.00,1150.00,1150.00,20,498180
2019-01-16 12:49:00,1150.00,1150.00,1145.00,1145.00,320,498180
2019-01-16 12:50:00,1145.00,1145.00,1145.00,1145.00,0,498180
2019-01-16 12:51:00,1145.00,1145.00,1144.80,1144.80,20,499140
2019-01-16 12:52:00,1144.80,1144.80,1144.80,1144.80,0,499140
2019-01-16 12:53:00,1144.80,1144.80,1144.80,1144.80,0,499140
2019-01-16 12:54:00,1144.80,1144.80,1144.80,1144.80,0,499140
2019-01-16 12:55:00,1144.80,1144.80,1142.80,1142.80,80,499140
2019-01-16 12:56:00,1142.80,1142.80,1141.10,1141.10,60,499140
2019-01-16 12:57:00,1141.10,1145.50,1141.10,1145.50,80,499140
2019-01-16 12:58:00,1145.50,1146.65,1145.50,1146.65,20,499140
2019-01-16 12:59:00,1146.65,1148.90,1146.50,1146.50,240,499140
2019-01-16 13:00:00,1146.50,1146.50,1145.15,1145.15,40,499140
2019-01-16 13:01:00,1145.15,1145.15,1145.15,1145.15,0,499140
2019-01-16 13:02:00,1145.15,1145.15,1145.15,1145.15,0,499140
2019-01-16 13:03:00,1145.15,1145.15,1145.15,1145.15,0,499140
2019-01-16 13:04:00,1145.15,1145.15,1145.15,1145.15,0,499140
2019-01-16 13:05:00,1145.15,1145.15,1145.15,1145.15,0,499140
2019-01-16 13:06:00,1145.15,1145.15,1132.55,1132.55,20,499140
2019-01-16 13:07:00,1132.55,1132.55,1132.55,1132.55,0,499140
2019-01-16 13:08:00,1132.55,1132.55,1132.55,1132.55,0,499140
2019-01-16 13:09:00,1132.55,1132.55,1132.55,1132.55,0,499140
2019-01-16 13:10:00,1132.55,1132.55,1125.00,1125.00,20,499140
2019-01-16 13:11:00,1125.00,1125.00,1125.00,1125.00,0,499140
2019-01-16 13:12:00,1125.00,1125.00,1125.00,1125.00,0,499140
2019-01-16 13:13:00,1125.00,1125.00,1125.00,1125.00,0,499140
2019-01-16 13:14:00,1125.00,1125.00,1125.00,1125.00,0,499140
2019-01-16 13:15:00,1125.00,1125.00,1125.00,1125.00,0,499140
2019-01-16 13:16:00,1125.00,1125.00,1125.00,1125.00,0,499140
2019-01-16 13:17:00,1125.00,1125.00,1125.00,1125.00,0,499140
2019-01-16 13:18:00,1125.00,1125.00,1125.00,1125.00,0,499140
2019-01-16 13:19:00,1125.00,1125.00,1125.00,1125.00,0,499140
2019-01-16 13:20:00,1125.00,1125.00,1125.00,1125.00,0,499140
2019-01-16 13:21:00,1125.00,1125.00,1125.00,1125.00,0,499140
2019-01-16 13:22:00,1125.00,1125.00,1125.00,1125.00,0,499140
2019-01-16 13:23:00,1125.00,1125.00,1125.00,1125.00,0,499140
2019-01-16 13:24:00,1125.00,1125.00,1125.00,1125.00,0,499140
2019-01-16 13:25:00,1125.00,1125.00,1125.00,1125.00,0,499140
2019-01-16 13:26:00,1125.00,1125.00,1125.00,1125.00,0,499140
2019-01-16 13:27:00,1125.00,1125.00,1125.00,1125.00,0,499140
2019-01-16 13:28:00,1125.00,1125.00,1125.00,1125.00,0,499140
2019-01-16 13:29:00,1125.00,1125.00,1125.00,1125.00,0,499140
2019-01-16 13:30:00,1125.00,1125.00,1125.00,1125.00,0,499140
2019-01-16 13:31:00,1125.00,1125.00,1125.00,1125.00,0,499140
2019-01-16 13:32:00,1125.00,1125.00,1125.00,1125.00,0,499140
2019-01-16 13:33:00,1125.00,1125.00,1125.00,1125.00,0,499140
2019-01-16 13:34:00,1125.00,1125.00,1125.00,1125.00,0,499140
2019-01-16 13:35:00,1125.00,1125.00,1120.00,1120.00,200,499140
2019-01-16 13:36:00,1120.00,1120.00,1120.00,1120.00,0,499140
2019-01-16 13:37:00,1120.00,1120.00,1120.00,1120.00,0,499140
2019-01-16 13:38:00,1120.00,1120.00,1120.00,1120.00,0,499140
2019-01-16 13:39:00,1120.00,1120.00,1115.00,1115.00,380,499360
2019-01-16 13:40:00,1115.00,1115.00,1115.00,1115.00,0,499360
2019-01-16 13:41:00,1115.00,1115.00,1112.00,1112.00,380,499740
2019-01-16 13:42:00,1112.00,1112.00,1112.00,1112.00,0,499740
2019-01-16 13:43:00,1112.00,1112.00,1112.00,1112.00,0,499740
2019-01-16 13:44:00,1112.00,1112.00,1112.00,1112.00,0,499740
2019-01-16 13:45:00,1112.00,1112.00,1112.00,1112.00,20,500120
2019-01-16 13:46:00,1112.00,1112.00,1112.00,1112.00,660,500120
2019-01-16 13:47:00,1112.00,1112.00,1105.00,1105.00,660,500800
2019-01-16 13:48:00,1105.00,1105.00,1105.00,1105.00,100,500800
2019-01-16 13:49:00,1105.00,1105.00,1098.00,1100.00,320,500800
2019-01-16 13:50:00,1100.00,1112.00,1100.00,1112.00,20,501720
2019-01-16 13:51:00,1112.00,1112.00,1112.00,1112.00,0,501720
2019-01-16 13:52:00,1112.00,1112.00,1112.00,1112.00,0,501720
2019-01-16 13:53:00,1112.00,1112.00,1100.00,1100.00,460,501740
2019-01-16 13:54:00,1100.00,1100.00,1090.60,1090.60,240,501740
2019-01-16 13:55:00,1090.60,1100.00,1090.60,1100.00,1000,501740
2019-01-16 13:56:00,1100.00,1113.85,1100.00,1113.85,20,503400
2019-01-16 13:57:00,1113.85,1113.85,1113.85,1113.85,0,503400
2019-01-16 13:58:00,1113.85,1113.85,1113.85,1113.85,0,503400
2019-01-16 13:59:00,1113.85,1113.85,1113.85,1113.85,0,503400
2019-01-16 14:00:00,1113.85,1113.85,1113.85,1113.85,0,503400
2019-01-16 14:01:00,1113.85,1113.85,1113.85,1113.85,0,503400
2019-01-16 14:02:00,1113.85,1113.85,1113.85,1113.85,0,503400
2019-01-16 14:03:00,1113.85,1113.85,1113.85,1113.85,0,503400
2019-01-16 14:04:00,1113.85,1113.85,1113.85,1113.85,0,503400
2019-01-16 14:05:00,1113.85,1113.85,1113.85,1113.85,0,503400
2019-01-16 14:06:00,1113.85,1113.85,1100.50,1100.50,20,503400
2019-01-16 14:07:00,1100.50,1100.50,1100.50,1100.50,0,503400
2019-01-16 14:08:00,1100.50,1100.50,1088.25,1088.25,40,503400
2019-01-16 14:09:00,1088.25,1088.25,1088.25,1088.25,0,503400
2019-01-16 14:10:00,1088.25,1088.25,1088.25,1088.25,0,503400
2019-01-16 14:11:00,1088.25,1088.25,1088.25,1088.25,0,503400
2019-01-16 14:12:00,1088.25,1088.25,1088.25,1088.25,0,503400
2019-01-16 14:13:00,1088.25,1088.25,1088.25,1088.25,0,503400
2019-01-16 14:14:00,1088.25,1088.25,1088.25,1088.25,0,503400
2019-01-16 14:15:00,1088.25,1088.25,1088.25,1088.25,0,503400
2019-01-16 14:16:00,1088.25,1088.25,1088.25,1088.25,0,503400
2019-01-16 14:17:00,1088.25,1088.25,1088.25,1088.25,0,503400
2019-01-16 14:18:00,1088.25,1088.25,1088.25,1088.25,0,503400
2019-01-16 14:19:00,1088.25,1088.25,1088.25,1088.25,0,503400
2019-01-16 14:20:00,1088.25,1103.60,1088.25,1103.60,20,503400
2019-01-16 14:21:00,1103.60,1103.60,1103.60,1103.60,0,503400
2019-01-16 14:22:00,1103.60,1103.60,1103.60,1103.60,0,503400
2019-01-16 14:23:00,1103.60,1103.60,1103.60,1103.60,0,503400
2019-01-16 14:24:00,1103.60,1103.60,1103.60,1103.60,0,503400
2019-01-16 14:25:00,1103.60,1103.60,1103.60,1103.60,0,503400
2019-01-16 14:26:00,1103.60,1109.10,1098.50,1109.10,40,503400
2019-01-16 14:27:00,1109.10,1109.10,1109.10,1109.10,0,503400
2019-01-16 14:28:00,1109.10,1109.10,1109.10,1109.10,0,503400
2019-01-16 14:29:00,1109.10,1144.05,1109.10,1127.65,140,503400
2019-01-16 14:30:00,1127.65,1130.05,1127.65,1130.05,40,503400
2019-01-16 14:31:00,1130.05,1130.05,1130.05,1130.05,0,503400
2019-01-16 14:32:00,1123.80,1123.90,1123.80,1123.90,60,503400
2019-01-16 14:33:00,1123.90,1123.90,1123.90,1123.90,0,503400
2019-01-16 14:34:00,1123.90,1123.90,1116.00,1116.00,40,503400
2019-01-16 14:35:00,1116.00,1132.20,1116.00,1132.20,20,503400
2019-01-16 14:36:00,1132.20,1132.20,1129.30,1129.30,340,503400
2019-01-16 14:37:00,1129.30,1129.30,1129.30,1129.30,0,503400
2019-01-16 14:38:00,1129.30,1129.30,1129.30,1129.30,0,503400
2019-01-16 14:39:00,1129.30,1136.40,1129.30,1134.05,140,503400
2019-01-16 14:40:00,1134.05,1134.05,1134.05,1134.05,0,503400
2019-01-16 14:41:00,1134.05,1134.05,1134.05,1134.05,0,503400
2019-01-16 14:42:00,1134.05,1134.05,1134.05,1134.05,0,503400
2019-01-16 14:43:00,1134.05,1134.05,1117.40,1117.40,340,503400
2019-01-16 14:44:00,1117.40,1117.40,1117.40,1117.40,0,503400
2019-01-16 14:45:00,1117.40,1117.40,1117.40,1117.40,0,503400
2019-01-16 14:46:00,1117.40,1117.40,1115.30,1115.30,100,503400
2019-01-16 14:47:00,1115.40,1115.40,1109.85,1109.85,40,503400
2019-01-16 14:48:00,1109.85,1112.05,1109.85,1112.05,40,503400
2019-01-16 14:49:00,1112.05,1120.00,1112.05,1114.95,100,503400
2019-01-16 14:50:00,1114.95,1116.40,1114.95,1116.40,60,503380
2019-01-16 14:51:00,1116.40,1116.40,1110.80,1110.80,20,503380
2019-01-16 14:52:00,1108.60,1108.60,1105.70,1105.70,40,503380
2019-01-16 14:53:00,1105.70,1105.70,1105.70,1105.70,0,503380
2019-01-16 14:54:00,1105.70,1105.70,1105.70,1105.70,0,503380
2019-01-16 14:55:00,1105.70,1105.70,1105.70,1105.70,0,503380
2019-01-16 14:56:00,1105.70,1105.70,1105.70,1105.70,0,503380
2019-01-16 14:57:00,1105.70,1105.70,1105.70,1105.70,0,503380
2019-01-16 14:58:00,1105.70,1105.70,1105.25,1105.25,20,503380
2019-01-16 14:59:00,1105.25,1105.25,1105.25,1105.25,0,503380
2019-01-16 15:00:00,1105.25,1106.35,1099.15,1099.15,100,503380
2019-01-16 15:01:00,1099.15,1103.25,1099.15,1103.25,120,503380
2019-01-16 15:02:00,1103.25,1105.70,1103.25,1105.70,40,503380
2019-01-16 15:03:00,1105.70,1105.70,1097.40,1097.40,140,503380
2019-01-16 15:04:00,1097.40,1097.40,1097.40,1097.40,0,503380
2019-01-16 15:05:00,1097.40,1107.35,1097.40,1107.35,20,503380
2019-01-16 15:06:00,1107.35,1107.35,1107.35,1107.35,0,503380
2019-01-16 15:07:00,1107.35,1107.35,1107.35,1107.35,0,503380
2019-01-16 15:08:00,1107.35,1107.35,1107.35,1107.35,0,503380
2019-01-16 15:09:00,1107.35,1107.35,1107.35,1107.35,0,503380
2019-01-16 15:10:00,1107.35,1107.35,1107.35,1107.35,0,503380
2019-01-16 15:11:00,1107.35,1107.35,1100.25,1100.25,20,503380
2019-01-16 15:12:00,1095.00,1095.00,1095.00,1095.00,0,503380
2019-01-16 15:13:00,1095.00,1095.00,1095.00,1095.00,0,503380
2019-01-16 15:14:00,1095.00,1095.00,1095.00,1095.00,0,503380
2019-01-16 15:15:00,1095.00,1095.00,1095.00,1095.00,0,503380
2019-01-16 15:16:00,1095.00,1095.00,1094.75,1094.75,20,503380
2019-01-16 15:17:00,1094.75,1094.75,1090.10,1092.40,80,503380
2019-01-16 15:18:00,1092.40,1094.45,1092.40,1094.45,80,503380
2019-01-16 15:19:00,1094.45,1094.45,1094.45,1094.45,0,503380
2019-01-16 15:20:00,1094.45,1094.45,1071.90,1076.20,140,503380
2019-01-16 15:21:00,1076.20,1076.20,1072.30,1074.00,40,503380
2019-01-16 15:22:00,1074.00,1074.00,1074.00,1074.00,0,503380
2019-01-16 15:23:00,1074.00,1074.30,1071.15,1071.15,60,503360
2019-01-16 15:24:00,1071.15,1075.60,1066.45,1072.00,160,503360
2019-01-16 15:25:00,1072.00,1075.90,1072.00,1075.70,100,503360
2019-01-16 15:26:00,1075.70,1076.55,1074.90,1074.90,460,503360
2019-01-16 15:27:00,1074.90,1074.90,1067.95,1067.95,120,503360
2019-01-16 15:28:00,1067.95,1067.95,1066.70,1066.70,60,503360
2019-01-16 15:29:01,1066.70,1066.70,1058.30,1058.30,280,503360
2019-01-17 09:17:00,1122.25,1122.25,1117.35,1120.00,40,503360
2019-01-17 09:18:00,1120.00,1120.00,1116.70,1117.15,40,503360
2019-01-17 09:19:00,1117.15,1117.15,1117.15,1117.15,0,503360
2019-01-17 09:20:00,1117.15,1117.15,1117.15,1117.15,0,503360
2019-01-17 09:21:00,1117.15,1117.15,1117.15,1117.15,0,503360
2019-01-17 09:22:00,1117.15,1117.15,1098.10,1098.10,20,503360
2019-01-17 09:23:00,1098.10,1098.10,1094.85,1094.85,20,503360
2019-01-17 09:24:00,1094.85,1094.85,1094.85,1094.85,0,503360
2019-01-17 09:25:00,1094.85,1099.15,1088.10,1099.15,60,503360
2019-01-17 09:26:00,1099.15,1099.15,1090.15,1090.15,40,503360
2019-01-17 09:27:00,1090.15,1090.15,1079.80,1079.80,120,503360
2019-01-17 09:28:00,1079.80,1079.80,1079.80,1079.80,0,503360
2019-01-17 09:29:00,1079.80,1079.80,1079.80,1079.80,0,503360
2019-01-17 09:30:00,1079.80,1079.80,1079.80,1079.80,0,503360
2019-01-17 09:31:00,1079.80,1079.80,1079.80,1079.80,0,503360
2019-01-17 09:32:00,1079.80,1079.80,1079.80,1079.80,0,503360
2019-01-17 09:33:00,1093.90,1093.90,1093.90,1093.90,0,503360
2019-01-17 09:34:00,1093.90,1093.90,1093.90,1093.90,0,503360
2019-01-17 09:35:00,1093.90,1093.90,1093.90,1093.90,0,503360
2019-01-17 09:36:00,1093.90,1093.90,1093.90,1093.90,0,503360
2019-01-17 09:37:00,1093.90,1093.90,1093.90,1093.90,0,503360
2019-01-17 09:38:00,1093.90,1093.90,1093.90,1093.90,0,503360
2019-01-17 09:39:00,1093.90,1095.00,1093.90,1095.00,460,503360
2019-01-17 09:40:00,1095.00,1095.00,1095.00,1095.00,0,503360
2019-01-17 09:41:00,1095.00,1095.00,1095.00,1095.00,640,503820
2019-01-17 09:42:00,1095.00,1095.00,1095.00,1095.00,0,503820
2019-01-17 09:43:00,1095.00,1095.00,1095.00,1095.00,0,503820
2019-01-17 09:44:00,1095.00,1095.00,1095.00,1095.00,0,503820
2019-01-17 09:45:00,1095.00,1095.00,1086.80,1086.80,20,504360
2019-01-17 09:46:00,1086.80,1086.80,1086.80,1086.80,0,504360
2019-01-17 09:47:00,1086.80,1086.80,1086.80,1086.80,0,504360
2019-01-17 09:48:00,1086.80,1086.80,1086.80,1086.80,0,504360
2019-01-17 09:49:00,1086.80,1086.80,1086.80,1086.80,0,504360
2019-01-17 09:50:00,1086.80,1086.80,1086.80,1086.80,0,504360
2019-01-17 09:51:00,1086.80,1086.80,1086.80,1086.80,0,504360
2019-01-17 09:52:00,1086.80,1086.80,1086.80,1086.80,0,504360
2019-01-17 09:53:00,1086.80,1086.80,1086.80,1086.80,0,504360
2019-01-17 09:54:00,1086.80,1086.80,1086.80,1086.80,0,504360
2019-01-17 09:55:00,1086.80,1087.20,1086.80,1087.20,400,504360
2019-01-17 09:56:00,1087.20,1087.20,1087.20,1087.20,0,504360
2019-01-17 09:57:00,1087.20,1087.20,1087.20,1087.20,0,504360
2019-01-17 09:58:00,1087.20,1087.20,1087.20,1087.20,0,504360
2019-01-17 09:59:00,1087.20,1087.20,1087.20,1087.20,0,504360
2019-01-17 10:00:00,1087.20,1087.20,1087.20,1087.20,0,504360
2019-01-17 10:01:00,1087.20,1087.20,1087.20,1087.20,0,504360
2019-01-17 10:02:00,1087.20,1087.20,1087.20,1087.20,0,504360
2019-01-17 10:03:00,1087.20,1087.20,1087.20,1087.20,0,504360
2019-01-17 10:04:00,1087.20,1087.20,1087.20,1087.20,0,504360
2019-01-17 10:05:00,1087.20,1087.20,1087.20,1087.20,0,504360
2019-01-17 10:06:00,1087.20,1087.20,1087.20,1087.20,0,504360
2019-01-17 10:07:00,1087.20,1087.20,1087.20,1087.20,0,504360
2019-01-17 10:08:00,1087.20,1087.20,1087.20,1087.20,0,504360
2019-01-17 10:09:00,1087.20,1087.20,1087.20,1087.20,0,504360
2019-01-17 10:10:00,1087.20,1087.20,1087.20,1087.20,0,504360
2019-01-17 10:11:00,1087.20,1087.20,1087.20,1087.20,0,504360
2019-01-17 10:12:00,1087.20,1087.20,1087.20,1087.20,0,504360
2019-01-17 10:13:00,1087.20,1087.20,1087.20,1087.20,0,504360
2019-01-17 10:14:00,1087.20,1087.20,1087.20,1087.20,0,504360
2019-01-17 10:15:00,1087.20,1087.20,1087.20,1087.20,0,504360
2019-01-17 10:16:00,1087.20,1087.20,1087.20,1087.20,0,504360
2019-01-17 10:17:00,1087.20,1087.20,1087.20,1087.20,0,504360
2019-01-17 10:18:00,1087.20,1087.20,1087.20,1087.20,0,504360
2019-01-17 10:19:00,1087.20,1087.20,1087.20,1087.20,0,504360
2019-01-17 10:20:00,1087.20,1087.20,1087.20,1087.20,0,504360
2019-01-17 10:21:00,1087.20,1087.20,1087.20,1087.20,0,504360
2019-01-17 10:22:00,1087.20,1087.20,1087.20,1087.20,0,504360
2019-01-17 10:23:00,1087.20,1087.20,1086.00,1086.00,20,504020
2019-01-17 10:24:00,1086.00,1089.95,1086.00,1089.95,200,504020
2019-01-17 10:25:00,1089.95,1089.95,1089.95,1089.95,0,504020
2019-01-17 10:26:00,1089.95,1089.95,1089.95,1089.95,0,504020
2019-01-17 10:27:00,1089.95,1089.95,1089.95,1089.95,0,504020
2019-01-17 10:28:00,1089.95,1089.95,1079.80,1079.80,20,503820
2019-01-17 10:29:00,1079.80,1079.80,1079.80,1079.80,0,503820
2019-01-17 10:30:00,1079.80,1079.80,1069.65,1069.65,40,503820
2019-01-17 10:31:00,1069.65,1069.65,1069.65,1069.65,0,503820
2019-01-17 10:32:00,1069.65,1069.65,1069.65,1069.65,0,503820
2019-01-17 10:33:00,1069.65,1069.65,1069.65,1069.65,0,503820
2019-01-17 10:34:00,1069.65,1069.65,1069.65,1069.65,0,503820
2019-01-17 10:35:00,1069.65,1069.65,1069.65,1069.65,0,503820
2019-01-17 10:36:00,1069.65,1069.65,1069.65,1069.65,0,503820
2019-01-17 10:37:00,1069.65,1069.65,1069.65,1069.65,0,503820
2019-01-17 10:38:00,1069.65,1069.65,1069.65,1069.65,0,503820
2019-01-17 10:39:00,1069.65,1069.65,1069.65,1069.65,0,503820
2019-01-17 10:40:00,1069.65,1069.65,1069.65,1069.65,0,503820
2019-01-17 10:41:00,1069.65,1069.65,1069.65,1069.65,0,503820
2019-01-17 10:42:00,1069.65,1078.25,1069.65,1078.25,60,503820
2019-01-17 10:43:00,1078.25,1078.25,1078.25,1078.25,0,503820
2019-01-17 10:44:00,1078.25,1078.25,1078.25,1078.25,0,503820
2019-01-17 10:45:00,1078.25,1078.25,1078.25,1078.25,0,503820
2019-01-17 10:46:00,1078.25,1078.25,1078.25,1078.25,0,503820
2019-01-17 10:47:00,1078.25,1078.25,1078.25,1078.25,0,503820
2019-01-17 10:48:00,1078.25,1078.25,1078.25,1078.25,0,503820
2019-01-17 10:49:00,1078.25,1078.25,1078.25,1078.25,0,503820
2019-01-17 10:50:00,1078.25,1078.25,1078.25,1078.25,0,503820
2019-01-17 10:51:00,1078.25,1078.25,1078.25,1078.25,0,503820
2019-01-17 10:52:00,1078.25,1078.25,1078.25,1078.25,0,503820
2019-01-17 10:53:00,1078.25,1078.25,1078.25,1078.25,0,503820
2019-01-17 10:54:00,1078.25,1078.25,1078.25,1078.25,0,503820
2019-01-17 10:55:00,1078.25,1078.25,1078.25,1078.25,0,503820
2019-01-17 10:56:00,1078.25,1078.25,1078.25,1078.25,0,503820
2019-01-17 10:57:00,1078.25,1078.25,1078.25,1078.25,0,503820
2019-01-17 10:58:00,1078.25,1078.25,1078.25,1078.25,0,503820
2019-01-17 10:59:00,1078.25,1078.25,1078.25,1078.25,0,503820
2019-01-17 11:00:00,1078.25,1078.25,1078.25,1078.25,0,503820
2019-01-17 11:01:00,1078.25,1078.25,1078.25,1078.25,0,503820
2019-01-17 11:02:00,1078.25,1078.25,1078.25,1078.25,0,503820
2019-01-17 11:03:00,1078.25,1078.25,1078.25,1078.25,0,503820
2019-01-17 11:04:00,1078.25,1078.25,1078.25,1078.25,0,503820
2019-01-17 11:05:00,1078.25,1078.25,1078.25,1078.25,0,503820
2019-01-17 11:06:00,1078.25,1078.25,1078.25,1078.25,0,503820
2019-01-17 11:07:00,1078.25,1078.25,1075.00,1075.00,280,503820
2019-01-17 11:08:00,1075.00,1075.00,1075.00,1075.00,420,503760
2019-01-17 11:09:00,1075.00,1075.00,1075.00,1075.00,0,503760
2019-01-17 11:10:00,1075.00,1075.00,1075.00,1075.00,0,504580
2019-01-17 11:11:00,1075.00,1075.00,1075.00,1075.00,120,504620
2019-01-17 11:12:00,1075.00,1075.00,1075.00,1075.00,0,504620
2019-01-17 11:13:00,1075.00,1075.00,1075.00,1075.00,0,504620
2019-01-17 11:14:00,1075.00,1075.00,1075.00,1075.00,0,504620
2019-01-17 11:15:00,1075.00,1076.00,1075.00,1076.00,1000,504740
2019-01-17 11:16:00,1076.00,1076.00,1076.00,1076.00,0,504740
2019-01-17 11:17:00,1076.00,1076.00,1070.00,1070.00,20,504740
2019-01-17 11:18:00,1070.00,1070.00,1070.00,1070.00,0,504740
2019-01-17 11:19:00,1070.00,1070.00,1070.00,1070.00,0,504740
2019-01-17 11:20:00,1070.00,1070.00,1070.00,1070.00,0,504740
2019-01-17 11:21:00,1070.00,1070.00,1070.00,1070.00,0,504740
2019-01-17 11:22:00,1070.00,1076.00,1070.00,1076.00,40,505680
2019-01-17 11:23:00,1076.00,1076.00,1076.00,1076.00,0,505680
2019-01-17 11:24:00,1076.00,1076.00,1076.00,1076.00,0,505680
2019-01-17 11:25:00,1076.00,1076.00,1076.00,1076.00,0,505680
2019-01-17 11:26:00,1076.00,1076.00,1076.00,1076.00,0,505680
2019-01-17 11:27:00,1076.00,1076.00,1076.00,1076.00,0,505680
2019-01-17 11:28:00,1076.00,1076.00,1076.00,1076.00,0,505680
2019-01-17 11:29:00,1076.00,1076.00,1076.00,1076.00,0,505680
2019-01-17 11:30:00,1076.00,1076.00,1076.00,1076.00,0,505680
2019-01-17 11:31:00,1076.00,1076.00,1076.00,1076.00,0,505680
2019-01-17 11:32:00,1076.00,1076.00,1076.00,1076.00,0,505680
2019-01-17 11:33:00,1076.00,1076.00,1076.00,1076.00,0,505680
2019-01-17 11:34:00,1076.00,1076.00,1076.00,1076.00,0,505680
2019-01-17 11:35:00,1076.00,1076.00,1076.00,1076.00,0,505680
2019-01-17 11:36:00,1076.00,1076.00,1076.00,1076.00,0,505680
2019-01-17 11:37:00,1076.00,1076.00,1076.00,1076.00,0,505680
2019-01-17 11:38:00,1076.00,1076.00,1076.00,1076.00,0,505680
2019-01-17 11:39:00,1076.00,1076.00,1076.00,1076.00,0,505680
2019-01-17 11:40:00,1076.00,1076.00,1076.00,1076.00,0,505680
2019-01-17 11:41:00,1076.00,1076.00,1076.00,1076.00,0,505680
2019-01-17 11:42:00,1076.00,1076.00,1076.00,1076.00,0,505680
2019-01-17 11:43:00,1076.00,1076.00,1076.00,1076.00,0,505680
2019-01-17 11:44:00,1076.00,1076.00,1076.00,1076.00,0,505680
2019-01-17 11:45:00,1076.00,1076.00,1050.00,1050.00,60,505720
2019-01-17 11:46:00,1050.00,1050.00,1048.90,1048.90,20,505720
2019-01-17 11:47:00,1048.90,1048.90,1048.90,1048.90,0,505720
2019-01-17 11:48:00,1048.90,1048.90,1048.90,1048.90,0,505720
2019-01-17 11:49:00,1048.90,1048.90,1048.90,1048.90,0,505720
2019-01-17 11:50:00,1048.90,1048.90,1048.90,1048.90,0,505720
2019-01-17 11:51:00,1048.90,1048.90,1048.90,1048.90,0,505720
2019-01-17 11:52:00,1048.90,1048.90,1048.90,1048.90,0,505720
2019-01-17 11:53:00,1048.90,1048.90,1044.10,1044.10,100,505700
2019-01-17 11:54:00,1044.10,1044.10,1044.10,1044.10,0,505700
2019-01-17 11:55:00,1044.10,1044.10,1044.10,1044.10,0,505700
2019-01-17 11:56:00,1044.10,1044.10,1044.10,1044.10,0,505700
2019-01-17 11:57:00,1044.10,1044.10,1040.50,1040.50,20,505680
2019-01-17 11:58:00,1040.50,1040.50,1040.50,1040.50,0,505680
2019-01-17 11:59:00,1040.50,1040.50,1040.50,1040.50,0,505680
2019-01-17 12:00:00,1040.50,1040.50,1040.50,1040.50,0,505680
2019-01-17 12:01:00,1040.50,1040.50,1022.60,1022.60,200,505680
2019-01-17 12:02:00,1022.60,1022.60,1022.60,1022.60,0,505680
2019-01-17 12:03:00,1022.60,1022.60,1022.60,1022.60,0,505680
2019-01-17 12:04:00,1022.60,1022.60,1022.60,1022.60,0,505680
2019-01-17 12:05:00,1022.60,1022.60,1022.60,1022.60,0,505680
2019-01-17 12:06:00,1022.60,1022.60,1022.60,1022.60,0,505680
2019-01-17 12:07:00,1022.60,1022.60,1022.60,1022.60,0,505680
2019-01-17 12:08:00,1022.60,1022.60,1022.60,1022.60,0,505680
2019-01-17 12:09:00,1022.60,1022.60,1022.60,1022.60,0,505680
2019-01-17 12:10:00,1022.60,1034.60,1022.60,1034.60,0,505700
2019-01-17 12:11:00,1034.60,1034.60,1034.60,1034.60,0,505700
2019-01-17 12:12:00,1034.60,1034.60,1034.60,1034.60,0,505700
2019-01-17 12:13:00,1034.60,1034.60,1034.60,1034.60,0,505700
2019-01-17 12:14:00,1034.60,1034.60,1034.60,1034.60,0,505700
2019-01-17 12:15:00,1034.60,1034.60,1034.60,1034.60,0,0
2019-01-17 12:16:00,1034.60,1034.60,1004.10,1004.10,140,505700
2019-01-17 12:17:00,1004.10,1009.50,1004.10,1006.25,40,505700
2019-01-17 12:18:00,1006.25,1006.25,1002.80,1002.80,20,505700
2019-01-17 12:19:00,1002.80,1002.80,1002.80,1002.80,0,505680
2019-01-17 12:20:00,1002.80,1002.80,1002.80,1002.80,0,505680
2019-01-17 12:21:00,1002.80,1002.80,1002.80,1002.80,0,505680
2019-01-17 12:22:00,1002.80,1002.80,1002.80,1002.80,0,505680
2019-01-17 12:23:00,1002.80,1002.80,1002.80,1002.80,0,505680
2019-01-17 12:24:00,1002.80,1022.55,1002.80,1022.55,20,505680
2019-01-17 12:25:00,1022.55,1022.55,1022.55,1022.55,0,505680
2019-01-17 12:26:00,1022.55,1022.55,1022.55,1022.55,0,505680
2019-01-17 12:27:00,1022.55,1022.55,1022.55,1022.55,0,505680
2019-01-17 12:28:00,1022.55,1022.55,1022.55,1022.55,0,505680
2019-01-17 12:29:00,1022.55,1022.55,1022.55,1022.55,0,505680
2019-01-17 12:30:00,1022.55,1022.55,1022.55,1022.55,0,505680
2019-01-17 12:31:00,1022.55,1022.55,1022.55,1022.55,0,505680
2019-01-17 12:32:00,1022.55,1022.55,1020.00,1020.00,840,506140
2019-01-17 12:33:00,1020.00,1020.60,1020.00,1020.60,280,506140
2019-01-17 12:34:00,1020.60,1020.60,1018.00,1018.00,260,506140
2019-01-17 12:35:00,1018.00,1022.00,1018.00,1022.00,180,506140
2019-01-17 12:36:00,1022.00,1022.00,1022.00,1022.00,360,506100
2019-01-17 12:37:00,1022.00,1022.00,1020.00,1020.00,20,506100
2019-01-17 12:38:00,1020.00,1020.00,1020.00,1020.00,0,506100
2019-01-17 12:39:00,1020.00,1020.00,1020.00,1020.00,0,506100
2019-01-17 12:40:00,1020.00,1020.00,1020.00,1020.00,0,506100
2019-01-17 12:41:00,1020.00,1020.00,1020.00,1020.00,0,506100
2019-01-17 12:42:00,1020.00,1020.00,1015.15,1015.70,160,505640
2019-01-17 12:43:00,1015.70,1015.70,1015.70,1015.70,0,505640
2019-01-17 12:44:00,1015.70,1019.55,1015.70,1019.45,40,505640
2019-01-17 12:45:00,1019.45,1019.45,1019.45,1019.45,0,505640
2019-01-17 12:46:00,1019.45,1019.45,1019.45,1019.45,0,505640
2019-01-17 12:47:00,1019.45,1019.45,1019.45,1019.45,0,505640
2019-01-17 12:48:00,1019.45,1019.45,1015.00,1015.00,40,505640
2019-01-17 12:49:00,1015.00,1015.00,1015.00,1015.00,0,505640
2019-01-17 12:50:00,1015.00,1015.00,1015.00,1015.00,0,505640
2019-01-17 12:51:00,1015.00,1025.00,1015.00,1025.00,660,505640
2019-01-17 12:52:00,1025.00,1025.00,1025.00,1025.00,340,505600
2019-01-17 12:53:00,1025.00,1025.00,1025.00,1025.00,0,505600
2019-01-17 12:54:00,1025.00,1025.00,1025.00,1025.00,0,505600
2019-01-17 12:55:00,1025.00,1025.00,1025.00,1025.00,0,505600
2019-01-17 12:56:00,1025.00,1025.00,1025.00,1025.00,0,505600
2019-01-17 12:57:00,1025.00,1025.00,993.85,993.85,20,506540
2019-01-17 12:58:00,993.85,993.85,993.85,993.85,0,506540
2019-01-17 12:59:00,993.85,993.85,993.85,993.85,0,506540
2019-01-17 13:00:00,993.85,993.85,993.85,993.85,0,506540
2019-01-17 13:01:00,993.85,993.85,993.85,993.85,0,506540
2019-01-17 13:02:00,993.85,993.85,993.85,993.85,0,506540
2019-01-17 13:03:00,993.85,993.85,950.05,950.05,200,506540
2019-01-17 13:04:00,950.05,950.05,950.05,950.05,0,506540
2019-01-17 13:05:00,950.05,950.05,950.05,950.05,0,506540
2019-01-17 13:06:00,950.05,950.05,950.05,950.05,0,506540
2019-01-17 13:07:00,950.05,950.05,950.05,950.05,0,506540
2019-01-17 13:08:00,950.05,950.05,950.05,950.05,0,506540
2019-01-17 13:09:00,950.05,950.05,950.05,950.05,0,506540
2019-01-17 13:10:00,950.05,950.05,950.05,950.05,0,506540
2019-01-17 13:11:00,950.05,950.05,950.05,950.05,0,506540
2019-01-17 13:12:00,950.05,950.05,950.05,950.05,0,506540
2019-01-17 13:13:00,950.05,950.05,950.05,950.05,0,506540
2019-01-17 13:14:00,950.05,950.05,950.05,950.05,0,506540
2019-01-17 13:15:00,950.05,985.00,950.05,985.00,100,506540
2019-01-17 13:16:00,985.00,985.00,985.00,985.00,0,506540
2019-01-17 13:17:00,985.00,985.00,985.00,985.00,0,506540
2019-01-17 13:18:00,985.00,985.00,985.00,985.00,0,506540
2019-01-17 13:19:00,985.00,985.00,985.00,985.00,0,506540
2019-01-17 13:20:00,985.00,985.00,960.00,960.00,40,506440
2019-01-17 13:21:00,960.00,960.00,960.00,960.00,0,506440
2019-01-17 13:22:00,960.00,960.00,958.00,958.00,360,506440
2019-01-17 13:23:00,958.00,958.00,958.00,958.00,0,506400
2019-01-17 13:24:00,958.00,958.00,958.00,958.00,0,506400
2019-01-17 13:25:00,958.00,960.00,958.00,960.00,20,506180
2019-01-17 13:26:00,960.00,960.00,960.00,960.00,0,506180
2019-01-17 13:27:00,960.00,960.00,960.00,960.00,0,506180
2019-01-17 13:28:00,960.00,960.00,960.00,960.00,0,506180
2019-01-17 13:29:00,960.00,960.00,960.00,960.00,0,506180
2019-01-17 13:30:00,960.00,970.00,960.00,970.00,100,506180
2019-01-17 13:31:00,970.00,970.00,970.00,970.00,0,506180
2019-01-17 13:32:00,970.00,970.00,970.00,970.00,0,506180
2019-01-17 13:33:00,970.00,970.00,970.00,970.00,0,506180
2019-01-17 13:34:00,970.00,970.00,955.00,955.00,100,506060
2019-01-17 13:35:00,955.00,955.00,955.00,955.00,0,506060
2019-01-17 13:36:00,955.00,955.00,955.00,955.00,0,506060
2019-01-17 13:37:00,955.00,955.00,955.00,955.00,0,506060
2019-01-17 13:38:00,955.00,955.00,955.00,955.00,0,506060
2019-01-17 13:39:00,955.00,955.00,955.00,955.00,0,506140
2019-01-17 13:40:00,960.00,960.00,960.00,960.00,0,506140
2019-01-17 13:41:00,960.00,960.00,960.00,960.00,0,506140
2019-01-17 13:42:00,960.00,960.00,944.65,944.65,40,506140
2019-01-17 13:43:00,944.65,944.65,944.65,944.65,0,506100
2019-01-17 13:44:00,944.65,944.65,944.65,944.65,0,506100
2019-01-17 13:45:00,944.65,944.65,944.65,944.65,0,506100
2019-01-17 13:46:00,944.65,944.65,944.65,944.65,0,506100
2019-01-17 13:47:00,944.65,944.65,944.65,944.65,0,506100
2019-01-17 13:48:00,944.65,948.60,940.00,940.00,180,506080
2019-01-17 13:49:00,940.00,940.00,925.00,925.00,840,506080
2019-01-17 13:50:00,925.00,925.00,925.00,925.00,0,506080
2019-01-17 13:51:00,925.00,925.00,925.00,925.00,0,506080
2019-01-17 13:52:00,925.00,931.20,925.00,931.20,20,506080
2019-01-17 13:53:00,931.20,931.20,931.20,931.20,0,505160
2019-01-17 13:54:00,931.20,931.20,931.20,931.20,0,505160
2019-01-17 13:55:00,931.20,931.20,931.20,931.20,0,505160
2019-01-17 13:56:00,931.20,931.20,931.20,931.20,0,505160
2019-01-17 13:57:00,931.20,931.20,931.20,931.20,0,505160
2019-01-17 13:58:00,931.20,931.20,931.20,931.20,0,505160
2019-01-17 13:59:00,931.20,931.20,931.20,931.20,0,505160
2019-01-17 14:00:00,931.20,937.85,931.20,937.85,20,505160
2019-01-17 14:01:00,937.85,937.85,937.85,937.85,0,505160
2019-01-17 14:02:00,937.85,937.85,937.85,937.85,0,505160
2019-01-17 14:03:00,937.85,937.85,937.85,937.85,0,505160
2019-01-17 14:04:00,937.85,937.85,937.85,937.85,0,505160
2019-01-17 14:05:00,937.85,937.85,937.85,937.85,0,505160
2019-01-17 14:06:00,937.85,937.85,937.85,937.85,0,505160
2019-01-17 14:07:00,937.85,937.85,937.85,937.85,0,505160
2019-01-17 14:08:00,937.85,937.85,937.85,937.85,0,505160
2019-01-17 14:09:00,937.85,937.85,937.85,937.85,0,505160
2019-01-17 14:10:00,937.85,937.85,937.85,937.85,0,505160
2019-01-17 14:11:00,937.85,937.85,937.85,937.85,0,505160
2019-01-17 14:12:00,937.85,937.85,937.85,937.85,0,505160
2019-01-17 14:13:00,937.85,970.95,937.85,970.95,20,505160
2019-01-17 14:14:00,970.95,972.55,970.95,972.55,20,505160
2019-01-17 14:15:00,972.55,972.55,972.55,972.55,0,505160
2019-01-17 14:16:00,972.55,986.75,972.55,986.75,20,505160
2019-01-17 14:17:00,986.75,986.75,985.00,985.00,20,505160
2019-01-17 14:18:00,985.00,1005.00,985.00,1005.00,1060,505140
2019-01-17 14:19:00,1005.00,1010.00,1005.00,1010.00,1060,505140
2019-01-17 14:20:00,1010.00,1010.00,1010.00,1010.00,0,505140
2019-01-17 14:21:00,1010.00,1010.00,1010.00,1010.00,0,505140
2019-01-17 14:22:00,1010.00,1010.00,1010.00,1010.00,0,505140
2019-01-17 14:23:00,1010.00,1010.00,1010.00,1010.00,0,505140
2019-01-17 14:24:00,1010.00,1032.00,1010.00,1032.00,4620,507180
2019-01-17 14:25:00,1032.00,1045.00,1032.00,1039.75,2900,507180
2019-01-17 14:26:00,1039.75,1039.75,1030.60,1030.60,180,514800
2019-01-17 14:27:00,1030.60,1030.60,1027.00,1027.60,40,514800
2019-01-17 14:28:00,1027.60,1045.00,1027.60,1045.00,200,514800
2019-01-17 14:29:00,1045.00,1060.00,1045.00,1060.00,2360,516060
2019-01-17 14:30:00,1060.00,1080.00,1060.00,1073.80,5580,516060
2019-01-17 14:31:00,1073.80,1095.00,1073.80,1095.00,2740,516060
2019-01-17 14:32:00,1095.00,1095.00,1085.35,1086.70,440,516060
2019-01-17 14:33:00,1086.70,1086.70,1086.70,1086.70,0,516060
2019-01-17 14:34:00,1086.70,1086.70,1080.65,1085.50,600,524320
2019-01-17 14:35:00,1085.50,1105.00,1085.50,1095.70,1780,526040
2019-01-17 14:36:00,1095.70,1104.95,1095.70,1104.95,40,526040
2019-01-17 14:37:00,1104.95,1104.95,1104.95,1104.95,0,526040
2019-01-17 14:38:00,1104.95,1105.00,1104.95,1105.00,600,526040
2019-01-17 14:39:00,1105.00,1130.00,1100.60,1130.00,5100,526620
2019-01-17 14:40:00,1130.00,1145.10,1130.00,1145.10,880,526620
2019-01-17 14:41:00,1145.10,1145.10,1145.10,1145.10,0,526620
2019-01-17 14:42:00,1145.10,1145.10,1145.10,1145.10,0,526620
2019-01-17 14:43:00,1145.10,1145.10,1145.10,1145.10,0,526620
2019-01-17 14:44:00,1145.10,1145.10,1110.00,1110.00,20,532000
2019-01-17 14:45:00,1110.00,1120.00,1110.00,1120.00,40,532000
2019-01-17 14:46:00,1120.00,1130.00,1120.00,1130.00,2020,532000
2019-01-17 14:47:00,1130.00,1134.00,1124.60,1124.70,1020,535000
2019-01-17 14:48:00,1124.70,1135.00,1124.70,1135.00,520,535000
2019-01-17 14:49:00,1135.00,1135.00,1131.50,1131.50,20,535000
2019-01-17 14:50:00,1131.50,1131.50,1131.50,1131.50,0,535000
2019-01-17 14:51:00,1131.50,1145.00,1131.50,1145.00,1620,535540
2019-01-17 14:52:00,1145.00,1145.00,1136.35,1136.35,20,535540
2019-01-17 14:53:00,1136.35,1136.35,1136.35,1136.35,0,535540
2019-01-17 14:54:00,1136.35,1155.00,1136.35,1151.65,2620,537120
2019-01-17 14:55:00,1151.65,1151.65,1145.00,1145.00,20,537120
2019-01-17 14:56:00,1145.00,1150.90,1145.00,1148.45,120,539700
2019-01-17 14:57:00,1148.45,1155.00,1148.45,1155.00,320,539700
2019-01-17 14:58:00,1155.00,1166.75,1155.00,1156.15,2280,539700
2019-01-17 14:59:00,1156.15,1156.15,1147.75,1147.75,20,539700
2019-01-17 15:00:00,1147.75,1165.00,1147.75,1151.65,1140,542000
2019-01-17 15:01:00,1151.65,1151.65,1151.65,1151.65,0,542000
2019-01-17 15:02:00,1151.65,1151.65,1135.00,1135.00,0,542000
2019-01-17 15:03:00,1135.00,1135.00,1101.55,1101.55,120,543000
2019-01-17 15:04:00,1101.55,1110.10,1100.85,1104.00,100,543000
2019-01-17 15:05:00,1104.00,1115.00,1104.00,1115.00,680,543000
2019-01-17 15:06:00,1115.00,1115.00,1115.00,1115.00,0,543000
2019-01-17 15:07:00,1115.00,1115.00,1115.00,1115.00,0,543000
2019-01-17 15:08:00,1104.45,1105.00,1101.45,1101.45,760,543660
2019-01-17 15:09:00,1101.45,1101.90,1100.75,1101.85,640,543660
2019-01-17 15:10:00,1101.85,1104.95,1101.60,1104.95,120,543660
2019-01-17 15:11:00,1104.95,1104.95,1080.20,1080.20,240,543660
2019-01-17 15:12:00,1080.20,1080.20,1080.20,1080.20,0,543620
2019-01-17 15:13:00,1080.20,1095.00,1080.20,1095.00,1380,543620
2019-01-17 15:14:00,1095.00,1105.00,1095.00,1105.00,1960,543620
2019-01-17 15:15:00,1105.00,1105.00,1105.00,1105.00,0,543620
2019-01-17 15:16:00,1105.00,1105.00,1105.00,1105.00,0,543620
2019-01-17 15:17:00,1105.00,1105.00,1105.00,1105.00,0,543620
2019-01-17 15:18:00,1105.00,1105.00,1087.85,1088.15,760,546940
2019-01-17 15:19:00,1088.15,1095.00,1088.10,1095.00,360,546940
2019-01-17 15:20:00,1095.00,1095.00,1087.60,1093.55,1720,546960
2019-01-17 15:21:00,1093.55,1095.00,1093.20,1095.00,280,546960
2019-01-17 15:22:00,1095.00,1096.95,1095.00,1095.85,1080,546960
2019-01-17 15:23:00,1095.85,1096.80,1094.55,1094.55,160,547880
2019-01-17 15:24:00,1094.55,1096.55,1093.90,1094.45,900,547880
2019-01-17 15:25:00,1094.45,1094.65,1092.10,1092.10,480,547880
2019-01-17 15:26:00,1092.10,1092.10,1092.10,1092.10,0,547880
2019-01-17 15:27:00,1092.10,1092.10,1090.20,1090.20,120,547880
2019-01-17 15:28:00,1090.20,1090.20,1090.20,1090.20,0,547880
2019-01-17 15:29:01,1090.20,1090.20,1090.20,1090.20,20,547880
2019-01-18 09:17:00,1140.85,1140.85,1140.85,1140.85,0,547680
2019-01-18 09:18:00,1140.85,1141.75,1140.85,1141.75,20,547680
2019-01-18 09:19:00,1141.75,1141.75,1141.75,1141.75,0,547680
2019-01-18 09:20:00,1141.75,1141.75,1141.75,1141.75,0,547680
2019-01-18 09:21:00,1141.75,1141.75,1141.75,1141.75,0,547680
2019-01-18 09:22:00,1141.75,1141.75,1141.75,1141.75,0,547680
2019-01-18 09:23:00,1113.20,1113.20,1096.15,1096.15,240,547660
2019-01-18 09:24:00,1096.15,1096.15,1096.15,1096.15,0,547660
2019-01-18 09:25:00,1096.15,1096.15,1080.00,1080.00,40,547660
2019-01-18 09:26:00,1080.00,1083.65,1080.00,1083.65,20,547660
2019-01-18 09:27:00,1083.65,1083.65,1070.00,1070.35,360,547620
2019-01-18 09:28:00,1070.85,1072.30,1052.55,1052.55,80,547620
2019-01-18 09:29:00,1052.55,1052.55,1052.55,1052.55,0,547620
2019-01-18 09:30:00,1052.55,1052.55,1052.55,1052.55,0,547620
2019-01-18 09:31:00,1052.55,1070.00,1052.55,1070.00,1000,547620
2019-01-18 09:32:00,1070.00,1070.00,1070.00,1070.00,0,547360
2019-01-18 09:33:00,1070.00,1070.00,1070.00,1070.00,0,547360
2019-01-18 09:34:00,1070.00,1070.00,1070.00,1070.00,0,547360
2019-01-18 09:35:00,1070.00,1070.00,1070.00,1070.00,0,547360
2019-01-18 09:36:00,1070.00,1070.00,1070.00,1070.00,0,547360
2019-01-18 09:37:00,1070.00,1070.00,1070.00,1070.00,1000,548360
2019-01-18 09:38:00,1070.00,1070.00,1070.00,1070.00,0,548360
2019-01-18 09:39:00,1070.00,1070.00,1070.00,1070.00,0,548360
2019-01-18 09:40:00,1070.00,1075.00,1070.00,1075.00,1540,549360
2019-01-18 09:41:00,1075.00,1075.00,1075.00,1075.00,280,549360
2019-01-18 09:42:00,1075.00,1075.00,1070.00,1075.00,140,551220
2019-01-18 09:43:00,1075.00,1080.00,1075.00,1080.00,1020,551220
2019-01-18 09:44:00,1080.00,1080.00,1080.00,1080.00,0,551220
2019-01-18 09:45:00,1080.00,1080.00,1080.00,1080.00,0,551220
2019-01-18 09:46:00,1080.00,1085.00,1080.00,1085.00,1000,551220
2019-01-18 09:47:00,1085.00,1121.65,1085.00,1121.65,3040,555360
2019-01-18 09:48:00,1121.65,1121.65,1110.00,1110.50,440,555360
2019-01-18 09:49:00,1110.50,1115.00,1105.60,1105.60,120,555360
2019-01-18 09:50:00,1105.60,1105.60,1105.60,1105.60,0,555360
2019-01-18 09:51:00,1105.60,1106.90,1101.85,1101.85,100,557380
2019-01-18 09:52:00,1101.85,1104.95,1100.00,1100.00,40,557380
2019-01-18 09:53:00,1100.00,1100.00,1100.00,1100.00,0,557380
2019-01-18 09:54:00,1100.00,1100.00,1088.70,1088.70,20,557380
2019-01-18 09:55:00,1088.70,1088.70,1088.70,1088.70,0,557380
2019-01-18 09:56:00,1088.70,1088.70,1088.70,1088.70,0,557380
2019-01-18 09:57:00,1088.70,1088.70,1088.70,1088.70,0,557380
2019-01-18 09:58:00,1088.70,1088.70,1088.70,1088.70,0,557380
2019-01-18 09:59:00,1088.70,1088.70,1088.70,1088.70,0,557380
2019-01-18 10:00:00,1088.70,1088.70,1088.70,1088.70,0,557380
2019-01-18 10:01:00,1088.70,1088.70,1088.70,1088.70,0,557380
2019-01-18 10:02:00,1088.70,1088.70,1088.70,1088.70,0,557380
2019-01-18 10:03:00,1088.70,1088.70,1082.35,1082.35,20,557380
2019-01-18 10:04:00,1082.35,1082.35,1070.00,1070.00,20,557380
2019-01-18 10:05:00,1070.00,1070.00,1070.00,1070.00,0,557380
2019-01-18 10:06:00,1070.00,1070.00,1070.00,1070.00,0,557380
2019-01-18 10:07:00,1070.00,1070.00,1060.00,1060.00,0,557360
2019-01-18 10:08:00,1060.00,1060.00,1060.00,1060.00,0,557360
2019-01-18 10:09:00,1060.00,1060.00,1060.00,1060.00,0,557360
2019-01-18 10:10:00,1060.00,1065.00,1060.00,1065.00,1000,557300
2019-01-18 10:11:00,1065.00,1065.00,1065.00,1065.00,0,557300
2019-01-18 10:12:00,1065.00,1065.00,1065.00,1065.00,0,557300
2019-01-18 10:13:00,1065.00,1070.00,1065.00,1070.00,220,558280
2019-01-18 10:14:00,1070.00,1070.00,1068.00,1070.00,820,558560
2019-01-18 10:15:00,1070.00,1070.00,1070.00,1070.00,0,558560
2019-01-18 10:16:00,1070.00,1070.00,1065.00,1065.00,120,558560
2019-01-18 10:17:00,1065.00,1065.00,1065.00,1065.00,880,558560
2019-01-18 10:18:00,1065.00,1070.00,1065.00,1070.00,280,560320
2019-01-18 10:19:00,1070.00,1070.00,1070.00,1070.00,0,560320
2019-01-18 10:20:00,1070.00,1070.00,1040.00,1040.00,80,560320
2019-01-18 10:21:00,1040.00,1045.00,1040.00,1045.00,40,560700
2019-01-18 10:22:00,1045.00,1045.00,1035.95,1035.95,200,560700
2019-01-18 10:23:00,1035.95,1035.95,1035.95,1035.95,0,560700
2019-01-18 10:24:00,1035.95,1042.80,1035.95,1042.80,20,560660
2019-01-18 10:25:00,1042.80,1050.00,1042.80,1050.00,480,560660
2019-01-18 10:26:00,1050.00,1055.00,1050.00,1055.00,1020,561620
2019-01-18 10:27:00,1055.00,1060.00,1055.00,1060.00,1000,561620
2019-01-18 10:28:00,1060.00,1060.00,1060.00,1060.00,0,561620
2019-01-18 10:29:00,1060.00,1060.00,1060.00,1060.00,360,563220
2019-01-18 10:30:00,1060.00,1060.00,1060.00,1060.00,0,563220
2019-01-18 10:31:00,1060.00,1070.00,1060.00,1067.45,700,563220
2019-01-18 10:32:00,1067.45,1075.00,1067.45,1075.00,1180,565280
2019-01-18 10:33:00,1075.00,1075.00,1072.00,1072.00,1220,565280
2019-01-18 10:34:00,1072.00,1072.00,1072.00,1072.00,0,565280
2019-01-18 10:35:00,1072.00,1072.00,1072.00,1072.00,0,565280
2019-01-18 10:36:00,1072.00,1072.00,1072.00,1072.00,0,565280
2019-01-18 10:37:00,1072.00,1072.00,1065.00,1065.00,820,566200
2019-01-18 10:38:00,1065.00,1065.00,1065.00,1065.00,20,566200
2019-01-18 10:39:00,1065.00,1065.00,1065.00,1065.00,40,567160
2019-01-18 10:40:00,1065.00,1065.00,1063.95,1063.95,20,567160
2019-01-18 10:41:00,1063.95,1063.95,1060.00,1060.00,120,567160
2019-01-18 10:42:00,1060.00,1060.00,1060.00,1060.00,460,567160
2019-01-18 10:43:00,1060.00,1065.00,1060.00,1065.00,940,567160
2019-01-18 10:44:00,1065.00,1065.00,1065.00,1065.00,60,569140
2019-01-18 10:45:00,1065.00,1075.00,1065.00,1075.00,1000,569140
2019-01-18 10:46:00,1075.00,1085.00,1075.00,1085.00,1500,569140
2019-01-18 10:47:00,1085.00,1094.00,1085.00,1090.45,1060,572080
2019-01-18 10:48:00,1090.45,1095.00,1090.45,1095.00,520,572080
2019-01-18 10:49:00,1095.00,1098.00,1095.00,1098.00,500,572080
2019-01-18 10:50:00,1098.00,1100.00,1098.00,1100.00,900,574560
2019-01-18 10:51:00,1100.00,1100.00,1093.70,1093.70,20,574560
2019-01-18 10:52:00,1093.70,1096.00,1093.70,1096.00,80,574560
2019-01-18 10:53:00,1096.00,1105.00,1096.00,1105.00,1740,576220
2019-01-18 10:54:00,1105.00,1105.00,1097.85,1100.00,80,576220
2019-01-18 10:55:00,1100.00,1100.00,1092.60,1092.60,20,576220
2019-01-18 10:56:00,1092.60,1092.60,1081.30,1081.30,20,576340
2019-01-18 10:57:00,1081.30,1085.00,1081.30,1085.00,200,576340
2019-01-18 10:58:00,1085.00,1085.00,1085.00,1085.00,120,576340
2019-01-18 10:59:00,1085.00,1085.00,1085.00,1085.00,0,576340
2019-01-18 11:00:00,1085.00,1097.30,1085.00,1090.00,2040,576660
2019-01-18 11:01:00,1090.00,1090.00,1086.75,1086.75,20,576660
2019-01-18 11:02:00,1086.75,1086.75,1086.75,1086.75,0,576660
2019-01-18 11:03:00,1086.75,1086.75,1086.75,1086.75,0,576660
2019-01-18 11:04:00,1086.75,1090.00,1086.75,1090.00,1000,578660
2019-01-18 11:05:00,1090.00,1090.00,1085.00,1085.00,80,579660
2019-01-18 11:06:00,1085.00,1096.30,1085.00,1085.00,1100,579660
2019-01-18 11:07:00,1085.00,1085.00,1085.00,1085.00,1020,579660
2019-01-18 11:08:00,1085.00,1090.00,1085.00,1090.00,1000,581260
2019-01-18 11:09:00,1090.00,1093.00,1090.00,1093.00,500,581260
2019-01-18 11:10:00,1093.00,1093.00,1085.20,1085.20,300,581260
2019-01-18 11:11:00,1085.20,1085.20,1085.20,1085.20,0,581260
2019-01-18 11:12:00,1085.20,1085.20,1085.20,1085.20,0,581260
2019-01-18 11:13:00,1085.20,1085.20,1085.20,1085.20,0,581260
2019-01-18 11:14:00,1085.20,1085.20,1085.20,1085.20,0,581260
2019-01-18 11:15:00,1085.20,1085.20,1085.20,1085.20,0,581260
2019-01-18 11:16:00,1085.20,1085.20,1085.20,1085.20,0,581260
2019-01-18 11:17:00,1085.20,1085.20,1080.00,1080.00,500,582760
2019-01-18 11:18:00,1080.00,1080.00,1080.00,1080.00,0,582760
2019-01-18 11:19:00,1080.00,1084.00,1080.00,1084.00,960,582760
2019-01-18 11:20:00,1084.00,1084.00,1079.90,1082.10,100,584220
2019-01-18 11:21:00,1082.10,1085.00,1081.00,1085.00,560,584220
2019-01-18 11:22:00,1085.00,1088.00,1085.00,1088.00,720,584220
2019-01-18 11:23:00,1088.00,1088.00,1081.05,1085.00,180,584220
2019-01-18 11:24:00,1085.00,1085.00,1085.00,1085.00,0,584220
2019-01-18 11:25:00,1085.00,1085.00,1085.00,1085.00,0,584220
2019-01-18 11:26:00,1085.00,1085.00,1085.00,1085.00,0,584220
2019-01-18 11:27:00,1085.00,1085.00,1078.70,1078.70,20,585420
2019-01-18 11:28:00,1078.70,1085.00,1078.70,1085.00,180,585420
2019-01-18 11:29:00,1085.00,1095.00,1085.00,1089.00,1120,586220
2019-01-18 11:30:00,1089.00,1095.00,1089.00,1095.00,1880,586220
2019-01-18 11:31:00,1095.00,1095.00,1091.30,1091.30,40,586220
2019-01-18 11:32:00,1091.30,1095.00,1091.30,1095.00,80,586220
2019-01-18 11:33:00,1095.00,1095.00,1092.00,1092.00,560,588280
2019-01-18 11:34:00,1092.00,1095.00,1092.00,1092.60,460,588280
2019-01-18 11:35:00,1092.60,1092.60,1090.00,1090.00,460,589260
2019-01-18 11:36:00,1090.00,1097.50,1090.00,1097.50,300,589260
2019-01-18 11:37:00,1097.50,1097.50,1088.40,1088.40,80,589260
2019-01-18 11:38:00,1088.40,1088.40,1086.00,1086.00,20,589260
2019-01-18 11:39:00,1086.00,1090.00,1086.00,1090.00,440,590240
2019-01-18 11:40:00,1090.00,1090.00,1090.00,1090.00,560,590240
2019-01-18 11:41:00,1090.00,1090.00,1088.00,1088.00,360,591240
2019-01-18 11:42:00,1088.00,1090.00,1087.00,1090.00,780,591240
2019-01-18 11:43:00,1090.00,1090.00,1088.00,1088.00,780,591240
2019-01-18 11:44:00,1088.00,1098.30,1086.90,1091.20,1180,593240
2019-01-18 11:45:00,1091.20,1091.20,1089.50,1089.50,40,593240
2019-01-18 11:46:00,1089.50,1089.50,1080.00,1080.00,40,593240
2019-01-18 11:47:00,1080.00,1080.00,1080.00,1080.00,0,593240
2019-01-18 11:48:00,1080.00,1080.00,1080.00,1080.00,0,593240
2019-01-18 11:49:00,1080.00,1085.00,1079.80,1085.00,100,594200
2019-01-18 11:50:00,1085.00,1085.00,1085.00,1085.00,20,594280
2019-01-18 11:51:00,1085.00,1085.00,1085.00,1085.00,0,594280
2019-01-18 11:52:00,1085.00,1085.00,1085.00,1085.00,0,594280
2019-01-18 11:53:00,1085.00,1085.00,1085.00,1085.00,0,594280
2019-01-18 11:54:00,1085.00,1085.00,1085.00,1085.00,200,594300
2019-01-18 11:55:00,1085.00,1085.00,1085.00,1085.00,520,594300
2019-01-18 11:56:00,1085.00,1090.50,1085.00,1090.50,1300,596160
2019-01-18 11:57:00,1090.50,1092.00,1090.50,1092.00,160,596160
2019-01-18 11:58:00,1092.00,1092.00,1092.00,1092.00,0,596160
2019-01-18 11:59:00,1092.00,1092.00,1088.00,1088.00,120,596320
2019-01-18 12:00:00,1088.00,1090.00,1088.00,1088.70,120,596320
2019-01-18 12:01:00,1088.70,1088.70,1087.00,1087.00,140,596320
2019-01-18 12:02:00,1087.00,1087.00,1087.00,1087.00,0,596320
2019-01-18 12:03:00,1087.00,1087.00,1087.00,1087.00,0,596320
2019-01-18 12:04:00,1087.00,1087.00,1087.00,1087.00,0,596320
2019-01-18 12:05:00,1081.95,1082.00,1081.95,1082.00,20,596600
2019-01-18 12:06:00,1082.00,1082.00,1082.00,1082.00,0,596600
2019-01-18 12:07:00,1082.00,1082.00,1082.00,1082.00,0,596600
2019-01-18 12:08:00,1082.00,1082.00,1082.00,1082.00,0,596600
2019-01-18 12:09:00,1082.00,1082.00,1082.00,1082.00,0,596600
2019-01-18 12:10:00,1082.00,1082.00,1055.00,1055.00,20,596620
2019-01-18 12:11:00,1055.00,1055.00,1055.00,1055.00,0,596620
2019-01-18 12:12:00,1055.00,1055.00,1055.00,1055.00,0,596620
2019-01-18 12:13:00,1055.00,1055.00,1055.00,1055.00,0,596620
2019-01-18 12:14:00,1055.00,1055.00,1055.00,1055.00,0,596620
2019-01-18 12:15:00,1055.00,1055.00,1055.00,1055.00,0,0
2019-01-18 12:16:00,1055.00,1055.00,1055.00,1055.00,0,0
2019-01-18 12:17:00,1055.00,1055.00,1055.00,1055.00,0,0
2019-01-18 12:18:00,1055.00,1064.45,1055.00,1064.45,20,596620
2019-01-18 12:19:00,1064.45,1064.45,1063.00,1063.00,20,596620
2019-01-18 12:20:00,1063.00,1063.00,1063.00,1063.00,0,596620
2019-01-18 12:21:00,1063.00,1063.00,1063.00,1063.00,0,596620
2019-01-18 12:22:00,1063.00,1063.00,1063.00,1063.00,0,596620
2019-01-18 12:23:00,1063.00,1063.00,1063.00,1063.00,0,596620
2019-01-18 12:24:00,1063.00,1063.00,1063.00,1063.00,0,596620
2019-01-18 12:25:00,1063.00,1063.00,1063.00,1063.00,20,596620
2019-01-18 12:26:00,1063.00,1066.80,1063.00,1066.80,20,596600
2019-01-18 12:27:00,1066.80,1066.80,1066.80,1066.80,0,596600
2019-01-18 12:28:00,1066.80,1066.80,1066.80,1066.80,0,596600
2019-01-18 12:29:00,1066.80,1066.80,1066.80,1066.80,0,596600
2019-01-18 12:30:00,1066.80,1066.80,1066.80,1066.80,0,596600
2019-01-18 12:31:00,1066.80,1066.80,1066.80,1066.80,0,596600
2019-01-18 12:32:00,1066.80,1066.80,1065.90,1065.90,20,596600
2019-01-18 12:33:00,1065.90,1065.90,1065.90,1065.90,0,596600
2019-01-18 12:34:00,1065.90,1065.90,1065.90,1065.90,0,596600
2019-01-18 12:35:00,1065.90,1065.90,1065.90,1065.90,0,596600
2019-01-18 12:36:00,1065.90,1065.90,1065.90,1065.90,0,596600
2019-01-18 12:37:00,1065.90,1065.90,1062.55,1063.10,80,596600
2019-01-18 12:38:00,1063.10,1067.80,1063.10,1067.80,20,596600
2019-01-18 12:39:00,1067.80,1080.00,1067.80,1075.00,1040,596600
2019-01-18 12:40:00,1075.00,1080.00,1075.00,1080.00,1320,596600
2019-01-18 12:41:00,1080.00,1085.00,1080.00,1085.00,1060,596600
2019-01-18 12:42:00,1085.00,1085.00,1085.00,1085.00,0,596600
2019-01-18 12:43:00,1085.00,1085.00,1085.00,1085.00,0,596600
2019-01-18 12:44:00,1085.00,1085.00,1085.00,1085.00,0,596600
2019-01-18 12:45:00,1085.00,1085.00,1085.00,1085.00,0,596600
2019-01-18 12:46:00,1085.00,1085.00,1085.00,1085.00,0,596600
2019-01-18 12:47:00,1085.00,1085.00,1085.00,1085.00,0,596600
2019-01-18 12:48:00,1085.00,1085.00,1085.00,1085.00,0,600260
2019-01-18 12:49:00,1045.45,1045.45,1045.45,1045.45,0,600260
2019-01-18 12:50:00,1045.45,1050.50,1045.45,1048.15,40,600260
2019-01-18 12:51:00,1048.15,1048.15,1048.15,1048.15,0,600260
2019-01-18 12:52:00,1048.15,1048.15,1048.15,1048.15,0,600260
2019-01-18 12:53:00,1048.15,1048.15,1048.15,1048.15,0,600260
2019-01-18 12:54:00,1048.15,1048.15,1048.15,1048.15,0,600260
2019-01-18 12:55:00,1048.15,1048.15,1048.15,1048.15,0,600260
2019-01-18 12:56:00,1048.15,1048.15,1048.15,1048.15,0,600260
2019-01-18 12:57:00,1048.15,1048.15,1048.15,1048.15,0,600260
2019-01-18 12:58:00,1048.15,1048.15,1048.15,1048.15,0,600260
2019-01-18 12:59:00,1048.15,1048.15,1048.15,1048.15,0,600260
2019-01-18 13:00:00,1048.15,1048.15,1048.15,1048.15,0,600260
2019-01-18 13:01:00,1048.15,1060.00,1048.15,1060.00,40,600260
2019-01-18 13:02:00,1060.00,1060.00,1056.10,1056.10,20,600260
2019-01-18 13:03:00,1056.10,1069.50,1056.10,1063.20,140,600260
2019-01-18 13:04:00,1063.20,1063.20,1056.35,1056.35,100,600260
2019-01-18 13:05:00,1056.35,1057.35,1056.35,1057.35,260,600260
2019-01-18 13:06:00,1057.35,1058.80,1057.35,1058.80,100,600260
2019-01-18 13:07:00,1058.80,1058.80,1050.00,1054.85,60,600260
2019-01-18 13:08:00,1054.85,1060.00,1049.80,1060.00,200,600260
2019-01-18 13:09:00,1060.00,1060.00,1060.00,1060.00,420,600260
2019-01-18 13:10:00,1060.00,1060.00,1060.00,1060.00,0,600260
2019-01-18 13:11:00,1060.00,1060.00,1060.00,1060.00,0,600260
2019-01-18 13:12:00,1060.00,1060.00,1060.00,1060.00,240,600900
2019-01-18 13:13:00,1060.00,1065.00,1060.00,1065.00,240,600900
2019-01-18 13:14:00,1065.00,1065.00,1065.00,1065.00,760,600900
2019-01-18 13:15:00,1065.00,1068.00,1065.00,1068.00,1560,602140
2019-01-18 13:16:00,1068.00,1070.00,1068.00,1070.00,1100,602140
2019-01-18 13:17:00,1070.00,1070.00,1070.00,1070.00,0,602140
2019-01-18 13:18:00,1070.00,1070.00,1070.00,1070.00,0,602140
2019-01-18 13:19:00,1070.00,1070.00,1065.00,1065.00,1000,605140
2019-01-18 13:20:00,1065.00,1068.00,1065.00,1068.00,800,605140
2019-01-18 13:21:00,1068.00,1070.00,1068.00,1068.00,160,606940
2019-01-18 13:22:00,1068.00,1068.00,1068.00,1068.00,0,606940
2019-01-18 13:23:00,1068.00,1068.00,1065.00,1065.00,1040,607380
2019-01-18 13:24:00,1065.00,1068.00,1065.00,1066.00,1000,607380
2019-01-18 13:25:00,1066.00,1066.00,1066.00,1066.00,0,607380
2019-01-18 13:26:00,1066.00,1066.00,1066.00,1066.00,0,607380
2019-01-18 13:27:00,1066.00,1066.00,1066.00,1066.00,0,607380
2019-01-18 13:28:00,1066.00,1066.00,1066.00,1066.00,0,607380
2019-01-18 13:29:00,1066.00,1066.00,1065.00,1065.00,980,609260
2019-01-18 13:30:00,1065.00,1066.00,1065.00,1066.00,800,609260
2019-01-18 13:31:00,1066.00,1068.00,1066.00,1068.00,880,609260
2019-01-18 13:32:00,1068.00,1068.00,1066.00,1066.00,120,612020
2019-01-18 13:33:00,1066.00,1066.00,1066.00,1066.00,0,612020
2019-01-18 13:34:00,1066.00,1066.00,1066.00,1066.00,680,612020
2019-01-18 13:35:00,1066.00,1073.00,1066.00,1072.00,2180,613100
2019-01-18 13:36:00,1072.00,1081.45,1072.00,1080.00,2120,613100
2019-01-18 13:37:00,1080.00,1080.00,1080.00,1080.00,960,613100
2019-01-18 13:38:00,1080.00,1085.00,1080.00,1085.00,280,618100
2019-01-18 13:39:00,1085.00,1085.00,1085.00,1085.00,0,618100
2019-01-18 13:40:00,1085.00,1085.00,1085.00,1085.00,0,618100
2019-01-18 13:41:00,1085.00,1085.00,1075.00,1075.00,180,618340
2019-01-18 13:42:00,1075.00,1075.00,1072.00,1072.00,820,618340
2019-01-18 13:43:00,1072.00,1080.00,1072.00,1080.00,3800,618340
2019-01-18 13:44:00,1080.00,1086.95,1077.55,1077.55,2480,625100
2019-01-18 13:45:00,1077.55,1085.40,1077.55,1084.30,1900,625100
2019-01-18 13:46:00,1084.30,1084.30,1081.00,1081.00,500,625100
2019-01-18 13:47:00,1081.00,1081.00,1081.00,1081.00,520,625100
2019-01-18 13:48:00,1081.00,1081.00,1075.00,1075.00,900,628100
2019-01-18 13:49:00,1075.00,1075.00,1075.00,1075.00,0,628100
2019-01-18 13:50:00,1075.00,1076.90,1070.00,1070.00,220,629100
2019-01-18 13:51:00,1070.00,1074.00,1070.00,1074.00,640,629100
2019-01-18 13:52:00,1074.00,1075.00,1074.00,1075.00,440,629100
2019-01-18 13:53:00,1075.00,1075.00,1075.00,1075.00,0,629100
2019-01-18 13:54:00,1075.00,1077.35,1070.00,1075.00,1460,630340
2019-01-18 13:55:00,1075.00,1085.00,1075.00,1081.30,1620,630340
2019-01-18 13:56:00,1081.30,1090.00,1081.30,1085.55,1780,635100
2019-01-18 13:57:00,1085.55,1092.00,1085.55,1092.00,1960,635100
2019-01-18 13:58:00,1092.00,1105.00,1092.00,1100.00,2040,635100
2019-01-18 13:59:00,1100.00,1110.00,1100.00,1105.00,1340,640060
2019-01-18 14:00:00,1105.00,1125.00,1105.00,1115.65,2540,640060
2019-01-18 14:01:00,1115.65,1130.00,1115.65,1130.00,1200,640060
2019-01-18 14:02:00,1130.00,1135.00,1123.05,1130.00,1660,644180
2019-01-18 14:03:00,1130.00,1130.00,1121.05,1129.95,1240,644180
2019-01-18 14:04:00,1129.95,1129.95,1110.00,1110.00,1040,644180
2019-01-18 14:05:00,1110.00,1115.00,1107.25,1107.25,1840,647500
2019-01-18 14:06:00,1106.50,1106.50,1095.00,1095.00,940,647500
2019-01-18 14:07:00,1095.00,1095.00,1095.00,1095.00,0,647500
2019-01-18 14:08:00,1095.00,1100.00,1095.00,1098.00,1440,650060
2019-01-18 14:09:00,1098.00,1105.00,1095.00,1105.00,1540,650060
2019-01-18 14:10:00,1105.00,1105.85,1102.65,1102.65,40,650060
2019-01-18 14:11:00,1102.65,1102.65,1096.55,1100.00,720,652040
2019-01-18 14:12:00,1100.00,1100.00,1100.00,1100.00,600,652040
2019-01-18 14:13:00,1100.00,1100.00,1100.00,1100.00,760,652040
2019-01-18 14:14:00,1100.00,1100.00,1098.00,1098.00,460,654060
2019-01-18 14:15:00,1098.00,1098.00,1093.35,1093.35,440,654060
2019-01-18 14:16:00,1093.35,1100.00,1093.35,1100.00,1580,654060
2019-01-18 14:17:00,1100.00,1105.00,1100.00,1101.60,820,657320
2019-01-18 14:18:00,1101.60,1105.00,1101.60,1103.75,800,657320
2019-01-18 14:19:00,1103.75,1103.75,1095.95,1095.95,160,657320
2019-01-18 14:20:00,1095.95,1100.00,1095.95,1100.00,660,657320
2019-01-18 14:21:00,1100.00,1100.00,1096.00,1096.00,340,658700
2019-01-18 14:22:00,1096.00,1096.00,1088.75,1088.75,80,658700
2019-01-18 14:23:00,1088.75,1088.75,1080.80,1082.95,1320,659040
2019-01-18 14:24:00,1078.40,1082.00,1068.75,1070.00,1080,659040
2019-01-18 14:25:00,1070.00,1070.00,1046.40,1050.40,700,659040
2019-01-18 14:26:00,1050.40,1060.00,1050.40,1060.00,1020,660380
2019-01-18 14:27:00,1060.00,1064.00,1060.00,1064.00,800,660380
2019-01-18 14:28:00,1064.00,1070.00,1063.00,1068.35,440,660380
2019-01-18 14:29:00,1068.35,1068.35,1058.90,1058.90,900,662580
2019-01-18 14:30:00,1058.90,1070.00,1058.90,1070.00,1420,662580
2019-01-18 14:31:00,1070.00,1075.00,1068.25,1068.25,1640,662580
2019-01-18 14:32:00,1068.25,1068.25,1057.85,1065.00,1480,666040
2019-01-18 14:33:00,1065.00,1065.00,1053.05,1053.05,220,666040
2019-01-18 14:34:00,1053.05,1056.00,1036.25,1045.55,820,666040
2019-01-18 14:35:00,1045.00,1045.00,1032.35,1040.00,840,668760
2019-01-18 14:36:00,1040.00,1050.00,1040.00,1050.00,1720,668760
2019-01-18 14:37:00,1050.00,1052.00,1050.00,1052.00,40,668760
2019-01-18 14:38:00,1052.00,1052.00,1052.00,1052.00,0,668760
2019-01-18 14:39:00,1052.00,1052.00,1052.00,1052.00,0,668760
2019-01-18 14:40:00,1052.00,1052.00,1052.00,1052.00,0,668760
2019-01-18 14:41:00,1052.00,1052.00,1052.00,1052.00,0,668760
2019-01-18 14:42:00,1052.00,1070.55,1052.00,1070.55,180,671020
2019-01-18 14:43:00,1070.55,1070.55,1070.55,1070.55,0,671020
2019-01-18 14:44:00,1070.55,1072.00,1070.55,1072.00,20,671020
2019-01-18 14:45:00,1072.00,1075.05,1068.25,1075.05,220,671020
2019-01-18 14:46:00,1075.05,1076.20,1075.05,1076.20,20,671020
2019-01-18 14:47:00,1076.20,1076.20,1076.20,1076.20,0,671020
2019-01-18 14:48:00,1076.20,1076.20,1076.20,1076.20,0,671020
2019-01-18 14:49:00,1076.20,1076.20,1076.20,1076.20,0,671020
2019-01-18 14:50:00,1076.20,1076.20,1076.20,1076.20,0,671020
2019-01-18 14:51:00,1076.20,1076.20,1068.10,1068.10,100,671020
2019-01-18 14:52:00,1068.10,1075.00,1068.10,1075.00,20,671000
2019-01-18 14:53:00,1075.00,1075.00,1075.00,1075.00,0,671000
2019-01-18 14:54:00,1075.00,1075.00,1075.00,1075.00,0,671000
2019-01-18 14:55:00,1075.00,1075.00,1075.00,1075.00,0,671000
2019-01-18 14:56:00,1075.00,1075.00,1060.55,1060.55,20,670980
2019-01-18 14:57:00,1060.55,1060.55,1060.55,1060.55,0,670980
2019-01-18 14:58:00,1060.55,1060.55,1060.55,1060.55,0,670980
2019-01-18 14:59:00,1060.55,1060.55,1060.55,1060.55,0,670980
2019-01-18 15:00:00,1060.55,1060.55,1039.20,1039.20,260,670980
2019-01-18 15:01:00,1039.20,1050.95,1039.20,1050.95,120,670980
2019-01-18 15:02:00,1050.95,1056.35,1050.95,1056.35,80,670980
2019-01-18 15:03:00,1056.35,1056.35,1056.35,1056.35,0,670980
2019-01-18 15:04:00,1056.35,1061.30,1056.35,1060.00,40,670980
2019-01-18 15:05:00,1060.00,1060.00,1060.00,1060.00,0,670980
2019-01-18 15:06:00,1060.00,1060.00,1060.00,1060.00,0,670980
2019-01-18 15:07:00,1062.25,1062.80,1062.25,1062.80,20,670960
2019-01-18 15:08:00,1062.80,1062.80,1062.80,1062.80,0,670960
2019-01-18 15:09:00,1062.80,1062.80,1062.80,1062.80,0,670960
2019-01-18 15:10:00,1062.80,1062.80,1062.80,1062.80,0,670960
2019-01-18 15:11:00,1062.80,1062.80,1062.80,1062.80,0,670960
2019-01-18 15:12:00,1062.80,1062.80,1062.80,1062.80,0,670960
2019-01-18 15:13:00,1062.80,1062.80,1060.00,1060.00,60,670960
2019-01-18 15:14:00,1060.00,1060.00,1060.00,1060.00,0,670960
2019-01-18 15:15:00,1060.00,1060.00,1055.00,1055.00,60,670900
2019-01-18 15:16:00,1055.00,1055.00,1055.00,1055.00,0,670900
2019-01-18 15:17:00,1055.00,1064.30,1055.00,1064.30,40,670900
2019-01-18 15:18:00,1064.30,1064.30,1064.30,1064.30,0,670840
2019-01-18 15:19:00,1064.30,1064.30,1060.00,1060.00,20,670840
2019-01-18 15:20:00,1060.00,1060.00,1060.00,1060.00,0,670840
2019-01-18 15:21:00,1060.00,1060.00,1060.00,1060.00,0,670840
2019-01-18 15:22:00,1060.00,1064.35,1060.00,1063.35,300,670840
2019-01-18 15:23:00,1063.35,1069.35,1063.35,1069.35,240,670840
2019-01-18 15:24:00,1069.35,1069.90,1069.35,1069.90,20,670840
2019-01-18 15:25:00,1078.70,1078.70,1070.10,1070.10,580,670840
2019-01-18 15:26:00,1070.10,1072.00,1068.65,1068.65,200,670840
2019-01-18 15:27:00,1068.65,1076.05,1068.65,1076.05,140,670840
2019-01-18 15:28:00,1076.05,1076.05,1076.05,1076.05,140,670840
2019-01-18 15:29:01,1076.05,1076.05,1070.00,1075.00,160,670860
2019-01-21 09:16:00,970.00,970.00,970.00,970.00,0,670780
2019-01-21 09:17:00,970.00,996.05,970.00,996.05,20,670780
2019-01-21 09:18:00,996.05,996.05,996.05,996.05,0,670780
2019-01-21 09:19:00,996.05,996.05,985.15,985.15,40,670760
2019-01-21 09:20:00,985.15,985.15,985.15,985.15,0,670760
2019-01-21 09:21:00,985.15,985.15,985.15,985.15,0,670760
2019-01-21 09:22:00,985.15,985.15,985.15,985.15,0,670760
2019-01-21 09:23:00,985.15,988.00,985.15,988.00,20,670760
2019-01-21 09:24:00,988.00,988.00,988.00,988.00,0,670760
2019-01-21 09:25:00,988.00,988.00,988.00,988.00,0,670760
2019-01-21 09:26:00,988.00,1000.00,988.00,1000.00,40,670760
2019-01-21 09:27:00,1000.00,1005.00,998.00,1005.00,40,670800
2019-01-21 09:28:00,1005.00,1005.00,1005.00,1005.00,0,670800
2019-01-21 09:29:00,1005.00,1005.00,1005.00,1005.00,0,670800
2019-01-21 09:30:00,1005.00,1005.00,980.00,989.20,100,670800
2019-01-21 09:31:00,989.20,989.20,989.20,989.20,0,670760
2019-01-21 09:32:00,989.20,992.85,983.10,983.10,40,670760
2019-01-21 09:33:00,983.10,983.10,983.10,983.10,0,670760
2019-01-21 09:34:00,983.10,997.45,983.10,997.45,20,670760
2019-01-21 09:35:00,997.45,997.45,997.45,997.45,0,670740
2019-01-21 09:36:00,997.45,997.45,997.45,997.45,0,670740
2019-01-21 09:37:00,997.45,997.45,997.45,997.45,0,670740
2019-01-21 09:38:00,997.45,997.45,997.45,997.45,0,670740
2019-01-21 09:39:00,997.45,1016.90,997.45,1016.90,20,670740
2019-01-21 09:40:00,1016.90,1101.75,1016.90,1097.65,2380,670740
2019-01-21 09:41:00,1097.65,1097.65,1097.65,1097.65,0,670740
2019-01-21 09:42:00,1097.65,1097.65,1097.65,1097.65,0,670740
2019-01-21 09:43:00,1097.65,1097.65,1097.65,1097.65,0,670740
2019-01-21 09:44:00,1097.65,1097.65,1097.65,1097.65,0,670740
2019-01-21 09:45:00,1097.65,1116.60,1090.40,1108.95,100,672820
2019-01-21 09:46:00,1108.95,1126.85,1108.75,1111.45,360,672820
2019-01-21 09:47:00,1111.45,1114.90,1103.80,1103.80,440,672820
2019-01-21 09:48:00,1103.80,1103.80,1100.75,1100.75,300,672820
2019-01-21 09:49:00,1100.75,1127.20,1100.75,1127.20,420,672720
2019-01-21 09:50:00,1134.75,1135.00,1121.70,1122.50,800,672720
2019-01-21 09:51:00,1122.50,1130.25,1120.55,1126.95,720,672720
2019-01-21 09:52:00,1125.50,1149.90,1124.85,1149.90,220,672720
2019-01-21 09:53:00,1149.90,1149.90,1134.55,1134.55,40,672720
2019-01-21 09:54:00,1134.55,1134.55,1129.45,1129.80,40,672720
2019-01-21 09:55:00,1129.80,1135.90,1128.75,1131.45,160,672760
2019-01-21 09:56:00,1131.15,1135.00,1129.45,1135.00,580,672760
2019-01-21 09:57:00,1135.00,1137.75,1132.90,1133.50,620,672760
2019-01-21 09:58:00,1133.50,1133.50,1130.00,1130.00,520,672320
2019-01-21 09:59:00,1125.00,1125.00,1125.00,1125.00,100,672320
2019-01-21 10:00:00,1125.00,1152.45,1125.00,1152.45,20,672320
2019-01-21 10:01:00,1152.45,1176.45,1152.45,1161.15,120,670820
2019-01-21 10:02:00,1161.15,1161.15,1150.70,1150.70,20,670820
2019-01-21 10:03:00,1150.70,1150.70,1150.70,1150.70,0,670820
2019-01-21 10:04:00,1150.70,1150.70,1150.70,1150.70,0,670820
2019-01-21 10:05:00,1150.70,1150.70,1142.00,1142.00,80,670820
2019-01-21 10:06:00,1142.00,1145.10,1137.70,1137.70,140,670820
2019-01-21 10:07:00,1137.70,1146.00,1137.70,1146.00,300,670820
2019-01-21 10:08:00,1146.00,1146.00,1135.35,1135.35,100,670820
2019-01-21 10:09:00,1135.35,1137.15,1135.35,1137.15,100,670820
2019-01-21 10:10:00,1143.90,1143.90,1143.90,1143.90,0,670780
2019-01-21 10:11:00,1143.90,1143.90,1143.90,1143.90,0,670780
2019-01-21 10:12:00,1143.90,1143.90,1128.40,1128.40,40,670780
2019-01-21 10:13:00,1128.40,1128.40,1126.05,1126.05,100,670760
2019-01-21 10:14:00,1126.05,1130.85,1126.05,1130.85,60,670760
2019-01-21 10:15:00,1130.85,1130.85,1130.85,1130.85,20,670760
2019-01-21 10:16:00,1130.85,1130.85,1107.90,1113.25,200,670760
2019-01-21 10:17:00,1113.25,1118.50,1113.25,1118.50,20,670760
2019-01-21 10:18:00,1118.50,1125.25,1118.50,1125.25,80,670760
2019-01-21 10:19:00,1125.25,1125.25,1125.25,1125.25,0,670760
2019-01-21 10:20:00,1125.25,1125.25,1125.25,1125.25,0,670760
2019-01-21 10:21:00,1125.25,1125.25,1125.25,1125.25,0,670760
2019-01-21 10:22:00,1125.25,1125.25,1125.25,1125.25,0,670760
2019-01-21 10:23:00,1125.25,1128.00,1125.25,1128.00,40,670760
2019-01-21 10:24:00,1128.00,1128.00,1128.00,1128.00,360,670760
2019-01-21 10:25:00,1128.00,1128.00,1116.30,1120.00,480,670720
2019-01-21 10:26:00,1120.00,1120.00,1120.00,1120.00,0,670720
2019-01-21 10:27:00,1120.00,1127.00,1120.00,1127.00,200,670720
2019-01-21 10:28:00,1127.00,1127.00,1127.00,1127.00,0,670720
2019-01-21 10:29:00,1127.00,1127.00,1127.00,1127.00,0,670720
2019-01-21 10:30:00,1127.00,1127.00,1127.00,1127.00,0,670720
2019-01-21 10:31:00,1127.00,1127.00,1127.00,1127.00,0,670720
2019-01-21 10:32:00,1127.00,1127.00,1127.00,1127.00,0,670720
2019-01-21 10:33:00,1127.00,1127.00,1127.00,1127.00,0,670720
2019-01-21 10:34:00,1127.00,1127.00,1127.00,1127.00,0,670720
2019-01-21 10:35:00,1127.00,1127.00,1127.00,1127.00,0,670720
2019-01-21 10:36:00,1127.00,1127.00,1127.00,1127.00,0,670720
2019-01-21 10:37:00,1127.00,1127.00,1127.00,1127.00,0,670720
2019-01-21 10:38:00,1127.00,1127.00,1127.00,1127.00,0,670720
2019-01-21 10:39:00,1127.00,1127.00,1127.00,1127.00,0,670720
2019-01-21 10:40:00,1127.00,1127.00,1114.30,1114.30,420,669800
2019-01-21 10:41:00,1114.30,1114.30,1114.30,1114.30,0,669800
2019-01-21 10:42:00,1114.30,1114.30,1114.30,1114.30,0,669800
2019-01-21 10:43:00,1114.30,1114.30,1107.00,1107.00,220,669740
2019-01-21 10:44:00,1107.00,1107.00,1107.00,1107.00,0,669740
2019-01-21 10:45:00,1107.00,1107.00,1107.00,1107.00,0,669740
2019-01-21 10:46:00,1107.00,1107.00,1107.00,1107.00,0,669740
2019-01-21 10:47:00,1107.00,1107.00,1107.00,1107.00,0,669740
2019-01-21 10:48:00,1107.00,1107.00,1107.00,1107.00,0,669740
2019-01-21 10:49:00,1107.00,1107.00,1107.00,1107.00,0,669740
2019-01-21 10:50:00,1107.00,1113.00,1107.00,1113.00,100,669740
2019-01-21 10:51:00,1113.00,1113.00,1113.00,1113.00,0,669520
2019-01-21 10:52:00,1113.00,1113.00,1113.00,1113.00,0,669520
2019-01-21 10:53:00,1113.00,1113.00,1113.00,1113.00,0,669520
2019-01-21 10:54:00,1113.00,1113.00,1113.00,1113.00,0,669520
2019-01-21 10:55:00,1113.00,1113.00,1113.00,1113.00,0,669520
2019-01-21 10:56:00,1113.00,1113.00,1113.00,1113.00,0,669520
2019-01-21 10:57:00,1113.00,1113.00,1113.00,1113.00,0,669520
2019-01-21 10:58:00,1113.00,1113.00,1113.00,1113.00,0,669520
2019-01-21 10:59:00,1113.00,1113.00,1113.00,1113.00,0,669520
2019-01-21 11:00:00,1113.00,1113.00,1113.00,1113.00,0,669520
2019-01-21 11:01:00,1113.00,1113.00,1113.00,1113.00,0,669520
2019-01-21 11:02:00,1113.00,1113.00,1113.00,1113.00,0,669520
2019-01-21 11:03:00,1113.00,1113.00,1113.00,1113.00,0,669520
2019-01-21 11:04:00,1113.00,1113.00,1113.00,1113.00,0,669520
2019-01-21 11:05:00,1113.00,1113.00,1113.00,1113.00,0,669520
2019-01-21 11:06:00,1113.00,1113.00,1112.35,1112.35,40,669520
2019-01-21 11:07:00,1112.35,1112.35,1111.75,1111.75,40,669520
2019-01-21 11:08:00,1111.75,1115.45,1111.75,1115.45,20,669520
2019-01-21 11:09:00,1115.45,1115.45,1092.45,1097.95,160,669520
2019-01-21 11:10:00,1097.95,1103.75,1097.95,1102.95,460,669520
2019-01-21 11:11:00,1102.95,1105.00,1102.95,1104.90,580,669520
2019-01-21 11:12:00,1104.90,1104.95,1096.00,1102.80,1360,669520
2019-01-21 11:13:00,1102.80,1104.70,1102.80,1104.70,1240,667480
2019-01-21 11:14:00,1104.70,1107.00,1104.70,1107.00,840,667480
2019-01-21 11:15:00,1107.00,1107.00,1105.85,1105.95,420,667480
2019-01-21 11:16:00,1105.95,1105.95,1104.65,1105.90,880,664760
2019-01-21 11:17:00,1105.90,1106.80,1100.00,1104.95,840,664760
2019-01-21 11:18:00,1104.95,1106.40,1102.75,1106.40,80,664760
2019-01-21 11:19:00,1106.40,1106.40,1106.40,1106.40,0,662580
2019-01-21 11:20:00,1106.40,1106.40,1106.40,1106.40,0,662580
2019-01-21 11:21:00,1106.40,1107.85,1106.40,1107.85,160,662580
2019-01-21 11:22:00,1107.85,1107.85,1069.25,1076.65,6180,662560
2019-01-21 11:23:00,1076.65,1086.20,1075.00,1086.20,500,662560
2019-01-21 11:24:00,1086.20,1092.95,1086.20,1092.95,320,662560
2019-01-21 11:25:00,1092.95,1096.15,1089.85,1096.15,300,657700
2019-01-21 11:26:00,1096.15,1099.05,1093.70,1093.70,480,657700
2019-01-21 11:27:00,1093.70,1094.95,1087.15,1091.80,540,657700
2019-01-21 11:28:00,1091.80,1094.60,1087.20,1091.30,120,656280
2019-01-21 11:29:00,1093.10,1097.10,1092.60,1097.10,140,656280
2019-01-21 11:30:00,1097.10,1097.55,1095.90,1097.20,180,656280
2019-01-21 11:31:00,1097.20,1104.95,1097.20,1104.95,60,655700
2019-01-21 11:32:00,1104.95,1107.60,1104.65,1107.15,320,655700
2019-01-21 11:33:00,1107.15,1107.75,1084.35,1105.50,2540,655700
2019-01-21 11:34:00,1104.40,1105.60,1102.15,1102.15,900,653300
2019-01-21 11:35:00,1102.15,1104.80,1098.30,1103.80,800,653300
2019-01-21 11:36:00,1103.80,1107.25,1103.05,1106.95,660,653300
2019-01-21 11:37:00,1106.95,1108.00,1106.95,1107.00,240,649980
2019-01-21 11:38:00,1107.00,1107.70,1107.00,1107.70,20,649980
2019-01-21 11:39:00,1107.70,1107.95,1107.70,1107.95,20,649980
2019-01-21 11:40:00,1107.95,1107.95,1095.60,1095.60,40,649660
2019-01-21 11:41:00,1095.60,1108.50,1095.60,1108.50,120,649660
2019-01-21 11:42:00,1108.50,1108.50,1107.45,1107.65,280,649660
2019-01-21 11:43:00,1107.65,1107.65,1107.65,1107.65,0,649340
2019-01-21 11:44:00,1107.65,1107.65,1104.15,1104.15,20,649340
2019-01-21 11:45:00,1104.15,1104.15,1104.15,1104.15,0,649340
2019-01-21 11:46:00,1104.15,1104.15,1104.15,1104.15,0,649340
2019-01-21 11:47:00,1104.15,1108.80,1104.15,1107.65,520,649340
2019-01-21 11:48:00,1107.65,1110.00,1107.65,1110.00,160,649200
2019-01-21 11:49:00,1110.90,1110.90,1109.70,1109.70,40,648680
2019-01-21 11:50:00,1109.70,1110.00,1107.50,1110.00,1480,648680
2019-01-21 11:51:00,1110.00,1110.00,1110.00,1110.00,0,648680
2019-01-21 11:52:00,1110.00,1110.00,1110.00,1110.00,0,648680
2019-01-21 11:53:00,1110.00,1112.75,1110.00,1112.75,640,646880
2019-01-21 11:54:00,1112.75,1114.00,1112.75,1112.95,1080,646880
2019-01-21 11:55:00,1112.95,1112.95,1112.95,1112.95,0,645900
2019-01-21 11:56:00,1112.95,1112.95,1107.60,1107.60,20,645900
2019-01-21 11:57:00,1107.60,1107.60,1107.60,1107.60,0,645900
2019-01-21 11:58:00,1107.60,1107.60,1107.60,1107.60,0,645900
2019-01-21 11:59:00,1107.60,1107.60,1107.60,1107.60,0,645900
2019-01-21 12:00:00,1107.60,1107.60,1107.60,1107.60,0,645900
2019-01-21 12:01:00,1107.60,1107.60,1107.60,1107.60,0,645900
2019-01-21 12:02:00,1107.60,1107.60,1107.60,1107.60,0,645900
2019-01-21 12:03:00,1107.60,1107.60,1107.60,1107.60,0,645900
2019-01-21 12:04:00,1107.60,1107.60,1107.60,1107.60,0,645900
2019-01-21 12:05:00,1107.60,1107.60,1107.60,1107.60,0,645900
2019-01-21 12:06:00,1107.60,1107.60,1107.60,1107.60,0,645900
2019-01-21 12:07:00,1107.60,1107.60,1107.60,1107.60,0,645900
2019-01-21 12:08:00,1107.60,1107.60,1099.65,1099.70,40,645140
2019-01-21 12:09:00,1099.70,1099.70,1083.00,1083.00,60,645140
2019-01-21 12:10:00,1083.00,1089.00,1083.00,1089.00,400,645120
2019-01-21 12:11:00,1089.00,1093.00,1089.00,1093.00,180,645120
2019-01-21 12:12:00,1093.00,1097.00,1093.00,1097.00,380,645120
2019-01-21 12:13:00,1097.00,1097.00,1097.00,1097.00,520,644660
2019-01-21 12:14:00,1097.00,1097.00,1095.95,1095.95,60,644660
2019-01-21 12:15:00,1095.95,1095.95,1095.95,1095.95,0,0
2019-01-21 12:16:00,1095.95,1095.95,1095.95,1095.95,0,0
2019-01-21 12:17:00,1095.95,1095.95,1095.95,1095.95,0,0
2019-01-21 12:18:00,1095.95,1097.70,1095.95,1097.70,40,0
2019-01-21 12:19:00,1097.70,1097.70,1097.70,1097.70,0,0
2019-01-21 12:20:00,1097.70,1097.70,1097.70,1097.70,0,0
2019-01-21 12:21:00,1097.70,1100.00,1094.80,1100.00,40,643720
2019-01-21 12:22:00,1100.00,1100.00,1098.15,1098.15,20,643720
2019-01-21 12:23:00,1098.15,1100.20,1098.15,1100.20,40,643720
2019-01-21 12:24:00,1100.20,1100.20,1097.90,1097.90,60,643720
2019-01-21 12:25:00,1097.90,1100.30,1094.95,1100.30,140,643700
2019-01-21 12:26:00,1100.30,1101.95,1100.30,1101.95,20,643700
2019-01-21 12:27:00,1101.95,1101.95,1099.55,1099.55,160,643700
2019-01-21 12:28:00,1099.55,1099.55,1099.55,1099.55,0,643700
2019-01-21 12:29:00,1099.55,1099.55,1099.55,1099.55,0,643700
2019-01-21 12:30:00,1099.55,1099.55,1099.55,1099.55,0,643700
2019-01-21 12:31:00,1099.55,1099.55,1099.55,1099.55,0,643700
2019-01-21 12:32:00,1099.55,1123.30,1099.55,1123.30,20,643700
2019-01-21 12:33:00,1123.30,1123.30,1123.30,1123.30,0,643640
2019-01-21 12:34:00,1123.30,1123.30,1123.30,1123.30,0,643640
2019-01-21 12:35:00,1123.30,1123.30,1123.30,1123.30,0,643640
2019-01-21 12:36:00,1123.30,1123.30,1123.30,1123.30,0,643640
2019-01-21 12:37:00,1123.30,1123.30,1123.30,1123.30,0,643640
2019-01-21 12:38:00,1123.30,1123.30,1123.30,1123.30,0,643640
2019-01-21 12:39:00,1123.30,1140.00,1123.30,1140.00,40,643640
2019-01-21 12:40:00,1140.00,1140.00,1140.00,1140.00,0,643640
2019-01-21 12:41:00,1140.00,1140.00,1140.00,1140.00,0,643640
2019-01-21 12:42:00,1140.00,1140.00,1135.40,1135.40,20,643680
2019-01-21 12:43:00,1135.40,1135.40,1135.40,1135.40,0,643680
2019-01-21 12:44:00,1135.40,1135.40,1135.00,1135.00,20,643680
2019-01-21 12:45:00,1135.00,1135.00,1135.00,1135.00,0,643680
2019-01-21 12:46:00,1135.00,1135.00,1135.00,1135.00,0,643680
2019-01-21 12:47:00,1135.00,1135.00,1135.00,1135.00,0,643680
2019-01-21 12:48:00,1135.00,1135.00,1130.00,1130.00,20,643680
2019-01-21 12:49:00,1130.00,1130.00,1130.00,1130.00,0,643660
2019-01-21 12:50:00,1130.00,1130.00,1130.00,1130.00,0,643660
2019-01-21 12:51:00,1130.00,1130.00,1130.00,1130.00,0,643660
2019-01-21 12:52:00,1130.00,1130.00,1130.00,1130.00,0,643660
2019-01-21 12:53:00,1130.00,1130.00,1130.00,1130.00,0,643660
2019-01-21 12:54:00,1130.00,1130.00,1130.00,1130.00,0,643660
2019-01-21 12:55:00,1130.00,1130.00,1130.00,1130.00,0,643660
2019-01-21 12:56:00,1130.00,1130.00,1130.00,1130.00,0,643660
2019-01-21 12:57:00,1130.00,1130.00,1130.00,1130.00,0,643660
2019-01-21 12:58:00,1130.00,1130.00,1130.00,1130.00,0,643660
2019-01-21 12:59:00,1130.00,1130.00,1130.00,1130.00,0,643660
2019-01-21 13:00:00,1130.00,1130.00,1119.70,1119.70,180,643660
2019-01-21 13:01:00,1119.70,1119.70,1119.70,1119.70,0,643640
2019-01-21 13:02:00,1119.70,1119.70,1119.70,1119.70,0,643640
2019-01-21 13:03:00,1119.70,1119.70,1119.70,1119.70,0,643640
2019-01-21 13:04:00,1119.70,1119.70,1119.70,1119.70,0,643640
2019-01-21 13:05:00,1119.70,1119.70,1119.70,1119.70,0,643640
2019-01-21 13:06:00,1119.70,1119.70,1119.70,1119.70,0,643640
2019-01-21 13:07:00,1119.70,1119.70,1119.70,1119.70,0,643640
2019-01-21 13:08:00,1119.70,1149.15,1119.70,1149.15,20,643620
2019-01-21 13:09:00,1149.15,1149.15,1149.15,1149.15,0,643620
2019-01-21 13:10:00,1149.15,1149.15,1149.15,1149.15,0,643620
2019-01-21 13:11:00,1149.15,1149.15,1149.15,1149.15,0,643620
2019-01-21 13:12:00,1149.15,1149.15,1149.15,1149.15,0,643620
2019-01-21 13:13:00,1149.15,1149.15,1149.15,1149.15,0,643620
2019-01-21 13:14:00,1149.15,1149.15,1149.15,1149.15,0,643620
2019-01-21 13:15:00,1149.15,1149.15,1149.15,1149.15,0,643620
2019-01-21 13:16:00,1149.15,1149.15,1149.15,1149.15,0,643620
2019-01-21 13:17:00,1149.15,1149.15,1149.15,1149.15,0,643620
2019-01-21 13:18:00,1149.15,1149.15,1149.15,1149.15,0,643620
2019-01-21 13:19:00,1149.15,1154.00,1149.15,1154.00,40,643620
2019-01-21 13:20:00,1154.00,1154.00,1149.35,1149.35,80,643620
2019-01-21 13:21:00,1149.35,1149.35,1149.35,1149.35,0,643620
2019-01-21 13:22:00,1149.35,1149.35,1149.35,1149.35,0,643620
2019-01-21 13:23:00,1149.35,1149.35,1149.35,1149.35,0,643620
2019-01-21 13:24:00,1149.35,1149.35,1149.35,1149.35,0,643620
2019-01-21 13:25:00,1149.35,1154.65,1149.35,1154.65,20,643620
2019-01-21 13:26:00,1154.65,1154.65,1154.65,1154.65,0,643620
2019-01-21 13:27:00,1154.65,1154.65,1154.45,1154.45,20,643620
2019-01-21 13:28:00,1154.45,1154.45,1154.45,1154.45,0,643620
2019-01-21 13:29:00,1154.45,1154.45,1154.45,1154.45,0,643620
2019-01-21 13:30:00,1154.45,1154.45,1149.90,1149.90,60,643620
2019-01-21 13:31:00,1149.90,1149.90,1149.90,1149.90,0,643620
2019-01-21 13:32:00,1149.90,1149.90,1149.90,1149.90,0,643620
2019-01-21 13:33:00,1149.90,1149.90,1149.90,1149.90,0,643620
2019-01-21 13:34:00,1149.90,1149.90,1146.40,1146.40,20,643620
2019-01-21 13:35:00,1146.40,1146.40,1146.40,1146.40,0,643620
2019-01-21 13:36:00,1146.40,1152.00,1146.40,1152.00,20,643620
2019-01-21 13:37:00,1152.00,1152.00,1150.00,1150.00,20,643580
2019-01-21 13:38:00,1150.00,1150.00,1150.00,1150.00,0,643580
2019-01-21 13:39:00,1150.00,1150.00,1140.65,1140.65,40,643580
2019-01-21 13:40:00,1140.65,1140.65,1139.75,1139.80,60,643560
2019-01-21 13:41:00,1139.80,1139.80,1139.80,1139.80,0,643560
2019-01-21 13:42:00,1139.80,1139.80,1119.70,1119.70,220,643560
2019-01-21 13:43:00,1119.70,1119.70,1119.70,1119.70,0,643560
2019-01-21 13:44:00,1119.70,1119.70,1119.70,1119.70,0,643560
2019-01-21 13:45:00,1119.70,1119.70,1107.55,1107.55,40,643560
2019-01-21 13:46:00,1107.55,1107.55,1107.55,1107.55,0,643560
2019-01-21 13:47:00,1107.55,1107.55,1107.55,1107.55,0,643560
2019-01-21 13:48:00,1107.55,1116.25,1107.55,1116.25,20,643560
2019-01-21 13:49:00,1116.25,1116.25,1116.25,1116.25,0,643560
2019-01-21 13:50:00,1116.25,1116.25,1088.90,1088.90,60,643560
2019-01-21 13:51:00,1088.90,1088.90,1088.90,1088.90,0,643560
2019-01-21 13:52:00,1088.90,1088.90,1088.90,1088.90,0,643560
2019-01-21 13:53:00,1088.90,1088.90,1088.90,1088.90,0,643560
2019-01-21 13:54:00,1088.90,1088.90,1088.90,1088.90,0,643560
2019-01-21 13:55:00,1088.90,1113.00,1088.90,1113.00,40,643540
2019-01-21 13:56:00,1113.00,1118.85,1113.00,1118.85,20,643540
2019-01-21 13:57:00,1118.85,1118.85,1118.85,1118.85,0,643540
2019-01-21 13:58:00,1118.85,1118.85,1118.85,1118.85,0,643540
2019-01-21 13:59:00,1118.85,1118.85,1118.85,1118.85,0,643540
2019-01-21 14:00:00,1118.85,1118.85,1118.85,1118.85,0,643540
2019-01-21 14:01:00,1118.85,1118.85,1118.85,1118.85,0,643540
2019-01-21 14:02:00,1118.85,1118.85,1118.85,1118.85,0,643540
2019-01-21 14:03:00,1118.85,1118.85,1118.85,1118.85,0,643540
2019-01-21 14:04:00,1118.85,1118.85,1118.85,1118.85,0,643540
2019-01-21 14:05:00,1118.85,1118.85,1118.85,1118.85,0,643540
2019-01-21 14:06:00,1118.85,1118.85,1118.85,1118.85,0,643540
2019-01-21 14:07:00,1118.85,1118.85,1118.85,1118.85,0,643540
2019-01-21 14:08:00,1118.85,1118.85,1118.85,1118.85,0,643540
2019-01-21 14:09:00,1118.85,1118.85,1118.85,1118.85,0,643540
2019-01-21 14:10:00,1118.85,1118.85,1118.85,1118.85,0,643540
2019-01-21 14:11:00,1118.85,1118.85,1118.85,1118.85,0,643540
2019-01-21 14:12:00,1118.85,1118.85,1118.85,1118.85,0,643540
2019-01-21 14:13:00,1118.85,1118.85,1118.85,1118.85,0,643540
2019-01-21 14:14:00,1118.85,1118.85,1118.85,1118.85,0,643540
2019-01-21 14:15:00,1118.85,1118.85,1118.85,1118.85,0,643540
2019-01-21 14:16:00,1118.85,1118.85,1109.60,1109.60,20,643540
2019-01-21 14:17:00,1109.60,1109.60,1109.60,1109.60,0,643540
2019-01-21 14:18:00,1109.60,1109.60,1109.60,1109.60,0,643540
2019-01-21 14:19:00,1109.60,1109.60,1109.60,1109.60,0,643540
2019-01-21 14:20:00,1109.60,1109.60,1109.60,1109.60,0,643540
2019-01-21 14:21:00,1109.60,1109.60,1109.60,1109.60,0,643540
2019-01-21 14:22:00,1109.60,1109.60,1109.60,1109.60,0,643540
2019-01-21 14:23:00,1109.60,1109.60,1109.60,1109.60,0,643540
2019-01-21 14:24:00,1109.60,1109.60,1109.60,1109.60,0,643540
2019-01-21 14:25:00,1109.60,1109.60,1106.95,1106.95,20,643540
2019-01-21 14:26:00,1106.95,1106.95,1106.95,1106.95,0,643540
2019-01-21 14:27:00,1106.95,1106.95,1106.95,1106.95,0,643540
2019-01-21 14:28:00,1106.95,1106.95,1106.95,1106.95,0,643540
2019-01-21 14:29:00,1106.95,1106.95,1102.70,1102.70,40,643540
2019-01-21 14:30:00,1102.70,1102.70,1097.80,1101.40,60,643540
2019-01-21 14:31:00,1101.40,1106.30,1101.40,1106.30,200,643540
2019-01-21 14:32:00,1106.30,1106.30,1098.10,1098.10,20,643540
2019-01-21 14:33:00,1098.10,1098.10,1098.10,1098.10,0,643540
2019-01-21 14:34:00,1098.10,1098.10,1098.10,1098.10,0,643540
2019-01-21 14:35:00,1098.10,1098.10,1098.10,1098.10,0,643540
2019-01-21 14:36:00,1098.10,1098.10,1098.10,1098.10,0,643540
2019-01-21 14:37:00,1098.10,1110.25,1098.10,1110.25,20,643540
2019-01-21 14:38:00,1110.25,1110.25,1110.25,1110.25,0,643380
2019-01-21 14:39:00,1110.25,1110.25,1110.25,1110.25,0,643380
2019-01-21 14:40:00,1110.25,1110.25,1110.25,1110.25,0,643380
2019-01-21 14:41:00,1110.25,1110.25,1110.25,1110.25,0,643380
2019-01-21 14:42:00,1110.25,1110.25,1110.25,1110.25,0,643380
2019-01-21 14:43:00,1110.25,1110.25,1110.25,1110.25,0,643380
2019-01-21 14:44:00,1110.25,1110.25,1110.25,1110.25,0,643380
2019-01-21 14:45:00,1110.25,1110.25,1110.25,1110.25,0,643380
2019-01-21 14:46:00,1110.25,1110.25,1110.25,1110.25,0,643380
2019-01-21 14:47:00,1110.25,1110.25,1110.25,1110.25,0,643380
2019-01-21 14:48:00,1110.25,1110.25,1109.60,1109.60,20,643380
2019-01-21 14:49:00,1109.60,1109.60,1109.60,1109.60,0,643380
2019-01-21 14:50:00,1109.60,1109.60,1109.60,1109.60,0,643380
2019-01-21 14:51:00,1109.60,1109.60,1109.60,1109.60,0,643380
2019-01-21 14:52:00,1109.60,1110.85,1109.60,1110.85,40,643380
2019-01-21 14:53:00,1110.85,1110.85,1110.85,1110.85,0,643380
2019-01-21 14:54:00,1110.85,1110.85,1110.85,1110.85,0,643380
2019-01-21 14:55:00,1110.85,1110.85,1110.85,1110.85,0,643380
2019-01-21 14:56:00,1110.85,1110.85,1110.65,1110.65,40,643380
2019-01-21 14:57:00,1110.65,1122.75,1110.65,1117.55,40,643380
2019-01-21 14:58:00,1117.55,1117.55,1117.55,1117.55,0,643380
2019-01-21 14:59:00,1117.55,1117.55,1117.55,1117.55,0,643380
2019-01-21 15:00:00,1117.55,1117.55,1117.55,1117.55,0,643380
2019-01-21 15:01:00,1117.55,1117.55,1117.55,1117.55,0,643380
2019-01-21 15:02:00,1117.55,1117.55,1108.70,1108.70,20,643380
2019-01-21 15:03:00,1108.70,1108.70,1108.70,1108.70,0,643380
2019-01-21 15:04:00,1108.70,1108.70,1108.70,1108.70,0,643380
2019-01-21 15:05:00,1108.70,1108.70,1108.70,1108.70,0,643380
2019-01-21 15:06:00,1108.70,1108.70,1108.70,1108.70,0,643380
2019-01-21 15:07:00,1108.70,1108.70,1108.70,1108.70,0,643380
2019-01-21 15:08:00,1108.70,1108.70,1103.40,1103.40,120,643380
2019-01-21 15:09:00,1103.40,1103.40,1103.40,1103.40,0,643380
2019-01-21 15:10:00,1103.40,1103.40,1100.95,1100.95,20,643380
2019-01-21 15:11:00,1100.95,1101.45,1095.85,1095.85,200,643380
2019-01-21 15:12:00,1096.40,1096.40,1084.00,1088.55,220,643380
2019-01-21 15:13:00,1088.55,1088.55,1088.55,1088.55,0,643340
2019-01-21 15:14:00,1098.00,1098.00,1092.50,1092.50,20,643340
2019-01-21 15:15:00,1092.50,1093.45,1092.50,1093.40,100,643400
2019-01-21 15:16:00,1093.40,1093.40,1083.85,1083.85,340,643400
2019-01-21 15:17:00,1080.85,1083.75,1077.60,1080.80,440,643400
2019-01-21 15:18:00,1080.80,1084.70,1080.75,1083.35,140,643400
2019-01-21 15:19:00,1083.35,1089.40,1082.85,1089.40,140,643400
2019-01-21 15:20:00,1089.40,1089.40,1084.25,1084.35,180,643400
2019-01-21 15:21:00,1084.35,1085.90,1080.70,1081.25,1060,643400
2019-01-21 15:22:00,1081.25,1082.20,1080.90,1080.90,80,643400
2019-01-21 15:23:00,1081.20,1081.20,1076.60,1076.60,80,642600
2019-01-21 15:24:00,1076.60,1078.25,1076.05,1078.25,360,642600
2019-01-21 15:25:00,1078.25,1079.80,1076.55,1076.85,640,642600
2019-01-21 15:26:00,1076.85,1084.60,1076.85,1084.60,60,642600
2019-01-21 15:27:00,1084.60,1090.00,1084.60,1086.30,120,642600
2019-01-21 15:28:00,1086.30,1087.20,1080.55,1080.55,260,642540
2019-01-21 15:29:01,1080.55,1080.65,1071.30,1071.30,500,642540
2019-01-22 09:15:00,1014.30,1014.30,1009.95,1009.95,20,642320
2019-01-22 09:16:00,1009.95,1014.65,1009.95,1014.65,20,642320
2019-01-22 09:17:00,1014.65,1014.65,1014.65,1014.65,0,642320
2019-01-22 09:18:00,1014.65,1025.90,1014.65,1025.90,20,642320
2019-01-22 09:19:00,1025.90,1025.90,1025.90,1025.90,0,642320
2019-01-22 09:20:00,1025.90,1027.40,1007.50,1007.50,80,642320
2019-01-22 09:21:00,1007.50,1010.10,1007.50,1007.55,40,642320
2019-01-22 09:22:00,1007.55,1007.55,1007.55,1007.55,0,642320
2019-01-22 09:23:00,1007.55,1007.55,1007.55,1007.55,0,642320
2019-01-22 09:24:00,1007.55,1007.55,1007.55,1007.55,0,642320
2019-01-22 09:25:00,1007.55,1015.00,1007.55,1015.00,320,642320
2019-01-22 09:26:00,1015.00,1015.00,1000.00,1000.00,60,642320
2019-01-22 09:27:00,1000.00,1000.00,1000.00,1000.00,0,641980
2019-01-22 09:28:00,1000.00,1000.00,1000.00,1000.00,0,641980
2019-01-22 09:29:00,1000.00,1000.00,1000.00,1000.00,0,641980
2019-01-22 09:30:00,1000.00,1000.00,1000.00,1000.00,340,641980
2019-01-22 09:31:00,1000.00,1000.00,1000.00,1000.00,660,641940
2019-01-22 09:32:00,1000.00,1000.00,1000.00,1000.00,0,641940
2019-01-22 09:33:00,1000.00,1000.00,1000.00,1000.00,0,641940
2019-01-22 09:34:00,1000.00,1000.00,1000.00,1000.00,0,641940
2019-01-22 09:35:00,1000.00,1000.00,1000.00,1000.00,0,641940
2019-01-22 09:36:00,1000.00,1000.00,1000.00,1000.00,0,641940
2019-01-22 09:37:00,1000.00,1025.60,1000.00,1025.60,60,641940
2019-01-22 09:38:00,1025.60,1025.60,1025.60,1025.60,0,641000
2019-01-22 09:39:00,1025.60,1025.60,1025.60,1025.60,0,641000
2019-01-22 09:40:00,1025.60,1025.60,1025.60,1025.60,0,641000
2019-01-22 09:41:00,1025.60,1025.60,1025.60,1025.60,0,641000
2019-01-22 09:42:00,1025.60,1025.60,1025.60,1025.60,0,641000
2019-01-22 09:43:00,1025.60,1025.60,1025.60,1025.60,0,641000
2019-01-22 09:44:00,1025.60,1025.60,1025.60,1025.60,0,641000
2019-01-22 09:45:00,1025.60,1025.60,1025.60,1025.60,0,641000
2019-01-22 09:46:00,1025.60,1025.60,1025.60,1025.60,0,641000
2019-01-22 09:47:00,1025.60,1025.60,1025.60,1025.60,0,641000
2019-01-22 09:48:00,1025.60,1025.60,1025.60,1025.60,0,641000
2019-01-22 09:49:00,1025.60,1025.60,1011.15,1011.15,80,641060
2019-01-22 09:50:00,1011.15,1011.15,1011.15,1011.15,0,641060
2019-01-22 09:51:00,1011.15,1011.15,1011.15,1011.15,0,641060
2019-01-22 09:52:00,1011.15,1011.15,1011.15,1011.15,0,641060
2019-01-22 09:53:00,1011.15,1011.15,1011.15,1011.15,0,641060
2019-01-22 09:54:00,1011.15,1011.15,1011.15,1011.15,0,641060
2019-01-22 09:55:00,1011.15,1011.15,1011.15,1011.15,0,641060
2019-01-22 09:56:00,1011.15,1027.25,1011.15,1026.30,40,641060
2019-01-22 09:57:00,1026.30,1026.30,1021.90,1021.90,20,641000
2019-01-22 09:58:00,1021.90,1021.90,1021.55,1021.55,40,641000
2019-01-22 09:59:00,1021.55,1021.55,1009.90,1009.90,80,641000
2019-01-22 10:00:00,1009.90,1009.90,1008.75,1008.75,20,641000
2019-01-22 10:01:00,1008.75,1008.75,1008.75,1008.75,0,641000
2019-01-22 10:02:00,1008.75,1008.75,1008.75,1008.75,0,641000
2019-01-22 10:03:00,1008.75,1008.75,1000.00,1003.90,340,641000
2019-01-22 10:04:00,1003.90,1003.90,1003.90,1003.90,0,641000
2019-01-22 10:05:00,1003.90,1003.90,1003.90,1003.90,0,641000
2019-01-22 10:06:00,1003.90,1003.90,1003.90,1003.90,0,641000
2019-01-22 10:07:00,1003.90,1012.55,1003.90,1012.55,20,641000
2019-01-22 10:08:00,1012.55,1012.55,1012.55,1012.55,0,640800
2019-01-22 10:09:00,1012.55,1012.55,1006.05,1006.05,60,640800
2019-01-22 10:10:00,1006.05,1009.30,1006.05,1009.30,20,640800
2019-01-22 10:11:00,1009.30,1009.30,1009.30,1009.30,0,640800
2019-01-22 10:12:00,1009.30,1009.30,1009.30,1009.30,0,640800
2019-01-22 10:13:00,1009.30,1009.30,1009.30,1009.30,0,640800
2019-01-22 10:14:00,1009.30,1009.30,1009.30,1009.30,0,640800
2019-01-22 10:15:00,1009.30,1009.30,1009.30,1009.30,0,640800
2019-01-22 10:16:00,1009.30,1009.30,1009.30,1009.30,0,640800
2019-01-22 10:17:00,1009.30,1009.30,1009.30,1009.30,0,640800
2019-01-22 10:18:00,1009.30,1009.30,1009.30,1009.30,0,640800
2019-01-22 10:19:00,1009.30,1035.15,1009.30,1035.15,20,640760
2019-01-22 10:20:00,1035.15,1035.15,1035.15,1035.15,0,640760
2019-01-22 10:21:00,1035.15,1035.15,1035.15,1035.15,0,640760
2019-01-22 10:22:00,1035.15,1035.15,1035.15,1035.15,0,640760
2019-01-22 10:23:00,1035.15,1035.15,1035.15,1035.15,0,640760
2019-01-22 10:24:00,1035.15,1035.15,1035.15,1035.15,0,640760
2019-01-22 10:25:00,1035.15,1035.15,1035.15,1035.15,0,640760
2019-01-22 10:26:00,1035.15,1035.15,1035.15,1035.15,0,640760
2019-01-22 10:27:00,1035.15,1035.15,1035.15,1035.15,0,640760
2019-01-22 10:28:00,1035.15,1035.15,1035.15,1035.15,0,640760
2019-01-22 10:29:00,1035.15,1035.15,1030.00,1030.00,20,640760
2019-01-22 10:30:00,1030.00,1030.00,1030.00,1030.00,0,640760
2019-01-22 10:31:00,1030.00,1030.00,1030.00,1030.00,0,640760
2019-01-22 10:32:00,1030.00,1030.00,1028.00,1028.00,20,640760
2019-01-22 10:33:00,1028.00,1028.00,1028.00,1028.00,0,640760
2019-01-22 10:34:00,1028.00,1028.00,1028.00,1028.00,0,640760
2019-01-22 10:35:00,1028.00,1028.00,1028.00,1028.00,0,640760
2019-01-22 10:36:00,1028.00,1028.00,1028.00,1028.00,0,640760
2019-01-22 10:37:00,1028.00,1028.00,1028.00,1028.00,0,640760
2019-01-22 10:38:00,1028.00,1028.00,1020.00,1020.00,360,640780
2019-01-22 10:39:00,1020.00,1020.00,1011.25,1011.25,460,640780
2019-01-22 10:40:00,1011.25,1011.25,1011.25,1011.25,0,640780
2019-01-22 10:41:00,1011.25,1011.25,1010.65,1010.65,20,640780
2019-01-22 10:42:00,1010.65,1010.65,1010.65,1010.65,460,640020
2019-01-22 10:43:00,1010.65,1010.65,1010.65,1010.65,0,640020
2019-01-22 10:44:00,1010.65,1015.30,1010.65,1015.30,20,640020
2019-01-22 10:45:00,1015.30,1015.30,1015.30,1015.30,0,640020
2019-01-22 10:46:00,1015.30,1015.30,1010.00,1010.00,120,639520
2019-01-22 10:47:00,1010.00,1010.00,1005.00,1005.00,1520,639520
2019-01-22 10:48:00,1005.00,1005.00,1005.00,1005.00,760,638500
2019-01-22 10:49:00,1005.00,1005.00,1005.00,1005.00,0,638500
2019-01-22 10:50:00,1005.00,1005.00,1000.00,1000.00,1040,638500
2019-01-22 10:51:00,1000.00,1000.00,1000.00,1000.00,0,638500
2019-01-22 10:52:00,1000.00,1000.00,1000.00,1000.00,0,638500
2019-01-22 10:53:00,1000.00,1000.00,1000.00,1000.00,0,638500
2019-01-22 10:54:00,1000.00,1000.00,1000.00,1000.00,0,638500
2019-01-22 10:55:00,1000.00,1000.00,1000.00,1000.00,0,638500
2019-01-22 10:56:00,1000.00,1000.00,1000.00,1000.00,0,638500
2019-01-22 10:57:00,1000.00,1000.00,1000.00,1000.00,0,638500
2019-01-22 10:58:00,1000.00,1000.00,1000.00,1000.00,0,638500
2019-01-22 10:59:00,1000.00,1008.00,1000.00,1008.00,1000,636000
2019-01-22 11:00:00,1008.00,1008.00,1008.00,1008.00,0,635040
2019-01-22 11:01:00,1008.00,1008.00,1008.00,1008.00,0,635040
2019-01-22 11:02:00,1008.00,1008.00,1008.00,1008.00,0,635040
2019-01-22 11:03:00,1008.00,1008.00,1008.00,1008.00,0,635040
2019-01-22 11:04:00,1008.00,1008.00,1008.00,1008.00,0,635040
2019-01-22 11:05:00,1008.00,1008.00,1008.00,1008.00,0,635040
2019-01-22 11:06:00,1008.00,1008.00,1008.00,1008.00,0,635040
2019-01-22 11:07:00,1008.00,1008.00,1008.00,1008.00,0,635040
2019-01-22 11:08:00,1008.00,1008.00,1005.00,1005.00,20,635040
2019-01-22 11:09:00,1005.00,1005.00,1005.00,1005.00,980,634980
2019-01-22 11:10:00,1005.00,1005.00,1000.00,1000.00,220,634980
2019-01-22 11:11:00,1000.00,1000.00,1000.00,1000.00,0,634980
2019-01-22 11:12:00,1000.00,1004.50,1000.00,1004.50,20,634980
2019-01-22 11:13:00,1004.50,1004.50,989.55,990.60,1120,633780
2019-01-22 11:14:00,990.60,991.35,982.90,991.35,900,633780
2019-01-22 11:15:00,991.35,991.35,983.95,985.00,780,631920
2019-01-22 11:16:00,985.95,985.95,985.35,985.35,160,631920
2019-01-22 11:17:00,985.35,985.35,985.35,985.35,0,631920
2019-01-22 11:18:00,985.35,985.35,985.35,985.35,0,631920
2019-01-22 11:19:00,985.35,985.35,985.35,985.35,0,631920
2019-01-22 11:20:00,985.35,985.35,985.35,985.35,0,631920
2019-01-22 11:21:00,985.35,985.35,985.35,985.35,0,631920
2019-01-22 11:22:00,985.35,985.35,985.35,985.35,0,631920
2019-01-22 11:23:00,985.35,985.35,985.35,985.35,0,631920
2019-01-22 11:24:00,985.35,985.35,985.35,985.35,0,631920
2019-01-22 11:25:00,985.35,999.60,985.35,999.15,40,631080
2019-01-22 11:26:00,999.15,1001.20,997.60,1001.20,40,631080
2019-01-22 11:27:00,1001.20,1001.20,1001.20,1001.20,0,631080
2019-01-22 11:28:00,1001.20,1001.20,995.50,995.50,40,631100
2019-01-22 11:29:00,995.50,995.50,995.50,995.50,0,631100
2019-01-22 11:30:00,995.50,995.50,995.50,995.50,0,631100
2019-01-22 11:31:00,995.50,995.50,995.50,995.50,0,631100
2019-01-22 11:32:00,995.50,995.50,995.50,995.50,0,631100
2019-01-22 11:33:00,995.50,995.50,995.50,995.50,0,631100
2019-01-22 11:34:00,995.50,1004.00,995.50,1004.00,200,631100
2019-01-22 11:35:00,1004.00,1004.00,1000.00,1000.00,600,631100
2019-01-22 11:36:00,1000.00,1000.00,1000.00,1000.00,0,630800
2019-01-22 11:37:00,1000.00,1000.00,995.00,995.00,640,630800
2019-01-22 11:38:00,995.00,995.00,995.00,995.00,0,630800
2019-01-22 11:39:00,995.00,995.00,995.00,995.00,0,630800
2019-01-22 11:40:00,995.00,999.00,995.00,999.00,20,629740
2019-01-22 11:41:00,999.00,999.00,995.00,995.00,20,629740
2019-01-22 11:42:00,995.00,995.00,995.00,995.00,480,629740
2019-01-22 11:43:00,995.00,995.00,990.00,990.00,660,629740
2019-01-22 11:44:00,990.00,990.00,990.00,990.00,60,629740
2019-01-22 11:45:00,990.00,995.00,990.00,995.00,460,629740
2019-01-22 11:46:00,995.00,998.00,995.00,998.00,40,628540
2019-01-22 11:47:00,998.00,998.00,998.00,998.00,0,628540
2019-01-22 11:48:00,998.00,998.00,998.00,998.00,0,628540
2019-01-22 11:49:00,998.00,998.00,998.00,998.00,0,628540
2019-01-22 11:50:00,998.00,998.00,998.00,998.00,0,628540
2019-01-22 11:51:00,998.00,1000.00,998.00,1000.00,100,628000
2019-01-22 11:52:00,1000.00,1000.00,1000.00,1000.00,120,628000
2019-01-22 11:53:00,1000.00,1000.00,1000.00,1000.00,0,628000
2019-01-22 11:54:00,1000.00,1000.00,1000.00,1000.00,0,628000
2019-01-22 11:55:00,1000.00,1000.00,1000.00,1000.00,0,628000
2019-01-22 11:56:00,1000.00,1000.00,1000.00,1000.00,0,628000
2019-01-22 11:57:00,1000.00,1000.00,1000.00,1000.00,600,627680
2019-01-22 11:58:00,1000.00,1002.00,995.05,995.05,140,627680
2019-01-22 11:59:00,995.05,995.05,995.05,995.05,0,627680
2019-01-22 12:00:00,995.05,995.05,995.00,995.00,840,627040
2019-01-22 12:01:00,995.00,995.00,995.00,995.00,160,627040
2019-01-22 12:02:00,995.00,995.00,990.00,993.55,2820,627040
2019-01-22 12:03:00,993.55,993.55,990.00,990.00,260,625980
2019-01-22 12:04:00,990.00,990.00,990.00,990.00,20,625980
2019-01-22 12:05:00,990.00,990.00,990.00,990.00,0,625980
2019-01-22 12:06:00,990.00,990.00,990.00,990.00,0,625980
2019-01-22 12:07:00,990.00,990.00,975.00,975.00,3680,625720
2019-01-22 12:08:00,975.00,980.00,975.00,980.00,2400,625720
2019-01-22 12:09:00,980.00,980.00,980.00,980.00,0,625720
2019-01-22 12:10:00,980.00,980.00,971.00,971.00,540,622100
2019-01-22 12:11:00,971.00,979.00,971.00,979.00,20,622100
2019-01-22 12:12:00,979.00,979.00,979.00,979.00,0,622100
2019-01-22 12:13:00,979.00,979.00,979.00,979.00,0,622100
2019-01-22 12:14:00,979.00,979.00,979.00,979.00,0,622100
2019-01-22 12:15:00,979.00,985.00,979.00,984.20,180,621420
2019-01-22 12:16:00,984.20,984.40,980.00,984.40,620,621420
2019-01-22 12:17:00,984.40,993.90,984.40,993.90,20,621420
2019-01-22 12:18:00,993.90,993.90,993.90,993.90,0,621420
2019-01-22 12:19:00,993.90,993.90,993.90,993.90,0,621420
2019-01-22 12:20:00,993.90,993.90,993.90,993.90,0,621420
2019-01-22 12:21:00,993.90,993.90,990.00,990.00,480,621260
2019-01-22 12:22:00,990.00,1000.90,985.00,1000.70,100,621260
2019-01-22 12:23:00,1000.70,1005.75,995.00,998.95,420,621260
2019-01-22 12:24:00,998.95,999.30,995.00,998.85,900,620380
2019-01-22 12:25:00,998.85,998.85,998.00,998.00,20,620380
2019-01-22 12:26:00,998.00,998.00,998.00,998.00,0,620380
2019-01-22 12:27:00,998.00,998.00,998.00,998.00,0,620380
2019-01-22 12:28:00,998.00,998.00,998.00,998.00,20,620380
2019-01-22 12:29:00,998.00,998.00,998.00,998.00,0,619840
2019-01-22 12:30:00,998.00,998.00,998.00,998.00,0,619840
2019-01-22 12:31:00,998.00,1012.25,998.00,1012.25,80,619840
2019-01-22 12:32:00,1012.25,1012.25,1012.25,1012.25,0,619840
2019-01-22 12:33:00,1012.25,1012.25,1012.25,1012.25,0,619840
2019-01-22 12:34:00,1012.25,1012.25,1012.25,1012.25,0,619840
2019-01-22 12:35:00,1012.25,1012.25,1012.25,1012.25,0,619840
2019-01-22 12:36:00,1012.25,1012.25,1012.25,1012.25,0,619840
2019-01-22 12:37:00,1012.25,1012.25,1012.25,1012.25,0,619840
2019-01-22 12:38:00,1012.25,1020.00,1010.00,1020.00,820,619460
2019-01-22 12:39:00,1020.00,1020.00,1015.80,1016.50,960,619440
2019-01-22 12:40:00,1016.50,1016.50,1012.00,1012.00,20,619440
2019-01-22 12:41:00,1012.00,1012.00,1012.00,1012.00,0,619440
2019-01-22 12:42:00,1012.00,1012.00,1012.00,1012.00,0,619440
2019-01-22 12:43:00,1012.00,1012.00,1012.00,1012.00,0,619440
2019-01-22 12:44:00,1012.00,1012.00,1012.00,1012.00,0,619440
2019-01-22 12:45:00,1012.00,1012.00,1012.00,1012.00,0,619440
2019-01-22 12:46:00,1012.00,1012.00,1012.00,1012.00,0,619440
2019-01-22 12:47:00,1012.00,1012.00,1012.00,1012.00,0,619440
2019-01-22 12:48:00,1012.00,1012.00,1012.00,1012.00,0,619440
2019-01-22 12:49:00,1012.00,1012.00,1012.00,1012.00,0,619440
2019-01-22 12:50:00,1012.00,1012.00,1012.00,1012.00,0,619440
2019-01-22 12:51:00,1012.00,1012.00,1012.00,1012.00,0,619440
2019-01-22 12:52:00,1012.00,1012.00,1012.00,1012.00,0,619440
2019-01-22 12:53:00,1012.00,1012.00,1012.00,1012.00,0,619440
2019-01-22 12:54:00,1012.00,1012.00,1012.00,1012.00,0,619440
2019-01-22 12:55:00,1012.00,1012.00,1012.00,1012.00,0,619440
2019-01-22 12:56:00,1012.00,1012.00,1012.00,1012.00,0,619440
2019-01-22 12:57:00,1012.00,1012.00,1012.00,1012.00,0,619440
2019-01-22 12:58:00,1012.00,1012.00,1012.00,1012.00,0,619440
2019-01-22 12:59:00,1012.00,1012.00,1012.00,1012.00,0,619440
2019-01-22 13:00:00,1012.00,1012.00,1012.00,1012.00,0,619440
2019-01-22 13:01:00,1012.00,1012.00,1012.00,1012.00,0,619440
2019-01-22 13:02:00,1012.00,1026.10,1012.00,1026.10,40,617840
2019-01-22 13:03:00,1026.10,1026.10,1026.10,1026.10,0,617840
2019-01-22 13:04:00,1026.10,1026.10,1026.10,1026.10,0,617840
2019-01-22 13:05:00,1026.10,1026.10,1026.10,1026.10,0,617840
2019-01-22 13:06:00,1026.10,1026.10,1026.10,1026.10,0,617840
2019-01-22 13:07:00,1026.10,1026.10,1015.15,1015.65,60,617840
2019-01-22 13:08:00,1015.65,1015.65,1015.65,1015.65,0,617800
2019-01-22 13:09:00,1015.65,1015.65,1015.65,1015.65,0,617800
2019-01-22 13:10:00,1015.65,1015.65,1015.65,1015.65,0,617800
2019-01-22 13:11:00,1015.65,1015.65,1015.65,1015.65,0,617800
2019-01-22 13:12:00,1015.65,1015.65,1015.65,1015.65,0,617800
2019-01-22 13:13:00,1015.65,1015.65,1015.65,1015.65,0,617800
2019-01-22 13:14:00,1015.65,1015.65,1007.05,1007.05,20,617800
2019-01-22 13:15:00,1007.05,1007.05,1007.05,1007.05,0,617800
2019-01-22 13:16:00,1007.05,1007.05,1007.05,1007.05,0,617800
2019-01-22 13:17:00,1007.05,1007.05,1007.05,1007.05,0,617800
2019-01-22 13:18:00,1007.05,1007.05,1007.05,1007.05,0,617800
2019-01-22 13:19:00,1007.05,1007.05,1007.05,1007.05,0,617800
2019-01-22 13:20:00,1007.05,1007.05,1007.05,1007.05,0,617800
2019-01-22 13:21:00,1007.05,1007.05,1000.00,1000.00,340,617800
2019-01-22 13:22:00,1000.00,1000.00,1000.00,1000.00,2060,617780
2019-01-22 13:23:00,1000.00,1000.00,1000.00,1000.00,0,617780
2019-01-22 13:24:00,1000.00,1000.00,1000.00,1000.00,0,617780
2019-01-22 13:25:00,1000.00,1000.00,1000.00,1000.00,0,617780
2019-01-22 13:26:00,1000.00,1000.00,1000.00,1000.00,0,617780
2019-01-22 13:27:00,1000.00,1000.00,1000.00,1000.00,0,617780
2019-01-22 13:28:00,1000.00,1000.00,1000.00,1000.00,0,617780
2019-01-22 13:29:00,1000.00,1000.00,1000.00,1000.00,0,617780
2019-01-22 13:30:00,1000.00,1000.00,1000.00,1000.00,0,617840
2019-01-22 13:31:00,1000.00,1000.00,1000.00,1000.00,0,617840
2019-01-22 13:32:00,1000.00,1000.00,1000.00,1000.00,0,617840
2019-01-22 13:33:00,1000.00,1000.00,1000.00,1000.00,0,617840
2019-01-22 13:34:00,1000.00,1000.00,1000.00,1000.00,0,617840
2019-01-22 13:35:00,1000.00,1038.85,1000.00,1038.85,20,617840
2019-01-22 13:36:00,1038.85,1038.85,1029.50,1029.50,20,617840
2019-01-22 13:37:00,1029.50,1029.50,1029.50,1029.50,0,617840
2019-01-22 13:38:00,1029.50,1029.50,1029.50,1029.50,0,617840
2019-01-22 13:39:00,1029.50,1052.00,1029.50,1040.70,520,617820
2019-01-22 13:40:00,1040.70,1049.10,1040.70,1046.30,460,617820
2019-01-22 13:41:00,1046.30,1053.80,1046.30,1053.80,420,617820
2019-01-22 13:42:00,1053.80,1053.80,1047.25,1047.25,140,618240
2019-01-22 13:43:00,1047.25,1047.25,1047.25,1047.25,0,618240
2019-01-22 13:44:00,1047.25,1047.25,1047.25,1047.25,0,618240
2019-01-22 13:45:00,1047.25,1047.25,1047.25,1047.25,0,618240
2019-01-22 13:46:00,1047.25,1047.25,1047.25,1047.25,0,618240
2019-01-22 13:47:00,1047.25,1047.25,1047.25,1047.25,0,618240
2019-01-22 13:48:00,1047.25,1047.25,1047.25,1047.25,0,618240
2019-01-22 13:49:00,1047.25,1047.25,1047.25,1047.25,0,618240
2019-01-22 13:50:00,1047.25,1047.25,1047.25,1047.25,0,618240
2019-01-22 13:51:00,1047.25,1047.25,1047.25,1047.25,0,618240
2019-01-22 13:52:00,1047.25,1047.25,1047.25,1047.25,0,618240
2019-01-22 13:53:00,1047.25,1047.25,1047.25,1047.25,0,618240
2019-01-22 13:54:00,1047.25,1067.05,1047.25,1067.05,80,618240
2019-01-22 13:55:00,1067.05,1067.05,1067.05,1067.05,0,618240
2019-01-22 13:56:00,1067.05,1067.05,1067.05,1067.05,0,618240
2019-01-22 13:57:00,1067.05,1067.05,1067.05,1067.05,0,618240
2019-01-22 13:58:00,1067.05,1067.05,1038.90,1038.90,20,618240
2019-01-22 13:59:00,1038.90,1038.90,1029.15,1029.15,20,618240
2019-01-22 14:00:00,1029.15,1039.70,1029.15,1039.70,20,618220
2019-01-22 14:01:00,1039.70,1039.70,1039.70,1039.70,0,618220
2019-01-22 14:02:00,1039.70,1039.70,1039.70,1039.70,0,618220
2019-01-22 14:03:00,1039.70,1039.70,1039.70,1039.70,0,618220
2019-01-22 14:04:00,1039.70,1057.55,1039.70,1047.90,120,618240
2019-01-22 14:05:00,1047.90,1047.90,1047.90,1047.90,0,618240
2019-01-22 14:06:00,1047.90,1047.90,1047.90,1047.90,0,618240
2019-01-22 14:07:00,1047.90,1047.90,1047.90,1047.90,0,618240
2019-01-22 14:08:00,1047.90,1047.90,1047.90,1047.90,0,618240
2019-01-22 14:09:00,1047.90,1060.00,1047.90,1060.00,20,618240
2019-01-22 14:10:00,1060.00,1060.00,1060.00,1060.00,0,618240
2019-01-22 14:11:00,1060.00,1060.00,1060.00,1060.00,0,618240
2019-01-22 14:12:00,1060.00,1060.00,1060.00,1060.00,0,618240
2019-01-22 14:13:00,1060.00,1060.00,1060.00,1060.00,0,618240
2019-01-22 14:14:00,1060.00,1060.00,1060.00,1060.00,0,618240
2019-01-22 14:15:00,1060.00,1060.00,1060.00,1060.00,0,618240
2019-01-22 14:16:00,1060.00,1060.00,1050.15,1050.15,20,618240
2019-01-22 14:17:00,1050.15,1050.15,1050.15,1050.15,0,618220
2019-01-22 14:18:00,1050.15,1050.15,1050.15,1050.15,0,618220
2019-01-22 14:19:00,1050.15,1050.15,1050.15,1050.15,0,618220
2019-01-22 14:20:00,1050.15,1050.15,1050.15,1050.15,0,618220
2019-01-22 14:21:00,1050.15,1050.15,1050.15,1050.15,0,618220
2019-01-22 14:22:00,1050.15,1050.15,1050.15,1050.15,0,618220
2019-01-22 14:23:00,1050.15,1050.15,1050.15,1050.15,0,618220
2019-01-22 14:24:00,1050.15,1050.15,1050.15,1050.15,0,618220
2019-01-22 14:25:00,1050.15,1050.15,1050.15,1050.15,0,618220
2019-01-22 14:26:00,1050.15,1050.15,1050.15,1050.15,0,618220
2019-01-22 14:27:00,1050.15,1050.15,1016.55,1016.55,100,618220
2019-01-22 14:28:00,1016.55,1016.55,1016.55,1016.55,0,618220
2019-01-22 14:29:00,1016.55,1016.55,1016.55,1016.55,0,618220
2019-01-22 14:30:00,1016.55,1032.95,1016.55,1032.95,20,618220
2019-01-22 14:31:00,1032.95,1032.95,1032.95,1032.95,0,618220
2019-01-22 14:32:00,1032.95,1032.95,1032.95,1032.95,0,618220
2019-01-22 14:33:00,1032.95,1032.95,1032.95,1032.95,0,618220
2019-01-22 14:34:00,1032.95,1040.00,1032.95,1040.00,20,618220
2019-01-22 14:35:00,1040.00,1040.00,1040.00,1040.00,0,618220
2019-01-22 14:36:00,1040.00,1040.00,1040.00,1040.00,0,618220
2019-01-22 14:37:00,1040.00,1040.00,1040.00,1040.00,0,618220
2019-01-22 14:38:00,1040.00,1040.00,1034.00,1034.00,20,618220
2019-01-22 14:39:00,1034.00,1034.00,1034.00,1034.00,0,618200
2019-01-22 14:40:00,1034.00,1034.00,1034.00,1034.00,0,618200
2019-01-22 14:41:00,1034.00,1034.00,1034.00,1034.00,0,618200
2019-01-22 14:42:00,1034.00,1034.00,1034.00,1034.00,0,618200
2019-01-22 14:43:00,1034.00,1034.00,1034.00,1034.00,0,618200
2019-01-22 14:44:00,1034.00,1034.00,1034.00,1034.00,0,618200
2019-01-22 14:45:00,1034.00,1034.00,1034.00,1034.00,0,618200
2019-01-22 14:46:00,1034.00,1034.00,1034.00,1034.00,0,618200
2019-01-22 14:47:00,1034.00,1034.00,1034.00,1034.00,0,618200
2019-01-22 14:48:00,1034.00,1034.00,1034.00,1034.00,0,618200
2019-01-22 14:49:00,1034.00,1034.00,1034.00,1034.00,0,618200
2019-01-22 14:50:00,1034.00,1034.00,1034.00,1034.00,0,618200
2019-01-22 14:51:00,1034.00,1034.00,1034.00,1034.00,0,618200
2019-01-22 14:52:00,1034.00,1034.00,1034.00,1034.00,0,618200
2019-01-22 14:53:00,1034.00,1034.00,1034.00,1034.00,0,618200
2019-01-22 14:54:00,1034.00,1034.00,1029.90,1029.90,20,618200
2019-01-22 14:55:00,1029.90,1029.90,1029.90,1029.90,0,618200
2019-01-22 14:56:00,1029.90,1029.90,1029.90,1029.90,0,618200
2019-01-22 14:57:00,1029.90,1029.90,1029.90,1029.90,0,618200
2019-01-22 14:58:00,1029.90,1029.90,1029.90,1029.90,0,618200
2019-01-22 14:59:00,1029.90,1029.90,1029.90,1029.90,0,618200
2019-01-22 15:00:00,1029.90,1029.90,1029.90,1029.90,0,618200
2019-01-22 15:01:00,1029.90,1048.85,1029.90,1048.85,100,618200
2019-01-22 15:02:00,1048.85,1048.85,1039.40,1047.55,80,618200
2019-01-22 15:03:00,1047.55,1047.55,1047.55,1047.55,0,618200
2019-01-22 15:04:00,1047.55,1047.55,1047.55,1047.55,0,618200
2019-01-22 15:05:00,1047.55,1047.55,1047.55,1047.55,0,618200
2019-01-22 15:06:00,1047.55,1047.55,1039.15,1039.15,40,618200
2019-01-22 15:07:00,1039.15,1039.15,1039.15,1039.15,40,618200
2019-01-22 15:08:00,1039.15,1039.15,1039.15,1039.15,0,618200
2019-01-22 15:09:00,1039.15,1039.15,1039.15,1039.15,0,618200
2019-01-22 15:10:00,1039.15,1039.15,1039.15,1039.15,0,618200
2019-01-22 15:11:00,1039.15,1040.00,1039.15,1040.00,2400,618100
2019-01-22 15:12:00,1040.00,1040.00,1038.30,1038.35,1980,618160
2019-01-22 15:13:00,1038.35,1038.90,1038.30,1038.90,960,618160
2019-01-22 15:14:00,1038.90,1041.05,1038.90,1041.05,1240,618160
2019-01-22 15:15:00,1041.05,1042.45,1041.05,1042.45,2400,618520
2019-01-22 15:16:00,1039.00,1042.60,1039.00,1039.00,2560,618520
2019-01-22 15:17:00,1039.00,1039.00,1039.00,1039.00,760,619060
2019-01-22 15:18:00,1039.00,1040.50,1039.00,1040.50,1160,619060
2019-01-22 15:19:00,1041.20,1042.60,1041.20,1042.60,1720,619060
2019-01-22 15:20:00,1042.60,1042.60,1040.50,1040.50,3060,619840
2019-01-22 15:21:00,1040.50,1042.50,1040.50,1042.50,820,619840
2019-01-22 15:22:00,1042.50,1042.50,1042.50,1042.50,1660,619840
2019-01-22 15:23:00,1042.50,1042.70,1040.50,1042.10,180,619840
2019-01-22 15:24:00,1042.10,1042.10,1038.90,1038.90,1400,618160
2019-01-22 15:25:00,1038.90,1038.90,1037.30,1037.30,2540,618160
2019-01-22 15:26:00,1037.30,1037.30,1035.00,1036.80,1020,618160
2019-01-22 15:27:00,1036.80,1037.30,1036.80,1037.30,2320,620360
2019-01-22 15:28:00,1036.80,1036.80,1035.00,1035.00,3520,620360
2019-01-22 15:29:01,1035.00,1035.00,1030.00,1034.55,60,620360
2019-01-23 09:16:00,1016.25,1016.30,1012.10,1014.70,400,617100
2019-01-23 09:17:00,1014.70,1039.75,1014.70,1039.75,320,617100
2019-01-23 09:18:00,1039.75,1049.20,1039.75,1047.65,120,617100
2019-01-23 09:19:00,1047.65,1064.85,1047.65,1064.85,120,617100
2019-01-23 09:20:00,1064.85,1083.35,1064.85,1083.35,40,617100
2019-01-23 09:21:00,1083.35,1083.35,1083.35,1083.35,0,617100
2019-01-23 09:22:00,1083.35,1083.35,1083.35,1083.35,0,617100
2019-01-23 09:23:00,1083.35,1083.35,1074.10,1074.10,20,617100
2019-01-23 09:24:00,1074.10,1074.10,1074.10,1074.10,0,617100
2019-01-23 09:25:00,1074.10,1074.10,1074.10,1074.10,0,617100
2019-01-23 09:26:00,1074.10,1074.10,1074.10,1074.10,0,617100
2019-01-23 09:27:00,1074.10,1074.10,1074.10,1074.10,0,617100
2019-01-23 09:28:00,1074.10,1074.10,1074.10,1074.10,0,617100
2019-01-23 09:29:00,1074.10,1078.00,1074.10,1078.00,20,617120
2019-01-23 09:30:00,1078.00,1078.00,1078.00,1078.00,0,617120
2019-01-23 09:31:00,1078.00,1078.00,1078.00,1078.00,0,617120
2019-01-23 09:32:00,1078.00,1078.00,1078.00,1078.00,0,617120
2019-01-23 09:33:00,1078.00,1078.00,1078.00,1078.00,0,617120
2019-01-23 09:34:00,1078.00,1078.00,1078.00,1078.00,0,617120
2019-01-23 09:35:00,1078.00,1078.00,1060.10,1060.10,400,617120
2019-01-23 09:36:00,1060.10,1060.10,1060.10,1060.10,0,617120
2019-01-23 09:37:00,1060.10,1060.10,1060.10,1060.10,0,617120
2019-01-23 09:38:00,1060.10,1060.10,1060.10,1060.10,0,617120
2019-01-23 09:39:00,1060.10,1060.10,1060.10,1060.10,0,617120
2019-01-23 09:40:00,1060.10,1060.10,1060.10,1060.10,0,617120
2019-01-23 09:41:00,1060.10,1060.10,1060.10,1060.10,0,617120
2019-01-23 09:42:00,1060.10,1060.10,1060.10,1060.10,0,617120
2019-01-23 09:43:00,1060.10,1060.10,1060.10,1060.10,0,617120
2019-01-23 09:44:00,1060.10,1060.10,1060.10,1060.10,0,617120
2019-01-23 09:45:00,1060.10,1060.10,1060.10,1060.10,0,617120
2019-01-23 09:46:00,1060.10,1060.10,1060.10,1060.10,0,617120
2019-01-23 09:47:00,1060.10,1060.10,1060.10,1060.10,0,617120
2019-01-23 09:48:00,1060.10,1060.10,1060.10,1060.10,0,617120
2019-01-23 09:49:00,1060.10,1060.10,1060.10,1060.10,0,617120
2019-01-23 09:50:00,1060.10,1060.10,1060.10,1060.10,0,617120
2019-01-23 09:51:00,1060.10,1060.10,1060.10,1060.10,0,617120
2019-01-23 09:52:00,1060.10,1060.10,1060.10,1060.10,0,617120
2019-01-23 09:53:00,1060.10,1060.10,1060.10,1060.10,0,617120
2019-01-23 09:54:00,1060.10,1060.10,1060.10,1060.10,0,617120
2019-01-23 09:55:00,1060.10,1060.10,1060.10,1060.10,0,617120
2019-01-23 09:56:00,1060.10,1060.10,1060.10,1060.10,0,617120
2019-01-23 09:57:00,1060.10,1060.10,1060.10,1060.10,0,617120
2019-01-23 09:58:00,1060.10,1060.10,1060.10,1060.10,0,617120
2019-01-23 09:59:00,1060.10,1060.10,1060.10,1060.10,0,617120
2019-01-23 10:00:00,1060.10,1060.10,1060.10,1060.10,0,617120
2019-01-23 10:01:00,1060.10,1060.10,1060.00,1060.00,1000,616780
2019-01-23 10:02:00,1060.00,1060.00,1050.00,1050.00,120,616780
2019-01-23 10:03:00,1050.00,1050.00,1050.00,1050.00,260,616780
2019-01-23 10:04:00,1050.00,1050.00,1050.00,1050.00,620,615480
2019-01-23 10:05:00,1050.00,1050.00,1048.00,1048.00,20,615480
2019-01-23 10:06:00,1048.00,1048.00,1048.00,1048.00,0,615480
2019-01-23 10:07:00,1048.00,1048.00,1048.00,1048.00,0,615480
2019-01-23 10:08:00,1048.00,1048.00,1046.10,1046.10,20,615480
2019-01-23 10:09:00,1046.10,1046.10,1040.00,1040.00,60,615180
2019-01-23 10:10:00,1040.00,1040.00,1040.00,1040.00,800,614780
2019-01-23 10:11:00,1040.00,1041.45,1030.00,1041.45,200,614780
2019-01-23 10:12:00,1041.45,1041.45,1041.45,1041.45,0,614780
2019-01-23 10:13:00,1041.45,1041.45,1041.45,1041.45,0,614780
2019-01-23 10:14:00,1041.45,1041.45,1041.45,1041.45,0,614780
2019-01-23 10:15:00,1041.45,1041.45,1041.45,1041.45,0,614780
2019-01-23 10:16:00,1041.45,1041.45,1041.45,1041.45,0,614780
2019-01-23 10:17:00,1041.45,1041.45,1041.45,1041.45,0,614780
2019-01-23 10:18:00,1041.45,1041.45,1041.45,1041.45,0,614780
2019-01-23 10:19:00,1041.45,1041.45,1041.45,1041.45,0,614780
2019-01-23 10:20:00,1041.45,1041.45,1041.45,1041.45,0,614780
2019-01-23 10:21:00,1041.45,1041.45,1041.45,1041.45,0,614780
2019-01-23 10:22:00,1041.45,1041.45,1041.45,1041.45,0,614780
2019-01-23 10:23:00,1041.45,1041.45,1041.45,1041.45,0,614780
2019-01-23 10:24:00,1041.45,1041.45,1041.45,1041.45,0,614780
2019-01-23 10:25:00,1041.45,1041.45,1041.45,1041.45,0,614780
2019-01-23 10:26:00,1041.45,1041.45,1041.45,1041.45,0,614780
2019-01-23 10:27:00,1041.45,1041.45,1041.45,1041.45,0,614780
2019-01-23 10:28:00,1041.45,1041.45,1041.45,1041.45,0,614780
2019-01-23 10:29:00,1041.45,1041.45,1041.45,1041.45,0,614780
2019-01-23 10:30:00,1041.45,1041.45,1041.45,1041.45,0,614780
2019-01-23 10:31:00,1041.45,1041.45,1041.45,1041.45,0,614780
2019-01-23 10:32:00,1041.45,1041.45,1041.45,1041.45,0,614780
2019-01-23 10:33:00,1041.45,1041.45,1041.45,1041.45,0,614780
2019-01-23 10:34:00,1041.45,1041.45,1041.45,1041.45,0,614780
2019-01-23 10:35:00,1041.45,1041.45,1041.45,1041.45,0,614780
2019-01-23 10:36:00,1041.45,1041.45,1041.45,1041.45,0,614780
2019-01-23 10:37:00,1041.45,1041.45,1041.45,1041.45,0,614780
2019-01-23 10:38:00,1041.45,1041.45,1041.45,1041.45,0,614780
2019-01-23 10:39:00,1041.45,1041.45,1041.45,1041.45,0,614780
2019-01-23 10:40:00,1041.45,1041.45,1041.45,1041.45,0,614780
2019-01-23 10:41:00,1041.45,1041.45,1041.45,1041.45,0,614780
2019-01-23 10:42:00,1041.45,1041.45,1041.45,1041.45,0,614780
2019-01-23 10:43:00,1041.45,1041.45,1041.45,1041.45,0,614780
2019-01-23 10:44:00,1041.45,1041.45,1041.45,1041.45,0,614780
2019-01-23 10:45:00,1041.45,1041.45,1041.45,1041.45,0,614780
2019-01-23 10:46:00,1041.45,1041.45,1041.45,1041.45,0,614780
2019-01-23 10:47:00,1041.45,1041.45,1041.45,1041.45,0,614780
2019-01-23 10:48:00,1041.45,1041.45,1041.45,1041.45,0,614780
2019-01-23 10:49:00,1041.45,1041.45,1041.45,1041.45,0,614780
2019-01-23 10:50:00,1041.45,1041.45,1032.45,1032.45,20,613760
2019-01-23 10:51:00,1032.45,1032.45,1032.45,1032.45,0,613760
2019-01-23 10:52:00,1032.45,1032.45,1030.45,1030.45,20,613760
2019-01-23 10:53:00,1030.45,1030.45,1030.45,1030.45,0,613760
2019-01-23 10:54:00,1030.45,1030.45,1030.45,1030.45,0,613760
2019-01-23 10:55:00,1030.45,1030.45,1030.45,1030.45,0,613760
2019-01-23 10:56:00,1030.45,1030.45,1030.45,1030.45,0,613760
2019-01-23 10:57:00,1030.45,1045.00,1030.45,1045.00,60,613760
2019-01-23 10:58:00,1045.00,1047.00,1045.00,1047.00,20,613760
2019-01-23 10:59:00,1047.00,1047.00,1047.00,1047.00,0,613760
2019-01-23 11:00:00,1047.00,1047.00,1047.00,1047.00,0,613760
2019-01-23 11:01:00,1047.00,1047.00,1047.00,1047.00,0,613760
2019-01-23 11:02:00,1047.00,1047.00,1047.00,1047.00,0,613760
2019-01-23 11:03:00,1047.00,1047.00,1047.00,1047.00,0,613760
2019-01-23 11:04:00,1047.00,1047.00,1042.00,1042.00,80,613760
2019-01-23 11:05:00,1042.00,1044.00,1042.00,1044.00,20,613760
2019-01-23 11:06:00,1044.00,1044.00,1044.00,1044.00,0,613760
2019-01-23 11:07:00,1044.00,1044.00,1044.00,1044.00,20,613760
2019-01-23 11:08:00,1044.00,1044.00,1044.00,1044.00,0,613660
2019-01-23 11:09:00,1044.00,1044.00,1044.00,1044.00,0,613660
2019-01-23 11:10:00,1040.00,1040.00,1039.90,1039.90,20,613660
2019-01-23 11:11:00,1039.90,1042.00,1039.90,1042.00,20,613660
2019-01-23 11:12:00,1042.00,1042.00,1042.00,1042.00,0,613620
2019-01-23 11:13:00,1042.00,1042.00,1042.00,1042.00,0,613620
2019-01-23 11:14:00,1042.00,1042.00,1042.00,1042.00,0,613620
2019-01-23 11:15:00,1042.00,1042.00,1042.00,1042.00,0,613620
2019-01-23 11:16:00,1042.00,1042.00,1042.00,1042.00,0,613620
2019-01-23 11:17:00,1042.00,1042.00,1042.00,1042.00,0,613620
2019-01-23 11:18:00,1042.00,1042.00,1042.00,1042.00,0,613620
2019-01-23 11:19:00,1042.00,1042.00,1042.00,1042.00,0,613620
2019-01-23 11:20:00,1042.00,1042.00,1042.00,1042.00,0,613620
2019-01-23 11:21:00,1042.00,1042.00,1042.00,1042.00,0,613620
2019-01-23 11:22:00,1042.00,1042.00,1042.00,1042.00,0,613620
2019-01-23 11:23:00,1042.00,1060.00,1042.00,1060.00,20,613620
2019-01-23 11:24:00,1060.00,1060.00,1060.00,1060.00,0,613620
2019-01-23 11:25:00,1060.00,1069.80,1060.00,1069.80,160,613620
2019-01-23 11:26:00,1069.80,1069.80,1069.80,1069.80,0,613620
2019-01-23 11:27:00,1069.80,1069.80,1069.80,1069.80,0,613620
2019-01-23 11:28:00,1069.80,1069.80,1069.80,1069.80,0,613620
2019-01-23 11:29:00,1069.80,1069.80,1069.80,1069.80,0,613620
2019-01-23 11:30:00,1069.80,1069.80,1069.80,1069.80,0,613620
2019-01-23 11:31:00,1069.80,1069.80,1069.80,1069.80,0,613620
2019-01-23 11:32:00,1069.80,1069.80,1069.80,1069.80,0,613620
2019-01-23 11:33:00,1069.80,1070.00,1069.80,1070.00,20,613620
2019-01-23 11:34:00,1070.00,1070.00,1070.00,1070.00,60,613560
2019-01-23 11:35:00,1070.00,1070.00,1070.00,1070.00,0,613560
2019-01-23 11:36:00,1070.00,1070.00,1070.00,1070.00,0,613560
2019-01-23 11:37:00,1070.00,1070.00,1070.00,1070.00,0,613560
2019-01-23 11:38:00,1070.00,1070.00,1070.00,1070.00,0,613560
2019-01-23 11:39:00,1070.00,1070.00,1070.00,1070.00,0,613560
2019-01-23 11:40:00,1070.00,1070.00,1070.00,1070.00,0,613560
2019-01-23 11:41:00,1070.00,1070.00,1070.00,1070.00,0,613560
2019-01-23 11:42:00,1070.00,1070.00,1070.00,1070.00,0,613560
2019-01-23 11:43:00,1070.00,1070.00,1070.00,1070.00,0,613560
2019-01-23 11:44:00,1070.00,1070.00,1070.00,1070.00,0,613560
2019-01-23 11:45:00,1070.00,1070.00,1070.00,1070.00,0,613560
2019-01-23 11:46:00,1070.00,1070.00,1070.00,1070.00,0,613560
2019-01-23 11:47:00,1070.00,1070.00,1070.00,1070.00,0,613560
2019-01-23 11:48:00,1070.00,1070.00,1070.00,1070.00,0,613560
2019-01-23 11:49:00,1070.00,1070.00,1070.00,1070.00,0,613560
2019-01-23 11:50:00,1070.00,1070.00,1070.00,1070.00,0,613560
2019-01-23 11:51:00,1070.00,1070.00,1070.00,1070.00,0,613560
2019-01-23 11:52:00,1070.00,1070.00,1070.00,1070.00,0,613560
2019-01-23 11:53:00,1070.00,1070.00,1070.00,1070.00,0,613560
2019-01-23 11:54:00,1070.00,1070.00,1070.00,1070.00,0,613560
2019-01-23 11:55:00,1070.00,1070.00,1070.00,1070.00,0,613560
2019-01-23 11:56:00,1070.00,1070.00,1070.00,1070.00,0,613560
2019-01-23 11:57:00,1070.00,1070.00,1070.00,1070.00,0,613560
2019-01-23 11:58:00,1070.00,1070.00,1070.00,1070.00,0,613560
2019-01-23 11:59:00,1070.00,1070.00,1070.00,1070.00,0,613560
2019-01-23 12:00:00,1070.00,1070.00,1070.00,1070.00,0,613560
2019-01-23 12:01:00,1070.00,1070.00,1070.00,1070.00,0,613560
2019-01-23 12:02:00,1070.00,1070.00,1070.00,1070.00,0,613560
2019-01-23 12:03:00,1070.00,1070.00,1070.00,1070.00,0,613560
2019-01-23 12:04:00,1070.00,1070.00,1070.00,1070.00,0,613560
2019-01-23 12:05:00,1070.00,1070.00,1070.00,1070.00,0,613560
2019-01-23 12:06:00,1070.00,1070.00,1070.00,1070.00,0,613560
2019-01-23 12:07:00,1070.00,1073.00,1070.00,1073.00,20,613560
2019-01-23 12:08:00,1073.00,1094.85,1073.00,1090.75,100,613560
2019-01-23 12:09:00,1090.75,1090.75,1083.00,1083.00,20,613560
2019-01-23 12:10:00,1083.00,1083.00,1083.00,1083.00,0,613560
2019-01-23 12:11:00,1083.00,1083.00,1083.00,1083.00,0,613560
2019-01-23 12:12:00,1083.00,1083.00,1083.00,1083.00,0,613560
2019-01-23 12:13:00,1083.00,1083.00,1083.00,1083.00,0,613560
2019-01-23 12:14:00,1083.00,1085.00,1083.00,1085.00,40,613560
2019-01-23 12:15:00,1085.00,1091.80,1085.00,1091.80,20,613520
2019-01-23 12:16:00,1091.80,1106.35,1091.80,1106.35,40,613560
2019-01-23 12:17:00,1106.35,1106.35,1106.35,1106.35,0,613560
2019-01-23 12:18:00,1106.35,1106.35,1106.35,1106.35,0,613560
2019-01-23 12:19:00,1106.35,1106.35,1106.35,1106.35,0,613560
2019-01-23 12:20:00,1106.35,1106.35,1106.35,1106.35,0,613560
2019-01-23 12:21:00,1106.35,1106.35,1106.35,1106.35,0,613560
2019-01-23 12:22:00,1106.35,1106.35,1106.35,1106.35,0,613560
2019-01-23 12:23:00,1106.35,1106.35,1106.35,1106.35,0,613560
2019-01-23 12:24:00,1106.35,1106.35,1106.35,1106.35,0,613560
2019-01-23 12:25:00,1106.35,1106.35,1106.35,1106.35,0,613560
2019-01-23 12:26:00,1106.35,1106.35,1106.35,1106.35,0,613560
2019-01-23 12:27:00,1106.35,1106.35,1106.35,1106.35,0,613560
2019-01-23 12:28:00,1106.35,1106.35,1106.35,1106.35,0,613560
2019-01-23 12:29:00,1106.35,1106.35,1106.35,1106.35,0,613560
2019-01-23 12:30:00,1106.35,1106.35,1106.35,1106.35,0,613560
2019-01-23 12:31:00,1106.35,1106.35,1106.35,1106.35,0,613560
2019-01-23 12:32:00,1106.35,1106.35,1090.00,1090.00,20,613560
2019-01-23 12:33:00,1090.00,1090.00,1090.00,1090.00,0,613560
2019-01-23 12:34:00,1090.00,1090.00,1090.00,1090.00,0,613560
2019-01-23 12:35:00,1090.00,1090.00,1075.00,1075.00,20,613540
2019-01-23 12:36:00,1075.00,1075.00,1075.00,1075.00,0,613540
2019-01-23 12:37:00,1075.00,1075.00,1075.00,1075.00,0,613540
2019-01-23 12:38:00,1075.00,1075.00,1075.00,1075.00,0,613540
2019-01-23 12:39:00,1075.00,1075.00,1075.00,1075.00,0,613540
2019-01-23 12:40:00,1075.00,1075.00,1075.00,1075.00,0,613540
2019-01-23 12:41:00,1075.00,1075.00,1075.00,1075.00,0,613540
2019-01-23 12:42:00,1075.00,1075.00,1075.00,1075.00,0,613540
2019-01-23 12:43:00,1075.00,1075.00,1075.00,1075.00,0,613540
2019-01-23 12:44:00,1075.00,1075.00,1075.00,1075.00,0,613540
2019-01-23 12:45:00,1075.00,1075.00,1075.00,1075.00,0,613540
2019-01-23 12:46:00,1075.00,1075.00,1075.00,1075.00,0,613540
2019-01-23 12:47:00,1075.00,1075.00,1075.00,1075.00,0,613540
2019-01-23 12:48:00,1075.00,1075.00,1075.00,1075.00,0,613540
2019-01-23 12:49:00,1075.00,1075.00,1075.00,1075.00,0,613540
2019-01-23 12:50:00,1075.00,1075.00,1075.00,1075.00,0,613540
2019-01-23 12:51:00,1075.00,1075.00,1075.00,1075.00,0,613540
2019-01-23 12:52:00,1075.00,1075.00,1075.00,1075.00,0,613540
2019-01-23 12:53:00,1075.00,1075.00,1075.00,1075.00,0,613540
2019-01-23 12:54:00,1075.00,1075.00,1075.00,1075.00,0,613540
2019-01-23 12:55:00,1075.00,1075.00,1075.00,1075.00,0,613540
2019-01-23 12:56:00,1075.00,1075.00,1075.00,1075.00,0,613540
2019-01-23 12:57:00,1075.00,1075.00,1075.00,1075.00,0,613540
2019-01-23 12:58:00,1075.00,1075.00,1075.00,1075.00,0,613540
2019-01-23 12:59:00,1075.00,1075.00,1075.00,1075.00,0,613540
2019-01-23 13:00:00,1075.00,1075.00,1075.00,1075.00,0,613540
2019-01-23 13:01:00,1075.00,1075.00,1075.00,1075.00,0,613540
2019-01-23 13:02:00,1075.00,1075.00,1075.00,1075.00,0,613540
2019-01-23 13:03:00,1075.00,1075.00,1075.00,1075.00,0,613540
2019-01-23 13:04:00,1075.00,1075.00,1075.00,1075.00,0,613540
2019-01-23 13:05:00,1075.00,1075.00,1075.00,1075.00,0,613540
2019-01-23 13:06:00,1075.00,1075.00,1075.00,1075.00,0,613540
2019-01-23 13:07:00,1075.00,1075.00,1060.25,1060.25,80,613520
2019-01-23 13:08:00,1060.25,1060.25,1060.25,1060.25,0,613520
2019-01-23 13:09:00,1060.25,1060.25,1060.25,1060.25,0,613520
2019-01-23 13:10:00,1060.25,1060.25,1060.25,1060.25,0,613520
2019-01-23 13:11:00,1060.25,1060.25,1060.25,1060.25,0,613520
2019-01-23 13:12:00,1060.25,1060.25,1060.25,1060.25,0,613520
2019-01-23 13:13:00,1060.25,1060.25,1060.25,1060.25,0,613520
2019-01-23 13:14:00,1060.25,1060.25,1060.25,1060.25,0,613520
2019-01-23 13:15:00,1060.25,1060.25,1060.25,1060.25,0,613520
2019-01-23 13:16:00,1060.25,1060.25,1060.25,1060.25,0,613520
2019-01-23 13:17:00,1060.25,1060.25,1060.25,1060.25,0,613520
2019-01-23 13:18:00,1060.25,1060.25,1060.25,1060.25,0,613520
2019-01-23 13:19:00,1060.25,1060.25,1050.00,1050.00,400,613520
2019-01-23 13:20:00,1050.00,1050.00,1040.60,1040.60,20,613520
2019-01-23 13:21:00,1040.60,1040.60,1040.60,1040.60,0,613520
2019-01-23 13:22:00,1040.60,1040.60,1040.60,1040.60,0,613520
2019-01-23 13:23:00,1040.60,1040.60,1040.60,1040.60,0,613520
2019-01-23 13:24:00,1040.60,1055.00,1040.60,1055.00,20,613220
2019-01-23 13:25:00,1055.00,1055.00,1055.00,1055.00,0,613220
2019-01-23 13:26:00,1055.00,1055.00,1055.00,1055.00,0,613220
2019-01-23 13:27:00,1055.00,1055.00,1055.00,1055.00,0,613220
2019-01-23 13:28:00,1055.00,1055.00,1045.00,1045.00,40,613180
2019-01-23 13:29:00,1045.00,1045.00,1045.00,1045.00,0,613180
2019-01-23 13:30:00,1045.00,1045.00,1045.00,1045.00,0,613180
2019-01-23 13:31:00,1045.00,1045.00,1045.00,1045.00,0,613180
2019-01-23 13:32:00,1045.00,1045.00,1045.00,1045.00,0,613180
2019-01-23 13:33:00,1045.00,1045.00,1045.00,1045.00,0,613180
2019-01-23 13:34:00,1045.00,1045.00,1030.00,1030.00,20,613140
2019-01-23 13:35:00,1030.00,1030.00,1030.00,1030.00,0,613140
2019-01-23 13:36:00,1030.00,1030.00,1030.00,1030.00,0,613140
2019-01-23 13:37:00,1030.00,1030.00,1030.00,1030.00,0,613140
2019-01-23 13:38:00,1030.00,1030.00,1030.00,1030.00,0,613140
2019-01-23 13:39:00,1030.00,1035.00,1030.00,1035.00,20,613120
2019-01-23 13:40:00,1035.00,1035.00,1035.00,1035.00,0,613120
2019-01-23 13:41:00,1035.00,1035.00,1035.00,1035.00,0,613120
2019-01-23 13:42:00,1035.00,1035.00,1035.00,1035.00,0,613120
2019-01-23 13:43:00,1035.00,1035.00,1020.00,1020.00,160,613120
2019-01-23 13:44:00,1020.00,1020.00,1020.00,1020.00,0,613120
2019-01-23 13:45:00,1020.00,1020.00,1020.00,1020.00,0,613120
2019-01-23 13:46:00,1020.00,1020.00,1018.00,1018.00,20,612960
2019-01-23 13:47:00,1018.00,1018.00,1018.00,1018.00,0,612960
2019-01-23 13:48:00,1018.00,1018.00,1018.00,1018.00,0,612960
2019-01-23 13:49:00,1018.00,1018.00,1018.00,1018.00,0,612960
2019-01-23 13:50:00,1018.00,1018.00,1018.00,1018.00,0,612960
2019-01-23 13:51:00,1018.00,1018.00,1018.00,1018.00,0,612960
2019-01-23 13:52:00,1018.00,1018.00,1018.00,1018.00,0,612960
2019-01-23 13:53:00,1018.00,1018.00,1018.00,1018.00,0,612960
2019-01-23 13:54:00,1018.00,1018.00,1018.00,1018.00,0,612960
2019-01-23 13:55:00,1018.00,1045.00,1018.00,1045.00,20,612960
2019-01-23 13:56:00,1045.00,1045.00,1045.00,1045.00,0,612960
2019-01-23 13:57:00,1045.00,1045.00,1045.00,1045.00,0,612960
2019-01-23 13:58:00,1045.00,1045.00,1045.00,1045.00,0,612960
2019-01-23 13:59:00,1045.00,1045.00,1045.00,1045.00,0,612960
2019-01-23 14:00:00,1045.00,1045.00,1045.00,1045.00,0,612960
2019-01-23 14:01:00,1045.00,1045.00,1045.00,1045.00,0,612960
2019-01-23 14:02:00,1045.00,1045.00,1045.00,1045.00,0,612960
2019-01-23 14:03:00,1045.00,1045.00,1045.00,1045.00,0,612960
2019-01-23 14:04:00,1045.00,1045.00,1045.00,1045.00,0,612960
2019-01-23 14:05:00,1045.00,1045.00,1045.00,1045.00,0,612960
2019-01-23 14:06:00,1045.00,1045.00,1045.00,1045.00,0,612960
2019-01-23 14:07:00,1045.00,1045.00,1045.00,1045.00,0,612960
2019-01-23 14:08:00,1045.00,1045.00,1045.00,1045.00,0,612960
2019-01-23 14:09:00,1045.00,1045.00,1045.00,1045.00,0,612960
2019-01-23 14:10:00,1045.00,1045.10,1045.00,1045.10,20,612960
2019-01-23 14:11:00,1045.10,1045.10,1045.10,1045.10,0,612960
2019-01-23 14:12:00,1045.10,1045.10,1045.10,1045.10,0,612960
2019-01-23 14:13:00,1045.10,1045.10,1045.10,1045.10,0,612960
2019-01-23 14:14:00,1045.10,1045.10,1045.10,1045.10,0,612960
2019-01-23 14:15:00,1045.10,1045.10,1045.10,1045.10,0,612960
2019-01-23 14:16:00,1045.10,1045.10,1045.10,1045.10,0,612960
2019-01-23 14:17:00,1045.10,1045.10,1045.10,1045.10,0,612960
2019-01-23 14:18:00,1045.10,1045.10,1045.10,1045.10,0,612960
2019-01-23 14:19:00,1045.10,1045.10,1045.10,1045.10,0,612960
2019-01-23 14:20:00,1045.10,1045.10,1045.10,1045.10,0,612960
2019-01-23 14:21:00,1045.10,1045.10,1045.10,1045.10,0,612960
2019-01-23 14:22:00,1045.10,1045.10,1045.10,1045.10,0,612960
2019-01-23 14:23:00,1045.10,1045.10,1045.10,1045.10,0,612960
2019-01-23 14:24:00,1045.10,1045.10,1045.10,1045.10,0,612960
2019-01-23 14:25:00,1045.10,1045.10,1045.10,1045.10,0,612960
2019-01-23 14:26:00,1045.10,1045.10,1045.10,1045.10,0,612960
2019-01-23 14:27:00,1045.10,1045.10,1000.00,1000.95,100,612940
2019-01-23 14:28:00,1000.95,1000.95,979.70,995.50,740,612860
2019-01-23 14:29:00,995.50,995.50,975.00,975.00,420,612860
2019-01-23 14:30:00,975.00,987.00,956.25,956.25,1540,612860
2019-01-23 14:31:00,954.00,958.65,930.00,931.20,3700,610980
2019-01-23 14:32:00,931.20,931.20,931.20,931.20,0,610980
2019-01-23 14:33:00,931.20,931.20,931.20,931.20,0,610980
2019-01-23 14:34:00,931.20,931.20,931.20,931.20,0,610980
2019-01-23 14:35:00,931.20,949.95,931.20,949.55,80,608620
2019-01-23 14:36:00,949.55,949.55,949.55,949.55,0,608620
2019-01-23 14:37:00,949.55,949.55,936.00,936.00,0,608540
2019-01-23 14:38:00,936.00,948.65,934.80,934.80,100,608540
2019-01-23 14:39:00,934.80,934.80,913.65,916.50,1860,608540
2019-01-23 14:40:00,916.50,916.50,916.50,916.50,0,608540
2019-01-23 14:41:00,916.50,916.50,916.50,916.50,0,608540
2019-01-23 14:42:00,916.50,916.50,916.50,916.50,0,608540
2019-01-23 14:43:00,916.50,940.00,916.50,940.00,20,607220
2019-01-23 14:44:00,940.00,940.00,940.00,940.00,0,607220
2019-01-23 14:45:00,940.00,940.00,940.00,940.00,0,607220
2019-01-23 14:46:00,940.00,940.00,920.05,920.05,60,606460
2019-01-23 14:47:00,920.05,920.05,920.05,920.05,0,606460
2019-01-23 14:48:00,920.05,920.05,920.05,920.05,0,606460
2019-01-23 14:49:00,920.05,920.05,920.05,920.05,0,606460
2019-01-23 14:50:00,920.05,920.05,920.05,920.05,0,606460
2019-01-23 14:51:00,920.05,940.00,920.05,940.00,40,606460
2019-01-23 14:52:00,940.00,940.00,940.00,940.00,0,606460
2019-01-23 14:53:00,940.00,945.00,940.00,945.00,20,606420
2019-01-23 14:54:00,945.00,945.00,940.00,940.00,20,606420
2019-01-23 14:55:00,940.00,940.00,932.00,932.00,20,606420
2019-01-23 14:56:00,932.00,932.00,932.00,932.00,0,606380
2019-01-23 14:57:00,932.00,932.00,932.00,932.00,0,606380
2019-01-23 14:58:00,932.00,940.00,932.00,940.00,20,606360
2019-01-23 14:59:00,940.00,940.00,940.00,940.00,0,606360
2019-01-23 15:00:00,940.00,940.00,940.00,940.00,0,606360
2019-01-23 15:01:00,940.00,940.00,940.00,940.00,0,606360
2019-01-23 15:02:00,940.00,940.00,940.00,940.00,0,606360
2019-01-23 15:03:00,940.00,940.00,922.45,922.45,20,606340
2019-01-23 15:04:00,922.45,922.45,922.45,922.45,0,606340
2019-01-23 15:05:00,922.45,922.45,900.90,900.90,320,606340
2019-01-23 15:06:00,900.00,900.00,881.85,881.90,600,606320
2019-01-23 15:07:00,881.90,881.90,850.00,850.00,3080,606320
2019-01-23 15:08:00,850.00,867.75,850.00,855.55,3020,606320
2019-01-23 15:09:00,855.55,855.55,850.00,850.00,1060,606320
2019-01-23 15:10:00,850.00,855.00,850.00,855.00,20,609980
2019-01-23 15:11:00,855.00,855.00,855.00,855.00,0,609980
2019-01-23 15:12:00,855.00,855.00,829.30,829.85,300,609980
2019-01-23 15:13:00,829.85,829.85,826.60,826.60,180,609980
2019-01-23 15:14:00,826.60,836.75,826.60,836.75,200,609820
2019-01-23 15:15:00,836.75,836.75,820.00,820.00,240,609820
2019-01-23 15:16:00,820.00,827.75,820.00,820.00,2520,606420
2019-01-23 15:17:00,820.00,820.00,820.00,820.00,0,606420
2019-01-23 15:18:00,820.00,820.00,820.00,820.00,0,606420
2019-01-23 15:19:00,820.00,820.00,820.00,820.00,0,606420
2019-01-23 15:20:00,820.00,839.80,820.00,833.00,220,607060
2019-01-23 15:21:00,833.00,835.95,833.00,833.00,2300,607060
2019-01-23 15:22:00,833.00,835.95,829.80,829.80,200,606920
2019-01-23 15:23:00,829.80,832.00,829.80,830.00,3840,606920
2019-01-23 15:24:00,830.00,830.00,827.00,827.00,960,606920
2019-01-23 15:25:00,827.00,827.00,827.00,827.00,0,606920
2019-01-23 15:26:00,827.00,834.00,827.00,834.00,0,607880
2019-01-23 15:27:00,834.00,834.65,830.00,830.50,3100,607880
2019-01-23 15:28:00,830.50,832.55,830.00,832.55,2420,609700
2019-01-23 15:29:01,832.55,832.55,832.55,832.55,60,609700
2019-01-24 09:15:00,829.95,829.95,829.95,829.95,20,606040
2019-01-24 09:16:00,829.95,829.95,814.75,814.75,40,606040
2019-01-24 09:17:00,814.75,814.75,814.75,814.75,0,606040
2019-01-24 09:18:00,814.75,830.45,808.50,808.50,160,606040
2019-01-24 09:19:00,808.50,814.10,808.50,814.10,60,606080
2019-01-24 09:20:00,814.10,816.80,805.00,805.00,80,606080
2019-01-24 09:21:00,805.00,805.00,805.00,805.00,0,606080
2019-01-24 09:22:00,805.00,805.05,778.20,783.20,1740,606080
2019-01-24 09:23:00,783.20,783.20,783.20,783.20,0,605180
2019-01-24 09:24:00,783.20,791.30,783.20,791.30,40,605180
2019-01-24 09:25:00,791.30,791.30,791.30,791.30,0,605180
2019-01-24 09:26:00,791.30,795.75,791.30,795.75,40,605180
2019-01-24 09:27:00,795.75,795.75,788.45,788.65,100,605180
2019-01-24 09:28:00,788.65,788.65,780.00,780.00,400,605180
2019-01-24 09:29:00,780.00,788.00,780.00,786.15,2940,605580
2019-01-24 09:30:00,786.15,786.15,770.00,772.65,2580,605580
2019-01-24 09:31:00,772.65,777.00,770.00,770.00,1100,606840
2019-01-24 09:32:00,770.00,775.00,770.00,775.00,420,606840
2019-01-24 09:33:00,775.00,775.00,764.40,764.40,2080,606840
2019-01-24 09:34:00,764.40,773.00,764.40,772.00,120,606980
2019-01-24 09:35:00,772.00,773.75,772.00,773.75,40,606980
2019-01-24 09:36:00,773.75,776.50,773.75,776.50,40,606980
2019-01-24 09:37:00,776.50,776.50,776.50,776.50,0,606980
2019-01-24 09:38:00,776.50,788.15,776.50,788.15,160,605660
2019-01-24 09:39:00,788.15,788.15,788.15,788.15,0,605660
2019-01-24 09:40:00,788.15,788.15,788.15,788.15,0,605660
2019-01-24 09:41:00,788.15,792.50,788.15,792.50,40,605660
2019-01-24 09:42:00,792.50,792.95,792.50,792.95,0,605500
2019-01-24 09:43:00,792.95,792.95,787.90,788.40,60,605500
2019-01-24 09:44:00,788.40,799.00,784.00,799.00,440,604940
2019-01-24 09:45:00,799.00,820.85,799.00,814.40,300,604940
2019-01-24 09:46:00,814.40,829.70,814.40,829.70,120,604940
2019-01-24 09:47:00,829.70,829.70,825.00,825.00,100,604940
2019-01-24 09:48:00,825.00,825.25,825.00,825.15,160,604900
2019-01-24 09:49:00,825.15,848.30,825.15,829.05,340,604900
2019-01-24 09:50:00,829.05,829.05,829.05,829.05,0,604540
2019-01-24 09:51:00,829.05,829.05,816.00,825.00,260,604540
2019-01-24 09:52:00,825.00,825.00,825.00,825.00,0,604540
2019-01-24 09:53:00,825.00,830.00,825.00,830.00,1000,604360
2019-01-24 09:54:00,830.00,830.00,830.00,830.00,0,604360
2019-01-24 09:55:00,830.00,830.00,819.05,819.05,20,604360
2019-01-24 09:56:00,819.05,819.05,819.05,819.05,0,604360
2019-01-24 09:57:00,819.05,819.05,819.05,819.05,0,604360
2019-01-24 09:58:00,819.05,819.05,810.00,810.20,200,604780
2019-01-24 09:59:00,810.20,819.00,810.20,819.00,140,604760
2019-01-24 10:00:00,819.00,819.00,804.50,804.50,220,604760
2019-01-24 10:01:00,804.50,804.50,804.50,804.50,0,604760
2019-01-24 10:02:00,804.50,804.50,804.50,804.50,0,604760
2019-01-24 10:03:00,804.50,804.50,804.50,804.50,0,604760
2019-01-24 10:04:00,804.50,804.50,794.85,794.85,20,604080
2019-01-24 10:05:00,794.85,794.85,794.85,794.85,0,604080
2019-01-24 10:06:00,794.85,797.25,794.85,797.25,40,604080
2019-01-24 10:07:00,797.25,797.25,797.25,797.25,0,604080
2019-01-24 10:08:00,797.25,799.00,797.25,799.00,20,604080
2019-01-24 10:09:00,799.00,799.00,799.00,799.00,0,604080
2019-01-24 10:10:00,799.00,799.00,799.00,799.00,0,604080
2019-01-24 10:11:00,799.00,799.00,799.00,799.00,0,604100
2019-01-24 10:12:00,810.10,810.80,805.35,805.35,80,604100
2019-01-24 10:13:00,805.35,805.35,805.35,805.35,0,604100
2019-01-24 10:14:00,805.35,816.10,805.35,816.10,540,604100
2019-01-24 10:15:00,816.10,816.10,808.10,808.10,20,604100
2019-01-24 10:16:00,808.10,808.10,805.20,805.20,540,604100
2019-01-24 10:17:00,805.20,805.20,805.20,805.20,360,604020
2019-01-24 10:18:00,805.20,805.20,805.20,805.20,0,604020
2019-01-24 10:19:00,805.20,810.90,805.20,810.90,20,604020
2019-01-24 10:20:00,810.90,818.75,810.90,818.75,20,603880
2019-01-24 10:21:00,818.75,818.75,818.75,818.75,0,603880
2019-01-24 10:22:00,818.75,818.75,815.45,815.45,40,603880
2019-01-24 10:23:00,815.45,820.05,815.45,820.00,40,603880
2019-01-24 10:24:00,820.00,820.00,820.00,820.00,0,603840
2019-01-24 10:25:00,820.00,820.00,810.00,810.00,20,603840
2019-01-24 10:26:00,810.00,810.00,810.00,810.00,0,603840
2019-01-24 10:27:00,810.00,810.00,810.00,810.00,0,603840
2019-01-24 10:28:00,810.00,819.50,810.00,819.50,40,603840
2019-01-24 10:29:00,819.50,819.50,812.10,812.10,20,603840
2019-01-24 10:30:00,812.10,812.10,810.00,810.00,20,603780
2019-01-24 10:31:00,810.00,810.00,810.00,810.00,0,603780
2019-01-24 10:32:00,810.00,810.00,805.20,805.20,440,603740
2019-01-24 10:33:00,805.20,809.55,803.15,809.55,40,603740
2019-01-24 10:34:00,809.55,815.50,809.55,815.50,220,603740
2019-01-24 10:35:00,815.50,815.50,815.50,815.50,0,603740
2019-01-24 10:36:00,815.50,815.50,815.50,815.50,0,603740
2019-01-24 10:37:00,815.50,815.50,815.50,815.50,0,603740
2019-01-24 10:38:00,815.50,820.00,815.50,820.00,20,603300
2019-01-24 10:39:00,820.00,820.00,820.00,820.00,20,603300
2019-01-24 10:40:00,820.00,825.00,820.00,825.00,860,603560
2019-01-24 10:41:00,825.00,829.00,825.00,829.00,100,603560
2019-01-24 10:42:00,829.00,831.00,829.00,831.00,500,603560
2019-01-24 10:43:00,831.00,831.00,829.00,829.00,1340,603760
2019-01-24 10:44:00,829.00,832.00,829.00,830.00,560,603760
2019-01-24 10:45:00,830.00,830.00,827.00,827.00,520,603760
2019-01-24 10:46:00,827.00,848.00,827.00,848.00,20,603760
2019-01-24 10:47:00,848.00,848.00,838.00,838.00,20,604700
2019-01-24 10:48:00,838.00,838.00,838.00,838.00,20,604700
2019-01-24 10:49:00,838.00,838.00,838.00,838.00,0,604700
2019-01-24 10:50:00,838.00,838.00,838.00,838.00,0,604700
2019-01-24 10:51:00,838.00,839.00,838.00,839.00,20,604700
2019-01-24 10:52:00,839.00,839.00,839.00,839.00,0,604700
2019-01-24 10:53:00,839.00,839.00,830.00,833.75,380,604760
2019-01-24 10:54:00,833.75,833.75,831.00,831.00,440,604760
2019-01-24 10:55:00,831.00,842.30,831.00,840.15,60,605300
2019-01-24 10:56:00,840.55,841.65,836.00,838.40,2000,605300
2019-01-24 10:57:00,838.40,838.40,834.00,834.00,3180,605300
2019-01-24 10:58:00,834.00,834.00,832.00,832.00,2160,605300
2019-01-24 10:59:00,832.00,835.40,830.00,830.00,1980,603520
2019-01-24 11:00:00,830.00,832.00,830.00,832.00,1040,603520
2019-01-24 11:01:00,830.00,830.00,811.00,819.15,680,603520
2019-01-24 11:02:00,819.15,820.00,817.95,819.05,1980,603320
2019-01-24 11:03:00,819.05,825.00,819.05,825.00,1200,603320
2019-01-24 11:04:00,825.00,825.00,814.30,814.30,1780,603320
2019-01-24 11:05:00,814.30,816.35,813.00,816.35,860,603920
2019-01-24 11:06:00,816.35,816.35,816.35,816.35,0,603920
2019-01-24 11:07:00,816.35,816.35,799.20,804.55,200,603920
2019-01-24 11:08:00,804.55,804.55,795.20,797.80,140,603920
2019-01-24 11:09:00,797.80,799.35,795.00,795.00,120,603680
2019-01-24 11:10:00,795.00,795.00,786.10,792.00,220,603680
2019-01-24 11:11:00,792.00,798.60,792.00,793.00,480,603600
2019-01-24 11:12:00,793.00,793.00,793.00,793.00,0,603600
2019-01-24 11:13:00,793.00,793.05,789.15,793.05,340,603600
2019-01-24 11:14:00,792.95,793.30,782.90,782.90,880,603280
2019-01-24 11:15:00,782.90,786.45,782.10,786.45,860,603280
2019-01-24 11:16:00,786.45,786.45,767.00,770.40,2840,603480
2019-01-24 11:17:00,770.40,770.40,760.00,767.00,520,603480
2019-01-24 11:18:00,767.00,767.00,750.00,752.50,4440,603480
2019-01-24 11:19:00,752.50,762.25,752.50,762.25,320,603480
2019-01-24 11:20:00,762.25,765.00,762.25,765.00,40,603480
2019-01-24 11:21:00,765.00,778.40,765.00,778.40,20,601140
2019-01-24 11:22:00,778.40,778.40,771.10,771.10,20,601140
2019-01-24 11:23:00,771.10,771.10,770.00,770.00,180,601140
2019-01-24 11:24:00,770.00,773.35,768.00,773.35,400,601120
2019-01-24 11:25:00,773.35,773.35,773.35,773.35,0,601120
2019-01-24 11:26:00,773.35,781.50,770.00,781.50,560,601280
2019-01-24 11:27:00,781.50,781.50,781.50,781.50,0,601280
2019-01-24 11:28:00,781.50,783.50,773.00,783.50,360,601280
2019-01-24 11:29:00,775.70,792.20,775.70,792.20,140,600740
2019-01-24 11:30:00,792.20,792.20,788.75,788.75,380,600740
2019-01-24 11:31:00,788.75,788.75,780.00,786.60,2240,602280
2019-01-24 11:32:00,786.60,786.60,773.80,773.80,260,602280
2019-01-24 11:33:00,773.80,773.80,771.70,771.70,40,602280
2019-01-24 11:34:00,771.70,776.40,771.70,776.40,20,602280
2019-01-24 11:35:00,776.40,776.40,773.35,773.35,20,602280
2019-01-24 11:36:00,773.35,773.35,773.35,773.35,0,602280
2019-01-24 11:37:00,773.35,773.35,773.35,773.35,0,602280
2019-01-24 11:38:00,773.35,774.25,764.85,774.25,100,602280
2019-01-24 11:39:00,774.25,774.25,762.00,762.00,20,602280
2019-01-24 11:40:00,762.00,769.00,762.00,769.00,40,602280
2019-01-24 11:41:00,769.00,769.00,769.00,769.00,0,602280
2019-01-24 11:42:00,769.00,769.00,769.00,769.00,0,602280
2019-01-24 11:43:00,769.00,769.00,769.00,769.00,0,602280
2019-01-24 11:44:00,769.00,769.00,766.25,766.25,20,602320
2019-01-24 11:45:00,766.25,770.00,766.25,770.00,280,602320
2019-01-24 11:46:00,770.00,770.00,770.00,770.00,0,602320
2019-01-24 11:47:00,770.00,770.00,765.85,765.85,80,602520
2019-01-24 11:48:00,765.85,765.85,760.55,760.55,60,602520
2019-01-24 11:49:00,760.55,768.95,758.35,764.70,160,602540
2019-01-24 11:50:00,764.70,768.40,764.70,768.40,60,602540
2019-01-24 11:51:00,768.40,768.40,768.40,768.40,0,602540
2019-01-24 11:52:00,768.40,768.40,768.40,768.40,0,602540
2019-01-24 11:53:00,768.40,768.40,768.40,768.40,0,602540
2019-01-24 11:54:00,768.40,768.40,760.00,760.00,1000,602540
2019-01-24 11:55:00,760.00,760.00,760.00,760.00,0,602540
2019-01-24 11:56:00,760.00,760.00,760.00,760.00,0,602540
2019-01-24 11:57:00,760.00,760.00,760.00,760.00,0,602540
2019-01-24 11:58:00,760.00,760.00,760.00,760.00,0,602540
2019-01-24 11:59:00,760.00,760.00,760.00,760.00,0,602540
2019-01-24 12:00:00,760.00,760.00,760.00,760.00,0,602540
2019-01-24 12:01:00,760.00,760.00,760.00,760.00,0,602540
2019-01-24 12:02:00,760.00,760.00,760.00,760.00,0,602540
2019-01-24 12:03:00,760.00,760.00,760.00,760.00,0,602540
2019-01-24 12:04:00,760.00,760.00,760.00,760.00,0,602540
2019-01-24 12:05:00,760.00,760.00,760.00,760.00,0,602540
2019-01-24 12:06:00,760.00,760.00,760.00,760.00,0,602540
2019-01-24 12:07:00,760.00,760.00,760.00,760.00,0,602540
2019-01-24 12:08:00,760.00,760.00,760.00,760.00,0,602540
2019-01-24 12:09:00,760.00,760.00,760.00,760.00,0,602540
2019-01-24 12:10:00,760.00,769.75,760.00,769.75,20,601760
2019-01-24 12:11:00,769.75,769.75,769.75,769.75,0,601760
2019-01-24 12:12:00,769.75,775.20,769.75,775.20,20,601760
2019-01-24 12:13:00,775.20,775.20,773.15,773.15,20,601760
2019-01-24 12:14:00,773.15,775.00,773.15,775.00,20,601760
2019-01-24 12:15:00,775.00,775.00,775.00,775.00,0,0
2019-01-24 12:16:00,775.00,775.00,775.00,775.00,0,0
2019-01-24 12:17:00,775.00,775.00,775.00,775.00,0,0
2019-01-24 12:18:00,775.00,775.00,775.00,775.00,0,0
2019-01-24 12:19:00,775.00,780.75,775.00,780.75,20,601760
2019-01-24 12:20:00,780.75,801.85,780.75,784.30,200,601760
2019-01-24 12:21:00,784.30,785.70,784.30,785.70,40,601760
2019-01-24 12:22:00,785.70,785.70,785.70,785.70,0,601760
2019-01-24 12:23:00,785.70,785.70,785.70,785.70,0,601760
2019-01-24 12:24:00,785.70,785.70,785.70,785.70,0,601760
2019-01-24 12:25:00,785.70,785.70,785.70,785.70,0,601760
2019-01-24 12:26:00,785.70,785.70,785.70,785.70,0,601760
2019-01-24 12:27:00,785.70,785.70,785.70,785.70,0,601760
2019-01-24 12:28:00,785.70,785.70,772.50,772.50,20,601760
2019-01-24 12:29:00,772.50,779.25,772.50,773.30,140,601780
2019-01-24 12:30:00,773.30,777.75,771.85,771.85,220,601780
2019-01-24 12:31:00,771.85,773.50,766.80,766.80,380,601860
2019-01-24 12:32:00,760.95,761.05,760.95,761.05,20,601860
2019-01-24 12:33:00,761.05,769.05,757.80,769.05,420,601860
2019-01-24 12:34:00,769.05,769.80,765.40,769.80,120,601860
2019-01-24 12:35:00,769.80,769.80,766.60,766.60,120,601720
2019-01-24 12:36:00,766.60,766.60,755.05,755.05,40,601720
2019-01-24 12:37:00,755.05,755.05,755.05,755.05,0,601720
2019-01-24 12:38:00,755.05,755.05,755.05,755.05,0,601720
2019-01-24 12:39:00,755.05,755.05,750.00,753.10,2640,601720
2019-01-24 12:40:00,753.10,760.00,753.10,760.00,960,602400
2019-01-24 12:41:00,760.00,760.00,750.00,750.00,320,602400
2019-01-24 12:42:00,750.00,750.75,744.00,744.00,240,602400
2019-01-24 12:43:00,744.00,745.15,734.90,740.15,1860,602400
2019-01-24 12:44:00,740.15,745.50,740.15,744.25,260,600560
2019-01-24 12:45:00,744.25,744.25,737.10,744.20,840,600560
2019-01-24 12:46:00,744.20,747.20,741.50,741.50,200,600560
2019-01-24 12:47:00,741.50,746.40,741.50,746.40,20,600260
2019-01-24 12:48:00,746.40,746.40,746.40,746.40,0,600260
2019-01-24 12:49:00,746.40,757.10,746.40,757.10,60,600260
2019-01-24 12:50:00,757.10,757.10,757.10,757.10,0,600180
2019-01-24 12:51:00,757.10,757.10,757.10,757.10,0,600180
2019-01-24 12:52:00,757.10,760.00,757.10,760.00,100,600180
2019-01-24 12:53:00,760.00,760.00,755.00,755.00,40,599460
2019-01-24 12:54:00,755.00,755.00,751.85,751.85,20,599460
2019-01-24 12:55:00,751.85,751.85,751.85,751.85,0,599460
2019-01-24 12:56:00,751.85,751.85,751.85,751.85,0,599460
2019-01-24 12:57:00,751.85,751.85,739.55,746.40,600,599260
2019-01-24 12:58:00,746.40,746.40,743.00,743.00,60,599260
2019-01-24 12:59:00,743.00,750.75,743.00,750.75,220,598940
2019-01-24 13:00:00,750.75,750.75,750.75,750.75,0,598940
2019-01-24 13:01:00,750.75,753.75,744.00,753.75,440,599040
2019-01-24 13:02:00,753.75,753.75,752.30,752.30,100,599040
2019-01-24 13:03:00,752.30,752.30,752.30,752.30,0,599040
2019-01-24 13:04:00,752.30,752.30,752.30,752.30,0,599040
2019-01-24 13:05:00,752.30,755.00,752.30,755.00,20,599200
2019-01-24 13:06:00,755.00,755.00,749.35,749.60,120,599200
2019-01-24 13:07:00,749.60,749.60,749.50,749.50,60,599200
2019-01-24 13:08:00,749.50,749.50,748.70,748.70,60,598720
2019-01-24 13:09:00,748.70,752.00,748.70,752.00,20,598720
2019-01-24 13:10:00,752.00,752.00,751.75,751.75,20,598720
2019-01-24 13:11:00,751.75,765.30,751.75,762.05,200,598720
2019-01-24 13:12:00,762.05,762.05,762.05,762.05,0,598720
2019-01-24 13:13:00,762.05,762.05,761.80,761.80,40,598720
2019-01-24 13:14:00,761.80,761.80,761.80,761.80,0,598720
2019-01-24 13:15:00,761.80,763.50,758.60,758.60,100,598740
2019-01-24 13:16:00,758.60,758.60,758.60,758.60,0,598740
2019-01-24 13:17:00,758.60,761.95,758.60,761.95,20,598700
2019-01-24 13:18:00,761.95,776.90,761.95,776.90,20,598700
2019-01-24 13:19:00,776.90,787.80,776.45,776.45,320,598700
2019-01-24 13:20:00,776.45,782.25,776.45,782.25,20,598560
2019-01-24 13:21:00,782.25,782.25,782.25,782.25,0,598560
2019-01-24 13:22:00,782.25,782.25,782.25,782.25,0,598560
2019-01-24 13:23:00,782.25,782.25,770.95,770.95,420,598560
2019-01-24 13:24:00,770.95,770.95,770.95,770.95,0,598540
2019-01-24 13:25:00,770.95,770.95,770.95,770.95,0,598540
2019-01-24 13:26:00,770.95,770.95,763.90,763.90,160,598920
2019-01-24 13:27:00,763.90,763.90,763.90,763.90,0,598920
2019-01-24 13:28:00,763.90,763.90,763.90,763.90,0,598920
2019-01-24 13:29:00,763.90,770.00,763.90,770.00,20,598920
2019-01-24 13:30:00,770.00,770.00,757.00,757.00,20,598860
2019-01-24 13:31:00,757.00,757.00,750.00,750.00,120,598860
2019-01-24 13:32:00,750.00,750.55,747.60,748.80,60,598780
2019-01-24 13:33:00,748.80,748.80,748.80,748.80,0,598780
2019-01-24 13:34:00,748.80,754.55,748.80,754.55,20,598780
2019-01-24 13:35:00,754.55,754.80,751.75,754.80,40,598820
2019-01-24 13:36:00,754.80,754.80,754.80,754.80,0,598820
2019-01-24 13:37:00,754.80,754.80,754.80,754.80,0,598820
2019-01-24 13:38:00,754.80,754.80,754.80,754.80,0,598820
2019-01-24 13:39:00,754.80,755.50,754.80,755.50,40,598820
2019-01-24 13:40:00,755.50,755.50,755.50,755.50,0,598800
2019-01-24 13:41:00,755.50,755.50,741.00,741.00,40,598800
2019-01-24 13:42:00,741.00,741.00,741.00,741.00,0,598800
2019-01-24 13:43:00,741.00,741.00,725.35,727.70,140,598820
2019-01-24 13:44:00,723.75,730.00,723.75,730.00,280,598820
2019-01-24 13:45:00,730.00,730.00,720.00,723.55,2720,598820
2019-01-24 13:46:00,723.55,733.80,723.55,733.80,200,598820
2019-01-24 13:47:00,733.80,733.80,733.80,733.80,0,598820
2019-01-24 13:48:00,733.80,743.55,733.80,743.55,20,599680
2019-01-24 13:49:00,743.55,743.55,732.95,732.95,320,599680
2019-01-24 13:50:00,732.95,732.95,732.95,732.95,0,599680
2019-01-24 13:51:00,732.95,732.95,732.95,732.95,0,599680
2019-01-24 13:52:00,732.95,732.95,732.95,732.95,0,599680
2019-01-24 13:53:00,732.95,732.95,732.95,732.95,0,599680
2019-01-24 13:54:00,732.95,747.90,732.95,747.80,120,598980
2019-01-24 13:55:00,747.80,764.90,747.80,760.35,360,598980
2019-01-24 13:56:00,760.35,773.65,760.35,773.65,20,597780
2019-01-24 13:57:00,773.65,773.65,773.65,773.65,0,597780
2019-01-24 13:58:00,773.65,773.65,773.65,773.65,0,597780
2019-01-24 13:59:00,773.65,773.65,773.65,773.65,0,597780
2019-01-24 14:00:00,773.65,773.65,758.05,758.05,100,597780
2019-01-24 14:01:00,758.05,758.05,758.05,758.05,0,597780
2019-01-24 14:02:00,758.05,758.05,758.05,758.05,0,597780
2019-01-24 14:03:00,758.05,768.45,758.05,768.45,60,597760
2019-01-24 14:04:00,768.45,783.45,768.45,783.45,40,597800
2019-01-24 14:05:00,783.45,789.35,781.05,781.05,500,597800
2019-01-24 14:06:00,781.05,801.05,781.05,798.30,720,597800
2019-01-24 14:07:00,798.30,816.95,798.30,816.95,380,598160
2019-01-24 14:08:00,816.95,823.80,806.40,806.40,720,598160
2019-01-24 14:09:00,806.40,806.40,805.25,805.25,80,598160
2019-01-24 14:10:00,805.25,816.15,805.25,816.15,100,598160
2019-01-24 14:11:00,816.15,816.15,816.15,816.15,0,598160
2019-01-24 14:12:00,816.15,816.15,816.15,816.15,0,598160
2019-01-24 14:13:00,816.15,816.15,800.00,800.00,20,598140
2019-01-24 14:14:00,800.00,800.00,800.00,800.00,0,598140
2019-01-24 14:15:00,800.00,800.00,800.00,800.00,0,598140
2019-01-24 14:16:00,800.00,800.00,800.00,800.00,0,598140
2019-01-24 14:17:00,800.00,800.00,800.00,800.00,20,598140
2019-01-24 14:18:00,800.00,800.00,800.00,800.00,360,597740
2019-01-24 14:19:00,800.00,800.00,800.00,800.00,0,597740
2019-01-24 14:20:00,800.00,800.00,800.00,800.00,0,597740
2019-01-24 14:21:00,800.00,800.00,800.00,800.00,0,597740
2019-01-24 14:22:00,800.00,800.00,795.00,800.00,60,597660
2019-01-24 14:23:00,800.00,800.00,796.50,796.50,20,597700
2019-01-24 14:24:00,796.50,796.50,795.00,795.00,400,597700
2019-01-24 14:25:00,795.00,805.00,795.00,805.00,120,597700
2019-01-24 14:26:00,805.00,805.60,795.00,795.00,500,597580
2019-01-24 14:27:00,795.00,815.00,795.00,811.80,180,597580
2019-01-24 14:28:00,811.80,815.35,811.80,815.35,60,597580
2019-01-24 14:29:00,815.35,815.35,811.00,811.00,120,596880
2019-01-24 14:30:00,811.00,811.00,811.00,811.00,0,596880
2019-01-24 14:31:00,811.00,811.00,811.00,811.00,0,596880
2019-01-24 14:32:00,811.00,811.00,811.00,811.00,0,596880
2019-01-24 14:33:00,811.00,811.00,790.20,790.60,3000,596880
2019-01-24 14:34:00,790.60,790.60,787.00,787.00,20,596880
2019-01-24 14:35:00,787.00,788.75,787.00,788.75,40,595940
2019-01-24 14:36:00,788.75,788.75,788.75,788.75,0,595940
2019-01-24 14:37:00,780.00,780.00,772.00,775.00,2360,595940
2019-01-24 14:38:00,775.00,791.25,775.00,789.00,180,597760
2019-01-24 14:39:00,789.00,795.15,789.00,789.40,180,597760
2019-01-24 14:40:00,789.40,795.90,789.40,795.90,20,597760
2019-01-24 14:41:00,795.90,795.90,792.35,792.35,40,597440
2019-01-24 14:42:00,792.35,792.35,792.35,792.35,0,597440
2019-01-24 14:43:00,792.35,814.05,792.35,814.05,80,597440
2019-01-24 14:44:00,814.05,815.00,810.75,815.00,240,597440
2019-01-24 14:45:00,815.00,815.00,805.65,805.65,140,596740
2019-01-24 14:46:00,806.55,815.45,806.55,807.85,1240,596740
2019-01-24 14:47:00,807.85,809.35,803.80,804.45,1440,595740
2019-01-24 14:48:00,804.45,804.45,797.25,798.55,420,595740
2019-01-24 14:49:00,798.55,798.55,777.75,782.90,240,597020
2019-01-24 14:50:00,782.90,790.55,782.90,790.55,40,597020
2019-01-24 14:51:00,790.55,794.10,790.55,794.10,20,597020
2019-01-24 14:52:00,794.10,794.10,787.40,788.50,140,597020
2019-01-24 14:53:00,788.50,794.45,788.50,792.65,100,595240
2019-01-24 14:54:00,792.65,792.65,786.45,786.45,20,595240
2019-01-24 14:55:00,786.45,786.45,776.70,778.00,480,595240
2019-01-24 14:56:00,778.00,778.90,760.00,760.00,4020,594680
2019-01-24 14:57:00,760.00,767.20,760.00,766.95,2060,594680
2019-01-24 14:58:00,766.95,778.60,766.95,769.60,1040,597780
2019-01-24 14:59:00,769.60,777.25,760.00,760.00,1320,597780
2019-01-24 15:00:00,760.00,765.65,751.60,761.15,2400,597780
2019-01-24 15:01:00,761.35,764.30,746.65,749.90,5420,601660
2019-01-24 15:02:00,751.30,757.70,751.30,757.70,1000,601660
2019-01-24 15:03:00,757.70,762.00,757.70,762.00,20,601660
2019-01-24 15:04:00,762.00,762.00,762.00,762.00,0,601660
2019-01-24 15:05:00,762.00,762.00,762.00,762.00,0,601660
2019-01-24 15:06:00,762.00,762.00,762.00,762.00,0,601660
2019-01-24 15:07:00,762.00,762.00,762.00,762.00,0,601660
2019-01-24 15:08:00,762.00,762.00,762.00,762.00,0,601660
2019-01-24 15:09:00,762.00,762.00,762.00,762.00,0,601660
2019-01-24 15:10:00,762.00,805.00,762.00,805.00,20,601660
2019-01-24 15:11:00,805.00,816.00,805.00,816.00,60,593760
2019-01-24 15:12:00,816.00,830.60,816.00,825.55,200,593760
2019-01-24 15:13:00,825.55,866.25,825.55,866.25,280,593900
2019-01-24 15:14:00,866.25,877.15,866.25,877.15,100,593900
2019-01-24 15:15:00,877.15,877.15,877.15,877.15,0,593900
2019-01-24 15:16:00,877.15,877.15,849.50,849.50,300,593900
2019-01-24 15:17:00,849.50,849.50,834.00,834.00,20,593980
2019-01-24 15:18:00,834.00,834.00,834.00,834.00,0,593980
2019-01-24 15:19:00,834.00,840.00,834.00,840.00,120,593980
2019-01-24 15:20:00,840.00,840.00,840.00,840.00,0,593980
2019-01-24 15:21:00,840.00,840.00,840.00,840.00,0,593980
2019-01-24 15:22:00,840.00,840.00,840.00,840.00,0,593980
2019-01-24 15:23:00,840.00,840.00,840.00,840.00,0,593980
2019-01-24 15:24:00,840.00,872.15,840.00,872.15,440,594080
2019-01-24 15:25:00,872.15,872.75,868.75,872.75,220,594080
2019-01-24 15:26:00,872.75,872.75,863.05,868.00,240,594320
2019-01-24 15:27:00,868.00,868.00,868.00,868.00,0,594320
2019-01-24 15:28:00,868.00,868.00,859.55,863.00,2560,594480
2019-01-24 15:29:01,863.00,865.85,855.00,855.00,440,594480
2019-01-25 09:15:00,910.20,910.25,910.25,910.25,0,594580
2019-01-25 09:16:00,905.65,905.65,897.65,897.70,180,594580
2019-01-25 09:17:00,897.70,898.75,897.20,897.30,140,594620
2019-01-25 09:18:00,897.30,932.60,897.30,932.60,660,594620
2019-01-25 09:19:00,932.60,944.55,932.60,944.55,300,594620
2019-01-25 09:20:00,944.55,958.10,940.00,956.65,620,594620
2019-01-25 09:21:00,956.65,956.65,956.65,956.65,0,594180
2019-01-25 09:22:00,956.65,956.65,956.65,956.65,0,594180
2019-01-25 09:23:00,956.65,956.65,956.65,956.65,0,594180
2019-01-25 09:24:00,956.65,956.65,956.65,956.65,0,594180
2019-01-25 09:25:00,956.65,956.65,942.80,942.80,100,594080
2019-01-25 09:26:00,942.80,942.80,930.00,930.00,20,594080
2019-01-25 09:27:00,930.00,930.00,930.00,930.00,0,593980
2019-01-25 09:28:00,930.00,930.00,930.00,930.00,0,593980
2019-01-25 09:29:00,930.00,930.00,930.00,930.00,0,593980
2019-01-25 09:30:00,930.00,963.10,930.00,962.00,1020,593960
2019-01-25 09:31:00,962.00,962.00,962.00,962.00,0,593960
2019-01-25 09:32:00,962.00,962.00,949.00,950.00,320,593960
2019-01-25 09:33:00,950.00,951.30,950.00,951.30,40,593560
2019-01-25 09:34:00,951.30,951.30,945.00,945.00,20,593560
2019-01-25 09:35:00,945.00,945.00,945.00,945.00,0,593560
2019-01-25 09:36:00,945.00,945.00,937.65,937.65,40,593140
2019-01-25 09:37:00,937.65,937.65,937.65,937.65,0,593140
2019-01-25 09:38:00,937.65,937.65,937.65,937.65,0,593140
2019-01-25 09:39:00,937.65,937.65,937.65,937.65,0,593140
2019-01-25 09:40:00,937.65,937.65,937.65,937.65,0,593140
2019-01-25 09:41:00,937.65,937.65,937.65,937.65,0,593140
2019-01-25 09:42:00,937.65,940.05,937.65,940.00,80,593140
2019-01-25 09:43:00,940.00,940.00,940.00,940.00,760,593100
2019-01-25 09:44:00,940.00,940.00,934.10,934.10,20,593100
2019-01-25 09:45:00,934.10,934.10,934.10,934.10,0,592660
2019-01-25 09:46:00,934.10,935.00,934.10,935.00,20,592660
2019-01-25 09:47:00,935.00,935.00,935.00,935.00,0,592660
2019-01-25 09:48:00,935.00,935.00,935.00,935.00,0,592660
2019-01-25 09:49:00,935.00,935.00,935.00,935.00,0,592660
2019-01-25 09:50:00,935.00,935.00,935.00,935.00,0,592660
2019-01-25 09:51:00,935.00,935.00,935.00,935.00,0,592660
2019-01-25 09:52:00,935.00,935.00,935.00,935.00,0,592660
2019-01-25 09:53:00,935.00,935.00,935.00,935.00,0,592660
2019-01-25 09:54:00,935.00,935.00,934.00,934.00,40,592660
2019-01-25 09:55:00,934.00,934.00,934.00,934.00,0,592660
2019-01-25 09:56:00,934.00,934.00,934.00,934.00,0,592660
2019-01-25 09:57:00,934.00,934.00,934.00,934.00,0,592660
2019-01-25 09:58:00,934.00,934.00,934.00,934.00,0,592660
2019-01-25 09:59:00,934.00,934.00,934.00,934.00,0,592660
2019-01-25 10:00:00,934.00,934.00,934.00,934.00,0,592660
2019-01-25 10:01:00,934.00,934.00,934.00,934.00,0,592660
2019-01-25 10:02:00,934.00,949.90,934.00,949.90,200,592660
2019-01-25 10:03:00,949.90,949.90,949.90,949.90,0,592660
2019-01-25 10:04:00,949.90,949.90,949.90,949.90,0,592660
2019-01-25 10:05:00,949.90,949.90,949.90,949.90,0,592660
2019-01-25 10:06:00,949.90,949.90,948.60,948.60,20,592780
2019-01-25 10:07:00,948.60,948.60,948.60,948.60,0,592780
2019-01-25 10:08:00,948.60,948.60,948.60,948.60,0,592780
2019-01-25 10:09:00,948.60,948.60,948.60,948.60,0,592780
2019-01-25 10:10:00,948.60,948.60,948.60,948.60,0,592780
2019-01-25 10:11:00,948.60,948.60,948.60,948.60,0,592780
2019-01-25 10:12:00,948.60,948.60,948.60,948.60,0,592780
2019-01-25 10:13:00,948.60,948.60,948.60,948.60,0,592780
2019-01-25 10:14:00,948.60,948.60,948.60,948.60,0,592780
2019-01-25 10:15:00,948.60,948.60,932.00,932.00,20,592780
2019-01-25 10:16:00,932.00,932.00,932.00,932.00,0,592780
2019-01-25 10:17:00,932.00,932.00,932.00,932.00,0,592780
2019-01-25 10:18:00,932.00,932.00,932.00,932.00,0,592780
2019-01-25 10:19:00,932.00,932.00,932.00,932.00,0,592780
2019-01-25 10:20:00,932.00,932.00,932.00,932.00,0,592780
2019-01-25 10:21:00,932.00,932.00,932.00,932.00,0,592780
2019-01-25 10:22:00,932.00,932.00,932.00,932.00,0,592780
2019-01-25 10:23:00,932.00,932.00,932.00,932.00,0,592780
2019-01-25 10:24:00,932.00,932.00,932.00,932.00,0,592780
2019-01-25 10:25:00,932.00,932.00,932.00,932.00,0,592780
2019-01-25 10:26:00,932.00,932.00,932.00,932.00,0,592780
2019-01-25 10:27:00,932.00,932.00,932.00,932.00,0,592780
2019-01-25 10:28:00,932.00,932.00,925.00,925.00,20,592780
2019-01-25 10:29:00,925.00,925.00,925.00,925.00,0,592780
2019-01-25 10:30:00,925.00,925.00,925.00,925.00,0,592780
2019-01-25 10:31:00,925.00,925.00,925.00,925.00,0,592780
2019-01-25 10:32:00,925.00,925.00,918.80,920.55,40,592780
2019-01-25 10:33:00,920.55,920.55,920.55,920.55,0,592760
2019-01-25 10:34:00,920.55,920.55,920.55,920.55,0,592760
2019-01-25 10:35:00,920.55,920.55,920.55,920.55,0,592760
2019-01-25 10:36:00,920.55,920.55,920.55,920.55,0,592760
2019-01-25 10:37:00,920.55,920.55,920.55,920.55,0,592760
2019-01-25 10:38:00,920.55,925.00,920.55,925.00,20,592720
2019-01-25 10:39:00,925.00,925.00,925.00,925.00,0,592720
2019-01-25 10:40:00,925.00,925.00,925.00,925.00,0,592720
2019-01-25 10:41:00,925.00,925.00,925.00,925.00,80,592700
2019-01-25 10:42:00,925.00,925.00,925.00,925.00,0,592700
2019-01-25 10:43:00,925.00,925.00,925.00,925.00,0,592700
2019-01-25 10:44:00,925.00,925.00,925.00,925.00,0,592700
2019-01-25 10:45:00,925.00,927.00,925.00,927.00,20,592680
2019-01-25 10:46:00,927.00,927.00,927.00,927.00,0,592680
2019-01-25 10:47:00,927.00,927.00,927.00,927.00,0,592680
2019-01-25 10:48:00,927.00,927.00,927.00,927.00,0,592680
2019-01-25 10:49:00,927.00,927.00,927.00,927.00,0,592680
2019-01-25 10:50:00,927.00,927.00,927.00,927.00,0,592680
2019-01-25 10:51:00,927.00,927.00,927.00,927.00,0,592680
2019-01-25 10:52:00,927.00,927.00,927.00,927.00,0,592680
2019-01-25 10:53:00,927.00,928.10,927.00,928.10,20,592680
2019-01-25 10:54:00,928.10,928.10,928.10,928.10,0,592680
2019-01-25 10:55:00,928.10,928.10,928.10,928.10,0,592680
2019-01-25 10:56:00,928.10,928.90,928.10,928.90,20,592680
2019-01-25 10:57:00,928.90,928.90,928.90,928.90,0,592660
2019-01-25 10:58:00,928.90,928.90,928.90,928.90,0,592660
2019-01-25 10:59:00,928.90,928.90,928.90,928.90,0,592660
2019-01-25 11:00:00,928.90,928.90,928.90,928.90,0,592660
2019-01-25 11:01:00,928.90,928.90,928.90,928.90,0,592660
2019-01-25 11:02:00,928.90,928.90,928.90,928.90,0,592660
2019-01-25 11:03:00,928.90,928.90,928.90,928.90,0,592660
2019-01-25 11:04:00,928.90,928.90,928.90,928.90,0,592660
2019-01-25 11:05:00,928.90,928.90,928.90,928.90,0,592660
2019-01-25 11:06:00,928.90,928.90,928.90,928.90,0,592660
2019-01-25 11:07:00,928.90,928.90,925.00,925.00,40,592640
2019-01-25 11:08:00,925.00,925.00,925.00,925.00,0,592640
2019-01-25 11:09:00,925.00,925.00,925.00,925.00,0,592640
2019-01-25 11:10:00,925.00,925.00,925.00,925.00,0,592640
2019-01-25 11:11:00,925.00,925.00,919.40,919.40,20,592640
2019-01-25 11:12:00,919.40,925.00,919.40,925.00,40,592640
2019-01-25 11:13:00,925.00,925.00,925.00,925.00,0,592640
2019-01-25 11:14:00,925.00,925.00,925.00,925.00,0,592640
2019-01-25 11:15:00,925.00,925.00,919.40,919.40,60,592640
2019-01-25 11:16:00,919.40,919.40,919.40,919.40,0,592600
2019-01-25 11:17:00,919.40,919.40,919.40,919.40,0,592600
2019-01-25 11:18:00,919.40,919.40,911.00,911.00,20,592600
2019-01-25 11:19:00,911.00,911.00,911.00,911.00,0,592600
2019-01-25 11:20:00,911.00,911.00,906.00,906.00,20,592620
2019-01-25 11:21:00,906.00,906.00,906.00,906.00,0,592620
2019-01-25 11:22:00,906.00,906.00,906.00,906.00,0,592620
2019-01-25 11:23:00,906.00,906.00,906.00,906.00,0,592620
2019-01-25 11:24:00,906.00,906.00,906.00,906.00,0,592620
2019-01-25 11:25:00,906.00,906.00,896.00,896.00,40,592620
2019-01-25 11:26:00,896.00,896.00,896.00,896.00,0,592620
2019-01-25 11:27:00,896.00,896.00,896.00,896.00,0,592620
2019-01-25 11:28:00,896.00,896.00,896.00,896.00,0,592620
2019-01-25 11:29:00,896.00,896.00,896.00,896.00,0,592620
2019-01-25 11:30:00,896.00,907.00,896.00,907.00,20,592640
2019-01-25 11:31:00,907.00,907.00,904.00,904.00,20,592640
2019-01-25 11:32:00,904.00,904.00,904.00,904.00,0,592640
2019-01-25 11:33:00,904.00,905.00,902.00,902.00,60,592640
2019-01-25 11:34:00,902.00,903.00,900.00,900.00,40,592640
2019-01-25 11:35:00,900.00,900.00,900.00,900.00,20,592640
2019-01-25 11:36:00,900.00,900.00,900.00,900.00,0,592640
2019-01-25 11:37:00,900.00,900.00,900.00,900.00,0,592640
2019-01-25 11:38:00,900.00,900.00,900.00,900.00,0,592640
2019-01-25 11:39:00,900.00,907.90,900.00,907.90,20,592720
2019-01-25 11:40:00,907.90,913.00,907.90,913.00,20,592720
2019-01-25 11:41:00,913.00,915.35,912.00,912.00,60,592760
2019-01-25 11:42:00,912.00,912.00,912.00,912.00,0,592760
2019-01-25 11:43:00,912.00,917.00,912.00,917.00,60,592760
2019-01-25 11:44:00,917.00,917.00,917.00,917.00,0,592760
2019-01-25 11:45:00,917.00,917.00,917.00,917.00,0,592760
2019-01-25 11:46:00,917.00,917.00,912.00,912.00,20,592760
2019-01-25 11:47:00,912.00,912.00,912.00,912.00,0,592760
2019-01-25 11:48:00,912.00,912.00,912.00,912.00,0,592760
2019-01-25 11:49:00,912.00,912.00,912.00,912.00,0,592760
2019-01-25 11:50:00,912.00,912.00,912.00,912.00,0,592760
2019-01-25 11:51:00,912.00,912.00,912.00,912.00,0,592760
2019-01-25 11:52:00,912.00,920.00,912.00,920.00,20,592760
2019-01-25 11:53:00,920.00,920.00,920.00,920.00,0,592760
2019-01-25 11:54:00,920.00,920.00,920.00,920.00,0,592760
2019-01-25 11:55:00,920.00,920.00,920.00,920.00,0,592760
2019-01-25 11:56:00,920.00,920.00,920.00,920.00,0,592760
2019-01-25 11:57:00,920.00,920.00,920.00,920.00,0,592760
2019-01-25 11:58:00,920.00,920.00,920.00,920.00,0,592760
2019-01-25 11:59:00,920.00,920.00,920.00,920.00,0,592760
2019-01-25 12:00:00,920.00,920.00,909.00,909.00,0,592740
2019-01-25 12:01:00,909.00,909.00,909.00,909.00,0,592740
2019-01-25 12:02:00,909.00,909.00,909.00,909.00,0,592740
2019-01-25 12:03:00,909.00,909.00,909.00,909.00,0,592740
2019-01-25 12:04:00,909.00,909.00,909.00,909.00,0,592740
2019-01-25 12:05:00,909.00,909.00,909.00,909.00,0,592740
2019-01-25 12:06:00,909.00,909.00,909.00,909.00,0,592740
2019-01-25 12:07:00,909.00,909.00,909.00,909.00,0,592740
2019-01-25 12:08:00,909.00,909.00,909.00,909.00,0,592740
2019-01-25 12:09:00,909.00,909.00,909.00,909.00,0,592740
2019-01-25 12:10:00,909.00,909.00,909.00,909.00,0,592740
2019-01-25 12:11:00,909.00,909.00,909.00,909.00,0,592740
2019-01-25 12:12:00,909.00,914.00,909.00,914.00,20,592760
2019-01-25 12:13:00,914.00,914.00,914.00,914.00,0,592760
2019-01-25 12:14:00,914.00,914.00,914.00,914.00,0,592760
2019-01-25 12:15:00,914.00,914.00,909.00,909.00,20,0
2019-01-25 12:16:00,909.00,909.00,909.00,909.00,0,0
2019-01-25 12:17:00,909.00,909.00,909.00,909.00,0,0
2019-01-25 12:18:00,909.00,909.00,909.00,909.00,0,0
2019-01-25 12:19:00,909.00,909.00,909.00,909.00,0,0
2019-01-25 12:20:00,909.00,909.00,909.00,909.00,0,0
2019-01-25 12:21:00,909.00,909.00,909.00,909.00,0,0
2019-01-25 12:22:00,909.00,909.00,909.00,909.00,0,0
2019-01-25 12:23:00,909.00,909.00,909.00,909.00,0,0
2019-01-25 12:24:00,909.00,909.00,880.25,880.25,200,592780
2019-01-25 12:25:00,880.25,884.00,876.75,884.00,40,592780
2019-01-25 12:26:00,884.00,890.45,884.00,890.45,20,592780
2019-01-25 12:27:00,890.45,890.45,890.45,890.45,0,592780
2019-01-25 12:28:00,890.45,890.45,890.45,890.45,0,592780
2019-01-25 12:29:00,890.45,894.50,890.45,894.50,40,592780
2019-01-25 12:30:00,894.50,894.50,894.50,894.50,0,592780
2019-01-25 12:31:00,894.50,894.50,894.50,894.50,0,592780
2019-01-25 12:32:00,894.50,894.50,894.50,894.50,0,592780
2019-01-25 12:33:00,894.50,894.50,894.50,894.50,0,592780
2019-01-25 12:34:00,894.50,894.50,894.50,894.50,0,592780
2019-01-25 12:35:00,894.50,894.50,894.50,894.50,0,592780
2019-01-25 12:36:00,894.50,894.50,894.50,894.50,0,592780
2019-01-25 12:37:00,894.50,894.50,894.50,894.50,0,592780
2019-01-25 12:38:00,894.50,894.50,894.50,894.50,0,592780
2019-01-25 12:39:00,894.50,894.50,894.50,894.50,0,592780
2019-01-25 12:40:00,894.50,894.50,894.50,894.50,0,592780
2019-01-25 12:41:00,894.50,894.50,894.50,894.50,0,592780
2019-01-25 12:42:00,894.50,894.50,894.50,894.50,0,592780
2019-01-25 12:43:00,894.50,894.50,894.50,894.50,0,592780
2019-01-25 12:44:00,894.50,894.50,894.50,894.50,0,592780
2019-01-25 12:45:00,894.50,894.50,894.50,894.50,0,592780
2019-01-25 12:46:00,894.50,894.50,894.50,894.50,0,592780
2019-01-25 12:47:00,894.50,894.50,894.50,894.50,0,592780
2019-01-25 12:48:00,894.50,894.50,894.50,894.50,0,592780
2019-01-25 12:49:00,894.50,894.50,894.50,894.50,0,592780
2019-01-25 12:50:00,894.50,894.50,894.50,894.50,0,592780
2019-01-25 12:51:00,894.50,894.50,894.50,894.50,0,592780
2019-01-25 12:52:00,894.50,894.50,894.50,894.50,0,592780
2019-01-25 12:53:00,894.50,894.50,894.50,894.50,0,592780
2019-01-25 12:54:00,894.50,920.00,894.50,920.00,20,592740
2019-01-25 12:55:00,920.00,920.00,920.00,920.00,0,592740
2019-01-25 12:56:00,920.00,920.00,920.00,920.00,0,592740
2019-01-25 12:57:00,920.00,920.00,920.00,920.00,0,592740
2019-01-25 12:58:00,920.00,920.00,920.00,920.00,0,592740
2019-01-25 12:59:00,920.00,920.00,920.00,920.00,20,592740
2019-01-25 13:00:00,920.00,920.00,920.00,920.00,0,592740
2019-01-25 13:01:00,920.00,920.00,920.00,920.00,0,592740
2019-01-25 13:02:00,920.00,920.00,920.00,920.00,0,592740
2019-01-25 13:03:00,920.00,920.00,920.00,920.00,0,592740
2019-01-25 13:04:00,920.00,920.00,920.00,920.00,0,592740
2019-01-25 13:05:00,920.00,920.00,920.00,920.00,0,592740
2019-01-25 13:06:00,920.00,920.00,920.00,920.00,0,592740
2019-01-25 13:07:00,920.00,920.00,920.00,920.00,0,592740
2019-01-25 13:08:00,920.00,920.00,920.00,920.00,0,592740
2019-01-25 13:09:00,920.00,920.00,920.00,920.00,0,592740
2019-01-25 13:10:00,920.00,920.00,920.00,920.00,0,592740
2019-01-25 13:11:00,920.00,920.00,920.00,920.00,0,592740
2019-01-25 13:12:00,920.00,920.00,920.00,920.00,0,592740
2019-01-25 13:13:00,920.00,920.00,920.00,920.00,0,592740
2019-01-25 13:14:00,920.00,920.00,920.00,920.00,0,592740
2019-01-25 13:15:00,910.20,920.00,906.75,906.75,1840,592740
2019-01-25 13:16:00,906.75,907.00,898.60,902.45,620,592740
2019-01-25 13:17:00,902.35,902.35,902.35,902.35,0,592740
2019-01-25 13:18:00,902.35,902.35,899.45,902.25,120,592080
2019-01-25 13:19:00,902.25,902.25,898.00,901.85,220,592080
2019-01-25 13:20:00,902.00,902.35,894.05,894.85,920,592080
2019-01-25 13:21:00,893.45,893.45,887.65,890.90,1020,591420
2019-01-25 13:22:00,890.90,894.30,890.90,894.30,140,591420
2019-01-25 13:23:00,894.30,894.30,894.30,894.30,0,591420
2019-01-25 13:24:00,894.30,895.45,894.30,895.45,140,591260
2019-01-25 13:25:00,895.45,895.45,893.90,893.90,40,591260
2019-01-25 13:26:00,893.90,893.90,887.85,887.85,40,591260
2019-01-25 13:27:00,887.85,887.85,887.85,887.85,0,590660
2019-01-25 13:28:00,887.85,887.85,887.85,887.85,0,590660
2019-01-25 13:29:00,887.85,887.85,887.85,887.85,0,590660
2019-01-25 13:30:00,887.85,908.90,887.85,908.90,20,590660
2019-01-25 13:31:00,908.90,908.90,908.90,908.90,0,590640
2019-01-25 13:32:00,908.90,908.90,908.90,908.90,0,590640
2019-01-25 13:33:00,908.90,908.90,908.90,908.90,0,590640
2019-01-25 13:34:00,908.90,908.90,864.90,878.85,100,590320
2019-01-25 13:35:00,878.85,879.95,873.00,879.95,100,590320
2019-01-25 13:36:00,879.95,879.95,869.10,869.10,40,590220
2019-01-25 13:37:00,866.00,869.80,866.00,869.80,140,590220
2019-01-25 13:38:00,874.60,874.60,870.00,870.00,20,590220
2019-01-25 13:39:00,870.00,870.00,867.30,868.80,500,590120
2019-01-25 13:40:00,868.80,879.40,868.80,879.40,20,590120
2019-01-25 13:41:00,879.40,879.40,879.40,879.40,0,590120
2019-01-25 13:42:00,879.40,884.00,875.00,875.00,300,590000
2019-01-25 13:43:00,875.00,875.00,865.00,865.00,20,590000
2019-01-25 13:44:00,865.00,865.00,821.60,824.00,340,590000
2019-01-25 13:45:00,824.00,831.05,813.40,831.05,560,589740
2019-01-25 13:46:00,831.05,836.60,831.05,836.60,60,589740
2019-01-25 13:47:00,836.60,836.60,836.60,836.60,0,589740
2019-01-25 13:48:00,836.60,836.60,836.60,836.60,0,589740
2019-01-25 13:49:00,836.60,836.60,836.60,836.60,0,589740
2019-01-25 13:50:00,836.60,836.60,836.60,836.60,0,589740
2019-01-25 13:51:00,836.60,843.15,836.60,843.15,140,589240
2019-01-25 13:52:00,843.15,856.70,843.15,856.55,80,589240
2019-01-25 13:53:00,856.55,856.55,847.35,848.25,100,589240
2019-01-25 13:54:00,847.20,849.50,847.20,849.45,200,588960
2019-01-25 13:55:00,849.45,849.45,846.20,846.20,40,588960
2019-01-25 13:56:00,846.20,849.00,840.70,844.00,200,588960
2019-01-25 13:57:00,844.00,844.00,844.00,844.00,0,588440
2019-01-25 13:58:00,844.00,844.00,830.80,830.80,40,588440
2019-01-25 13:59:00,830.80,830.80,830.00,830.00,60,588440
2019-01-25 14:00:00,830.00,830.00,830.00,830.00,80,588380
2019-01-25 14:01:00,830.00,830.00,820.00,820.00,1040,588380
2019-01-25 14:02:00,820.00,820.00,805.00,818.35,3340,588380
2019-01-25 14:03:00,818.35,832.60,818.35,832.60,240,587480
2019-01-25 14:04:00,832.60,832.60,832.60,832.60,0,587480
2019-01-25 14:05:00,832.60,832.60,805.00,808.00,1360,587480
2019-01-25 14:06:00,808.00,808.00,793.10,794.50,3120,587100
2019-01-25 14:07:00,794.50,796.00,794.50,796.00,280,587100
2019-01-25 14:08:00,796.00,796.00,770.00,783.60,5460,587100
2019-01-25 14:09:00,783.60,783.60,765.00,765.00,1620,581460
2019-01-25 14:10:00,765.00,778.65,760.00,760.00,2360,581460
2019-01-25 14:11:00,755.00,765.00,745.00,756.50,5660,581460
2019-01-25 14:12:00,760.90,768.40,760.90,763.00,180,575360
2019-01-25 14:13:00,763.00,784.65,763.00,772.00,200,575360
2019-01-25 14:14:00,772.00,772.00,770.00,770.00,20,575360
2019-01-25 14:15:00,770.00,770.40,760.00,768.85,1160,574540
2019-01-25 14:16:00,768.85,776.95,765.00,765.00,980,574540
2019-01-25 14:17:00,765.00,770.10,765.00,768.35,820,574540
2019-01-25 14:18:00,765.00,765.00,700.00,740.05,14960,571860
2019-01-25 14:19:00,724.30,747.20,714.35,726.00,2240,571860
2019-01-25 14:20:00,726.00,738.80,714.50,730.85,220,571860
2019-01-25 14:21:00,730.85,751.15,730.85,745.10,140,562380
2019-01-25 14:22:00,745.10,745.10,721.60,731.55,720,562380
2019-01-25 14:23:00,731.55,757.00,731.55,757.00,120,562380
2019-01-25 14:24:00,757.00,757.00,748.85,748.85,40,557840
2019-01-25 14:25:00,748.85,769.40,748.85,769.40,420,557840
2019-01-25 14:26:00,769.40,773.80,764.75,770.15,260,557840
2019-01-25 14:27:00,770.15,770.15,770.15,770.15,0,557200
2019-01-25 14:28:00,770.15,770.15,769.45,769.45,20,557200
2019-01-25 14:29:00,749.05,753.80,749.05,753.80,40,557200
2019-01-25 14:30:00,753.80,754.45,753.80,754.45,180,556980
2019-01-25 14:31:00,754.45,773.15,754.45,773.15,160,556980
2019-01-25 14:32:00,773.15,773.15,773.15,773.15,0,556980
2019-01-25 14:33:00,773.15,773.15,755.65,760.70,60,556640
2019-01-25 14:34:00,760.70,760.70,741.15,745.65,260,556640
2019-01-25 14:35:00,745.65,745.65,738.35,738.35,60,556640
2019-01-25 14:36:00,738.35,738.45,733.90,738.45,120,556280
2019-01-25 14:37:00,738.45,738.45,727.30,727.30,140,556280
2019-01-25 14:38:00,727.30,760.10,727.30,760.10,40,556280
2019-01-25 14:39:00,760.10,760.50,760.10,760.50,20,556020
2019-01-25 14:40:00,760.50,799.05,760.50,798.90,160,556020
2019-01-25 14:41:00,798.90,800.00,798.90,800.00,40,556020
2019-01-25 14:42:00,800.00,800.00,784.35,785.80,280,555940
2019-01-25 14:43:00,785.80,785.80,785.80,785.80,0,555940
2019-01-25 14:44:00,785.80,785.80,753.20,756.05,160,555940
2019-01-25 14:45:00,756.05,756.05,740.00,740.00,760,555640
2019-01-25 14:46:00,740.00,757.65,740.00,757.65,100,555640
2019-01-25 14:47:00,757.65,757.65,743.95,748.45,680,555640
2019-01-25 14:48:00,748.45,748.45,739.20,739.55,600,554900
2019-01-25 14:49:00,739.55,739.55,715.00,725.00,2100,554900
2019-01-25 14:50:00,725.00,726.45,720.00,720.00,200,554900
2019-01-25 14:51:00,720.00,747.30,720.00,726.30,120,554900
2019-01-25 14:52:00,726.30,729.30,720.00,720.00,60,552780
2019-01-25 14:53:00,720.00,729.05,720.00,729.05,320,552780
2019-01-25 14:54:00,729.05,731.30,720.00,731.30,260,553680
2019-01-25 14:55:00,731.30,731.30,729.15,729.15,160,553680
2019-01-25 14:56:00,729.15,729.15,720.00,725.50,3180,553680
2019-01-25 14:57:00,725.50,725.50,685.00,685.00,5320,553440
2019-01-25 14:58:00,685.00,685.00,670.00,670.00,4380,553440
2019-01-25 14:59:00,685.00,691.55,672.75,680.10,1260,553440
2019-01-25 15:00:00,680.10,680.10,640.00,640.00,5460,547680
2019-01-25 15:01:00,640.00,660.20,635.00,648.90,1880,547680
2019-01-25 15:02:00,648.90,654.15,625.00,625.00,1700,547680
2019-01-25 15:03:00,625.00,647.35,625.00,644.20,1040,543980
2019-01-25 15:04:00,638.85,652.20,634.05,646.20,1700,543980
2019-01-25 15:05:00,648.15,668.75,647.25,662.05,360,543980
2019-01-25 15:06:00,662.05,707.05,662.05,704.40,1240,542400
2019-01-25 15:07:00,704.40,704.40,679.00,695.00,200,542400
2019-01-25 15:08:00,695.00,706.30,689.25,706.30,60,542400
2019-01-25 15:09:00,706.30,706.30,687.30,696.25,180,540340
2019-01-25 15:10:00,696.25,696.25,690.00,690.00,40,540340
2019-01-25 15:11:00,690.00,690.00,690.00,690.00,0,540340
2019-01-25 15:12:00,690.00,690.00,662.95,662.95,120,540240
2019-01-25 15:13:00,662.95,663.20,652.85,652.85,100,540240
2019-01-25 15:14:00,652.85,652.85,646.95,646.95,120,540240
2019-01-25 15:15:00,646.95,664.60,646.95,664.60,80,539300
2019-01-25 15:16:00,664.60,664.60,657.65,657.65,20,539300
2019-01-25 15:17:00,657.65,657.65,657.65,657.65,0,539300
2019-01-25 15:18:00,657.65,675.00,657.65,675.00,140,539220
2019-01-25 15:19:00,675.00,693.10,675.00,690.65,60,539220
2019-01-25 15:20:00,690.65,694.90,683.00,683.00,100,539220
2019-01-25 15:21:00,683.00,683.00,674.40,680.75,380,539120
2019-01-25 15:22:00,680.55,691.80,678.65,691.55,1200,539120
2019-01-25 15:23:00,685.70,685.70,678.00,678.00,20,539120
2019-01-25 15:24:00,678.00,678.00,665.60,665.60,100,537560
2019-01-25 15:25:00,665.60,667.55,665.00,665.00,140,537560
2019-01-25 15:26:00,665.00,679.10,665.00,672.00,120,537560
2019-01-25 15:27:00,672.00,676.30,670.65,670.65,60,537400
2019-01-25 15:28:00,670.65,683.90,670.65,679.35,2820,537400
2019-01-25 15:29:01,679.35,680.55,669.80,669.80,320,539460
2019-01-28 09:18:00,609.75,608.05,582.00,608.05,40,538880
2019-01-28 09:19:00,608.05,623.40,608.05,623.40,880,538880
2019-01-28 09:20:00,623.40,637.60,608.05,637.60,2380,538160
2019-01-28 09:21:00,643.15,649.10,639.70,649.10,120,538160
2019-01-28 09:22:00,649.10,672.90,649.10,666.65,440,538160
2019-01-28 09:23:00,666.65,686.35,666.65,679.70,360,539060
2019-01-28 09:24:00,679.70,679.70,664.15,671.40,220,539060
2019-01-28 09:25:00,671.40,671.40,663.10,663.10,20,539060
2019-01-28 09:26:00,663.10,663.10,663.10,663.10,0,539060
2019-01-28 09:27:00,663.10,663.10,642.00,642.00,2600,538480
2019-01-28 09:28:00,642.00,644.65,635.00,642.00,260,538480
2019-01-28 09:29:00,642.00,644.20,635.00,635.00,1140,538480
2019-01-28 09:30:00,635.00,635.00,610.00,620.60,4300,537780
2019-01-28 09:31:00,620.60,620.60,595.00,600.05,4920,537780
2019-01-28 09:32:00,600.05,603.85,597.00,597.00,100,534260
2019-01-28 09:33:00,597.00,610.20,597.00,610.20,180,534260
2019-01-28 09:34:00,610.20,610.20,577.20,583.15,4260,534260
2019-01-28 09:35:00,582.70,589.00,573.55,583.50,3880,528200
2019-01-28 09:36:00,585.35,588.30,567.00,569.90,2820,528200
2019-01-28 09:37:00,569.90,573.25,562.00,562.00,2360,528200
2019-01-28 09:38:00,562.00,562.00,545.00,547.00,1800,523620
2019-01-28 09:39:00,547.00,547.00,532.65,532.65,2860,523620
2019-01-28 09:40:00,532.65,532.65,510.00,514.30,3220,523620
2019-01-28 09:41:00,514.30,550.00,514.30,539.60,1900,516980
2019-01-28 09:42:00,539.60,556.40,530.00,550.00,2280,516980
2019-01-28 09:43:00,550.00,555.00,545.00,555.00,860,516980
2019-01-28 09:44:00,555.00,555.00,533.20,535.00,3500,514480
2019-01-28 09:45:00,535.00,536.05,529.80,532.10,1740,514480
2019-01-28 09:46:00,532.10,534.90,523.95,528.00,2400,514480
2019-01-28 09:47:00,524.00,524.20,512.00,517.20,3960,506900
2019-01-28 09:48:00,517.20,523.15,510.00,510.00,2380,506900
2019-01-28 09:49:00,510.00,515.35,487.95,487.95,2200,506900
2019-01-28 09:50:00,487.95,491.15,480.15,485.00,1560,506900
2019-01-28 09:51:00,485.00,485.00,472.00,482.35,820,502340
2019-01-28 09:52:00,490.15,490.65,474.50,474.50,1800,502340
2019-01-28 09:53:00,474.00,481.20,470.00,473.20,3780,500380
2019-01-28 09:54:00,477.20,494.35,470.70,493.70,420,500380
2019-01-28 09:55:00,493.70,507.75,493.00,507.75,760,500380
2019-01-28 09:56:00,507.75,511.00,504.00,504.00,280,500260
2019-01-28 09:57:00,504.00,504.00,501.00,501.00,60,500260
2019-01-28 09:58:00,501.00,502.50,500.00,502.50,1100,500260
2019-01-28 09:59:00,502.50,505.05,496.00,498.55,1100,499620
2019-01-28 10:00:00,498.55,506.95,492.00,492.00,1960,499620
2019-01-28 10:01:00,492.00,506.70,492.00,506.70,1480,499620
2019-01-28 10:02:00,500.00,500.00,495.00,497.45,1680,497800
2019-01-28 10:03:00,497.45,506.90,495.00,497.40,3120,497800
2019-01-28 10:04:00,499.50,503.15,493.70,494.00,3420,497800
2019-01-28 10:05:00,494.00,501.70,488.25,501.70,1760,493540
2019-01-28 10:06:00,501.70,504.00,494.80,494.80,1660,493540
2019-01-28 10:07:00,497.80,497.80,493.05,493.05,1820,493540
2019-01-28 10:08:00,495.20,500.00,490.00,500.00,1340,491700
2019-01-28 10:09:00,500.00,500.00,488.00,497.40,440,491700
2019-01-28 10:10:00,497.40,507.50,494.00,507.50,880,491700
2019-01-28 10:11:00,507.50,515.00,507.50,512.10,1020,491060
2019-01-28 10:12:00,512.10,512.10,497.30,504.45,500,491060
2019-01-28 10:13:00,504.45,504.45,500.00,502.65,440,491060
2019-01-28 10:14:00,502.65,502.65,490.00,490.00,560,491240
2019-01-28 10:15:00,490.00,490.00,488.00,488.00,1100,491240
2019-01-28 10:16:00,488.00,493.00,488.00,488.00,1080,491240
2019-01-28 10:17:00,488.00,488.00,480.00,480.40,2460,488920
2019-01-28 10:18:00,480.40,480.40,474.75,476.00,1120,488920
2019-01-28 10:19:00,476.00,487.85,475.00,487.85,540,488920
2019-01-28 10:20:00,487.85,487.85,482.95,485.00,220,488920
2019-01-28 10:21:00,485.00,490.00,485.00,485.45,400,488000
2019-01-28 10:22:00,485.45,489.85,485.00,485.00,1280,488000
2019-01-28 10:23:00,485.00,495.00,485.00,492.80,380,488000
2019-01-28 10:24:00,490.30,496.70,490.30,496.70,340,486840
2019-01-28 10:25:00,496.20,502.85,496.20,497.45,300,486840
2019-01-28 10:26:00,497.45,503.55,494.50,501.20,360,486840
2019-01-28 10:27:00,501.20,502.50,499.75,499.75,80,486120
2019-01-28 10:28:00,499.75,499.75,493.45,497.10,120,486120
2019-01-28 10:29:00,497.10,499.00,495.00,499.00,1320,485640
2019-01-28 10:30:00,499.00,499.00,488.90,488.95,1540,485640
2019-01-28 10:31:00,488.95,491.80,487.60,488.75,100,485640
2019-01-28 10:32:00,488.75,489.90,488.75,489.90,20,485640
2019-01-28 10:33:00,489.90,489.90,479.95,484.55,1780,485720
2019-01-28 10:34:00,484.55,484.55,472.50,481.20,2300,485720
2019-01-28 10:35:00,483.40,483.40,475.00,481.85,900,485260
2019-01-28 10:36:00,481.85,481.85,479.75,480.00,140,485260
2019-01-28 10:37:00,480.00,480.00,466.55,466.55,700,485260
2019-01-28 10:38:00,466.55,469.15,450.00,461.80,1700,485060
2019-01-28 10:39:00,459.30,464.30,456.85,463.95,1640,485060
2019-01-28 10:40:00,460.00,472.80,460.00,470.00,880,485060
2019-01-28 10:41:00,472.25,475.90,468.30,472.00,1340,484560
2019-01-28 10:42:00,472.00,481.10,472.00,476.90,1620,484560
2019-01-28 10:43:00,476.90,480.00,475.00,480.00,340,484560
2019-01-28 10:44:00,480.00,484.15,479.10,479.10,140,484560
2019-01-28 10:45:00,479.10,479.90,475.00,475.00,140,483480
2019-01-28 10:46:00,475.00,485.90,475.00,485.90,580,483480
2019-01-28 10:47:00,485.90,489.30,485.00,485.00,120,482880
2019-01-28 10:48:00,485.00,492.00,485.00,492.00,480,482880
2019-01-28 10:49:00,497.60,497.60,490.90,491.60,820,482880
2019-01-28 10:50:00,491.60,495.80,485.25,495.00,680,482880
2019-01-28 10:51:00,495.00,501.05,493.55,497.00,800,482840
2019-01-28 10:52:00,497.00,497.00,487.25,490.00,360,482840
2019-01-28 10:53:00,490.00,492.70,478.00,482.00,1260,483380
2019-01-28 10:54:00,482.25,485.55,480.50,485.55,1020,483380
2019-01-28 10:55:00,485.55,485.55,478.20,478.20,1060,483380
2019-01-28 10:56:00,478.20,482.20,478.20,482.20,120,483380
2019-01-28 10:57:00,482.20,483.40,482.00,483.40,1040,482180
2019-01-28 10:58:00,483.40,485.95,480.00,485.95,1180,482180
2019-01-28 10:59:00,485.95,485.95,480.00,480.00,320,482180
2019-01-28 11:00:00,480.00,488.90,480.00,487.25,220,481200
2019-01-28 11:01:00,487.25,492.00,485.00,489.65,620,481200
2019-01-28 11:02:00,489.65,489.65,485.00,486.90,740,480900
2019-01-28 11:03:00,486.90,492.00,486.90,489.45,40,480900
2019-01-28 11:04:00,489.45,489.45,485.00,485.00,2820,480900
2019-01-28 11:05:00,485.00,485.00,481.05,482.00,1100,480180
2019-01-28 11:06:00,482.00,485.00,480.25,485.00,120,480180
2019-01-28 11:07:00,485.00,485.00,476.55,476.55,1180,480180
2019-01-28 11:08:00,476.55,480.00,476.55,480.00,80,478920
2019-01-28 11:09:00,480.00,486.10,479.50,479.50,80,478920
2019-01-28 11:10:00,479.50,480.40,479.00,479.00,1300,478920
2019-01-28 11:11:00,479.00,479.00,473.65,474.00,2080,477620
2019-01-28 11:12:00,474.00,474.00,468.00,468.00,3060,477620
2019-01-28 11:13:00,468.00,468.00,462.20,465.15,1940,477620
2019-01-28 11:14:00,465.15,465.15,460.00,460.00,2460,475160
2019-01-28 11:15:00,460.00,460.00,405.60,433.00,10560,475160
2019-01-28 11:16:00,427.75,433.55,415.00,426.95,4700,475160
2019-01-28 11:17:00,428.00,428.75,420.00,423.00,1700,473960
2019-01-28 11:18:00,423.00,434.00,422.00,434.00,1560,473960
2019-01-28 11:19:00,434.00,436.95,430.90,432.00,340,473960
2019-01-28 11:20:00,432.00,435.00,425.00,427.00,1760,472720
2019-01-28 11:21:00,427.00,427.00,414.40,416.00,2160,472720
2019-01-28 11:22:00,416.00,417.60,408.00,417.60,2560,472720
2019-01-28 11:23:00,417.60,432.25,417.60,424.15,2040,470040
2019-01-28 11:24:00,426.00,432.05,423.00,423.00,2220,470040
2019-01-28 11:25:00,423.00,431.20,420.00,426.00,3780,470040
2019-01-28 11:26:00,426.00,428.45,425.20,426.20,640,467820
2019-01-28 11:27:00,426.20,430.95,423.50,426.00,760,467820
2019-01-28 11:28:00,426.00,426.80,420.85,424.75,1020,467820
2019-01-28 11:29:00,424.75,428.35,422.00,427.60,2040,465820
2019-01-28 11:30:00,424.20,430.00,423.00,430.00,2080,465820
2019-01-28 11:31:00,430.00,430.00,425.90,427.00,2500,465820
2019-01-28 11:32:00,427.00,429.15,417.40,417.40,2800,465820
2019-01-28 11:33:00,418.00,418.00,390.00,407.40,4800,462220
2019-01-28 11:34:00,404.30,413.90,390.60,390.60,4840,462220
2019-01-28 11:35:00,392.75,404.45,389.30,404.45,3980,458800
2019-01-28 11:36:00,404.45,407.90,400.00,403.55,2100,458800
2019-01-28 11:37:00,403.55,410.00,394.30,395.70,3780,458800
2019-01-28 11:38:00,395.70,403.50,391.00,403.50,2460,459260
2019-01-28 11:39:00,404.60,407.95,399.00,403.90,3460,459260
2019-01-28 11:40:00,403.90,415.15,403.90,408.40,580,459260
2019-01-28 11:41:00,408.40,412.45,404.10,412.45,400,458620
2019-01-28 11:42:00,412.45,418.00,411.35,417.65,1100,458620
2019-01-28 11:43:00,417.65,417.65,409.40,414.00,140,458620
2019-01-28 11:44:00,414.00,414.00,403.05,404.95,1560,459160
2019-01-28 11:45:00,407.70,409.75,407.70,408.00,160,459160
2019-01-28 11:46:00,408.00,411.70,403.00,411.70,500,459160
2019-01-28 11:47:00,411.70,411.70,406.00,406.00,1840,459160
2019-01-28 11:48:00,406.00,409.70,397.30,397.30,2040,458980
2019-01-28 11:49:00,397.30,403.55,397.30,403.55,340,458980
2019-01-28 11:50:00,405.60,406.65,397.00,399.15,2200,458980
2019-01-28 11:51:00,399.15,399.40,397.00,398.80,740,457140
2019-01-28 11:52:00,398.80,400.95,365.35,375.05,5660,457140
2019-01-28 11:53:00,376.15,380.00,365.75,375.00,6700,457360
2019-01-28 11:54:00,375.00,382.25,375.00,381.55,2360,457360
2019-01-28 11:55:00,381.55,389.30,381.20,385.00,1080,457360
2019-01-28 11:56:00,385.00,395.70,385.00,394.00,4700,458360
2019-01-28 11:57:00,394.55,399.95,393.00,398.50,5440,458360
2019-01-28 11:58:00,395.55,401.35,394.55,399.00,3320,458360
2019-01-28 11:59:00,399.00,422.00,399.00,415.75,4960,459020
2019-01-28 12:00:00,415.75,422.55,415.75,418.00,4960,459020
2019-01-28 12:01:00,417.75,429.05,413.25,429.05,1720,459020
2019-01-28 12:02:00,429.05,429.05,419.55,426.70,2820,458180
2019-01-28 12:03:00,429.00,432.00,424.20,425.60,3580,458180
2019-01-28 12:04:00,425.60,425.60,413.15,416.45,2000,458180
2019-01-28 12:05:00,416.45,425.15,416.45,417.60,520,459680
2019-01-28 12:06:00,417.60,418.65,415.00,417.10,1960,459680
2019-01-28 12:07:00,415.00,415.00,408.80,414.80,5140,459680
2019-01-28 12:08:00,414.80,415.50,406.55,412.00,1920,456680
2019-01-28 12:09:00,412.00,419.25,411.15,419.25,860,456680
2019-01-28 12:10:00,419.25,424.05,419.00,419.00,840,456680
2019-01-28 12:11:00,419.00,424.10,418.25,421.50,500,455860
2019-01-28 12:12:00,421.50,422.25,417.05,417.05,1020,455860
2019-01-28 12:13:00,417.05,418.25,413.05,414.85,2560,455860
2019-01-28 12:14:00,414.85,417.90,413.65,413.65,1040,455860
2019-01-28 12:15:00,414.00,414.05,412.05,413.00,2660,455520
2019-01-28 12:16:00,413.00,418.15,413.00,418.15,3320,455520
2019-01-28 12:17:00,418.15,420.75,416.60,418.15,3960,452000
2019-01-28 12:18:00,418.15,418.15,413.00,413.00,2440,452000
2019-01-28 12:19:00,413.00,417.15,412.95,412.95,3900,452000
2019-01-28 12:20:00,412.95,415.00,403.55,408.05,6040,452340
2019-01-28 12:21:00,408.00,410.75,408.00,410.00,4340,452340
2019-01-28 12:22:00,407.65,411.70,407.65,407.80,2140,452340
2019-01-28 12:23:00,407.80,420.75,407.80,420.75,720,450640
2019-01-28 12:24:00,420.75,420.75,418.60,419.05,120,450640
2019-01-28 12:25:00,419.05,419.05,415.00,415.00,1980,450640
2019-01-28 12:26:00,415.00,415.00,407.75,410.70,2420,449900
2019-01-28 12:27:00,410.70,413.00,408.45,408.45,80,449900
2019-01-28 12:28:00,408.45,415.15,408.45,413.00,820,449900
2019-01-28 12:29:00,413.00,417.10,412.40,416.15,540,449900
2019-01-28 12:30:00,416.45,422.15,416.45,417.20,660,449740
2019-01-28 12:31:00,415.00,422.10,415.00,418.25,160,449740
2019-01-28 12:32:00,418.25,422.00,417.70,417.70,120,449640
2019-01-28 12:33:00,417.70,418.90,414.35,418.90,260,449640
2019-01-28 12:34:00,418.90,418.90,408.00,409.75,360,449640
2019-01-28 12:35:00,408.85,409.00,395.05,400.30,4980,449600
2019-01-28 12:36:00,403.70,405.00,398.10,399.95,920,449600
2019-01-28 12:37:00,399.95,409.05,399.95,408.35,340,449600
2019-01-28 12:38:00,408.35,408.35,394.90,395.10,520,449680
2019-01-28 12:39:00,395.10,402.05,395.10,399.05,220,449680
2019-01-28 12:40:00,399.05,403.00,399.00,399.90,1380,449680
2019-01-28 12:41:00,399.90,401.60,393.45,399.90,500,449960
2019-01-28 12:42:00,399.90,414.00,399.90,411.90,500,449960
2019-01-28 12:43:00,411.90,411.90,399.60,399.60,640,449960
2019-01-28 12:44:00,399.60,400.15,397.10,397.10,980,450400
2019-01-28 12:45:00,397.10,407.20,397.10,407.20,540,450400
2019-01-28 12:46:00,407.20,408.50,402.45,402.45,320,450400
2019-01-28 12:47:00,402.85,402.85,399.90,400.55,320,450800
2019-01-28 12:48:00,400.55,404.85,400.55,402.10,180,450800
2019-01-28 12:49:00,402.10,405.25,402.10,405.25,260,450800
2019-01-28 12:50:00,405.25,408.30,403.70,405.30,320,450700
2019-01-28 12:51:00,405.30,410.10,404.65,410.10,80,450700
2019-01-28 12:52:00,410.10,411.60,408.65,411.60,120,450700
2019-01-28 12:53:00,411.60,411.60,406.30,406.30,420,450360
2019-01-28 12:54:00,406.30,406.30,400.00,400.00,300,450360
2019-01-28 12:55:00,400.00,400.00,397.00,398.80,240,450360
2019-01-28 12:56:00,398.80,409.65,398.80,409.65,300,450360
2019-01-28 12:57:00,409.65,410.65,407.65,407.65,140,450360
2019-01-28 12:58:00,407.65,409.10,404.10,408.45,220,450360
2019-01-28 12:59:00,408.45,409.45,408.15,409.45,60,450360
2019-01-28 13:00:00,409.45,411.40,406.40,406.40,200,450460
2019-01-28 13:01:00,406.00,414.00,406.00,414.00,740,450460
2019-01-28 13:02:00,414.00,428.15,414.00,420.80,3700,449620
2019-01-28 13:03:00,420.80,420.80,417.65,417.90,240,449620
2019-01-28 13:04:00,417.90,419.50,408.00,408.00,700,449620
2019-01-28 13:05:00,407.00,409.35,395.25,397.70,1360,451360
2019-01-28 13:06:00,397.55,397.55,383.70,390.05,3180,451360
2019-01-28 13:07:00,390.05,397.35,390.05,395.85,220,451360
2019-01-28 13:08:00,395.85,397.55,394.35,394.40,340,450420
2019-01-28 13:09:00,394.40,399.75,394.40,398.15,100,450420
2019-01-28 13:10:00,398.15,399.70,395.20,395.65,500,450420
2019-01-28 13:11:00,395.65,398.60,394.10,397.00,240,450240
2019-01-28 13:12:00,397.00,404.55,397.00,404.35,520,450240
2019-01-28 13:13:00,404.35,406.40,401.15,401.15,380,450240
2019-01-28 13:14:00,401.15,406.55,399.85,405.40,1280,449460
2019-01-28 13:15:00,405.40,414.70,405.40,405.60,1280,449460
2019-01-28 13:16:00,405.60,407.50,400.00,400.75,420,449460
2019-01-28 13:17:00,400.75,409.05,400.75,401.60,820,449460
2019-01-28 13:18:00,401.60,401.60,401.60,401.60,0,449460
2019-01-28 13:19:00,401.60,401.60,393.50,393.50,1820,450060
2019-01-28 13:20:00,393.50,400.80,390.15,400.80,3520,448800
2019-01-28 13:21:00,400.80,400.80,395.85,396.20,80,448800
2019-01-28 13:22:00,396.20,405.30,396.20,405.30,320,448800
2019-01-28 13:23:00,402.55,407.45,397.10,407.45,2980,448800
2019-01-28 13:24:00,406.35,406.65,405.00,405.00,80,448620
2019-01-28 13:25:00,405.00,405.95,401.65,405.95,300,448620
2019-01-28 13:26:00,402.80,409.40,401.75,408.20,1560,449920
2019-01-28 13:27:00,408.10,408.10,403.00,405.00,720,449920
2019-01-28 13:28:00,405.00,409.55,402.00,407.10,3040,449920
2019-01-28 13:29:00,407.10,407.10,403.00,403.05,1980,451460
2019-01-28 13:30:00,403.05,404.60,396.00,396.00,540,451460
2019-01-28 13:31:00,396.00,396.00,359.80,364.10,7740,451460
2019-01-28 13:32:00,360.95,372.90,355.00,360.80,2340,448380
2019-01-28 13:33:00,364.30,364.30,343.80,353.60,7380,448380
2019-01-28 13:34:00,353.60,353.60,340.00,340.20,4700,448380
2019-01-28 13:35:00,339.65,348.45,335.00,342.30,4760,447680
2019-01-28 13:36:00,342.30,346.00,338.75,343.95,1380,447680
2019-01-28 13:37:00,341.30,351.60,341.30,349.60,2020,447680
2019-01-28 13:38:00,349.60,349.90,340.00,344.00,2360,447840
2019-01-28 13:39:00,344.75,360.65,344.75,360.65,2420,447840
2019-01-28 13:40:00,361.70,364.00,354.85,357.80,1260,447840
2019-01-28 13:41:00,357.80,357.80,350.00,350.90,1240,447840
2019-01-28 13:42:00,350.90,360.20,350.90,360.20,460,447320
2019-01-28 13:43:00,360.20,360.20,354.00,354.10,1560,447320
2019-01-28 13:44:00,354.10,355.00,344.40,344.85,1640,447560
2019-01-28 13:45:00,344.85,353.70,344.85,351.55,1620,447560
2019-01-28 13:46:00,351.55,351.55,338.60,347.70,560,447560
2019-01-28 13:47:00,347.45,353.40,343.05,352.10,580,447920
2019-01-28 13:48:00,351.75,351.75,340.80,348.55,660,447920
2019-01-28 13:49:00,348.55,349.20,345.25,347.70,400,447920
2019-01-28 13:50:00,347.70,353.60,342.45,342.45,380,447600
2019-01-28 13:51:00,344.85,353.65,342.65,348.05,540,447600
2019-01-28 13:52:00,348.05,354.25,344.40,353.45,220,447600
2019-01-28 13:53:00,353.45,353.45,343.00,344.70,460,447040
2019-01-28 13:54:00,341.55,343.75,333.00,337.00,2420,447040
2019-01-28 13:55:00,337.00,343.85,325.55,334.95,3320,447040
2019-01-28 13:56:00,334.95,341.40,334.95,338.35,660,446680
2019-01-28 13:57:00,336.85,341.35,335.30,339.90,1660,446680
2019-01-28 13:58:00,339.90,341.60,325.00,328.00,4520,446680
2019-01-28 13:59:00,328.00,333.50,326.85,333.50,1700,447100
2019-01-28 14:00:00,333.50,333.50,320.00,326.60,4820,447100
2019-01-28 14:01:00,325.00,331.05,319.75,331.05,2480,447100
2019-01-28 14:02:00,331.05,332.30,325.00,332.30,1600,447040
2019-01-28 14:03:00,332.30,339.20,329.15,339.20,5280,447040
2019-01-28 14:04:00,339.85,343.35,335.00,335.00,1340,447040
2019-01-28 14:05:00,335.00,338.00,331.30,335.40,1240,449880
2019-01-28 14:06:00,335.40,338.15,329.35,337.35,840,449880
2019-01-28 14:07:00,337.35,345.30,335.00,340.40,1120,449880
2019-01-28 14:08:00,340.40,340.40,327.75,327.75,800,449620
2019-01-28 14:09:00,327.75,330.55,315.00,319.95,1540,449620
2019-01-28 14:10:00,324.05,327.95,321.10,327.95,1100,449620
2019-01-28 14:11:00,327.95,335.25,326.10,333.95,900,448820
2019-01-28 14:12:00,333.95,335.00,328.60,328.95,860,448820
2019-01-28 14:13:00,333.70,334.80,325.25,325.25,240,448820
2019-01-28 14:14:00,325.25,332.20,325.25,329.95,620,448700
2019-01-28 14:15:00,329.95,335.00,327.65,335.00,640,448700
2019-01-28 14:16:00,335.00,338.00,330.90,333.05,640,448700
2019-01-28 14:17:00,329.95,329.95,323.60,323.60,660,449020
2019-01-28 14:18:00,323.60,327.70,322.10,326.95,340,449020
2019-01-28 14:19:00,326.95,326.95,315.00,315.10,2160,449020
2019-01-28 14:20:00,315.10,325.60,315.00,324.00,2700,449480
2019-01-28 14:21:00,324.00,325.95,321.80,323.20,2180,449480
2019-01-28 14:22:00,323.20,329.65,321.35,329.65,1060,449480
2019-01-28 14:23:00,330.40,345.00,328.00,337.50,4360,450000
2019-01-28 14:24:00,337.50,346.60,337.50,340.00,3780,450000
2019-01-28 14:25:00,340.00,345.00,331.05,331.05,1880,450000
2019-01-28 14:26:00,330.25,337.15,330.00,336.40,2200,449980
2019-01-28 14:27:00,338.00,348.20,338.00,342.70,1620,449980
2019-01-28 14:28:00,342.70,342.70,334.75,334.75,1040,449980
2019-01-28 14:29:00,334.75,336.40,327.85,330.40,680,449460
2019-01-28 14:30:00,330.40,340.20,330.40,336.40,940,449460
2019-01-28 14:31:00,336.00,362.00,336.00,362.00,3340,449460
2019-01-28 14:32:00,359.35,362.90,349.80,360.10,4780,447020
2019-01-28 14:33:00,360.10,390.45,357.45,389.45,6660,447020
2019-01-28 14:34:00,391.00,392.35,380.00,384.60,5100,447020
2019-01-28 14:35:00,384.60,412.10,384.60,397.95,3620,447140
2019-01-28 14:36:00,397.95,400.00,383.35,393.25,3660,447140
2019-01-28 14:37:00,393.25,409.30,393.25,400.95,2780,447140
2019-01-28 14:38:00,400.95,400.95,383.95,397.15,1380,445860
2019-01-28 14:39:00,396.00,408.60,392.00,399.10,1080,445860
2019-01-28 14:40:00,402.85,413.40,393.10,394.00,4200,445860
2019-01-28 14:41:00,394.00,394.00,380.00,384.00,660,444020
2019-01-28 14:42:00,384.25,384.25,368.30,372.40,3280,444020
2019-01-28 14:43:00,372.40,374.90,348.10,348.10,1720,444020
2019-01-28 14:44:00,350.60,356.95,347.50,347.50,1660,442660
2019-01-28 14:45:00,347.50,358.70,347.50,356.85,1880,442660
2019-01-28 14:46:00,356.85,360.95,354.65,360.00,780,442660
2019-01-28 14:47:00,360.00,371.75,360.00,371.25,1140,443040
2019-01-28 14:48:00,371.25,378.15,370.25,374.75,1260,443040
2019-01-28 14:49:00,373.10,373.10,355.85,365.10,1600,443040
2019-01-28 14:50:00,365.10,366.55,357.85,360.80,360,443040
2019-01-28 14:51:00,360.80,368.90,357.45,360.00,2300,442120
2019-01-28 14:52:00,360.00,363.25,350.00,351.45,3840,442120
2019-01-28 14:53:00,353.20,358.70,351.45,357.70,740,443400
2019-01-28 14:54:00,357.70,360.80,354.05,355.70,1140,443400
2019-01-28 14:55:00,355.70,357.85,350.80,350.80,1020,443400
2019-01-28 14:56:00,350.80,353.55,349.75,350.00,840,443400
2019-01-28 14:57:00,350.35,359.90,350.00,359.90,860,443320
2019-01-28 14:58:00,356.95,359.55,351.05,355.40,1720,443320
2019-01-28 14:59:00,355.40,356.90,338.85,339.55,1880,443060
2019-01-28 15:00:00,340.30,357.15,340.30,357.15,2160,443060
2019-01-28 15:01:00,357.55,358.50,353.25,358.50,820,443060
2019-01-28 15:02:00,358.50,360.00,352.55,358.55,1000,442240
2019-01-28 15:03:00,358.90,358.90,351.25,351.25,280,442240
2019-01-28 15:04:00,351.25,354.50,339.80,339.80,2480,442240
2019-01-28 15:05:00,338.10,341.55,333.35,340.00,980,441400
2019-01-28 15:06:00,340.00,346.25,340.00,343.70,820,441400
2019-01-28 15:07:00,345.00,345.35,336.75,337.00,1480,441400
2019-01-28 15:08:00,337.40,338.15,314.45,314.95,5740,441300
2019-01-28 15:09:00,313.75,314.10,299.90,301.05,15460,441300
2019-01-28 15:10:00,301.00,313.15,298.40,313.15,12560,441300
2019-01-28 15:11:00,311.15,322.15,308.65,313.55,4480,441320
2019-01-28 15:12:00,314.60,317.80,308.20,313.20,2640,441320
2019-01-28 15:13:00,313.20,314.75,308.00,312.00,2680,441320
2019-01-28 15:14:00,312.00,314.00,310.50,313.65,960,441940
2019-01-28 15:15:00,313.65,318.10,308.75,314.10,3600,441940
2019-01-28 15:16:00,314.25,314.25,302.95,303.70,2440,441940
2019-01-28 15:17:00,304.20,315.35,303.35,315.35,8080,439600
2019-01-28 15:18:00,312.65,314.45,309.00,311.35,1280,439600
2019-01-28 15:19:00,310.95,313.30,306.50,313.30,3580,439600
2019-01-28 15:20:00,311.85,316.95,310.95,315.70,3920,437580
2019-01-28 15:21:00,317.95,321.40,315.70,321.40,2300,437580
2019-01-28 15:22:00,322.05,330.60,322.05,329.80,3660,437580
2019-01-28 15:23:00,329.70,335.00,317.80,333.25,6020,438220
2019-01-28 15:24:00,333.35,349.95,331.90,346.85,5100,438220
2019-01-28 15:25:00,346.85,356.45,346.85,348.05,6380,438220
2019-01-28 15:26:00,347.95,355.20,345.30,351.70,3780,436740
2019-01-28 15:27:00,351.15,356.95,351.15,356.90,3520,436740
2019-01-28 15:28:00,356.90,365.00,355.00,360.00,10700,436740
2019-01-28 15:29:01,360.00,366.90,352.00,354.10,10460,434560
2019-01-29 09:15:00,297.35,308.30,275.00,281.70,9860,433060
2019-01-29 09:16:00,279.50,281.70,260.00,266.85,13660,433060
2019-01-29 09:17:00,266.85,277.00,256.45,277.00,11780,433060
2019-01-29 09:18:00,279.15,290.90,271.10,281.60,17200,443480
2019-01-29 09:19:00,280.80,300.00,279.15,299.05,19600,443480
2019-01-29 09:20:00,301.10,301.90,282.55,287.80,8020,443480
2019-01-29 09:21:00,287.55,295.00,283.25,291.05,3880,451020
2019-01-29 09:22:00,291.05,293.70,285.00,290.00,3400,451020
2019-01-29 09:23:00,290.00,290.00,274.60,274.60,8440,451020
2019-01-29 09:24:00,274.55,284.15,274.45,281.35,4700,451020
2019-01-29 09:25:00,281.35,317.00,277.50,317.00,16600,450480
2019-01-29 09:26:00,313.10,342.55,311.10,331.70,16120,450480
2019-01-29 09:27:00,331.25,364.85,330.65,350.00,11620,450480
2019-01-29 09:28:00,350.00,355.50,323.65,323.65,5820,446020
2019-01-29 09:29:00,326.35,340.15,324.30,335.30,4260,446020
2019-01-29 09:30:00,335.30,348.40,335.30,343.90,2700,446020
2019-01-29 09:31:00,344.05,351.35,337.10,337.10,6600,444220
2019-01-29 09:32:00,340.70,340.75,330.00,330.00,1260,444220
2019-01-29 09:33:00,330.00,335.00,325.00,325.00,1940,444220
2019-01-29 09:34:00,325.00,325.10,312.40,321.25,6440,441600
2019-01-29 09:35:00,320.15,321.85,317.60,318.00,2740,441600
2019-01-29 09:36:00,318.00,324.20,316.85,320.05,2500,441700
2019-01-29 09:37:00,320.05,324.35,313.80,313.80,4580,441700
2019-01-29 09:38:00,313.80,317.50,308.00,310.65,3220,441700
2019-01-29 09:39:00,310.65,312.85,295.15,298.95,5260,442360
2019-01-29 09:40:00,298.95,315.00,298.95,314.95,2160,442360
2019-01-29 09:41:00,314.95,317.95,310.05,311.00,3500,442360
2019-01-29 09:42:00,310.10,314.35,309.95,313.45,1100,442360
2019-01-29 09:43:00,313.45,323.85,313.45,321.00,8280,442240
2019-01-29 09:44:00,321.00,331.35,321.00,326.70,3860,442240
2019-01-29 09:45:00,326.70,340.20,322.95,340.00,6560,443920
2019-01-29 09:46:00,341.30,356.85,341.00,350.60,4920,443920
2019-01-29 09:47:00,350.60,357.65,347.90,356.20,720,443920
2019-01-29 09:48:00,356.20,356.20,341.80,341.80,520,443920
2019-01-29 09:49:00,341.80,346.40,341.80,346.40,320,441320
2019-01-29 09:50:00,346.40,346.40,336.00,339.10,1520,441320
2019-01-29 09:51:00,336.30,344.00,336.30,344.00,1340,441320
2019-01-29 09:52:00,344.00,344.00,337.85,338.65,860,440900
2019-01-29 09:53:00,338.65,340.00,337.00,340.00,2160,440900
2019-01-29 09:54:00,340.00,348.90,340.00,346.95,860,440900
2019-01-29 09:55:00,346.95,347.00,337.75,340.00,1280,441960
2019-01-29 09:56:00,340.00,372.40,340.00,368.65,6820,441960
2019-01-29 09:57:00,368.15,368.15,352.00,359.85,2380,441960
2019-01-29 09:58:00,354.45,354.45,349.25,351.95,1380,440360
2019-01-29 09:59:00,351.95,353.85,341.95,341.95,3240,440360
2019-01-29 10:00:00,341.95,341.95,337.40,341.00,1900,440360
2019-01-29 10:01:00,341.00,345.00,339.30,345.00,2300,441540
2019-01-29 10:02:00,345.00,345.00,337.00,340.85,160,441540
2019-01-29 10:03:00,340.85,340.85,325.70,334.00,3200,441540
2019-01-29 10:04:00,334.00,337.50,334.00,336.40,1220,441060
2019-01-29 10:05:00,336.40,337.20,331.00,331.00,700,441060
2019-01-29 10:06:00,331.00,331.00,320.60,325.00,6240,441060
2019-01-29 10:07:00,325.00,325.00,315.00,319.00,3200,439020
2019-01-29 10:08:00,319.00,324.05,317.85,322.00,800,439020
2019-01-29 10:09:00,322.00,322.45,315.95,322.45,260,439020
2019-01-29 10:10:00,322.45,322.45,316.00,316.00,660,438440
2019-01-29 10:11:00,316.00,322.40,316.00,321.05,500,438440
2019-01-29 10:12:00,324.15,327.40,323.80,325.05,760,438440
2019-01-29 10:13:00,325.05,325.50,321.05,321.05,380,437540
2019-01-29 10:14:00,321.05,321.05,317.80,319.75,1760,437540
2019-01-29 10:15:00,320.35,321.00,319.25,319.40,280,437560
2019-01-29 10:16:00,319.40,319.40,315.45,318.00,560,437560
2019-01-29 10:17:00,318.00,318.00,301.00,301.00,5780,437560
2019-01-29 10:18:00,301.00,315.00,301.00,315.00,1460,437560
2019-01-29 10:19:00,315.00,320.55,312.65,316.90,880,437520
2019-01-29 10:20:00,315.20,338.30,315.20,334.35,2280,437520
2019-01-29 10:21:00,334.95,337.65,326.00,337.65,1260,437520
2019-01-29 10:22:00,337.65,342.55,330.20,331.10,820,437500
2019-01-29 10:23:00,331.10,333.25,328.20,328.20,1320,437500
2019-01-29 10:24:00,328.20,330.95,328.20,329.65,80,437600
2019-01-29 10:25:00,329.65,331.50,327.85,331.50,420,437600
2019-01-29 10:26:00,331.50,344.55,331.50,336.15,460,437600
2019-01-29 10:27:00,336.60,336.60,330.90,332.40,180,437600
2019-01-29 10:28:00,332.40,333.00,330.00,330.00,1680,437360
2019-01-29 10:29:00,330.00,338.75,330.00,336.55,460,437360
2019-01-29 10:30:00,336.55,340.20,334.90,340.20,1000,437360
2019-01-29 10:31:00,340.20,340.20,330.00,332.00,1000,436940
2019-01-29 10:32:00,332.00,336.45,330.95,335.00,320,436940
2019-01-29 10:33:00,335.00,337.35,335.00,337.35,100,436940
2019-01-29 10:34:00,337.35,337.35,330.00,333.30,520,435920
2019-01-29 10:35:00,333.30,339.35,333.30,339.35,2140,435920
2019-01-29 10:36:00,339.35,339.35,330.00,330.00,1360,435920
2019-01-29 10:37:00,330.00,330.00,316.70,318.60,3440,434960
2019-01-29 10:38:00,317.10,321.35,316.35,320.05,1020,434960
2019-01-29 10:39:00,320.95,324.15,318.95,321.90,1020,434960
2019-01-29 10:40:00,321.90,333.30,318.50,331.85,1200,434560
2019-01-29 10:41:00,331.75,350.45,326.85,337.35,4480,434560
2019-01-29 10:42:00,337.35,345.15,335.00,335.00,1820,434560
2019-01-29 10:43:00,333.60,334.75,328.95,331.75,1260,433760
2019-01-29 10:44:00,331.75,331.75,326.00,330.10,300,433760
2019-01-29 10:45:00,330.10,333.70,330.10,331.05,700,433760
2019-01-29 10:46:00,331.05,331.05,325.15,325.15,2480,432940
2019-01-29 10:47:00,325.15,327.00,320.50,320.50,2100,432940
2019-01-29 10:48:00,320.50,322.55,314.85,321.35,4640,432940
2019-01-29 10:49:00,321.35,321.35,315.00,315.00,760,431300
2019-01-29 10:50:00,315.00,318.90,315.00,315.00,880,431300
2019-01-29 10:51:00,315.00,315.85,310.00,314.85,4520,431300
2019-01-29 10:52:00,314.85,317.75,314.00,314.30,2360,430300
2019-01-29 10:53:00,314.30,318.25,310.00,311.65,1560,430300
2019-01-29 10:54:00,311.65,314.95,307.25,310.05,2460,430340
2019-01-29 10:55:00,310.60,317.00,310.60,313.00,1940,430340
2019-01-29 10:56:00,313.00,317.00,305.00,305.00,3460,430340
2019-01-29 10:57:00,305.00,314.50,305.00,310.00,1840,430340
2019-01-29 10:58:00,308.95,318.80,308.95,316.00,640,428580
2019-01-29 10:59:00,316.00,323.00,316.00,323.00,620,428580
2019-01-29 11:00:00,323.00,323.00,321.00,321.00,80,428580
2019-01-29 11:01:00,321.00,321.00,315.00,315.00,560,427900
2019-01-29 11:02:00,315.00,322.10,315.00,322.10,280,427900
2019-01-29 11:03:00,322.10,326.25,321.20,326.00,1620,427900
2019-01-29 11:04:00,326.75,330.30,326.00,329.00,780,426380
2019-01-29 11:05:00,329.00,330.25,325.00,327.05,780,426380
2019-01-29 11:06:00,327.05,327.05,322.65,322.65,2420,426380
2019-01-29 11:07:00,322.65,322.65,320.00,321.55,1020,426140
2019-01-29 11:08:00,321.55,326.35,320.00,326.35,760,426140
2019-01-29 11:09:00,326.35,339.95,326.35,332.00,1840,426140
2019-01-29 11:10:00,332.00,332.90,329.60,332.20,380,425360
2019-01-29 11:11:00,332.20,332.20,322.55,325.55,1320,425360
2019-01-29 11:12:00,325.55,325.55,322.70,325.25,240,425360
2019-01-29 11:13:00,325.25,325.75,325.00,325.00,1060,425360
2019-01-29 11:14:00,325.00,327.40,324.50,324.50,1440,424900
2019-01-29 11:15:00,324.50,325.00,320.35,324.90,960,424900
2019-01-29 11:16:00,324.90,325.00,322.15,322.15,1500,424240
2019-01-29 11:17:00,322.15,328.15,322.15,325.00,220,424240
2019-01-29 11:18:00,325.00,326.20,324.10,325.00,1980,424240
2019-01-29 11:19:00,325.00,327.35,323.20,327.35,340,424200
2019-01-29 11:20:00,327.35,327.85,325.00,325.00,220,424200
2019-01-29 11:21:00,325.00,325.00,323.45,325.00,940,424200
2019-01-29 11:22:00,325.00,327.15,323.00,327.15,1140,422600
2019-01-29 11:23:00,327.15,327.45,325.00,326.00,540,422600
2019-01-29 11:24:00,326.00,326.05,322.15,323.00,3020,422600
2019-01-29 11:25:00,323.00,324.65,316.70,320.65,3320,422580
2019-01-29 11:26:00,320.65,323.80,318.00,323.80,340,422580
2019-01-29 11:27:00,323.80,324.80,321.85,322.30,160,422580
2019-01-29 11:28:00,322.30,324.00,320.95,320.95,1280,421160
2019-01-29 11:29:00,320.95,321.80,318.00,318.35,960,421160
2019-01-29 11:30:00,320.75,321.05,318.95,320.20,440,421160
2019-01-29 11:31:00,321.20,328.00,321.20,326.30,660,420380
2019-01-29 11:32:00,326.30,328.30,325.00,325.00,1200,420380
2019-01-29 11:33:00,325.00,325.00,323.00,324.60,1580,420380
2019-01-29 11:34:00,324.60,330.00,324.60,330.00,400,419660
2019-01-29 11:35:00,330.00,330.00,323.05,324.00,1860,419660
2019-01-29 11:36:00,324.00,327.50,324.00,324.00,220,419660
2019-01-29 11:37:00,324.00,327.50,324.00,326.00,440,418460
2019-01-29 11:38:00,326.00,326.00,323.05,324.00,2080,418460
2019-01-29 11:39:00,324.00,325.00,323.00,323.00,480,418460
2019-01-29 11:40:00,323.00,325.00,323.00,325.00,200,415960
2019-01-29 11:41:00,325.00,332.00,325.00,332.00,500,415960
2019-01-29 11:42:00,332.00,332.00,328.00,328.00,420,415960
2019-01-29 11:43:00,328.00,329.55,325.60,327.55,1540,415440
2019-01-29 11:44:00,327.55,339.00,327.55,339.00,780,415440
2019-01-29 11:45:00,339.00,345.45,333.05,333.05,3420,415440
2019-01-29 11:46:00,333.05,338.65,333.05,337.75,600,415200
2019-01-29 11:47:00,337.75,340.90,336.95,336.95,220,415200
2019-01-29 11:48:00,336.95,340.00,333.95,336.80,1240,415200
2019-01-29 11:49:00,336.80,359.05,333.45,354.00,3540,414540
2019-01-29 11:50:00,354.00,358.00,349.05,349.05,1680,414540
2019-01-29 11:51:00,349.05,352.70,346.55,346.55,760,414540
2019-01-29 11:52:00,346.55,346.55,342.55,343.50,960,412540
2019-01-29 11:53:00,343.50,348.10,343.50,346.00,680,412540
2019-01-29 11:54:00,346.00,346.95,343.55,345.85,460,412540
2019-01-29 11:55:00,345.85,348.55,344.95,345.85,700,410320
2019-01-29 11:56:00,345.85,345.85,337.00,337.00,500,410320
2019-01-29 11:57:00,337.00,337.00,332.35,334.35,1120,410320
2019-01-29 11:58:00,334.35,336.15,330.10,330.10,440,409820
2019-01-29 11:59:00,330.60,334.65,330.05,333.00,340,409820
2019-01-29 12:00:00,333.00,335.00,330.00,331.80,700,409820
2019-01-29 12:01:00,331.80,334.85,331.80,334.85,340,409360
2019-01-29 12:02:00,334.85,334.95,327.65,327.65,2040,409360
2019-01-29 12:03:00,327.65,332.20,327.65,332.20,100,409360
2019-01-29 12:04:00,332.20,334.90,331.85,334.90,80,409360
2019-01-29 12:05:00,334.95,334.95,330.00,330.40,260,408160
2019-01-29 12:06:00,330.40,330.40,330.05,330.05,20,408160
2019-01-29 12:07:00,330.05,340.55,330.05,337.75,80,407920
2019-01-29 12:08:00,339.40,339.40,336.90,336.90,20,407920
2019-01-29 12:09:00,336.90,345.85,336.90,345.85,100,408020
2019-01-29 12:10:00,345.85,346.90,338.10,338.10,1560,408020
2019-01-29 12:11:00,338.10,340.60,338.00,338.00,200,408020
2019-01-29 12:12:00,338.00,339.00,336.70,336.70,80,408600
2019-01-29 12:13:00,336.70,346.00,336.70,340.55,860,408600
2019-01-29 12:14:00,340.55,344.55,340.00,342.40,180,408600
2019-01-29 12:15:00,342.40,349.80,342.40,348.00,560,408060
2019-01-29 12:16:00,348.00,349.30,341.90,341.90,360,408060
2019-01-29 12:17:00,340.45,342.35,340.45,342.35,140,408060
2019-01-29 12:18:00,342.35,342.35,335.90,337.00,780,408060
2019-01-29 12:19:00,337.00,342.25,335.20,338.15,260,407360
2019-01-29 12:20:00,338.15,338.15,336.30,336.30,520,407360
2019-01-29 12:21:00,336.30,350.10,336.30,343.25,1720,407360
2019-01-29 12:22:00,343.25,350.00,343.25,348.00,3900,406700
2019-01-29 12:23:00,348.00,396.80,343.25,381.05,6240,406700
2019-01-29 12:24:00,383.05,400.05,370.00,373.20,10340,406700
2019-01-29 12:25:00,373.20,377.15,364.35,365.00,1240,403880
2019-01-29 12:26:00,365.00,379.80,363.75,377.20,1340,403880
2019-01-29 12:27:00,375.35,379.75,365.00,365.00,880,403880
2019-01-29 12:28:00,365.00,370.40,356.65,369.65,1060,402540
2019-01-29 12:29:00,369.65,369.65,363.05,363.30,400,402540
2019-01-29 12:30:00,363.55,368.65,360.65,363.75,1220,402540
2019-01-29 12:31:00,363.75,363.75,355.00,355.00,1500,401760
2019-01-29 12:32:00,355.00,355.00,348.65,348.80,4920,401760
2019-01-29 12:33:00,348.80,357.00,348.80,354.05,80,402000
2019-01-29 12:34:00,354.05,354.05,345.50,345.50,620,402000
2019-01-29 12:35:00,345.50,349.85,343.00,348.80,1840,402000
2019-01-29 12:36:00,348.80,351.15,346.15,348.35,3360,404500
2019-01-29 12:37:00,348.35,348.35,343.30,343.30,500,404500
2019-01-29 12:38:00,343.30,346.60,329.30,332.15,5180,404500
2019-01-29 12:39:00,332.15,333.05,315.05,330.70,6960,404500
2019-01-29 12:40:00,330.70,330.75,325.80,326.15,2040,403220
2019-01-29 12:41:00,326.15,328.40,319.30,322.00,2700,403220
2019-01-29 12:42:00,324.45,326.70,315.00,315.00,3460,403220
2019-01-29 12:43:00,312.05,324.15,310.00,322.00,3220,402060
2019-01-29 12:44:00,323.00,324.05,310.00,310.40,2140,402060
2019-01-29 12:45:00,312.45,317.60,301.60,307.30,6560,402060
2019-01-29 12:46:00,307.00,313.05,304.80,310.75,5820,402020
2019-01-29 12:47:00,311.30,314.15,294.70,297.00,8820,402020
2019-01-29 12:48:00,296.45,296.95,281.30,290.10,15060,403020
2019-01-29 12:49:00,287.70,289.70,271.20,271.20,12220,403020
2019-01-29 12:50:00,269.25,278.00,263.40,270.25,12340,403020
2019-01-29 12:51:00,269.95,279.90,266.00,277.00,4060,403800
2019-01-29 12:52:00,277.00,284.00,277.00,279.70,2740,403800
2019-01-29 12:53:00,279.70,283.75,269.05,269.05,8160,403800
2019-01-29 12:54:00,271.05,275.35,265.50,272.25,6940,403800
2019-01-29 12:55:00,272.40,280.75,263.25,279.35,7120,403580
2019-01-29 12:56:00,279.00,283.95,278.60,283.95,1940,403580
2019-01-29 12:57:00,282.60,289.55,277.95,284.80,2980,403580
2019-01-29 12:58:00,285.15,287.75,282.00,282.00,3300,402400
2019-01-29 12:59:00,282.00,286.60,280.20,284.40,3260,402400
2019-01-29 13:00:00,285.30,285.30,275.00,277.85,2900,402400
2019-01-29 13:01:00,277.85,280.00,275.45,280.00,2460,400560
2019-01-29 13:02:00,280.00,281.35,273.90,275.95,2700,400560
2019-01-29 13:03:00,275.95,276.05,270.00,274.00,3980,400560
2019-01-29 13:04:00,274.35,275.00,266.65,274.95,6560,399200
2019-01-29 13:05:00,274.95,283.30,274.90,281.00,2460,399200
2019-01-29 13:06:00,281.00,281.25,272.00,274.25,7280,399200
2019-01-29 13:07:00,273.60,274.00,241.25,261.85,24260,398480
2019-01-29 13:08:00,258.20,259.25,252.25,258.00,15540,398480
2019-01-29 13:09:00,258.55,270.95,254.70,262.25,14440,398680
2019-01-29 13:10:00,260.70,270.45,260.70,264.90,15220,398680
2019-01-29 13:11:00,264.90,272.35,261.50,266.45,14840,398680
2019-01-29 13:12:00,266.45,268.65,259.40,262.10,11800,398680
2019-01-29 13:13:00,262.10,266.30,259.00,262.00,11060,397260
2019-01-29 13:14:00,262.00,262.15,247.95,252.20,28400,397260
2019-01-29 13:15:00,251.55,251.55,233.85,242.45,15660,403480
2019-01-29 13:16:00,242.45,250.90,240.45,248.30,13140,403480
2019-01-29 13:17:00,248.30,252.00,244.55,250.60,7980,403480
2019-01-29 13:18:00,250.60,252.00,247.35,247.35,4340,407940
2019-01-29 13:19:00,247.35,248.50,230.00,236.20,18160,407940
2019-01-29 13:20:00,234.50,243.95,231.75,233.80,12580,407940
2019-01-29 13:21:00,233.80,246.90,233.80,242.10,15220,415660
2019-01-29 13:22:00,243.40,243.40,237.00,237.95,3500,415660
2019-01-29 13:23:00,241.15,248.55,239.40,247.55,4560,415660
2019-01-29 13:24:00,246.30,249.25,245.85,248.15,4000,415660
2019-01-29 13:25:00,249.10,270.40,247.70,261.80,17660,413460
2019-01-29 13:26:00,260.75,261.65,251.70,252.45,5180,413460
2019-01-29 13:27:00,251.95,257.00,251.95,257.00,1360,413500
2019-01-29 13:28:00,257.00,260.00,253.45,254.15,4400,413500
2019-01-29 13:29:00,254.15,259.95,252.05,259.20,10360,413500
2019-01-29 13:30:00,259.20,259.20,243.40,244.30,7900,421860
2019-01-29 13:31:00,246.65,247.75,241.15,247.75,5920,421860
2019-01-29 13:32:00,243.00,250.75,243.00,248.55,4160,421860
2019-01-29 13:33:00,248.55,249.40,244.90,245.80,4760,423760
2019-01-29 13:34:00,245.15,253.10,245.15,250.70,4180,423760
2019-01-29 13:35:00,250.75,250.75,246.45,248.00,4140,423760
2019-01-29 13:36:00,248.00,249.55,245.00,249.55,2860,427680
2019-01-29 13:37:00,249.10,253.60,247.35,251.50,2740,427680
2019-01-29 13:38:00,251.50,266.25,250.50,256.20,11920,427680
2019-01-29 13:39:00,256.20,256.30,250.00,251.80,2460,428540
2019-01-29 13:40:00,252.45,256.00,247.05,249.20,4600,428540
2019-01-29 13:41:00,249.20,256.00,247.05,256.00,3480,428540
2019-01-29 13:42:00,255.25,258.95,244.75,245.00,4440,428720
2019-01-29 13:43:00,247.45,249.75,237.15,237.70,4920,428720
2019-01-29 13:44:00,239.20,241.75,232.50,236.35,9560,428720
2019-01-29 13:45:00,235.00,235.85,224.05,231.00,14560,431680
2019-01-29 13:46:00,229.00,233.45,225.00,231.80,4680,431680
2019-01-29 13:47:00,231.80,236.05,228.55,235.00,4920,431680
2019-01-29 13:48:00,235.55,237.50,232.65,237.15,6180,433740
2019-01-29 13:49:00,238.45,242.35,222.00,223.45,5940,433740
2019-01-29 13:50:00,220.55,232.80,217.60,232.80,5540,433740
2019-01-29 13:51:00,232.05,240.00,231.40,238.25,9060,434280
2019-01-29 13:52:00,238.25,241.00,237.50,238.20,7400,434280
2019-01-29 13:53:00,238.20,242.25,231.05,238.50,4960,434280
2019-01-29 13:54:00,237.30,244.10,235.05,235.80,2820,435140
2019-01-29 13:55:00,236.95,239.10,230.10,230.10,6160,435140
2019-01-29 13:56:00,230.10,242.65,230.10,240.20,4180,435140
2019-01-29 13:57:00,240.50,242.60,232.85,232.85,3040,435140
2019-01-29 13:58:00,233.20,241.75,231.85,241.50,2960,434860
2019-01-29 13:59:00,241.50,250.20,237.05,237.05,10620,434860
2019-01-29 14:00:00,235.05,247.55,235.05,245.00,5960,435060
2019-01-29 14:01:00,246.30,253.85,244.85,246.80,6260,435060
2019-01-29 14:02:00,246.75,251.50,241.20,245.00,5260,435060
2019-01-29 14:03:00,246.90,254.20,243.55,248.05,4860,435060
2019-01-29 14:04:00,248.05,252.00,245.00,245.00,4020,433760
2019-01-29 14:05:00,245.00,258.00,245.00,252.35,8920,433760
2019-01-29 14:06:00,252.35,252.35,237.80,238.45,7620,433760
2019-01-29 14:07:00,238.45,244.00,235.95,237.00,3200,431240
2019-01-29 14:08:00,237.00,241.75,231.75,238.25,7780,431240
2019-01-29 14:09:00,238.25,242.80,235.65,242.20,3560,434020
2019-01-29 14:10:00,243.15,246.50,239.75,239.75,3660,434020
2019-01-29 14:11:00,239.75,240.85,235.65,238.30,1220,434020
2019-01-29 14:12:00,237.30,241.10,235.00,237.10,3240,434020
2019-01-29 14:13:00,237.10,241.60,227.80,229.90,4300,433400
2019-01-29 14:14:00,229.90,233.75,225.50,226.15,6300,433400
2019-01-29 14:15:00,226.15,234.85,226.15,232.50,5500,433400
2019-01-29 14:16:00,232.50,236.85,232.50,236.85,2960,433020
2019-01-29 14:17:00,236.85,242.35,236.75,237.70,3380,433020
2019-01-29 14:18:00,237.70,245.45,237.70,243.65,5380,433020
2019-01-29 14:19:00,245.00,246.50,242.35,243.25,2600,432180
2019-01-29 14:20:00,243.25,264.95,241.75,253.15,13960,432180
2019-01-29 14:21:00,253.15,262.30,253.15,254.80,8640,432180
2019-01-29 14:22:00,253.00,253.25,242.70,242.80,5620,428980
2019-01-29 14:23:00,242.80,247.80,242.25,243.25,1540,428980
2019-01-29 14:24:00,243.25,243.25,237.30,242.45,9040,428980
2019-01-29 14:25:00,242.45,242.45,232.50,236.30,5700,427460
2019-01-29 14:26:00,234.50,240.45,233.05,235.60,4840,427460
2019-01-29 14:27:00,236.45,241.60,235.55,241.25,1240,429120
2019-01-29 14:28:00,241.25,248.65,238.70,244.00,5940,429120
2019-01-29 14:29:00,244.25,244.85,240.30,240.40,1660,429120
2019-01-29 14:30:00,240.10,240.10,234.60,237.85,4440,429120
2019-01-29 14:31:00,236.70,244.35,236.00,241.85,1820,427080
2019-01-29 14:32:00,242.55,242.55,234.50,235.05,1600,427080
2019-01-29 14:33:00,235.05,239.65,232.30,238.80,3000,427080
2019-01-29 14:34:00,239.20,242.00,234.90,234.90,3220,426960
2019-01-29 14:35:00,234.90,235.00,223.45,223.70,7660,426960
2019-01-29 14:36:00,222.40,222.95,205.70,214.10,21760,430740
2019-01-29 14:37:00,213.70,221.95,210.55,216.45,8840,430740
2019-01-29 14:38:00,216.45,216.45,200.00,208.05,17920,430740
2019-01-29 14:39:00,207.85,213.00,207.20,213.00,11000,432480
2019-01-29 14:40:00,211.85,213.00,196.00,200.30,10220,432480
2019-01-29 14:41:00,201.25,207.50,200.30,206.00,7540,432480
2019-01-29 14:42:00,206.00,206.70,195.90,203.00,7400,437300
2019-01-29 14:43:00,202.00,208.40,201.05,208.40,9760,437300
2019-01-29 14:44:00,208.40,211.90,203.60,204.80,7800,437300
2019-01-29 14:45:00,204.80,211.40,202.05,210.00,4860,439380
2019-01-29 14:46:00,210.00,222.65,210.00,218.35,12940,439380
2019-01-29 14:47:00,218.70,223.25,215.65,220.35,6540,439380
2019-01-29 14:48:00,221.55,237.30,221.55,230.00,24440,439380
2019-01-29 14:49:00,228.85,234.95,219.80,224.65,13520,436780
2019-01-29 14:50:00,223.70,232.40,220.75,229.30,6260,436780
2019-01-29 14:51:00,228.70,229.25,221.35,221.90,7540,436780
2019-01-29 14:52:00,221.85,225.70,220.10,222.30,6700,434580
2019-01-29 14:53:00,221.55,225.00,217.40,222.00,9460,434580
2019-01-29 14:54:00,223.05,226.85,221.05,226.85,3940,434580
2019-01-29 14:55:00,226.00,242.75,226.00,239.35,19120,428580
2019-01-29 14:56:00,237.45,242.10,231.50,234.70,10140,428580
2019-01-29 14:57:00,235.25,244.15,233.00,234.20,5220,428580
2019-01-29 14:58:00,234.15,235.50,228.45,230.05,3560,427720
2019-01-29 14:59:00,230.45,230.45,217.75,218.45,13040,427720
2019-01-29 15:00:00,220.25,228.95,219.10,222.25,8200,427720
2019-01-29 15:01:00,222.25,228.10,221.05,228.10,9820,425440
2019-01-29 15:02:00,227.90,240.50,226.50,237.85,10100,425440
2019-01-29 15:03:00,236.25,237.95,231.00,231.00,9380,425440
2019-01-29 15:04:00,232.75,237.35,229.40,230.30,7060,425040
2019-01-29 15:05:00,230.35,246.10,229.05,239.55,11820,425040
2019-01-29 15:06:00,240.75,259.95,240.75,254.05,28300,425040
2019-01-29 15:07:00,253.20,268.95,251.35,254.10,22420,415360
2019-01-29 15:08:00,255.00,255.00,238.25,240.80,17000,415360
2019-01-29 15:09:00,239.75,240.70,218.05,226.35,14420,415360
2019-01-29 15:10:00,228.80,229.45,220.50,229.30,9780,411060
2019-01-29 15:11:00,228.30,237.60,225.00,235.45,10960,411060
2019-01-29 15:12:00,232.00,232.85,223.30,229.00,5760,411060
2019-01-29 15:13:00,229.15,231.15,222.55,228.65,6800,408740
2019-01-29 15:14:00,226.70,228.35,223.55,226.25,6280,408740
2019-01-29 15:15:00,226.10,239.00,225.55,239.00,11920,408740
2019-01-29 15:16:00,239.20,243.40,238.10,238.10,13460,406700
2019-01-29 15:17:00,238.80,243.15,234.40,242.75,15300,406700
2019-01-29 15:18:00,243.95,245.00,233.55,236.85,12800,406700
2019-01-29 15:19:00,237.00,250.20,235.90,250.20,10780,403740
2019-01-29 15:20:00,248.55,265.40,248.55,265.10,13360,403740
2019-01-29 15:21:00,266.45,267.65,261.85,267.65,13040,403740
2019-01-29 15:22:00,267.80,282.65,265.90,277.25,16640,394460
2019-01-29 15:23:00,277.55,282.30,276.65,281.10,14620,394460
2019-01-29 15:24:00,281.10,298.50,281.00,296.50,19740,394460
2019-01-29 15:25:00,296.65,311.60,296.65,311.60,17540,384180
2019-01-29 15:26:00,312.65,327.65,311.40,315.00,18900,384180
2019-01-29 15:27:00,313.90,325.00,313.25,318.00,12960,384180
2019-01-29 15:28:00,315.60,317.95,311.55,315.45,9160,379320
2019-01-29 15:29:01,315.75,315.95,302.05,302.05,14280,379320
2019-01-30 09:15:00,250.00,376.95,312.05,338.35,17140,355840
2019-01-30 09:16:00,342.85,342.85,330.00,335.05,11480,355840
2019-01-30 09:17:00,333.20,344.00,327.15,328.30,10340,353320
2019-01-30 09:18:00,325.80,330.40,306.55,308.20,7440,353320
2019-01-30 09:19:00,312.05,325.55,309.95,318.95,7720,353320
2019-01-30 09:20:00,317.00,322.15,307.35,318.00,4300,353200
2019-01-30 09:21:00,318.00,326.55,315.00,316.00,3600,353200
2019-01-30 09:22:00,316.50,320.65,310.50,310.55,1660,353200
2019-01-30 09:23:00,310.55,322.00,306.95,318.45,4520,352900
2019-01-30 09:24:00,318.30,334.95,318.30,330.55,1700,352900
2019-01-30 09:25:00,330.85,335.65,330.00,331.60,1840,352900
2019-01-30 09:26:00,334.90,344.45,332.30,339.95,4720,352180
2019-01-30 09:27:00,338.35,339.85,326.00,326.00,5720,352180
2019-01-30 09:28:00,322.75,327.55,322.35,323.05,1020,352180
2019-01-30 09:29:00,323.05,323.05,311.35,315.25,3540,354520
2019-01-30 09:30:00,315.25,319.25,310.00,316.10,2060,354520
2019-01-30 09:31:00,316.10,316.15,308.75,314.80,1060,354520
2019-01-30 09:32:00,314.75,325.65,314.75,319.15,3340,354200
2019-01-30 09:33:00,319.15,329.65,318.25,326.80,2260,354200
2019-01-30 09:34:00,330.00,342.70,330.00,335.90,6520,354200
2019-01-30 09:35:00,336.00,338.55,331.30,334.00,3380,354740
2019-01-30 09:36:00,334.00,335.00,327.10,329.95,1980,354740
2019-01-30 09:37:00,329.95,330.00,322.00,322.00,660,354740
2019-01-30 09:38:00,318.90,319.85,315.00,319.00,1140,353900
2019-01-30 09:39:00,319.00,319.00,305.00,312.90,3640,353900
2019-01-30 09:40:00,310.30,316.60,308.80,312.00,1800,353900
2019-01-30 09:41:00,315.45,323.40,315.45,322.00,2400,354020
2019-01-30 09:42:00,322.00,323.35,314.95,314.95,940,354020
2019-01-30 09:43:00,314.95,318.90,310.00,310.00,1040,354020
2019-01-30 09:44:00,310.00,310.95,300.40,305.20,2720,355400
2019-01-30 09:45:00,305.20,309.90,295.00,309.90,2100,355400
2019-01-30 09:46:00,309.90,311.05,301.60,303.00,1440,355400
2019-01-30 09:47:00,303.00,309.70,299.05,309.70,2680,355960
2019-01-30 09:48:00,309.70,316.35,308.10,314.00,4500,355960
2019-01-30 09:49:00,314.00,316.25,310.40,313.70,1520,355960
2019-01-30 09:50:00,313.70,320.75,312.00,312.00,820,355960
2019-01-30 09:51:00,312.00,320.00,311.45,320.00,2080,355600
2019-01-30 09:52:00,320.00,325.15,319.50,319.50,1040,355600
2019-01-30 09:53:00,319.50,323.20,311.00,323.20,1420,355860
2019-01-30 09:54:00,323.20,323.20,313.85,313.85,560,355860
2019-01-30 09:55:00,311.00,316.40,310.00,316.40,1640,355860
2019-01-30 09:56:00,316.40,316.40,313.55,313.55,620,355860
2019-01-30 09:57:00,313.55,315.90,311.00,313.00,2660,355820
2019-01-30 09:58:00,311.00,317.20,309.55,316.90,3480,355820
2019-01-30 09:59:00,316.90,323.55,316.15,323.55,540,355880
2019-01-30 10:00:00,323.55,341.00,322.25,341.00,5320,355880
2019-01-30 10:01:00,343.40,347.05,333.35,335.40,3020,355880
2019-01-30 10:02:00,335.40,342.00,335.00,339.75,580,353240
2019-01-30 10:03:00,338.35,339.00,330.05,336.00,400,353240
2019-01-30 10:04:00,336.00,336.00,327.55,333.00,2940,353240
2019-01-30 10:05:00,333.00,333.00,325.70,328.05,260,352960
2019-01-30 10:06:00,328.05,329.55,322.55,329.55,520,352960
2019-01-30 10:07:00,328.95,335.70,328.95,335.70,440,352960
2019-01-30 10:08:00,335.70,335.70,330.00,330.00,700,352960
2019-01-30 10:09:00,328.00,328.00,322.10,322.10,1340,352120
2019-01-30 10:10:00,322.10,322.10,320.20,321.00,140,352120
2019-01-30 10:11:00,321.00,325.60,319.00,322.30,580,352120
2019-01-30 10:12:00,322.30,327.50,322.00,323.65,1740,351700
2019-01-30 10:13:00,323.65,327.40,322.00,325.05,940,351700
2019-01-30 10:14:00,325.05,334.00,325.05,333.55,480,352360
2019-01-30 10:15:00,333.55,333.85,329.90,332.50,700,352360
2019-01-30 10:16:00,332.50,332.50,326.00,326.00,880,352360
2019-01-30 10:17:00,326.00,326.00,319.00,319.00,280,352360
2019-01-30 10:18:00,319.00,322.35,318.00,322.35,380,352280
2019-01-30 10:19:00,322.35,323.60,318.00,321.05,640,352280
2019-01-30 10:20:00,321.05,324.75,307.05,307.05,1040,352460
2019-01-30 10:21:00,307.05,318.55,307.05,312.30,320,352460
2019-01-30 10:22:00,312.30,312.30,304.20,304.20,1240,352460
2019-01-30 10:23:00,304.20,309.00,302.95,307.00,460,353180
2019-01-30 10:24:00,307.00,307.00,292.00,292.00,2720,353180
2019-01-30 10:25:00,294.20,299.95,282.90,282.90,5460,353180
2019-01-30 10:26:00,282.90,294.50,282.90,294.50,2200,354060
2019-01-30 10:27:00,294.50,297.00,291.00,295.20,1300,354060
2019-01-30 10:28:00,295.20,295.50,285.15,285.15,300,354060
2019-01-30 10:29:00,285.00,289.40,280.70,287.75,1640,353340
2019-01-30 10:30:00,287.75,288.50,282.15,283.25,820,353340
2019-01-30 10:31:00,278.00,281.10,273.50,278.00,5540,353340
2019-01-30 10:32:00,276.40,280.10,265.95,272.15,3380,353520
2019-01-30 10:33:00,274.55,281.00,271.75,280.00,1840,353520
2019-01-30 10:34:00,279.20,286.70,277.00,280.00,1440,353520
2019-01-30 10:35:00,280.00,280.00,263.35,263.35,1440,353300
2019-01-30 10:36:00,261.10,268.00,254.00,261.55,7560,353300
2019-01-30 10:37:00,261.55,270.45,259.45,270.45,1260,353300
2019-01-30 10:38:00,270.60,271.20,261.95,271.00,1180,353560
2019-01-30 10:39:00,269.60,272.30,246.00,252.85,5640,353560
2019-01-30 10:40:00,252.85,261.15,252.05,259.45,3000,353560
2019-01-30 10:41:00,259.45,267.25,255.65,259.00,2560,353740
2019-01-30 10:42:00,259.45,272.95,258.60,272.95,2180,353740
2019-01-30 10:43:00,272.80,272.90,267.05,268.55,900,353740
2019-01-30 10:44:00,268.55,269.15,261.50,269.15,2220,354840
2019-01-30 10:45:00,269.15,269.15,263.10,268.75,560,354840
2019-01-30 10:46:00,270.85,274.40,269.50,274.40,1400,354840
2019-01-30 10:47:00,274.40,283.00,271.75,283.00,2600,354840
2019-01-30 10:48:00,283.00,283.00,275.00,280.10,1420,354420
2019-01-30 10:49:00,280.10,287.85,278.60,287.85,1780,354420
2019-01-30 10:50:00,286.45,288.00,281.75,285.25,2300,354880
2019-01-30 10:51:00,285.25,286.80,282.00,284.00,860,354880
2019-01-30 10:52:00,286.25,287.75,280.25,280.25,1340,354880
2019-01-30 10:53:00,280.25,285.00,280.25,284.00,340,355380
2019-01-30 10:54:00,284.00,285.00,276.00,280.00,580,355380
2019-01-30 10:55:00,280.00,288.00,280.00,288.00,480,355380
2019-01-30 10:56:00,289.05,289.05,282.00,282.00,140,355900
2019-01-30 10:57:00,282.00,290.00,282.00,289.75,480,355900
2019-01-30 10:58:00,289.75,289.80,282.05,283.05,620,355900
2019-01-30 10:59:00,283.05,283.05,272.90,272.90,1680,355720
2019-01-30 11:00:00,272.90,274.05,264.70,270.00,2240,355720
2019-01-30 11:01:00,270.00,272.25,268.10,268.10,200,355720
2019-01-30 11:02:00,268.90,268.90,261.40,263.70,1120,356600
2019-01-30 11:03:00,263.70,271.50,263.70,271.05,180,356600
2019-01-30 11:04:00,271.05,276.00,271.05,275.95,220,356600
2019-01-30 11:05:00,275.95,275.95,265.05,265.05,1120,356660
2019-01-30 11:06:00,265.05,269.90,265.00,268.40,780,356660
2019-01-30 11:07:00,268.40,269.10,268.40,269.10,40,356660
2019-01-30 11:08:00,269.10,269.45,255.85,261.00,4320,357200
2019-01-30 11:09:00,261.00,264.55,260.00,264.55,740,357200
2019-01-30 11:10:00,264.55,270.00,264.55,270.00,680,357200
2019-01-30 11:11:00,270.00,271.85,266.40,267.75,620,357420
2019-01-30 11:12:00,267.75,270.55,263.00,263.55,800,357420
2019-01-30 11:13:00,263.55,266.10,261.00,262.25,540,357420
2019-01-30 11:14:00,261.00,261.65,258.00,261.65,1400,357980
2019-01-30 11:15:00,261.65,266.90,260.65,266.90,880,357980
2019-01-30 11:16:00,266.90,266.90,258.20,260.00,1080,357980
2019-01-30 11:17:00,260.00,268.10,260.00,264.50,1100,358200
2019-01-30 11:18:00,264.50,266.95,259.55,264.90,640,358200
2019-01-30 11:19:00,264.90,268.30,262.35,268.30,440,358200
2019-01-30 11:20:00,271.80,274.40,269.45,270.25,1620,358240
2019-01-30 11:21:00,270.25,275.55,268.00,270.70,1080,358240
2019-01-30 11:22:00,270.70,275.70,270.70,272.00,600,358240
2019-01-30 11:23:00,272.00,272.00,265.00,270.70,340,357220
2019-01-30 11:24:00,270.70,270.70,258.45,268.40,740,357220
2019-01-30 11:25:00,268.40,276.35,268.40,276.35,1520,357220
2019-01-30 11:26:00,276.35,282.00,275.00,281.40,2720,357060
2019-01-30 11:27:00,281.40,284.40,279.00,280.40,660,357060
2019-01-30 11:28:00,280.40,281.90,276.35,277.40,3080,357060
2019-01-30 11:29:00,277.40,286.20,277.40,283.30,620,359080
2019-01-30 11:30:00,283.30,283.30,276.35,277.50,700,359080
2019-01-30 11:31:00,277.50,277.50,271.75,272.00,1060,359080
2019-01-30 11:32:00,272.20,276.05,271.90,273.80,3400,359080
2019-01-30 11:33:00,272.45,274.65,271.55,271.55,920,358780
2019-01-30 11:34:00,271.90,276.95,270.20,276.95,780,358780
2019-01-30 11:35:00,277.40,277.80,273.95,276.05,340,358780
2019-01-30 11:36:00,276.05,277.15,273.40,273.60,120,356020
2019-01-30 11:37:00,273.60,275.10,272.00,272.00,520,356020
2019-01-30 11:38:00,272.00,277.05,272.00,277.05,320,356020
2019-01-30 11:39:00,277.05,281.00,275.00,275.00,820,355860
2019-01-30 11:40:00,275.00,283.15,275.00,282.30,740,355860
2019-01-30 11:41:00,282.30,299.35,282.10,291.75,3980,356040
2019-01-30 11:42:00,291.75,293.80,285.90,288.55,1940,356040
2019-01-30 11:43:00,288.55,292.20,286.65,286.65,2180,356040
2019-01-30 11:44:00,286.65,286.65,282.10,282.10,1080,358200
2019-01-30 11:45:00,282.10,282.10,276.15,277.20,1360,358200
2019-01-30 11:46:00,277.20,279.00,277.20,279.00,200,358200
2019-01-30 11:47:00,287.45,287.45,285.00,285.45,80,358200
2019-01-30 11:48:00,285.45,285.45,277.00,282.15,760,361480
2019-01-30 11:49:00,282.15,284.65,280.90,281.75,380,361480
2019-01-30 11:50:00,283.20,284.40,279.45,279.45,360,361980
2019-01-30 11:51:00,279.45,279.75,273.85,273.85,340,361980
2019-01-30 11:52:00,277.75,280.00,277.00,277.00,320,361980
2019-01-30 11:53:00,277.00,277.00,273.00,273.00,880,362020
2019-01-30 11:54:00,273.00,275.35,271.20,275.30,400,362020
2019-01-30 11:55:00,275.30,275.90,275.30,275.90,40,362020
2019-01-30 11:56:00,275.90,275.90,274.15,274.15,140,362380
2019-01-30 11:57:00,274.15,275.35,271.55,271.55,1300,362380
2019-01-30 11:58:00,270.60,274.00,270.00,271.80,2240,362380
2019-01-30 11:59:00,271.80,274.00,266.35,267.40,2340,361940
2019-01-30 12:00:00,267.40,270.25,263.00,265.00,1260,361940
2019-01-30 12:01:00,265.00,270.85,264.00,268.85,3600,361940
2019-01-30 12:02:00,268.85,274.00,268.85,272.80,1200,359920
2019-01-30 12:03:00,272.80,275.00,271.90,275.00,360,359920
2019-01-30 12:04:00,275.00,275.00,269.05,271.00,180,359920
2019-01-30 12:05:00,271.00,280.00,271.00,277.20,260,359920
2019-01-30 12:06:00,277.20,278.00,276.00,278.00,240,359240
2019-01-30 12:07:00,278.00,278.45,275.15,278.45,800,359240
2019-01-30 12:08:00,278.45,278.45,276.50,278.30,40,359780
2019-01-30 12:09:00,278.30,278.30,275.80,276.20,1080,359780
2019-01-30 12:10:00,276.20,277.45,273.65,273.65,200,359780
2019-01-30 12:11:00,273.65,273.85,272.45,273.85,780,360680
2019-01-30 12:12:00,273.85,274.45,272.00,274.45,200,360680
2019-01-30 12:13:00,274.45,276.00,272.45,274.85,4380,360680
2019-01-30 12:14:00,274.85,275.00,273.00,275.00,300,360680
2019-01-30 12:15:00,275.00,279.00,275.00,279.00,440,358100
2019-01-30 12:16:00,279.00,285.00,279.00,284.90,820,358100
2019-01-30 12:17:00,284.90,287.70,283.00,283.00,1160,357380
2019-01-30 12:18:00,283.00,284.55,277.35,277.35,760,357380
2019-01-30 12:19:00,277.80,281.35,277.25,280.25,700,357380
2019-01-30 12:20:00,280.25,284.00,280.25,281.05,400,356140
2019-01-30 12:21:00,281.05,284.95,280.05,284.95,460,356140
2019-01-30 12:22:00,285.00,285.00,277.95,279.65,1040,356140
2019-01-30 12:23:00,279.65,279.95,279.00,279.35,260,356140
2019-01-30 12:24:00,279.35,280.70,279.35,279.55,60,355520
2019-01-30 12:25:00,279.55,281.90,279.55,281.00,2340,355520
2019-01-30 12:26:00,280.80,280.80,280.00,280.05,2640,358540
2019-01-30 12:27:00,280.05,282.35,280.00,280.60,980,358540
2019-01-30 12:28:00,280.60,283.05,278.40,281.05,340,358540
2019-01-30 12:29:00,281.05,287.40,281.05,287.40,1740,358540
2019-01-30 12:30:00,287.00,300.60,287.00,294.90,2620,358460
2019-01-30 12:31:00,294.90,294.90,283.85,283.85,1520,358460
2019-01-30 12:32:00,283.85,283.85,280.25,282.05,2060,357960
2019-01-30 12:33:00,282.05,282.95,280.05,282.95,260,357960
2019-01-30 12:34:00,282.95,286.90,282.95,286.25,3880,357960
2019-01-30 12:35:00,286.25,288.20,286.00,286.00,920,360220
2019-01-30 12:36:00,286.00,289.30,284.00,289.30,3960,360220
2019-01-30 12:37:00,287.75,295.00,287.75,293.45,400,360220
2019-01-30 12:38:00,293.25,304.10,291.35,304.10,5000,358080
2019-01-30 12:39:00,301.70,306.15,296.00,296.35,1960,358080
2019-01-30 12:40:00,298.90,298.90,292.00,292.00,2160,358080
2019-01-30 12:41:00,292.00,294.60,292.00,294.60,2640,354800
2019-01-30 12:42:00,294.60,302.00,294.60,302.00,720,354800
2019-01-30 12:43:00,302.00,315.15,295.85,312.90,2340,354800
2019-01-30 12:44:00,312.10,319.25,309.00,319.00,7060,354100
2019-01-30 12:45:00,319.00,323.70,313.90,315.00,2120,354100
2019-01-30 12:46:00,315.00,315.00,304.85,307.60,480,354100
2019-01-30 12:47:00,307.60,311.50,307.60,307.60,320,353560
2019-01-30 12:48:00,307.60,312.95,307.25,308.30,620,353560
2019-01-30 12:49:00,308.30,310.00,306.40,309.90,300,353560
2019-01-30 12:50:00,309.90,314.30,305.00,311.35,480,353560
2019-01-30 12:51:00,309.85,312.75,309.00,309.00,120,353180
2019-01-30 12:52:00,309.00,312.75,306.75,306.75,280,353180
2019-01-30 12:53:00,306.75,310.00,300.25,310.00,1120,353700
2019-01-30 12:54:00,310.00,322.45,310.00,319.20,540,353700
2019-01-30 12:55:00,319.20,339.45,317.30,339.45,12540,353700
2019-01-30 12:56:00,338.00,348.50,335.60,335.60,15540,352080
2019-01-30 12:57:00,335.60,346.25,328.60,346.00,8300,352080
2019-01-30 12:58:00,346.00,346.80,339.25,339.25,2600,352080
2019-01-30 12:59:00,339.25,339.75,325.10,325.55,1540,355500
2019-01-30 13:00:00,325.55,343.65,325.55,340.60,1540,355500
2019-01-30 13:01:00,340.60,341.05,330.00,336.15,2720,355500
2019-01-30 13:02:00,336.15,351.15,336.15,345.45,2820,355220
2019-01-30 13:03:00,346.05,346.05,336.45,340.00,1400,355220
2019-01-30 13:04:00,341.70,344.60,339.60,344.60,660,355220
2019-01-30 13:05:00,349.00,360.00,349.00,354.20,2180,355320
2019-01-30 13:06:00,354.20,360.25,348.65,360.20,5660,355320
2019-01-30 13:07:00,360.20,363.35,348.35,350.65,4100,355320
2019-01-30 13:08:00,350.65,357.45,349.05,357.45,1640,355320
2019-01-30 13:09:00,357.45,365.10,353.30,356.00,2280,352160
2019-01-30 13:10:00,356.00,356.00,348.90,350.00,420,352160
2019-01-30 13:11:00,349.95,359.25,342.70,343.45,1080,352160
2019-01-30 13:12:00,346.95,351.35,344.00,347.60,780,350320
2019-01-30 13:13:00,347.60,349.00,340.00,341.00,220,350320
2019-01-30 13:14:00,340.00,340.00,330.00,335.80,1700,350620
2019-01-30 13:15:00,335.80,340.00,332.00,339.00,5020,350620
2019-01-30 13:16:00,339.00,340.40,325.45,325.45,7280,350620
2019-01-30 13:17:00,325.45,330.40,323.80,329.45,160,350620
2019-01-30 13:18:00,329.45,329.45,316.85,324.50,560,348440
2019-01-30 13:19:00,324.50,326.00,320.30,323.40,1080,348440
2019-01-30 13:20:00,323.45,334.05,319.95,331.25,1200,348400
2019-01-30 13:21:00,334.05,338.50,331.55,333.70,900,348400
2019-01-30 13:22:00,333.30,333.30,326.85,326.85,840,348400
2019-01-30 13:23:00,326.85,329.35,319.20,327.30,160,348900
2019-01-30 13:24:00,327.30,337.30,327.30,337.30,280,348900
2019-01-30 13:25:00,337.30,337.30,333.00,336.05,360,348900
2019-01-30 13:26:00,325.65,326.00,322.45,326.00,300,348900
2019-01-30 13:27:00,326.00,330.60,326.00,330.00,160,348500
2019-01-30 13:28:00,330.00,330.00,326.35,327.00,400,348500
2019-01-30 13:29:00,327.00,331.80,325.95,330.00,820,348520
2019-01-30 13:30:00,330.00,349.40,330.00,349.40,1700,348520
2019-01-30 13:31:00,349.40,356.45,346.80,346.80,780,348520
2019-01-30 13:32:00,349.80,359.95,349.80,355.15,1640,346520
2019-01-30 13:33:00,355.15,355.15,341.85,341.85,1040,346520
2019-01-30 13:34:00,341.85,341.85,328.00,328.20,760,346520
2019-01-30 13:35:00,326.55,326.55,315.15,315.15,880,346520
2019-01-30 13:36:00,312.00,314.75,302.00,308.25,2300,345500
2019-01-30 13:37:00,308.25,310.00,300.45,300.50,4600,345500
2019-01-30 13:38:00,300.50,313.90,300.50,313.90,660,343500
2019-01-30 13:39:00,313.90,314.00,301.00,307.60,1840,343500
2019-01-30 13:40:00,307.60,317.25,307.60,312.70,280,343500
2019-01-30 13:41:00,312.70,314.60,307.60,307.60,780,343400
2019-01-30 13:42:00,308.65,313.15,300.50,312.65,1940,343400
2019-01-30 13:43:00,312.65,317.00,307.50,317.00,1540,343400
2019-01-30 13:44:00,317.00,322.15,317.00,320.00,720,343520
2019-01-30 13:45:00,320.00,320.45,320.00,320.45,320,343520
2019-01-30 13:46:00,320.45,339.35,320.45,333.50,1000,343520
2019-01-30 13:47:00,333.50,336.00,330.00,330.00,700,343520
2019-01-30 13:48:00,330.00,338.45,330.00,331.30,160,343460
2019-01-30 13:49:00,331.30,331.30,324.40,324.40,140,343460
2019-01-30 13:50:00,324.40,327.65,324.40,327.65,80,343460
2019-01-30 13:51:00,327.65,331.95,321.30,331.95,420,342980
2019-01-30 13:52:00,331.95,332.35,322.50,326.20,1160,342980
2019-01-30 13:53:00,326.20,328.60,322.90,325.60,940,343780
2019-01-30 13:54:00,325.60,327.00,314.00,314.35,1280,343780
2019-01-30 13:55:00,314.35,319.10,314.35,319.10,160,343780
2019-01-30 13:56:00,319.10,334.00,319.10,334.00,620,343820
2019-01-30 13:57:00,334.00,335.00,330.25,334.45,260,343820
2019-01-30 13:58:00,334.45,336.80,329.65,329.65,480,343820
2019-01-30 13:59:00,329.65,337.00,329.65,334.95,920,343560
2019-01-30 14:00:00,334.95,338.85,333.40,338.85,260,343560
2019-01-30 14:01:00,338.85,340.20,335.00,339.25,2200,343560
2019-01-30 14:02:00,339.25,349.80,339.20,348.40,1200,344540
2019-01-30 14:03:00,348.15,355.90,346.60,355.90,1100,344540
2019-01-30 14:04:00,355.90,356.70,345.15,346.25,720,344540
2019-01-30 14:05:00,346.25,349.50,339.00,345.40,640,344040
2019-01-30 14:06:00,345.45,350.20,338.10,338.10,1000,344040
2019-01-30 14:07:00,338.10,338.10,331.95,331.95,300,344040
2019-01-30 14:08:00,331.95,340.70,331.00,331.00,2780,343460
2019-01-30 14:09:00,331.00,339.40,331.00,334.60,780,343460
2019-01-30 14:10:00,334.60,342.75,334.60,342.00,1160,343460
2019-01-30 14:11:00,342.00,344.00,335.85,335.85,580,343460
2019-01-30 14:12:00,335.85,340.95,335.10,339.20,920,341360
2019-01-30 14:13:00,337.45,338.70,332.20,333.50,540,341360
2019-01-30 14:14:00,328.80,330.35,326.80,329.85,620,340920
2019-01-30 14:15:00,329.85,350.00,329.85,349.30,2060,340920
2019-01-30 14:16:00,349.00,382.65,348.60,382.65,8380,340920
2019-01-30 14:17:00,382.65,394.75,377.20,394.75,9840,339240
2019-01-30 14:18:00,395.15,411.55,385.15,390.00,12460,339240
2019-01-30 14:19:00,387.05,402.25,383.00,393.50,1700,339240
2019-01-30 14:20:00,400.00,408.45,394.95,395.00,2980,339820
2019-01-30 14:21:00,395.00,403.95,385.25,403.95,5200,339820
2019-01-30 14:22:00,407.10,413.60,390.00,391.30,2480,339820
2019-01-30 14:23:00,391.30,400.40,386.25,386.25,1860,337740
2019-01-30 14:24:00,389.75,389.75,380.75,380.75,440,337740
2019-01-30 14:25:00,377.65,381.90,370.65,370.65,480,337740
2019-01-30 14:26:00,370.00,390.20,370.00,385.00,2600,337740
2019-01-30 14:27:00,386.05,398.10,386.05,390.00,1260,337340
2019-01-30 14:28:00,390.00,420.45,390.00,409.20,4120,337340
2019-01-30 14:29:00,408.60,414.90,399.30,414.90,1020,334540
2019-01-30 14:30:00,414.90,421.40,402.80,405.00,4120,334540
2019-01-30 14:31:00,405.00,407.70,394.10,407.70,1920,334540
2019-01-30 14:32:00,408.90,408.90,395.55,395.55,2780,335240
2019-01-30 14:33:00,395.55,404.20,395.40,402.00,1580,335240
2019-01-30 14:34:00,402.00,411.75,397.90,407.00,2380,335240
2019-01-30 14:35:00,407.00,407.00,398.50,402.90,3420,335240
2019-01-30 14:36:00,401.85,408.20,401.85,405.75,1560,331880
2019-01-30 14:37:00,405.75,405.75,393.95,400.00,1500,331880
2019-01-30 14:38:00,400.00,401.55,387.40,390.00,1060,331880
2019-01-30 14:39:00,389.35,395.65,380.00,380.90,3780,329480
2019-01-30 14:40:00,373.35,377.85,347.60,355.00,5540,329480
2019-01-30 14:41:00,356.55,356.55,310.35,330.10,9600,326480
2019-01-30 14:42:00,330.10,336.05,310.00,316.10,5580,326480
2019-01-30 14:43:00,314.75,323.50,290.05,290.05,7260,326480
2019-01-30 14:44:00,287.70,302.15,287.70,299.45,4880,324640
2019-01-30 14:45:00,296.80,314.50,264.20,272.35,7720,324640
2019-01-30 14:46:00,272.35,276.60,255.35,271.35,6720,324640
2019-01-30 14:47:00,269.30,280.00,255.65,266.30,4620,324140
2019-01-30 14:48:00,267.65,267.65,249.20,253.60,6340,324140
2019-01-30 14:49:00,243.45,269.25,242.40,256.40,1820,324140
2019-01-30 14:50:00,261.05,268.50,253.65,257.00,1260,323080
2019-01-30 14:51:00,257.00,276.45,256.85,274.80,5780,323080
2019-01-30 14:52:00,274.80,284.85,267.20,273.15,2140,323080
2019-01-30 14:53:00,274.90,280.75,264.10,265.45,1720,323080
2019-01-30 14:54:00,259.25,273.10,258.30,263.05,1480,324460
2019-01-30 14:55:00,263.05,276.20,263.05,265.70,5080,324460
2019-01-30 14:56:00,265.70,280.00,265.70,280.00,800,324460
2019-01-30 14:57:00,282.85,282.85,269.00,274.45,1940,322420
2019-01-30 14:58:00,275.00,283.25,272.45,277.25,1840,322420
2019-01-30 14:59:00,277.25,292.45,274.25,281.80,3280,322260
2019-01-30 15:00:00,281.80,285.85,270.65,282.75,2680,322260
2019-01-30 15:01:00,285.20,303.65,285.20,298.70,5160,322260
2019-01-30 15:02:00,298.75,300.00,286.55,300.00,1240,323120
2019-01-30 15:03:00,300.00,300.30,287.20,295.20,560,323120
2019-01-30 15:04:00,295.20,303.45,290.65,295.15,2500,323120
2019-01-30 15:05:00,295.15,323.35,295.15,321.75,6680,323200
2019-01-30 15:06:00,324.10,337.05,320.00,325.35,5620,323200
2019-01-30 15:07:00,325.35,334.50,324.00,327.60,2120,323200
2019-01-30 15:08:00,327.60,339.50,327.60,332.55,1560,320100
2019-01-30 15:09:00,332.55,346.85,328.65,330.80,940,320100
2019-01-30 15:10:00,332.80,336.95,328.55,331.00,1240,320100
2019-01-30 15:11:00,331.00,331.00,315.00,327.10,2460,320020
2019-01-30 15:12:00,321.30,325.65,316.00,323.80,620,320020
2019-01-30 15:13:00,328.00,331.00,315.00,322.30,1180,320020
2019-01-30 15:14:00,322.30,336.00,322.15,326.70,1820,320680
2019-01-30 15:15:00,326.70,334.95,323.35,329.75,2400,320680
2019-01-30 15:16:00,323.20,325.40,303.95,308.30,4700,320680
2019-01-30 15:17:00,310.95,317.70,310.00,317.70,1360,319680
2019-01-30 15:18:00,317.70,337.95,317.70,337.15,1980,319680
2019-01-30 15:19:00,337.15,355.00,337.15,351.20,5280,319680
2019-01-30 15:20:00,351.20,351.20,340.00,340.00,1940,318460
2019-01-30 15:21:00,341.65,351.35,341.65,347.60,2100,318460
2019-01-30 15:22:00,350.15,353.15,345.05,349.90,3540,318460
2019-01-30 15:23:00,351.05,356.45,347.65,356.40,3980,318320
2019-01-30 15:24:00,356.80,359.35,350.30,355.75,7120,318320
2019-01-30 15:25:00,355.50,356.85,340.00,340.00,7120,318320
2019-01-30 15:26:00,339.95,340.00,330.75,332.90,5860,317640
2019-01-30 15:27:00,332.90,338.10,332.90,336.70,3820,317640
2019-01-30 15:28:00,337.05,337.95,330.00,330.00,2080,317640
2019-01-30 15:29:01,330.05,333.20,329.00,332.00,4500,314920
2019-01-31 09:15:00,437.60,472.75,410.05,417.10,6600,300840
2019-01-31 09:16:00,415.75,418.40,402.50,404.00,6520,302240
2019-01-31 09:17:00,402.40,417.55,391.45,416.20,2040,302240
2019-01-31 09:18:00,416.20,425.00,413.45,425.00,2460,302240
2019-01-31 09:19:00,425.00,429.65,414.45,419.70,1360,302520
2019-01-31 09:20:00,416.10,420.00,404.30,413.75,1100,302520
2019-01-31 09:21:00,413.75,425.00,413.75,420.10,2500,302520
2019-01-31 09:22:00,420.10,422.70,411.45,415.20,1240,303240
2019-01-31 09:23:00,415.20,420.00,409.00,409.00,3440,303240
2019-01-31 09:24:00,407.75,410.35,401.00,405.00,1280,303240
2019-01-31 09:25:00,405.00,416.00,405.00,408.15,1760,303760
2019-01-31 09:26:00,408.15,415.00,408.15,412.45,2080,303760
2019-01-31 09:27:00,412.45,420.50,412.45,415.00,2420,303760
2019-01-31 09:28:00,415.00,416.10,411.60,416.10,2160,303160
2019-01-31 09:29:00,416.10,421.70,416.10,420.35,940,303160
2019-01-31 09:30:00,420.35,423.25,416.80,421.05,540,303160
2019-01-31 09:31:00,421.05,425.65,419.00,419.00,800,303320
2019-01-31 09:32:00,419.00,419.00,404.75,404.75,2200,303320
2019-01-31 09:33:00,407.40,410.05,404.20,407.40,2080,303320
2019-01-31 09:34:00,407.40,407.40,397.65,402.90,2600,303120
2019-01-31 09:35:00,402.90,408.10,401.45,407.65,600,303120
2019-01-31 09:36:00,407.65,410.00,404.45,410.00,820,303120
2019-01-31 09:37:00,410.00,412.60,405.45,410.25,440,303360
2019-01-31 09:38:00,410.25,413.90,409.70,411.75,200,303360
2019-01-31 09:39:00,411.75,411.75,405.50,408.30,180,303360
2019-01-31 09:40:00,408.30,408.30,402.45,404.40,220,303440
2019-01-31 09:41:00,404.40,408.50,399.15,408.50,2780,303440
2019-01-31 09:42:00,405.55,406.10,400.25,400.90,660,303440
2019-01-31 09:43:00,400.90,405.05,399.10,403.95,260,304080
2019-01-31 09:44:00,403.95,406.00,401.05,402.50,500,304080
2019-01-31 09:45:00,402.50,405.00,397.30,404.25,800,304080
2019-01-31 09:46:00,404.25,407.05,393.80,393.80,600,303920
2019-01-31 09:47:00,393.80,393.80,369.75,382.85,3660,303920
2019-01-31 09:48:00,380.00,383.00,378.00,383.00,420,303920
2019-01-31 09:49:00,383.00,390.15,383.00,385.95,580,303480
2019-01-31 09:50:00,385.95,385.95,381.00,382.35,120,303480
2019-01-31 09:51:00,382.35,390.20,382.35,388.45,200,303480
2019-01-31 09:52:00,388.45,393.65,388.45,392.70,500,303300
2019-01-31 09:53:00,392.70,392.70,381.20,381.20,280,303300
2019-01-31 09:54:00,385.75,385.75,381.80,382.55,80,303300
2019-01-31 09:55:00,384.35,388.80,384.35,388.80,60,303500
2019-01-31 09:56:00,388.80,390.00,385.80,386.95,1000,303500
2019-01-31 09:57:00,386.95,388.45,385.05,388.45,440,303500
2019-01-31 09:58:00,388.45,395.90,388.45,394.80,1380,303980
2019-01-31 09:59:00,394.80,399.75,394.80,399.75,960,303980
2019-01-31 10:00:00,399.75,409.35,399.50,406.60,1540,303980
2019-01-31 10:01:00,406.60,411.00,405.15,406.10,520,305020
2019-01-31 10:02:00,406.10,406.10,403.40,403.40,100,305020
2019-01-31 10:03:00,403.40,406.55,402.40,404.05,440,305020
2019-01-31 10:04:00,404.05,404.05,395.50,395.50,820,304960
2019-01-31 10:05:00,399.25,405.00,394.45,405.00,1580,304960
2019-01-31 10:06:00,405.00,407.90,400.90,401.55,3000,304960
2019-01-31 10:07:00,401.55,408.25,401.55,405.90,460,304060
2019-01-31 10:08:00,405.90,407.90,402.30,407.80,340,304060
2019-01-31 10:09:00,407.80,409.55,405.75,409.55,540,304060
2019-01-31 10:10:00,409.55,409.55,405.00,406.20,140,303700
2019-01-31 10:11:00,405.55,405.55,400.20,403.45,180,303700
2019-01-31 10:12:00,403.45,406.00,403.45,406.00,280,303700
2019-01-31 10:13:00,406.00,406.00,402.05,406.00,840,303600
2019-01-31 10:14:00,406.00,406.00,396.05,397.95,920,303600
2019-01-31 10:15:00,398.05,400.05,395.00,398.25,1860,303600
2019-01-31 10:16:00,398.25,398.25,394.80,395.50,240,302240
2019-01-31 10:17:00,395.50,396.00,386.65,388.35,480,302240
2019-01-31 10:18:00,388.35,391.90,387.10,390.10,920,302240
2019-01-31 10:19:00,390.10,392.60,388.70,392.60,700,301660
2019-01-31 10:20:00,392.60,392.60,388.30,390.70,240,301660
2019-01-31 10:21:00,390.70,403.75,390.70,403.75,280,301660
2019-01-31 10:22:00,403.75,407.00,400.00,400.00,120,300980
2019-01-31 10:23:00,400.00,403.50,400.00,403.50,0,300980
2019-01-31 10:24:00,403.50,403.50,403.50,403.50,0,300980
2019-01-31 10:25:00,403.50,404.85,402.10,404.85,240,300940
2019-01-31 10:26:00,404.85,409.20,404.10,409.20,860,300940
2019-01-31 10:27:00,409.20,409.20,407.10,407.50,420,300940
2019-01-31 10:28:00,407.50,407.50,400.65,402.45,280,300660
2019-01-31 10:29:00,402.45,405.70,402.45,405.35,1300,300660
2019-01-31 10:30:00,405.35,405.35,398.65,399.45,880,300660
2019-01-31 10:31:00,399.45,404.05,399.45,404.05,940,301160
2019-01-31 10:32:00,404.05,407.40,403.30,406.55,740,301160
2019-01-31 10:33:00,406.55,415.00,406.20,412.45,2080,301160
2019-01-31 10:34:00,412.45,418.20,412.45,416.75,1660,301380
2019-01-31 10:35:00,416.95,428.25,416.95,426.55,6100,301380
2019-01-31 10:36:00,426.55,430.00,423.35,430.00,1780,301380
2019-01-31 10:37:00,430.00,430.70,426.00,426.00,1140,298380
2019-01-31 10:38:00,426.00,426.00,422.45,425.90,1500,298380
2019-01-31 10:39:00,425.90,430.00,425.40,426.10,560,298380
2019-01-31 10:40:00,426.10,437.70,424.60,432.45,1900,297020
2019-01-31 10:41:00,432.45,441.50,431.85,436.20,1200,297020
2019-01-31 10:42:00,442.00,444.05,433.45,436.20,2700,297020
2019-01-31 10:43:00,436.20,440.80,435.00,439.10,540,295780
2019-01-31 10:44:00,439.10,447.00,438.00,438.95,1780,295780
2019-01-31 10:45:00,438.95,445.30,438.00,438.65,900,295780
2019-01-31 10:46:00,438.20,440.35,436.25,439.25,1660,295060
2019-01-31 10:47:00,439.25,444.55,437.40,441.65,740,295060
2019-01-31 10:48:00,441.75,442.40,428.65,428.65,880,295060
2019-01-31 10:49:00,429.65,432.85,429.35,431.35,820,295080
2019-01-31 10:50:00,431.35,433.55,426.50,433.55,560,295080
2019-01-31 10:51:00,433.55,433.95,429.00,429.25,460,295080
2019-01-31 10:52:00,429.25,429.55,424.55,425.35,3600,294800
2019-01-31 10:53:00,425.95,429.15,425.90,429.15,320,294800
2019-01-31 10:54:00,429.15,432.35,427.25,427.25,220,294800
2019-01-31 10:55:00,430.60,439.75,430.60,439.75,80,294040
2019-01-31 10:56:00,439.75,463.40,439.75,454.35,8440,294040
2019-01-31 10:57:00,454.35,461.75,454.35,461.75,140,294040
2019-01-31 10:58:00,461.75,461.75,454.80,455.00,1860,292020
2019-01-31 10:59:00,455.00,458.35,450.85,456.10,960,292020
2019-01-31 11:00:00,456.10,466.80,454.00,465.00,3080,292020
2019-01-31 11:01:00,466.90,469.50,462.20,462.85,3300,291160
2019-01-31 11:02:00,462.90,482.00,462.90,474.25,3560,291160
2019-01-31 11:03:00,473.10,473.10,465.55,465.55,2160,291160
2019-01-31 11:04:00,465.55,469.25,463.15,469.25,2460,289720
2019-01-31 11:05:00,469.25,470.00,466.05,467.85,280,289720
2019-01-31 11:06:00,468.65,469.60,464.05,464.25,1880,289720
2019-01-31 11:07:00,464.25,465.65,459.65,463.95,620,289360
2019-01-31 11:08:00,463.95,469.30,463.35,467.80,1000,289360
2019-01-31 11:09:00,467.80,476.85,467.80,474.80,1180,289360
2019-01-31 11:10:00,474.80,476.85,472.95,472.95,1380,288800
2019-01-31 11:11:00,470.00,471.45,466.65,469.00,1280,288800
2019-01-31 11:12:00,470.30,470.30,462.75,463.65,1080,288800
2019-01-31 11:13:00,464.45,468.50,464.05,467.95,500,288100
2019-01-31 11:14:00,467.95,470.70,466.75,470.70,520,288100
2019-01-31 11:15:00,470.70,471.30,466.85,469.70,480,288100
2019-01-31 11:16:00,469.15,469.30,466.00,466.00,40,288100
2019-01-31 11:17:00,466.00,466.00,451.60,455.45,1240,287760
2019-01-31 11:18:00,455.45,461.70,455.45,461.10,720,287760
2019-01-31 11:19:00,461.10,461.10,456.75,458.40,440,286620
2019-01-31 11:20:00,455.00,459.25,454.55,457.75,520,286620
2019-01-31 11:21:00,457.75,459.85,454.15,454.15,2100,286620
2019-01-31 11:22:00,454.15,458.85,454.15,458.50,660,285720
2019-01-31 11:23:00,458.80,469.00,458.80,467.85,1520,285720
2019-01-31 11:24:00,467.85,500.00,467.85,486.95,5980,285720
2019-01-31 11:25:00,486.95,498.00,486.95,498.00,3400,283540
2019-01-31 11:26:00,498.00,500.00,486.60,490.30,4860,283540
2019-01-31 11:27:00,490.30,498.85,490.00,496.00,940,283540
2019-01-31 11:28:00,496.00,496.70,491.70,495.65,1120,282540
2019-01-31 11:29:00,495.65,503.75,495.65,502.95,700,282540
2019-01-31 11:30:00,502.95,520.00,502.95,518.40,5960,282540
2019-01-31 11:31:00,518.40,525.75,517.00,524.75,4220,278440
2019-01-31 11:32:00,524.75,529.00,524.15,529.00,380,278440
2019-01-31 11:33:00,529.00,529.00,513.40,528.95,2520,278440
2019-01-31 11:34:00,528.95,528.95,512.05,513.40,340,276840
2019-01-31 11:35:00,513.10,525.00,513.10,525.00,1500,276840
2019-01-31 11:36:00,525.00,526.60,518.70,522.00,640,276840
2019-01-31 11:37:00,522.00,523.35,514.60,514.60,920,276960
2019-01-31 11:38:00,511.75,513.40,503.80,503.80,560,276960
2019-01-31 11:39:00,503.80,505.30,501.05,505.30,380,276960
2019-01-31 11:40:00,505.30,514.00,504.70,514.00,960,276980
2019-01-31 11:41:00,514.00,517.00,510.80,510.85,740,276980
2019-01-31 11:42:00,510.85,510.85,507.15,507.60,120,276980
2019-01-31 11:43:00,507.60,513.10,507.60,511.65,340,276420
2019-01-31 11:44:00,511.65,512.90,510.80,510.80,260,276420
2019-01-31 11:45:00,510.80,510.80,504.80,504.80,1820,276420
2019-01-31 11:46:00,504.80,506.05,499.10,502.50,420,276740
2019-01-31 11:47:00,502.50,502.50,490.00,492.45,1340,276740
2019-01-31 11:48:00,492.45,498.90,491.30,498.90,1960,276740
2019-01-31 11:49:00,498.90,498.90,493.60,493.60,360,275520
2019-01-31 11:50:00,493.60,508.85,493.60,508.30,1140,275520
2019-01-31 11:51:00,511.15,511.15,506.10,508.40,1060,275520
2019-01-31 11:52:00,508.40,509.00,505.70,505.70,1020,274400
2019-01-31 11:53:00,503.70,503.70,490.00,492.45,1280,274400
2019-01-31 11:54:00,492.45,493.35,488.00,493.00,2560,274400
2019-01-31 11:55:00,493.00,493.00,484.00,484.80,720,273580
2019-01-31 11:56:00,485.90,488.75,481.80,481.80,900,273580
2019-01-31 11:57:00,481.80,483.45,477.15,479.00,1340,273580
2019-01-31 11:58:00,479.00,479.00,463.00,473.90,2300,272360
2019-01-31 11:59:00,473.90,478.55,473.90,476.40,320,272360
2019-01-31 12:00:00,476.40,489.15,474.80,489.15,1420,272360
2019-01-31 12:01:00,489.15,490.55,483.10,485.70,500,271300
2019-01-31 12:02:00,485.70,495.90,485.70,494.00,1840,271300
2019-01-31 12:03:00,494.00,501.35,494.00,497.45,540,271300
2019-01-31 12:04:00,497.45,501.25,497.45,501.15,860,270600
2019-01-31 12:05:00,501.15,501.15,492.65,493.00,700,270600
2019-01-31 12:06:00,493.00,495.40,488.45,488.45,1160,270600
2019-01-31 12:07:00,486.60,497.00,486.00,497.00,760,270520
2019-01-31 12:08:00,496.45,497.00,493.45,494.25,1220,270520
2019-01-31 12:09:00,494.30,498.50,494.30,496.95,600,270520
2019-01-31 12:10:00,496.95,506.70,496.95,504.00,1160,270160
2019-01-31 12:11:00,504.00,508.85,504.00,508.85,420,270160
2019-01-31 12:12:00,508.85,508.90,504.00,504.90,840,270160
2019-01-31 12:13:00,504.80,509.70,500.00,503.00,1680,269740
2019-01-31 12:14:00,501.95,508.50,501.95,508.50,860,269740
2019-01-31 12:15:00,508.50,509.30,504.00,504.00,100,269740
2019-01-31 12:16:00,504.00,504.00,492.00,493.00,180,269740
2019-01-31 12:17:00,495.00,500.00,495.00,500.00,480,269740
2019-01-31 12:18:00,500.00,500.00,493.00,496.00,360,269740
2019-01-31 12:19:00,496.00,496.00,487.60,494.00,700,269880
2019-01-31 12:20:00,494.00,496.15,487.45,490.80,1380,269880
2019-01-31 12:21:00,490.80,491.00,479.90,485.00,1360,269880
2019-01-31 12:22:00,485.00,485.70,481.05,485.00,740,269660
2019-01-31 12:23:00,485.00,485.00,476.25,480.00,560,269660
2019-01-31 12:24:00,480.00,491.00,480.00,485.00,1840,269660
2019-01-31 12:25:00,484.65,489.00,482.20,482.20,640,269940
2019-01-31 12:26:00,482.20,490.00,482.20,485.25,1060,269940
2019-01-31 12:27:00,485.25,485.25,478.00,478.00,1100,269940
2019-01-31 12:28:00,483.00,492.20,479.25,492.20,620,268360
2019-01-31 12:29:00,492.20,492.20,489.80,489.80,260,268360
2019-01-31 12:30:00,489.80,489.80,479.45,481.30,1300,268360
2019-01-31 12:31:00,481.30,481.30,470.00,470.00,1220,268480
2019-01-31 12:32:00,470.00,482.50,470.00,480.00,920,268480
2019-01-31 12:33:00,480.00,485.00,475.00,484.00,1200,268480
2019-01-31 12:34:00,484.00,486.00,481.40,481.40,640,268640
2019-01-31 12:35:00,481.40,488.30,481.40,487.75,860,268640
2019-01-31 12:36:00,487.75,491.00,463.30,463.30,480,268640
2019-01-31 12:37:00,459.60,472.15,459.60,472.15,580,268900
2019-01-31 12:38:00,472.15,473.15,464.60,473.15,700,268900
2019-01-31 12:39:00,473.15,474.95,470.00,473.15,480,268900
2019-01-31 12:40:00,473.15,475.00,472.50,472.50,1400,268700
2019-01-31 12:41:00,472.30,477.75,469.25,472.65,1020,268700
2019-01-31 12:42:00,472.65,483.00,472.65,483.00,1080,268700
2019-01-31 12:43:00,483.00,484.00,478.00,479.80,480,268700
2019-01-31 12:44:00,479.80,480.00,475.00,480.00,320,268700
2019-01-31 12:45:00,480.00,480.00,475.40,480.00,340,268700
2019-01-31 12:46:00,480.00,490.00,480.00,489.40,1800,268700
2019-01-31 12:47:00,489.40,498.50,489.40,495.00,1260,268700
2019-01-31 12:48:00,495.00,495.00,487.95,491.95,1540,268700
2019-01-31 12:49:00,495.95,495.95,490.55,494.30,360,269500
2019-01-31 12:50:00,490.00,492.85,490.00,492.85,500,269500
2019-01-31 12:51:00,492.85,499.05,492.85,498.05,700,269500
2019-01-31 12:52:00,498.05,498.20,490.60,490.60,760,269960
2019-01-31 12:53:00,490.60,493.85,487.05,493.85,480,269960
2019-01-31 12:54:00,493.85,497.30,493.40,494.35,1620,269960
2019-01-31 12:55:00,494.35,495.00,492.95,492.95,300,270020
2019-01-31 12:56:00,492.95,505.00,492.95,502.85,1500,270020
2019-01-31 12:57:00,502.85,503.10,495.70,500.00,780,270020
2019-01-31 12:58:00,500.00,500.00,494.70,495.00,380,269460
2019-01-31 12:59:00,495.00,497.00,495.00,497.00,280,269460
2019-01-31 13:00:00,497.00,497.00,483.20,483.20,420,269460
2019-01-31 13:01:00,483.20,512.75,483.20,512.75,1360,269260
2019-01-31 13:02:00,512.00,518.75,512.00,513.65,1500,269260
2019-01-31 13:03:00,513.65,522.65,510.55,519.20,580,269260
2019-01-31 13:04:00,519.20,519.20,516.30,517.30,120,269140
2019-01-31 13:05:00,517.30,521.05,514.20,520.45,2200,269140
2019-01-31 13:06:00,520.45,533.00,515.90,531.10,6800,269140
2019-01-31 13:07:00,531.10,531.10,519.55,519.55,1520,268060
2019-01-31 13:08:00,519.55,525.00,519.55,521.20,40,268060
2019-01-31 13:09:00,521.20,544.10,521.20,537.75,3240,268060
2019-01-31 13:10:00,537.75,537.90,525.80,525.80,360,266960
2019-01-31 13:11:00,525.80,532.65,525.80,530.70,780,266960
2019-01-31 13:12:00,530.70,530.70,526.95,526.95,420,266960
2019-01-31 13:13:00,526.95,539.30,526.95,539.30,700,267720
2019-01-31 13:14:00,540.00,540.60,535.00,535.00,700,267720
2019-01-31 13:15:00,535.00,554.95,533.95,551.00,5000,267720
2019-01-31 13:16:00,551.00,556.00,544.95,550.75,4800,266120
2019-01-31 13:17:00,550.55,556.40,550.55,552.00,280,266120
2019-01-31 13:18:00,552.00,557.05,547.75,555.25,3220,266120
2019-01-31 13:19:00,555.25,560.00,550.75,550.75,2440,265120
2019-01-31 13:20:00,550.75,560.00,550.75,556.95,1440,265120
2019-01-31 13:21:00,556.95,562.75,554.40,554.65,1920,265120
2019-01-31 13:22:00,551.35,555.00,550.00,553.10,860,264820
2019-01-31 13:23:00,553.10,556.05,551.00,556.05,520,264820
2019-01-31 13:24:00,556.05,578.30,556.05,578.30,4820,264820
2019-01-31 13:25:00,578.30,578.30,565.00,567.00,2200,262440
2019-01-31 13:26:00,567.00,567.00,552.00,554.35,940,262440
2019-01-31 13:27:00,554.35,557.35,554.35,557.35,40,262440
2019-01-31 13:28:00,557.35,565.65,557.35,565.65,1540,262420
2019-01-31 13:29:00,565.65,572.40,565.65,570.00,580,262420
2019-01-31 13:30:00,570.00,570.00,563.35,567.00,1300,262420
2019-01-31 13:31:00,567.00,567.00,560.40,560.40,320,261900
2019-01-31 13:32:00,560.40,583.60,560.40,583.00,1160,261900
2019-01-31 13:33:00,581.35,610.15,581.35,594.50,7040,261900
2019-01-31 13:34:00,595.00,611.95,595.00,608.00,6080,260060
2019-01-31 13:35:00,608.00,620.95,601.20,616.90,5160,260060
2019-01-31 13:36:00,616.90,616.90,602.50,605.45,1200,260060
2019-01-31 13:37:00,605.45,619.00,605.45,612.50,1480,258360
2019-01-31 13:38:00,612.50,621.00,608.30,608.30,2280,258360
2019-01-31 13:39:00,608.30,622.10,608.30,618.55,1060,258360
2019-01-31 13:40:00,618.55,625.00,610.20,622.90,1480,258060
2019-01-31 13:41:00,626.45,671.00,626.45,668.30,5460,258060
2019-01-31 13:42:00,671.60,679.65,671.60,675.80,1040,258060
2019-01-31 13:43:00,675.80,686.90,667.20,679.00,1760,256160
2019-01-31 13:44:00,679.00,683.05,660.05,660.05,1700,256160
2019-01-31 13:45:00,659.05,659.05,643.95,643.95,260,256160
2019-01-31 13:46:00,643.95,655.05,637.10,652.45,1100,255680
2019-01-31 13:47:00,652.45,664.25,652.45,657.25,440,255680
2019-01-31 13:48:00,657.25,667.05,655.00,661.60,440,255680
2019-01-31 13:49:00,661.60,661.60,650.00,650.00,260,255440
2019-01-31 13:50:00,650.00,665.60,647.45,664.05,340,255440
2019-01-31 13:51:00,664.05,664.05,649.80,649.80,60,255440
2019-01-31 13:52:00,649.80,651.55,642.30,642.30,380,255360
2019-01-31 13:53:00,642.30,650.00,642.30,649.35,160,255360
2019-01-31 13:54:00,649.35,649.35,632.40,632.40,320,255360
2019-01-31 13:55:00,632.40,645.80,632.40,645.80,20,255360
2019-01-31 13:56:00,645.80,660.00,644.70,651.95,920,228940
2019-01-31 13:57:00,651.95,655.00,651.95,654.70,780,228940
2019-01-31 13:58:00,663.95,667.85,660.00,663.25,1340,228480
2019-01-31 13:59:00,667.90,668.30,657.30,657.30,540,228480
2019-01-31 14:00:00,659.65,661.70,645.00,650.10,820,228480
2019-01-31 14:01:00,648.10,650.90,642.60,650.00,1020,228440
2019-01-31 14:02:00,650.00,650.00,646.30,650.00,500,228440
2019-01-31 14:03:00,650.00,650.00,632.05,632.05,60,228440
2019-01-31 14:04:00,632.05,641.20,628.55,641.20,560,228220
2019-01-31 14:05:00,640.25,640.25,622.75,622.75,880,228220
2019-01-31 14:06:00,622.75,630.00,620.00,625.70,800,228220
2019-01-31 14:07:00,629.30,630.00,621.45,627.90,1200,228100
2019-01-31 14:08:00,627.90,641.65,627.90,641.65,1740,228100
2019-01-31 14:09:00,643.10,643.10,635.40,638.45,660,228100
2019-01-31 14:10:00,638.45,638.45,628.05,628.80,720,229060
2019-01-31 14:11:00,628.80,634.60,619.70,619.70,240,229060
2019-01-31 14:12:00,626.10,626.10,607.65,611.65,760,229060
2019-01-31 14:13:00,611.65,620.30,605.60,616.05,1060,228860
2019-01-31 14:14:00,617.00,618.65,606.35,616.10,580,228860
2019-01-31 14:15:00,619.00,631.10,619.00,628.65,3520,228860
2019-01-31 14:16:00,629.70,658.65,629.70,655.50,920,228640
2019-01-31 14:17:00,656.45,656.45,647.60,649.95,540,228640
2019-01-31 14:18:00,649.65,680.65,649.65,677.40,700,228640
2019-01-31 14:19:00,682.10,706.30,677.60,678.35,1740,228420
2019-01-31 14:20:00,678.35,678.35,666.35,674.45,640,228420
2019-01-31 14:21:00,674.45,678.10,666.85,667.40,620,228420
2019-01-31 14:22:00,667.40,669.10,661.65,666.90,420,228020
2019-01-31 14:23:00,666.95,666.95,652.75,661.05,3060,228020
2019-01-31 14:24:00,661.05,676.75,661.05,673.45,2640,228020
2019-01-31 14:25:00,673.45,675.15,659.75,659.75,1500,203280
2019-01-31 14:26:00,658.55,667.80,656.95,665.00,5480,203280
2019-01-31 14:27:00,665.00,666.20,653.65,662.00,540,203280
2019-01-31 14:28:00,662.60,674.35,661.65,668.25,2000,200620
2019-01-31 14:29:00,668.25,671.95,665.00,671.95,1960,200620
2019-01-31 14:30:00,671.95,695.60,671.95,692.65,4440,200620
2019-01-31 14:31:00,693.80,706.30,691.10,704.85,4180,199960
2019-01-31 14:32:00,701.00,727.40,701.00,713.10,3780,199960
2019-01-31 14:33:00,714.45,717.70,706.50,712.50,5100,199960
2019-01-31 14:34:00,712.50,717.95,703.70,704.30,4360,199480
2019-01-31 14:35:00,705.95,725.75,705.75,724.85,3740,199480
2019-01-31 14:36:00,723.55,737.40,718.40,732.30,3480,199480
2019-01-31 14:37:00,732.30,736.00,729.95,734.85,1740,198760
2019-01-31 14:38:00,734.85,758.95,733.90,750.00,2840,198760
2019-01-31 14:39:00,750.00,763.65,750.00,756.40,3020,198760
2019-01-31 14:40:00,756.60,763.15,744.00,745.30,4240,197840
2019-01-31 14:41:00,745.25,745.25,731.65,732.00,2580,197840
2019-01-31 14:42:00,731.90,731.90,704.00,705.05,2500,197840
2019-01-31 14:43:00,705.35,716.00,690.05,695.20,2520,197100
2019-01-31 14:44:00,690.05,705.10,689.65,694.10,4600,197100
2019-01-31 14:45:00,694.10,714.70,691.80,712.20,3680,197100
2019-01-31 14:46:00,714.00,722.85,713.60,720.00,3520,196700
2019-01-31 14:47:00,723.05,732.10,713.85,715.55,2940,196700
2019-01-31 14:48:00,715.30,720.70,710.95,715.00,3580,196700
2019-01-31 14:49:00,714.60,723.25,712.60,721.95,1860,189260
2019-01-31 14:50:00,721.95,728.35,716.30,728.35,2660,189260
2019-01-31 14:51:00,728.35,732.00,721.20,728.75,3000,189260
2019-01-31 14:52:00,729.20,730.20,722.30,724.70,2480,189160
2019-01-31 14:53:00,723.00,727.95,718.00,719.00,2820,189160
2019-01-31 14:54:00,719.00,719.00,708.40,710.05,1600,189160
2019-01-31 14:55:00,710.05,728.75,710.05,716.15,1140,189120
2019-01-31 14:56:00,716.15,728.25,716.15,720.40,960,189120
2019-01-31 14:57:00,720.20,749.35,715.15,749.35,860,189120
2019-01-31 14:58:00,749.35,753.10,742.50,752.30,1240,173240
2019-01-31 14:59:00,752.30,760.75,745.00,760.75,1980,173240
2019-01-31 15:00:00,763.70,795.25,763.70,785.10,4140,173240
2019-01-31 15:01:00,775.50,775.50,749.40,751.35,2220,172500
2019-01-31 15:02:00,755.65,784.20,755.65,776.35,1160,172500
2019-01-31 15:03:00,776.35,783.00,766.05,766.05,920,172500
2019-01-31 15:04:00,767.10,770.90,764.25,770.90,280,172320
2019-01-31 15:05:00,770.50,781.10,763.55,779.75,620,172320
2019-01-31 15:06:00,781.80,785.80,779.25,784.60,780,172320
2019-01-31 15:07:00,784.60,789.65,779.50,789.65,1420,172100
2019-01-31 15:08:00,789.65,800.00,788.70,788.70,2120,172100
2019-01-31 15:09:00,791.35,793.15,783.25,785.10,3220,172100
2019-01-31 15:10:00,785.10,793.50,784.95,793.50,1200,171440
2019-01-31 15:11:00,793.50,807.10,790.05,794.65,1580,171440
2019-01-31 15:12:00,794.10,806.75,794.05,799.20,3860,171440
2019-01-31 15:13:00,798.65,799.25,796.00,797.75,2420,171040
2019-01-31 15:14:00,797.75,800.80,785.20,787.00,4560,171040
2019-01-31 15:15:00,785.85,792.70,785.85,786.10,1880,171040
2019-01-31 15:16:00,787.70,795.55,787.65,793.90,1760,170720
2019-01-31 15:17:00,793.90,793.90,787.20,790.05,2260,170720
2019-01-31 15:18:00,790.05,794.90,789.30,794.90,2040,170720
2019-01-31 15:19:00,794.00,795.00,790.45,792.00,3820,170540
2019-01-31 15:20:00,792.00,795.15,790.20,793.05,1960,170540
2019-01-31 15:21:00,791.00,794.70,790.00,793.90,8080,170540
2019-01-31 15:22:00,793.15,794.15,789.40,789.40,3220,108200
2019-01-31 15:23:00,790.70,796.35,789.65,793.40,2340,108200
2019-01-31 15:24:00,793.40,794.15,785.50,789.70,6700,108200
2019-01-31 15:25:00,790.00,792.00,789.55,791.10,6640,107640
2019-01-31 15:26:00,791.10,791.55,788.25,790.05,13200,107640
2019-01-31 15:27:00,790.05,798.80,790.05,798.80,4080,107640
2019-01-31 15:28:00,798.80,798.80,794.75,796.80,4880,106020
2019-01-31 15:29:01,796.80,797.90,796.00,797.90,6800,106020
